{"type": "FeatureCollection", "features": [{"type": "Feature", "geometry": {"type": "LineString", "coordinates": [[75.792639, 11.247857], [75.79223, 11.24785]]}, "properties": {"from": [75.7926394, 11.2478567], "to": [75.79223, 11.24785], "type": "tertiary"}}, {"type": "Feature", "geometry": {"type": "LineString", "coordinates": [[75.793539, 11.252286], [75.793432, 11.252324]]}, "properties": {"from": [75.7935394, 11.2522856], "to": [75.7934318, 11.2523244], "type": "residential"}}, {"type": "Feature", "geometry": {"type": "LineString", "coordinates": [[75.796645, 11.248065], [75.796031, 11.249704]]}, "properties": {"from": [75.7966455, 11.2480649], "to": [75.79603117340068, 11.249703834006734], "type": "intra-zone"}}, {"type": "Feature", "geometry": {"type": "LineString", "coordinates": [[75.777592, 11.253884], [75.776641, 11.251004]]}, "properties": {"from": [75.7775917, 11.253884], "to": [75.77664119651972, 11.251004005336426], "type": "intra-zone"}}, {"type": "Feature", "geometry": {"type": "LineString", "coordinates": [[75.776407, 11.249207], [75.776423, 11.248963]]}, "properties": {"from": [75.7764228, 11.2489633], "to": [75.7764067, 11.2492069], "type": "residential"}}, {"type": "Feature", "geometry": {"type": "LineString", "coordinates": [[75.776034, 11.253268], [75.776641, 11.251004]]}, "properties": {"from": [75.7760345, 11.2532682], "to": [75.77664119651972, 11.251004005336426], "type": "intra-zone"}}, {"type": "Feature", "geometry": {"type": "LineString", "coordinates": [[75.795829, 11.247208], [75.796031, 11.249704]]}, "properties": {"from": [75.7958294, 11.2472081], "to": [75.79603117340068, 11.249703834006734], "type": "intra-zone"}}, {"type": "Feature", "geometry": {"type": "LineString", "coordinates": [[75.776385, 11.251486], [75.776451, 11.250599]]}, "properties": {"from": [75.7763848, 11.2514861], "to": [75.7764511, 11.2505988], "type": "tertiary"}}, {"type": "Feature", "geometry": {"type": "LineString", "coordinates": [[75.773692, 11.250559], [75.773716, 11.250499]]}, "properties": {"from": [75.7736919, 11.2505594], "to": [75.7737164, 11.2504993], "type": "residential"}}, {"type": "Feature", "geometry": {"type": "LineString", "coordinates": [[75.794121, 11.241383], [75.79545, 11.244171]]}, "properties": {"from": [75.7941206, 11.2413825], "to": [75.79545017109974, 11.244170827109974], "type": "intra-zone"}}, {"type": "Feature", "geometry": {"type": "LineString", "coordinates": [[75.786053, 11.248091], [75.786427, 11.252457]]}, "properties": {"from": [75.7860535, 11.2480907], "to": [75.78642719263158, 11.25245679894737], "type": "intra-zone"}}, {"type": "Feature", "geometry": {"type": "LineString", "coordinates": [[75.79617, 11.250511], [75.796226, 11.250279]]}, "properties": {"from": [75.79617, 11.2505107], "to": [75.7962259, 11.2502794], "type": "residential"}}, {"type": "Feature", "geometry": {"type": "LineString", "coordinates": [[75.776249, 11.254313], [75.776186, 11.253798]]}, "properties": {"from": [75.7762487, 11.254313], "to": [75.7761864, 11.2537981], "type": "secondary"}}, {"type": "Feature", "geometry": {"type": "LineString", "coordinates": [[75.775605, 11.241556], [75.775727, 11.241567]]}, "properties": {"from": [75.7756046, 11.241556], "to": [75.7757266, 11.2415666], "type": "residential"}}, {"type": "Feature", "geometry": {"type": "LineString", "coordinates": [[75.793914, 11.241477], [75.79545, 11.244171]]}, "properties": {"from": [75.7939139, 11.2414766], "to": [75.79545017109974, 11.244170827109974], "type": "intra-zone"}}, {"type": "Feature", "geometry": {"type": "LineString", "coordinates": [[75.778992, 11.242048], [75.776554, 11.243155]]}, "properties": {"from": [75.7789919, 11.2420482], "to": [75.7765542862963, 11.243154998148148], "type": "intra-zone"}}, {"type": "Feature", "geometry": {"type": "LineString", "coordinates": [[75.785117, 11.251181], [75.78506, 11.251056]]}, "properties": {"from": [75.7851175, 11.251181], "to": [75.7850599, 11.251056], "type": "residential"}}, {"type": "Feature", "geometry": {"type": "LineString", "coordinates": [[75.788815, 11.244056], [75.788815, 11.244172]]}, "properties": {"from": [75.7888149, 11.2440559], "to": [75.7888149, 11.2441717], "type": "residential"}}, {"type": "Feature", "geometry": {"type": "LineString", "coordinates": [[75.781138, 11.248624], [75.776641, 11.251004]]}, "properties": {"from": [75.7811385, 11.2486241], "to": [75.77664119651972, 11.251004005336426], "type": "intra-zone"}}, {"type": "Feature", "geometry": {"type": "LineString", "coordinates": [[75.78312, 11.254103], [75.782991, 11.254091]]}, "properties": {"from": [75.7831199, 11.2541025], "to": [75.7829915, 11.254091], "type": "residential"}}, {"type": "Feature", "geometry": {"type": "LineString", "coordinates": [[75.784263, 11.243014], [75.784414, 11.243051]]}, "properties": {"from": [75.7842631, 11.2430144], "to": [75.7844139, 11.2430506], "type": "residential"}}, {"type": "Feature", "geometry": {"type": "LineString", "coordinates": [[75.772399, 11.251409], [75.776641, 11.251004]]}, "properties": {"from": [75.7723994, 11.2514094], "to": [75.77664119651972, 11.251004005336426], "type": "intra-zone"}}, {"type": "Feature", "geometry": {"type": "LineString", "coordinates": [[75.793144, 11.240996], [75.79545, 11.244171]]}, "properties": {"from": [75.7931445, 11.2409964], "to": [75.79545017109974, 11.244170827109974], "type": "intra-zone"}}, {"type": "Feature", "geometry": {"type": "LineString", "coordinates": [[75.780137, 11.249628], [75.78012, 11.249683]]}, "properties": {"from": [75.7801368, 11.249628], "to": [75.7801198, 11.2496835], "type": "secondary"}}, {"type": "Feature", "geometry": {"type": "LineString", "coordinates": [[75.796925, 11.243664], [75.796167, 11.243757]]}, "properties": {"from": [75.7969248, 11.2436645], "to": [75.796167, 11.243757], "type": "residential"}}, {"type": "Feature", "geometry": {"type": "LineString", "coordinates": [[75.774593, 11.253153], [75.776641, 11.251004]]}, "properties": {"from": [75.7745934, 11.2531533], "to": [75.77664119651972, 11.251004005336426], "type": "intra-zone"}}, {"type": "Feature", "geometry": {"type": "LineString", "coordinates": [[75.774588, 11.249618], [75.776641, 11.251004]]}, "properties": {"from": [75.7745882, 11.2496179], "to": [75.77664119651972, 11.251004005336426], "type": "intra-zone"}}, {"type": "Feature", "geometry": {"type": "LineString", "coordinates": [[75.795444, 11.246741], [75.79545, 11.244171]]}, "properties": {"from": [75.7954441, 11.2467412], "to": [75.79545017109974, 11.244170827109974], "type": "intra-zone"}}, {"type": "Feature", "geometry": {"type": "LineString", "coordinates": [[75.7773, 11.252277], [75.777788, 11.252295]]}, "properties": {"from": [75.7772998, 11.2522775], "to": [75.7777875, 11.2522951], "type": "residential"}}, {"type": "Feature", "geometry": {"type": "LineString", "coordinates": [[75.779046, 11.241988], [75.776554, 11.243155]]}, "properties": {"from": [75.7790458, 11.2419879], "to": [75.7765542862963, 11.243154998148148], "type": "intra-zone"}}, {"type": "Feature", "geometry": {"type": "LineString", "coordinates": [[75.775426, 11.25297], [75.776641, 11.251004]]}, "properties": {"from": [75.7754258, 11.2529703], "to": [75.77664119651972, 11.251004005336426], "type": "intra-zone"}}, {"type": "Feature", "geometry": {"type": "LineString", "coordinates": [[75.773821, 11.246383], [75.776554, 11.243155]]}, "properties": {"from": [75.7738211, 11.2463834], "to": [75.7765542862963, 11.243154998148148], "type": "intra-zone"}}, {"type": "Feature", "geometry": {"type": "LineString", "coordinates": [[75.777919, 11.24866], [75.777807, 11.24866]]}, "properties": {"from": [75.7779194, 11.2486595], "to": [75.7778068, 11.2486603], "type": "residential"}}, {"type": "Feature", "geometry": {"type": "LineString", "coordinates": [[75.775792, 11.254542], [75.776641, 11.251004]]}, "properties": {"from": [75.7757924, 11.2545425], "to": [75.77664119651972, 11.251004005336426], "type": "intra-zone"}}, {"type": "Feature", "geometry": {"type": "LineString", "coordinates": [[75.776546, 11.247249], [75.77661, 11.247305]]}, "properties": {"from": [75.77661, 11.2473047], "to": [75.7765462, 11.2472494], "type": "residential"}}, {"type": "Feature", "geometry": {"type": "LineString", "coordinates": [[75.783527, 11.246666], [75.785033, 11.243796]]}, "properties": {"from": [75.7835272, 11.2466661], "to": [75.78503318388888, 11.2437957125], "type": "intra-zone"}}, {"type": "Feature", "geometry": {"type": "LineString", "coordinates": [[75.790706, 11.248043], [75.79072, 11.247755]]}, "properties": {"from": [75.7907203, 11.2477549], "to": [75.7907058, 11.2480434], "type": "residential"}}, {"type": "Feature", "geometry": {"type": "LineString", "coordinates": [[75.783616, 11.254755], [75.783652, 11.254632]]}, "properties": {"from": [75.7836162, 11.2547555], "to": [75.7836523, 11.2546315], "type": "residential"}}, {"type": "Feature", "geometry": {"type": "LineString", "coordinates": [[75.77358, 11.250102], [75.776641, 11.251004]]}, "properties": {"from": [75.7735797, 11.2501019], "to": [75.77664119651972, 11.251004005336426], "type": "intra-zone"}}, {"type": "Feature", "geometry": {"type": "LineString", "coordinates": [[75.786703, 11.251795], [75.786427, 11.252457]]}, "properties": {"from": [75.7867031, 11.2517946], "to": [75.78642719263158, 11.25245679894737], "type": "intra-zone"}}, {"type": "Feature", "geometry": {"type": "LineString", "coordinates": [[75.789746, 11.245056], [75.785033, 11.243796]]}, "properties": {"from": [75.7897462, 11.2450564], "to": [75.78503318388888, 11.2437957125], "type": "intra-zone"}}, {"type": "Feature", "geometry": {"type": "LineString", "coordinates": [[75.773199, 11.254011], [75.772956, 11.254025]]}, "properties": {"from": [75.7731987, 11.2540111], "to": [75.7729564, 11.2540246], "type": "residential"}}, {"type": "Feature", "geometry": {"type": "LineString", "coordinates": [[75.784968, 11.253975], [75.786427, 11.252457]]}, "properties": {"from": [75.7849678, 11.253975], "to": [75.78642719263158, 11.25245679894737], "type": "intra-zone"}}, {"type": "Feature", "geometry": {"type": "LineString", "coordinates": [[75.792343, 11.241834], [75.79545, 11.244171]]}, "properties": {"from": [75.7923428, 11.241834], "to": [75.79545017109974, 11.244170827109974], "type": "intra-zone"}}, {"type": "Feature", "geometry": {"type": "LineString", "coordinates": [[75.784447, 11.252114], [75.786427, 11.252457]]}, "properties": {"from": [75.7844474, 11.2521136], "to": [75.78642719263158, 11.25245679894737], "type": "intra-zone"}}, {"type": "Feature", "geometry": {"type": "LineString", "coordinates": [[75.785017, 11.250923], [75.786427, 11.252457]]}, "properties": {"from": [75.7850169, 11.2509227], "to": [75.78642719263158, 11.25245679894737], "type": "intra-zone"}}, {"type": "Feature", "geometry": {"type": "LineString", "coordinates": [[75.785753, 11.248674], [75.785979, 11.248678]]}, "properties": {"from": [75.7857535, 11.248674], "to": [75.785979, 11.2486779], "type": "residential"}}, {"type": "Feature", "geometry": {"type": "LineString", "coordinates": [[75.797505, 11.247805], [75.796031, 11.249704]]}, "properties": {"from": [75.7975049, 11.2478046], "to": [75.79603117340068, 11.249703834006734], "type": "intra-zone"}}, {"type": "Feature", "geometry": {"type": "LineString", "coordinates": [[75.781619, 11.241618], [75.782697, 11.24196]]}, "properties": {"from": [75.7816191, 11.2416178], "to": [75.7826974, 11.2419598], "type": "residential"}}, {"type": "Feature", "geometry": {"type": "LineString", "coordinates": [[75.775624, 11.247234], [75.776641, 11.251004]]}, "properties": {"from": [75.775624, 11.2472336], "to": [75.77664119651972, 11.251004005336426], "type": "intra-zone"}}, {"type": "Feature", "geometry": {"type": "LineString", "coordinates": [[75.77686, 11.252204], [75.776641, 11.251004]]}, "properties": {"from": [75.7768599, 11.2522038], "to": [75.77664119651972, 11.251004005336426], "type": "intra-zone"}}, {"type": "Feature", "geometry": {"type": "LineString", "coordinates": [[75.783045, 11.24662], [75.783048, 11.246541]]}, "properties": {"from": [75.7830452, 11.2466197], "to": [75.7830477, 11.2465413], "type": "residential"}}, {"type": "Feature", "geometry": {"type": "LineString", "coordinates": [[75.78336, 11.251902], [75.783376, 11.25158]]}, "properties": {"from": [75.7833762, 11.2515798], "to": [75.7833604, 11.2519025], "type": "primary"}}, {"type": "Feature", "geometry": {"type": "LineString", "coordinates": [[75.782143, 11.246708], [75.78206, 11.24671]]}, "properties": {"from": [75.7821429, 11.2467083], "to": [75.7820596, 11.2467103], "type": "tertiary"}}, {"type": "Feature", "geometry": {"type": "LineString", "coordinates": [[75.796164, 11.249386], [75.79619, 11.249316]]}, "properties": {"from": [75.7961635, 11.2493859], "to": [75.7961905, 11.2493158], "type": "residential"}}, {"type": "Feature", "geometry": {"type": "LineString", "coordinates": [[75.785375, 11.243072], [75.785428, 11.243036]]}, "properties": {"from": [75.7853752, 11.2430721], "to": [75.7854283, 11.2430357], "type": "secondary"}}, {"type": "Feature", "geometry": {"type": "LineString", "coordinates": [[75.781774, 11.254184], [75.781754, 11.254133]]}, "properties": {"from": [75.7817737, 11.2541842], "to": [75.7817544, 11.2541329], "type": "primary"}}, {"type": "Feature", "geometry": {"type": "LineString", "coordinates": [[75.787503, 11.253802], [75.786427, 11.252457]]}, "properties": {"from": [75.7875027, 11.2538019], "to": [75.78642719263158, 11.25245679894737], "type": "intra-zone"}}, {"type": "Feature", "geometry": {"type": "LineString", "coordinates": [[75.79341, 11.241457], [75.793432, 11.241614]]}, "properties": {"from": [75.7934102, 11.2414566], "to": [75.7934317, 11.2416144], "type": "residential"}}, {"type": "Feature", "geometry": {"type": "LineString", "coordinates": [[75.776237, 11.246711], [75.77599, 11.246661]]}, "properties": {"from": [75.7762374, 11.2467109], "to": [75.7759902, 11.2466608], "type": "residential"}}, {"type": "Feature", "geometry": {"type": "LineString", "coordinates": [[75.791293, 11.245593], [75.79545, 11.244171]]}, "properties": {"from": [75.7912927, 11.2455926], "to": [75.79545017109974, 11.244170827109974], "type": "intra-zone"}}, {"type": "Feature", "geometry": {"type": "LineString", "coordinates": [[75.777534, 11.253233], [75.777584, 11.253287]]}, "properties": {"from": [75.7775343, 11.2532333], "to": [75.7775837, 11.2532869], "type": "residential"}}, {"type": "Feature", "geometry": {"type": "LineString", "coordinates": [[75.785212, 11.251829], [75.78509, 11.251632]]}, "properties": {"from": [75.7852122, 11.2518287], "to": [75.7850902, 11.251632], "type": "residential"}}, {"type": "Feature", "geometry": {"type": "LineString", "coordinates": [[75.777216, 11.252971], [75.776641, 11.251004]]}, "properties": {"from": [75.7772162, 11.2529712], "to": [75.77664119651972, 11.251004005336426], "type": "intra-zone"}}, {"type": "Feature", "geometry": {"type": "LineString", "coordinates": [[75.775432, 11.241532], [75.776554, 11.243155]]}, "properties": {"from": [75.7754316, 11.2415324], "to": [75.7765542862963, 11.243154998148148], "type": "intra-zone"}}, {"type": "Feature", "geometry": {"type": "LineString", "coordinates": [[75.788815, 11.244056], [75.785033, 11.243796]]}, "properties": {"from": [75.7888149, 11.2440559], "to": [75.78503318388888, 11.2437957125], "type": "intra-zone"}}, {"type": "Feature", "geometry": {"type": "LineString", "coordinates": [[75.774698, 11.247903], [75.776641, 11.251004]]}, "properties": {"from": [75.774698, 11.2479027], "to": [75.77664119651972, 11.251004005336426], "type": "intra-zone"}}, {"type": "Feature", "geometry": {"type": "LineString", "coordinates": [[75.785534, 11.252464], [75.785783, 11.252495]]}, "properties": {"from": [75.785534, 11.2524643], "to": [75.7857832, 11.252495], "type": "residential"}}, {"type": "Feature", "geometry": {"type": "LineString", "coordinates": [[75.776841, 11.245879], [75.776554, 11.243155]]}, "properties": {"from": [75.7768407, 11.2458789], "to": [75.7765542862963, 11.243154998148148], "type": "intra-zone"}}, {"type": "Feature", "geometry": {"type": "LineString", "coordinates": [[75.79552, 11.240812], [75.79545, 11.244171]]}, "properties": {"from": [75.79552, 11.2408116], "to": [75.79545017109974, 11.244170827109974], "type": "intra-zone"}}, {"type": "Feature", "geometry": {"type": "LineString", "coordinates": [[75.774022, 11.254697], [75.776641, 11.251004]]}, "properties": {"from": [75.774022, 11.2546971], "to": [75.77664119651972, 11.251004005336426], "type": "intra-zone"}}, {"type": "Feature", "geometry": {"type": "LineString", "coordinates": [[75.787263, 11.246009], [75.785033, 11.243796]]}, "properties": {"from": [75.7872634, 11.2460087], "to": [75.78503318388888, 11.2437957125], "type": "intra-zone"}}, {"type": "Feature", "geometry": {"type": "LineString", "coordinates": [[75.795837, 11.245394], [75.79545, 11.244171]]}, "properties": {"from": [75.7958368, 11.2453945], "to": [75.79545017109974, 11.244170827109974], "type": "intra-zone"}}, {"type": "Feature", "geometry": {"type": "LineString", "coordinates": [[75.799065, 11.246598], [75.796031, 11.249704]]}, "properties": {"from": [75.7990649, 11.2465984], "to": [75.79603117340068, 11.249703834006734], "type": "intra-zone"}}, {"type": "Feature", "geometry": {"type": "LineString", "coordinates": [[75.791148, 11.243651], [75.79545, 11.244171]]}, "properties": {"from": [75.7911478, 11.2436507], "to": [75.79545017109974, 11.244170827109974], "type": "intra-zone"}}, {"type": "Feature", "geometry": {"type": "LineString", "coordinates": [[75.796097, 11.246367], [75.79545, 11.244171]]}, "properties": {"from": [75.7960966, 11.246367], "to": [75.79545017109974, 11.244170827109974], "type": "intra-zone"}}, {"type": "Feature", "geometry": {"type": "LineString", "coordinates": [[75.776999, 11.253766], [75.776852, 11.25374]]}, "properties": {"from": [75.7769993, 11.2537664], "to": [75.7768518, 11.2537401], "type": "residential"}}, {"type": "Feature", "geometry": {"type": "LineString", "coordinates": [[75.792424, 11.241534], [75.79545, 11.244171]]}, "properties": {"from": [75.7924237, 11.2415336], "to": [75.79545017109974, 11.244170827109974], "type": "intra-zone"}}, {"type": "Feature", "geometry": {"type": "LineString", "coordinates": [[75.776578, 11.239629], [75.776519, 11.240573]]}, "properties": {"from": [75.7765785, 11.2396286], "to": [75.7765194, 11.2405735], "type": "residential"}}, {"type": "Feature", "geometry": {"type": "LineString", "coordinates": [[75.795741, 11.247776], [75.795746, 11.247732]]}, "properties": {"from": [75.7957409, 11.2477763], "to": [75.7957463, 11.2477316], "type": "residential"}}, {"type": "Feature", "geometry": {"type": "LineString", "coordinates": [[75.774636, 11.239893], [75.776554, 11.243155]]}, "properties": {"from": [75.7746362, 11.239893], "to": [75.7765542862963, 11.243154998148148], "type": "intra-zone"}}, {"type": "Feature", "geometry": {"type": "LineString", "coordinates": [[75.782024, 11.253818], [75.782036, 11.25361]]}, "properties": {"from": [75.7820244, 11.2538176], "to": [75.7820359, 11.25361], "type": "primary"}}, {"type": "Feature", "geometry": {"type": "LineString", "coordinates": [[75.792144, 11.24183], [75.792343, 11.241834]]}, "properties": {"from": [75.7921444, 11.2418297], "to": [75.7923428, 11.241834], "type": "secondary"}}, {"type": "Feature", "geometry": {"type": "LineString", "coordinates": [[75.783669, 11.24964], [75.786427, 11.252457]]}, "properties": {"from": [75.7836689, 11.2496396], "to": [75.78642719263158, 11.25245679894737], "type": "intra-zone"}}, {"type": "Feature", "geometry": {"type": "LineString", "coordinates": [[75.776528, 11.250276], [75.776641, 11.251004]]}, "properties": {"from": [75.7765276, 11.2502761], "to": [75.77664119651972, 11.251004005336426], "type": "intra-zone"}}, {"type": "Feature", "geometry": {"type": "LineString", "coordinates": [[75.796864, 11.242972], [75.79545, 11.244171]]}, "properties": {"from": [75.7968643, 11.2429721], "to": [75.79545017109974, 11.244170827109974], "type": "intra-zone"}}, {"type": "Feature", "geometry": {"type": "LineString", "coordinates": [[75.794774, 11.241139], [75.79545, 11.244171]]}, "properties": {"from": [75.7947735, 11.2411395], "to": [75.79545017109974, 11.244170827109974], "type": "intra-zone"}}, {"type": "Feature", "geometry": {"type": "LineString", "coordinates": [[75.777205, 11.25294], [75.776641, 11.251004]]}, "properties": {"from": [75.7772055, 11.2529396], "to": [75.77664119651972, 11.251004005336426], "type": "intra-zone"}}, {"type": "Feature", "geometry": {"type": "LineString", "coordinates": [[75.775252, 11.253177], [75.776641, 11.251004]]}, "properties": {"from": [75.7752522, 11.2531773], "to": [75.77664119651972, 11.251004005336426], "type": "intra-zone"}}, {"type": "Feature", "geometry": {"type": "LineString", "coordinates": [[75.77544, 11.249677], [75.77543, 11.249772]]}, "properties": {"from": [75.7754398, 11.2496766], "to": [75.7754304, 11.2497724], "type": "residential"}}, {"type": "Feature", "geometry": {"type": "LineString", "coordinates": [[75.777192, 11.252666], [75.777205, 11.25294]]}, "properties": {"from": [75.7771921, 11.252666], "to": [75.7772055, 11.2529396], "type": "residential"}}, {"type": "Feature", "geometry": {"type": "LineString", "coordinates": [[75.772678, 11.248734], [75.77267, 11.248562]]}, "properties": {"from": [75.7726704, 11.2485617], "to": [75.7726784, 11.248734], "type": "secondary"}}, {"type": "Feature", "geometry": {"type": "LineString", "coordinates": [[75.781749, 11.246732], [75.785033, 11.243796]]}, "properties": {"from": [75.7817486, 11.2467322], "to": [75.78503318388888, 11.2437957125], "type": "intra-zone"}}, {"type": "Feature", "geometry": {"type": "LineString", "coordinates": [[75.797969, 11.24883], [75.797948, 11.248883]]}, "properties": {"from": [75.7979695, 11.2488303], "to": [75.7979481, 11.2488829], "type": "residential"}}, {"type": "Feature", "geometry": {"type": "LineString", "coordinates": [[75.794965, 11.247979], [75.794342, 11.247943]]}, "properties": {"from": [75.7949654, 11.2479786], "to": [75.7943425, 11.2479427], "type": "tertiary"}}, {"type": "Feature", "geometry": {"type": "LineString", "coordinates": [[75.775259, 11.247255], [75.775277, 11.247021]]}, "properties": {"from": [75.7752592, 11.2472548], "to": [75.7752774, 11.2470214], "type": "residential"}}, {"type": "Feature", "geometry": {"type": "LineString", "coordinates": [[75.792852, 11.252442], [75.792874, 11.252518]]}, "properties": {"from": [75.7928525, 11.2524418], "to": [75.7928739, 11.2525181], "type": "tertiary"}}, {"type": "Feature", "geometry": {"type": "LineString", "coordinates": [[75.790553, 11.254289], [75.786427, 11.252457]]}, "properties": {"from": [75.7905532, 11.2542893], "to": [75.78642719263158, 11.25245679894737], "type": "intra-zone"}}, {"type": "Feature", "geometry": {"type": "LineString", "coordinates": [[75.795145, 11.244114], [75.79545, 11.244171]]}, "properties": {"from": [75.7951446, 11.2441136], "to": [75.79545017109974, 11.244170827109974], "type": "intra-zone"}}, {"type": "Feature", "geometry": {"type": "LineString", "coordinates": [[75.785476, 11.242921], [75.785446, 11.242902]]}, "properties": {"from": [75.7854761, 11.2429211], "to": [75.785446, 11.242902], "type": "secondary"}}, {"type": "Feature", "geometry": {"type": "LineString", "coordinates": [[75.789008, 11.242833], [75.788971, 11.24363]]}, "properties": {"from": [75.789008, 11.2428332], "to": [75.7889705, 11.2436297], "type": "residential"}}, {"type": "Feature", "geometry": {"type": "LineString", "coordinates": [[75.782036, 11.25361], [75.782044, 11.253466]]}, "properties": {"from": [75.7820359, 11.25361], "to": [75.7820439, 11.2534664], "type": "primary"}}, {"type": "Feature", "geometry": {"type": "LineString", "coordinates": [[75.780959, 11.248617], [75.780907, 11.248638]]}, "properties": {"from": [75.7809595, 11.2486167], "to": [75.7809073, 11.2486379], "type": "secondary"}}, {"type": "Feature", "geometry": {"type": "LineString", "coordinates": [[75.796758, 11.241058], [75.796805, 11.24146]]}, "properties": {"from": [75.7967576, 11.2410582], "to": [75.7968054, 11.2414598], "type": "tertiary"}}, {"type": "Feature", "geometry": {"type": "LineString", "coordinates": [[75.797349, 11.249108], [75.796031, 11.249704]]}, "properties": {"from": [75.7973493, 11.2491076], "to": [75.79603117340068, 11.249703834006734], "type": "intra-zone"}}, {"type": "Feature", "geometry": {"type": "LineString", "coordinates": [[75.798191, 11.25062], [75.796031, 11.249704]]}, "properties": {"from": [75.798191, 11.2506195], "to": [75.79603117340068, 11.249703834006734], "type": "intra-zone"}}, {"type": "Feature", "geometry": {"type": "LineString", "coordinates": [[75.784621, 11.246733], [75.784565, 11.246712]]}, "properties": {"from": [75.7846212, 11.2467334], "to": [75.7845653, 11.2467119], "type": "tertiary"}}, {"type": "Feature", "geometry": {"type": "LineString", "coordinates": [[75.796328, 11.246069], [75.796454, 11.246051]]}, "properties": {"from": [75.7963275, 11.2460691], "to": [75.7964544, 11.2460507], "type": "residential"}}, {"type": "Feature", "geometry": {"type": "LineString", "coordinates": [[75.777209, 11.247513], [75.776641, 11.251004]]}, "properties": {"from": [75.7772086, 11.2475133], "to": [75.77664119651972, 11.251004005336426], "type": "intra-zone"}}, {"type": "Feature", "geometry": {"type": "LineString", "coordinates": [[75.782213, 11.242611], [75.781846, 11.242974]]}, "properties": {"from": [75.7822134, 11.2426111], "to": [75.781846, 11.2429741], "type": "residential"}}, {"type": "Feature", "geometry": {"type": "LineString", "coordinates": [[75.796923, 11.248776], [75.796031, 11.249704]]}, "properties": {"from": [75.7969228, 11.2487762], "to": [75.79603117340068, 11.249703834006734], "type": "intra-zone"}}, {"type": "Feature", "geometry": {"type": "LineString", "coordinates": [[75.788798, 11.241841], [75.785033, 11.243796]]}, "properties": {"from": [75.7887983, 11.2418407], "to": [75.78503318388888, 11.2437957125], "type": "intra-zone"}}, {"type": "Feature", "geometry": {"type": "LineString", "coordinates": [[75.795123, 11.244883], [75.79545, 11.244171]]}, "properties": {"from": [75.7951228, 11.2448833], "to": [75.79545017109974, 11.244170827109974], "type": "intra-zone"}}, {"type": "Feature", "geometry": {"type": "LineString", "coordinates": [[75.77661, 11.247305], [75.776635, 11.247222]]}, "properties": {"from": [75.77661, 11.2473047], "to": [75.7766345, 11.2472221], "type": "residential"}}, {"type": "Feature", "geometry": {"type": "LineString", "coordinates": [[75.797645, 11.248696], [75.796031, 11.249704]]}, "properties": {"from": [75.797645, 11.2486962], "to": [75.79603117340068, 11.249703834006734], "type": "intra-zone"}}, {"type": "Feature", "geometry": {"type": "LineString", "coordinates": [[75.788743, 11.244986], [75.785033, 11.243796]]}, "properties": {"from": [75.7887428, 11.2449858], "to": [75.78503318388888, 11.2437957125], "type": "intra-zone"}}, {"type": "Feature", "geometry": {"type": "LineString", "coordinates": [[75.798021, 11.248693], [75.797999, 11.248749]]}, "properties": {"from": [75.7980205, 11.2486935], "to": [75.797999, 11.2487488], "type": "residential"}}, {"type": "Feature", "geometry": {"type": "LineString", "coordinates": [[75.774913, 11.246771], [75.774738, 11.246779]]}, "properties": {"from": [75.7749126, 11.2467715], "to": [75.7747382, 11.2467794], "type": "residential"}}, {"type": "Feature", "geometry": {"type": "LineString", "coordinates": [[75.795622, 11.246551], [75.795568, 11.246546]]}, "properties": {"from": [75.7956219, 11.2465511], "to": [75.7955682, 11.2465459], "type": "residential"}}, {"type": "Feature", "geometry": {"type": "LineString", "coordinates": [[75.786801, 11.250982], [75.786436, 11.250977]]}, "properties": {"from": [75.7868007, 11.2509817], "to": [75.7864364, 11.2509771], "type": "residential"}}, {"type": "Feature", "geometry": {"type": "LineString", "coordinates": [[75.796811, 11.246295], [75.796813, 11.246232]]}, "properties": {"from": [75.7968107, 11.2462947], "to": [75.7968133, 11.2462316], "type": "tertiary"}}, {"type": "Feature", "geometry": {"type": "LineString", "coordinates": [[75.77388, 11.248397], [75.776641, 11.251004]]}, "properties": {"from": [75.7738795, 11.2483965], "to": [75.77664119651972, 11.251004005336426], "type": "intra-zone"}}, {"type": "Feature", "geometry": {"type": "LineString", "coordinates": [[75.776471, 11.242375], [75.776701, 11.242648]]}, "properties": {"from": [75.7764705, 11.2423748], "to": [75.7767008, 11.2426481], "type": "residential"}}, {"type": "Feature", "geometry": {"type": "LineString", "coordinates": [[75.7847, 11.248813], [75.78475, 11.248734]]}, "properties": {"from": [75.7847003, 11.2488132], "to": [75.7847504, 11.2487344], "type": "tertiary"}}, {"type": "Feature", "geometry": {"type": "LineString", "coordinates": [[75.78499, 11.255306], [75.785377, 11.255402]]}, "properties": {"from": [75.7849899, 11.2553063], "to": [75.7853775, 11.2554016], "type": "primary"}}, {"type": "Feature", "geometry": {"type": "LineString", "coordinates": [[75.781961, 11.25332], [75.786427, 11.252457]]}, "properties": {"from": [75.7819614, 11.2533204], "to": [75.78642719263158, 11.25245679894737], "type": "intra-zone"}}, {"type": "Feature", "geometry": {"type": "LineString", "coordinates": [[75.780807, 11.253746], [75.776641, 11.251004]]}, "properties": {"from": [75.7808067, 11.2537459], "to": [75.77664119651972, 11.251004005336426], "type": "intra-zone"}}, {"type": "Feature", "geometry": {"type": "LineString", "coordinates": [[75.786565, 11.23923], [75.786681, 11.239004]]}, "properties": {"from": [75.7865647, 11.23923], "to": [75.7866808, 11.239004], "type": "primary"}}, {"type": "Feature", "geometry": {"type": "LineString", "coordinates": [[75.790378, 11.250658], [75.786427, 11.252457]]}, "properties": {"from": [75.7903784, 11.2506582], "to": [75.78642719263158, 11.25245679894737], "type": "intra-zone"}}, {"type": "Feature", "geometry": {"type": "LineString", "coordinates": [[75.78646, 11.254552], [75.786405, 11.254698]]}, "properties": {"from": [75.7864595, 11.2545523], "to": [75.7864054, 11.2546975], "type": "secondary"}}, {"type": "Feature", "geometry": {"type": "LineString", "coordinates": [[75.792387, 11.241835], [75.79545, 11.244171]]}, "properties": {"from": [75.7923872, 11.241835], "to": [75.79545017109974, 11.244170827109974], "type": "intra-zone"}}, {"type": "Feature", "geometry": {"type": "LineString", "coordinates": [[75.797384, 11.248952], [75.797373, 11.249016]]}, "properties": {"from": [75.7973842, 11.2489524], "to": [75.7973734, 11.2490156], "type": "residential"}}, {"type": "Feature", "geometry": {"type": "LineString", "coordinates": [[75.784498, 11.247281], [75.785033, 11.243796]]}, "properties": {"from": [75.7844983, 11.2472812], "to": [75.78503318388888, 11.2437957125], "type": "intra-zone"}}, {"type": "Feature", "geometry": {"type": "LineString", "coordinates": [[75.778852, 11.247911], [75.776641, 11.251004]]}, "properties": {"from": [75.7788522, 11.2479113], "to": [75.77664119651972, 11.251004005336426], "type": "intra-zone"}}, {"type": "Feature", "geometry": {"type": "LineString", "coordinates": [[75.787618, 11.246408], [75.785033, 11.243796]]}, "properties": {"from": [75.7876177, 11.2464076], "to": [75.78503318388888, 11.2437957125], "type": "intra-zone"}}, {"type": "Feature", "geometry": {"type": "LineString", "coordinates": [[75.797373, 11.249016], [75.79736, 11.249052]]}, "properties": {"from": [75.7973734, 11.2490156], "to": [75.79736, 11.2490524], "type": "residential"}}, {"type": "Feature", "geometry": {"type": "LineString", "coordinates": [[75.776539, 11.244136], [75.776583, 11.244032]]}, "properties": {"from": [75.7765387, 11.2441359], "to": [75.7765832, 11.2440321], "type": "residential"}}, {"type": "Feature", "geometry": {"type": "LineString", "coordinates": [[75.775044, 11.248499], [75.775208, 11.24761]]}, "properties": {"from": [75.7750436, 11.2484986], "to": [75.7752079, 11.2476097], "type": "residential"}}, {"type": "Feature", "geometry": {"type": "LineString", "coordinates": [[75.788558, 11.244919], [75.788537, 11.245055]]}, "properties": {"from": [75.7885577, 11.244919], "to": [75.7885374, 11.2450554], "type": "residential"}}, {"type": "Feature", "geometry": {"type": "LineString", "coordinates": [[75.786982, 11.250891], [75.786801, 11.250982]]}, "properties": {"from": [75.7869819, 11.2508911], "to": [75.7868007, 11.2509817], "type": "residential"}}, {"type": "Feature", "geometry": {"type": "LineString", "coordinates": [[75.796826, 11.249442], [75.796031, 11.249704]]}, "properties": {"from": [75.7968262, 11.249442], "to": [75.79603117340068, 11.249703834006734], "type": "intra-zone"}}, {"type": "Feature", "geometry": {"type": "LineString", "coordinates": [[75.776498, 11.24161], [75.776492, 11.241777]]}, "properties": {"from": [75.7764979, 11.24161], "to": [75.7764919, 11.2417772], "type": "residential"}}, {"type": "Feature", "geometry": {"type": "LineString", "coordinates": [[75.778673, 11.242525], [75.778754, 11.242462]]}, "properties": {"from": [75.7786735, 11.2425249], "to": [75.7787539, 11.2424618], "type": "residential"}}, {"type": "Feature", "geometry": {"type": "LineString", "coordinates": [[75.786894, 11.247351], [75.786789, 11.247357]]}, "properties": {"from": [75.7868944, 11.2473509], "to": [75.7867885, 11.2473575], "type": "residential"}}, {"type": "Feature", "geometry": {"type": "LineString", "coordinates": [[75.798212, 11.244497], [75.79833, 11.244495]]}, "properties": {"from": [75.7982124, 11.2444972], "to": [75.7983304, 11.2444946], "type": "tertiary"}}, {"type": "Feature", "geometry": {"type": "LineString", "coordinates": [[75.777629, 11.246477], [75.777742, 11.246567]]}, "properties": {"from": [75.7776291, 11.2464774], "to": [75.7777418, 11.2465668], "type": "residential"}}, {"type": "Feature", "geometry": {"type": "LineString", "coordinates": [[75.796678, 11.247717], [75.796759, 11.247374]]}, "properties": {"from": [75.7966778, 11.2477173], "to": [75.7967591, 11.2473743], "type": "tertiary"}}, {"type": "Feature", "geometry": {"type": "LineString", "coordinates": [[75.796107, 11.253896], [75.796234, 11.253539]]}, "properties": {"from": [75.7961072, 11.2538957], "to": [75.7962336, 11.2535392], "type": "residential"}}, {"type": "Feature", "geometry": {"type": "LineString", "coordinates": [[75.7876, 11.241713], [75.787349, 11.241723]]}, "properties": {"from": [75.7873488, 11.2417229], "to": [75.7875997, 11.2417132], "type": "residential"}}, {"type": "Feature", "geometry": {"type": "LineString", "coordinates": [[75.791309, 11.245293], [75.79545, 11.244171]]}, "properties": {"from": [75.7913088, 11.2452926], "to": [75.79545017109974, 11.244170827109974], "type": "intra-zone"}}, {"type": "Feature", "geometry": {"type": "LineString", "coordinates": [[75.77543, 11.250276], [75.775473, 11.25057]]}, "properties": {"from": [75.7754304, 11.2502756], "to": [75.7754733, 11.2505702], "type": "residential"}}, {"type": "Feature", "geometry": {"type": "LineString", "coordinates": [[75.782796, 11.243927], [75.785033, 11.243796]]}, "properties": {"from": [75.7827959, 11.2439267], "to": [75.78503318388888, 11.2437957125], "type": "intra-zone"}}, {"type": "Feature", "geometry": {"type": "LineString", "coordinates": [[75.77428, 11.253908], [75.774348, 11.253796]]}, "properties": {"from": [75.7742796, 11.2539085], "to": [75.774348, 11.2537959], "type": "tertiary"}}, {"type": "Feature", "geometry": {"type": "LineString", "coordinates": [[75.786278, 11.251664], [75.786169, 11.251612]]}, "properties": {"from": [75.7862778, 11.2516641], "to": [75.7861694, 11.2516119], "type": "residential"}}, {"type": "Feature", "geometry": {"type": "LineString", "coordinates": [[75.776237, 11.246711], [75.776554, 11.243155]]}, "properties": {"from": [75.7762374, 11.2467109], "to": [75.7765542862963, 11.243154998148148], "type": "intra-zone"}}, {"type": "Feature", "geometry": {"type": "LineString", "coordinates": [[75.777597, 11.253711], [75.777592, 11.253884]]}, "properties": {"from": [75.7775975, 11.2537112], "to": [75.7775917, 11.253884], "type": "residential"}}, {"type": "Feature", "geometry": {"type": "LineString", "coordinates": [[75.777192, 11.252666], [75.776641, 11.251004]]}, "properties": {"from": [75.7771921, 11.252666], "to": [75.77664119651972, 11.251004005336426], "type": "intra-zone"}}, {"type": "Feature", "geometry": {"type": "LineString", "coordinates": [[75.798088, 11.248475], [75.798069, 11.24852]]}, "properties": {"from": [75.7980876, 11.2484752], "to": [75.7980688, 11.2485199], "type": "residential"}}, {"type": "Feature", "geometry": {"type": "LineString", "coordinates": [[75.795556, 11.239934], [75.79522, 11.240017]]}, "properties": {"from": [75.7955558, 11.2399344], "to": [75.79522, 11.2400174], "type": "tertiary"}}, {"type": "Feature", "geometry": {"type": "LineString", "coordinates": [[75.784486, 11.2427], [75.784986, 11.242891]]}, "properties": {"from": [75.7844857, 11.2426997], "to": [75.7849856, 11.2428907], "type": "secondary"}}, {"type": "Feature", "geometry": {"type": "LineString", "coordinates": [[75.784182, 11.248908], [75.786427, 11.252457]]}, "properties": {"from": [75.7841818, 11.2489077], "to": [75.78642719263158, 11.25245679894737], "type": "intra-zone"}}, {"type": "Feature", "geometry": {"type": "LineString", "coordinates": [[75.79569, 11.24704], [75.796031, 11.249704]]}, "properties": {"from": [75.79569, 11.2470397], "to": [75.79603117340068, 11.249703834006734], "type": "intra-zone"}}, {"type": "Feature", "geometry": {"type": "LineString", "coordinates": [[75.781638, 11.245256], [75.785033, 11.243796]]}, "properties": {"from": [75.7816383, 11.2452564], "to": [75.78503318388888, 11.2437957125], "type": "intra-zone"}}, {"type": "Feature", "geometry": {"type": "LineString", "coordinates": [[75.787354, 11.241926], [75.787349, 11.241723]]}, "properties": {"from": [75.7873538, 11.2419263], "to": [75.7873488, 11.2417229], "type": "residential"}}, {"type": "Feature", "geometry": {"type": "LineString", "coordinates": [[75.796908, 11.242077], [75.79545, 11.244171]]}, "properties": {"from": [75.7969077, 11.2420774], "to": [75.79545017109974, 11.244170827109974], "type": "intra-zone"}}, {"type": "Feature", "geometry": {"type": "LineString", "coordinates": [[75.796671, 11.248726], [75.796722, 11.248737]]}, "properties": {"from": [75.7966711, 11.2487256], "to": [75.7967217, 11.2487367], "type": "residential"}}, {"type": "Feature", "geometry": {"type": "LineString", "coordinates": [[75.795171, 11.24385], [75.79545, 11.244171]]}, "properties": {"from": [75.7951715, 11.2438504], "to": [75.79545017109974, 11.244170827109974], "type": "intra-zone"}}, {"type": "Feature", "geometry": {"type": "LineString", "coordinates": [[75.772011, 11.250326], [75.7724, 11.249802]]}, "properties": {"from": [75.772011, 11.2503257], "to": [75.7723995, 11.249802], "type": "secondary"}}, {"type": "Feature", "geometry": {"type": "LineString", "coordinates": [[75.77838, 11.230591], [75.776554, 11.243155]]}, "properties": {"from": [75.7783804, 11.2305911], "to": [75.7765542862963, 11.243154998148148], "type": "intra-zone"}}, {"type": "Feature", "geometry": {"type": "LineString", "coordinates": [[75.796797, 11.246043], [75.796756, 11.246041]]}, "properties": {"from": [75.7967967, 11.2460434], "to": [75.7967564, 11.2460408], "type": "residential"}}, {"type": "Feature", "geometry": {"type": "LineString", "coordinates": [[75.788052, 11.25095], [75.788048, 11.250974]]}, "properties": {"from": [75.7880521, 11.2509495], "to": [75.7880483, 11.2509743], "type": "residential"}}, {"type": "Feature", "geometry": {"type": "LineString", "coordinates": [[75.7954, 11.242228], [75.79545, 11.244171]]}, "properties": {"from": [75.7953998, 11.242228], "to": [75.79545017109974, 11.244170827109974], "type": "intra-zone"}}, {"type": "Feature", "geometry": {"type": "LineString", "coordinates": [[75.77579, 11.246617], [75.776554, 11.243155]]}, "properties": {"from": [75.77579, 11.2466168], "to": [75.7765542862963, 11.243154998148148], "type": "intra-zone"}}, {"type": "Feature", "geometry": {"type": "LineString", "coordinates": [[75.789423, 11.244397], [75.78915, 11.244363]]}, "properties": {"from": [75.7894235, 11.2443972], "to": [75.7891498, 11.2443626], "type": "residential"}}, {"type": "Feature", "geometry": {"type": "LineString", "coordinates": [[75.780714, 11.250061], [75.780714, 11.250179]]}, "properties": {"from": [75.7807142, 11.2500607], "to": [75.7807142, 11.2501791], "type": "residential"}}, {"type": "Feature", "geometry": {"type": "LineString", "coordinates": [[75.791656, 11.242341], [75.79545, 11.244171]]}, "properties": {"from": [75.7916556, 11.2423411], "to": [75.79545017109974, 11.244170827109974], "type": "intra-zone"}}, {"type": "Feature", "geometry": {"type": "LineString", "coordinates": [[75.787152, 11.24096], [75.785033, 11.243796]]}, "properties": {"from": [75.7871523, 11.2409605], "to": [75.78503318388888, 11.2437957125], "type": "intra-zone"}}, {"type": "Feature", "geometry": {"type": "LineString", "coordinates": [[75.7761, 11.245234], [75.776554, 11.243155]]}, "properties": {"from": [75.7761003, 11.2452337], "to": [75.7765542862963, 11.243154998148148], "type": "intra-zone"}}, {"type": "Feature", "geometry": {"type": "LineString", "coordinates": [[75.782938, 11.254663], [75.786427, 11.252457]]}, "properties": {"from": [75.7829382, 11.2546635], "to": [75.78642719263158, 11.25245679894737], "type": "intra-zone"}}, {"type": "Feature", "geometry": {"type": "LineString", "coordinates": [[75.776337, 11.24583], [75.776397, 11.245781]]}, "properties": {"from": [75.776337, 11.2458302], "to": [75.7763974, 11.2457809], "type": "residential"}}, {"type": "Feature", "geometry": {"type": "LineString", "coordinates": [[75.775509, 11.247649], [75.775635, 11.247483]]}, "properties": {"from": [75.7755087, 11.2476492], "to": [75.7756348, 11.2474835], "type": "residential"}}, {"type": "Feature", "geometry": {"type": "LineString", "coordinates": [[75.783349, 11.242788], [75.783381, 11.242998]]}, "properties": {"from": [75.7833486, 11.2427877], "to": [75.7833807, 11.2429982], "type": "residential"}}, {"type": "Feature", "geometry": {"type": "LineString", "coordinates": [[75.790795, 11.246133], [75.79545, 11.244171]]}, "properties": {"from": [75.7907948, 11.2461333], "to": [75.79545017109974, 11.244170827109974], "type": "intra-zone"}}, {"type": "Feature", "geometry": {"type": "LineString", "coordinates": [[75.783779, 11.245466], [75.785033, 11.243796]]}, "properties": {"from": [75.7837795, 11.2454656], "to": [75.78503318388888, 11.2437957125], "type": "intra-zone"}}, {"type": "Feature", "geometry": {"type": "LineString", "coordinates": [[75.797606, 11.252537], [75.797416, 11.252459]]}, "properties": {"from": [75.7976058, 11.2525374], "to": [75.7974163, 11.2524589], "type": "residential"}}, {"type": "Feature", "geometry": {"type": "LineString", "coordinates": [[75.78278, 11.243803], [75.785033, 11.243796]]}, "properties": {"from": [75.7827798, 11.2438033], "to": [75.78503318388888, 11.2437957125], "type": "intra-zone"}}, {"type": "Feature", "geometry": {"type": "LineString", "coordinates": [[75.796722, 11.248737], [75.79677, 11.248742]]}, "properties": {"from": [75.7967217, 11.2487367], "to": [75.7967699, 11.248742], "type": "residential"}}, {"type": "Feature", "geometry": {"type": "LineString", "coordinates": [[75.775727, 11.241567], [75.776554, 11.243155]]}, "properties": {"from": [75.7757266, 11.2415666], "to": [75.7765542862963, 11.243154998148148], "type": "intra-zone"}}, {"type": "Feature", "geometry": {"type": "LineString", "coordinates": [[75.780346, 11.248874], [75.776641, 11.251004]]}, "properties": {"from": [75.7803462, 11.2488738], "to": [75.77664119651972, 11.251004005336426], "type": "intra-zone"}}, {"type": "Feature", "geometry": {"type": "LineString", "coordinates": [[75.797606, 11.252537], [75.796031, 11.249704]]}, "properties": {"from": [75.7976058, 11.2525374], "to": [75.79603117340068, 11.249703834006734], "type": "intra-zone"}}, {"type": "Feature", "geometry": {"type": "LineString", "coordinates": [[75.786892, 11.253711], [75.786837, 11.253867]]}, "properties": {"from": [75.7868923, 11.2537109], "to": [75.7868372, 11.2538669], "type": "secondary"}}, {"type": "Feature", "geometry": {"type": "LineString", "coordinates": [[75.775157, 11.248524], [75.775044, 11.248499]]}, "properties": {"from": [75.7750436, 11.2484986], "to": [75.7751566, 11.2485244], "type": "residential"}}, {"type": "Feature", "geometry": {"type": "LineString", "coordinates": [[75.790943, 11.249061], [75.791095, 11.248176]]}, "properties": {"from": [75.7909435, 11.2490607], "to": [75.7910949, 11.2481758], "type": "residential"}}, {"type": "Feature", "geometry": {"type": "LineString", "coordinates": [[75.791624, 11.243088], [75.79545, 11.244171]]}, "properties": {"from": [75.7916245, 11.2430876], "to": [75.79545017109974, 11.244170827109974], "type": "intra-zone"}}, {"type": "Feature", "geometry": {"type": "LineString", "coordinates": [[75.787683, 11.251779], [75.786427, 11.252457]]}, "properties": {"from": [75.7876825, 11.2517793], "to": [75.78642719263158, 11.25245679894737], "type": "intra-zone"}}, {"type": "Feature", "geometry": {"type": "LineString", "coordinates": [[75.773526, 11.244309], [75.773682, 11.243783]]}, "properties": {"from": [75.773526, 11.2443091], "to": [75.7736816, 11.243783], "type": "secondary"}}, {"type": "Feature", "geometry": {"type": "LineString", "coordinates": [[75.796045, 11.245982], [75.796108, 11.246037]]}, "properties": {"from": [75.7960451, 11.2459816], "to": [75.7961078, 11.2460371], "type": "residential"}}, {"type": "Feature", "geometry": {"type": "LineString", "coordinates": [[75.774875, 11.254498], [75.776641, 11.251004]]}, "properties": {"from": [75.774875, 11.2544977], "to": [75.77664119651972, 11.251004005336426], "type": "intra-zone"}}, {"type": "Feature", "geometry": {"type": "LineString", "coordinates": [[75.783585, 11.254199], [75.786427, 11.252457]]}, "properties": {"from": [75.7835846, 11.2541987], "to": [75.78642719263158, 11.25245679894737], "type": "intra-zone"}}, {"type": "Feature", "geometry": {"type": "LineString", "coordinates": [[75.783144, 11.246254], [75.785033, 11.243796]]}, "properties": {"from": [75.7831442, 11.2462544], "to": [75.78503318388888, 11.2437957125], "type": "intra-zone"}}, {"type": "Feature", "geometry": {"type": "LineString", "coordinates": [[75.777259, 11.241896], [75.776554, 11.243155]]}, "properties": {"from": [75.7772591, 11.241896], "to": [75.7765542862963, 11.243154998148148], "type": "intra-zone"}}, {"type": "Feature", "geometry": {"type": "LineString", "coordinates": [[75.775304, 11.241615], [75.775346, 11.241514]]}, "properties": {"from": [75.7753042, 11.2416145], "to": [75.7753456, 11.2415142], "type": "residential"}}, {"type": "Feature", "geometry": {"type": "LineString", "coordinates": [[75.782474, 11.251982], [75.786427, 11.252457]]}, "properties": {"from": [75.7824744, 11.2519824], "to": [75.78642719263158, 11.25245679894737], "type": "intra-zone"}}, {"type": "Feature", "geometry": {"type": "LineString", "coordinates": [[75.794424, 11.242198], [75.79545, 11.244171]]}, "properties": {"from": [75.7944238, 11.2421984], "to": [75.79545017109974, 11.244170827109974], "type": "intra-zone"}}, {"type": "Feature", "geometry": {"type": "LineString", "coordinates": [[75.795456, 11.246591], [75.795405, 11.246596]]}, "properties": {"from": [75.7954556, 11.2465906], "to": [75.7954046, 11.2465958], "type": "residential"}}, {"type": "Feature", "geometry": {"type": "LineString", "coordinates": [[75.798223, 11.252246], [75.798152, 11.252315]]}, "properties": {"from": [75.7982231, 11.2522455], "to": [75.7981522, 11.2523148], "type": "residential"}}, {"type": "Feature", "geometry": {"type": "LineString", "coordinates": [[75.796722, 11.243159], [75.796709, 11.243125]]}, "properties": {"from": [75.7967222, 11.2431589], "to": [75.7967087, 11.2431247], "type": "tertiary"}}, {"type": "Feature", "geometry": {"type": "LineString", "coordinates": [[75.782899, 11.240773], [75.785033, 11.243796]]}, "properties": {"from": [75.7828985, 11.2407729], "to": [75.78503318388888, 11.2437957125], "type": "intra-zone"}}, {"type": "Feature", "geometry": {"type": "LineString", "coordinates": [[75.78487, 11.249162], [75.784693, 11.249085]]}, "properties": {"from": [75.78487, 11.2491624], "to": [75.7846926, 11.2490851], "type": "secondary"}}, {"type": "Feature", "geometry": {"type": "LineString", "coordinates": [[75.791682, 11.245202], [75.79545, 11.244171]]}, "properties": {"from": [75.7916823, 11.2452022], "to": [75.79545017109974, 11.244170827109974], "type": "intra-zone"}}, {"type": "Feature", "geometry": {"type": "LineString", "coordinates": [[75.774824, 11.245125], [75.776554, 11.243155]]}, "properties": {"from": [75.7748236, 11.245125], "to": [75.7765542862963, 11.243154998148148], "type": "intra-zone"}}, {"type": "Feature", "geometry": {"type": "LineString", "coordinates": [[75.792983, 11.243898], [75.79545, 11.244171]]}, "properties": {"from": [75.7929828, 11.243898], "to": [75.79545017109974, 11.244170827109974], "type": "intra-zone"}}, {"type": "Feature", "geometry": {"type": "LineString", "coordinates": [[75.788414, 11.243909], [75.788474, 11.243737]]}, "properties": {"from": [75.7884141, 11.2439089], "to": [75.7884739, 11.2437367], "type": "residential"}}, {"type": "Feature", "geometry": {"type": "LineString", "coordinates": [[75.78911, 11.246456], [75.788423, 11.246456]]}, "properties": {"from": [75.78911, 11.2464557], "to": [75.7884232, 11.2464557], "type": "residential"}}, {"type": "Feature", "geometry": {"type": "LineString", "coordinates": [[75.773684, 11.247576], [75.776641, 11.251004]]}, "properties": {"from": [75.7736841, 11.2475765], "to": [75.77664119651972, 11.251004005336426], "type": "intra-zone"}}, {"type": "Feature", "geometry": {"type": "LineString", "coordinates": [[75.790752, 11.246286], [75.790765, 11.246252]]}, "properties": {"from": [75.7907519, 11.2462859], "to": [75.7907653, 11.2462517], "type": "residential"}}, {"type": "Feature", "geometry": {"type": "LineString", "coordinates": [[75.780787, 11.253797], [75.776641, 11.251004]]}, "properties": {"from": [75.7807872, 11.2537972], "to": [75.77664119651972, 11.251004005336426], "type": "intra-zone"}}, {"type": "Feature", "geometry": {"type": "LineString", "coordinates": [[75.776026, 11.24717], [75.776641, 11.251004]]}, "properties": {"from": [75.7760258, 11.2471705], "to": [75.77664119651972, 11.251004005336426], "type": "intra-zone"}}, {"type": "Feature", "geometry": {"type": "LineString", "coordinates": [[75.776769, 11.253714], [75.776641, 11.251004]]}, "properties": {"from": [75.7767687, 11.2537138], "to": [75.77664119651972, 11.251004005336426], "type": "intra-zone"}}, {"type": "Feature", "geometry": {"type": "LineString", "coordinates": [[75.78911, 11.246456], [75.785033, 11.243796]]}, "properties": {"from": [75.78911, 11.2464557], "to": [75.78503318388888, 11.2437957125], "type": "intra-zone"}}, {"type": "Feature", "geometry": {"type": "LineString", "coordinates": [[75.783322, 11.251876], [75.786427, 11.252457]]}, "properties": {"from": [75.7833224, 11.2518756], "to": [75.78642719263158, 11.25245679894737], "type": "intra-zone"}}, {"type": "Feature", "geometry": {"type": "LineString", "coordinates": [[75.7811, 11.252886], [75.781024, 11.252896]]}, "properties": {"from": [75.7810997, 11.2528857], "to": [75.7810239, 11.2528962], "type": "primary"}}, {"type": "Feature", "geometry": {"type": "LineString", "coordinates": [[75.795829, 11.247208], [75.795792, 11.24719]]}, "properties": {"from": [75.7958294, 11.2472081], "to": [75.7957919, 11.2471897], "type": "residential"}}, {"type": "Feature", "geometry": {"type": "LineString", "coordinates": [[75.77781, 11.242425], [75.776554, 11.243155]]}, "properties": {"from": [75.7778097, 11.2424254], "to": [75.7765542862963, 11.243154998148148], "type": "intra-zone"}}, {"type": "Feature", "geometry": {"type": "LineString", "coordinates": [[75.796182, 11.249021], [75.796031, 11.249704]]}, "properties": {"from": [75.7961824, 11.2490211], "to": [75.79603117340068, 11.249703834006734], "type": "intra-zone"}}, {"type": "Feature", "geometry": {"type": "LineString", "coordinates": [[75.798875, 11.242554], [75.798147, 11.242491]]}, "properties": {"from": [75.7988749, 11.2425536], "to": [75.7981466, 11.242491], "type": "tertiary"}}, {"type": "Feature", "geometry": {"type": "LineString", "coordinates": [[75.77517, 11.243151], [75.775817, 11.24321]]}, "properties": {"from": [75.7751698, 11.2431507], "to": [75.7758166, 11.2432095], "type": "residential"}}, {"type": "Feature", "geometry": {"type": "LineString", "coordinates": [[75.776096, 11.249749], [75.776249, 11.249752]]}, "properties": {"from": [75.7760956, 11.2497494], "to": [75.7762486, 11.2497515], "type": "residential"}}, {"type": "Feature", "geometry": {"type": "LineString", "coordinates": [[75.792446, 11.245561], [75.79545, 11.244171]]}, "properties": {"from": [75.7924462, 11.245561], "to": [75.79545017109974, 11.244170827109974], "type": "intra-zone"}}, {"type": "Feature", "geometry": {"type": "LineString", "coordinates": [[75.77618, 11.2515], [75.776385, 11.251486]]}, "properties": {"from": [75.7763848, 11.2514861], "to": [75.7761805, 11.2515], "type": "secondary"}}, {"type": "Feature", "geometry": {"type": "LineString", "coordinates": [[75.780744, 11.250768], [75.776641, 11.251004]]}, "properties": {"from": [75.7807437, 11.2507684], "to": [75.77664119651972, 11.251004005336426], "type": "intra-zone"}}, {"type": "Feature", "geometry": {"type": "LineString", "coordinates": [[75.785624, 11.242977], [75.785729, 11.242987]]}, "properties": {"from": [75.7856236, 11.2429766], "to": [75.7857291, 11.2429873], "type": "secondary"}}, {"type": "Feature", "geometry": {"type": "LineString", "coordinates": [[75.79677, 11.245577], [75.79545, 11.244171]]}, "properties": {"from": [75.7967704, 11.2455765], "to": [75.79545017109974, 11.244170827109974], "type": "intra-zone"}}, {"type": "Feature", "geometry": {"type": "LineString", "coordinates": [[75.791183, 11.24284], [75.79545, 11.244171]]}, "properties": {"from": [75.7911829, 11.2428399], "to": [75.79545017109974, 11.244170827109974], "type": "intra-zone"}}, {"type": "Feature", "geometry": {"type": "LineString", "coordinates": [[75.780752, 11.251055], [75.776641, 11.251004]]}, "properties": {"from": [75.7807517, 11.2510551], "to": [75.77664119651972, 11.251004005336426], "type": "intra-zone"}}, {"type": "Feature", "geometry": {"type": "LineString", "coordinates": [[75.775695, 11.245866], [75.775746, 11.245481]]}, "properties": {"from": [75.7756951, 11.2458665], "to": [75.7757458, 11.2454808], "type": "residential"}}, {"type": "Feature", "geometry": {"type": "LineString", "coordinates": [[75.79116, 11.250615], [75.790559, 11.250706]]}, "properties": {"from": [75.7905592, 11.2507064], "to": [75.7911603, 11.2506151], "type": "residential"}}, {"type": "Feature", "geometry": {"type": "LineString", "coordinates": [[75.793346, 11.241826], [75.793386, 11.24181]]}, "properties": {"from": [75.7933465, 11.2418263], "to": [75.793386, 11.2418097], "type": "secondary"}}, {"type": "Feature", "geometry": {"type": "LineString", "coordinates": [[75.775624, 11.247234], [75.775688, 11.24736]]}, "properties": {"from": [75.775624, 11.2472336], "to": [75.7756884, 11.2473598], "type": "residential"}}, {"type": "Feature", "geometry": {"type": "LineString", "coordinates": [[75.773602, 11.248794], [75.773683, 11.248882]]}, "properties": {"from": [75.7736019, 11.2487942], "to": [75.7736828, 11.2488821], "type": "tertiary"}}, {"type": "Feature", "geometry": {"type": "LineString", "coordinates": [[75.796476, 11.245975], [75.796422, 11.245776]]}, "properties": {"from": [75.7964765, 11.2459747], "to": [75.7964216, 11.2457759], "type": "residential"}}, {"type": "Feature", "geometry": {"type": "LineString", "coordinates": [[75.787418, 11.251154], [75.786427, 11.252457]]}, "properties": {"from": [75.7874184, 11.2511538], "to": [75.78642719263158, 11.25245679894737], "type": "intra-zone"}}, {"type": "Feature", "geometry": {"type": "LineString", "coordinates": [[75.787254, 11.245688], [75.785033, 11.243796]]}, "properties": {"from": [75.7872542, 11.2456884], "to": [75.78503318388888, 11.2437957125], "type": "intra-zone"}}, {"type": "Feature", "geometry": {"type": "LineString", "coordinates": [[75.776782, 11.246724], [75.776662, 11.246723]]}, "properties": {"from": [75.7767822, 11.2467241], "to": [75.7766624, 11.246723], "type": "residential"}}, {"type": "Feature", "geometry": {"type": "LineString", "coordinates": [[75.79272, 11.246645], [75.79545, 11.244171]]}, "properties": {"from": [75.7927199, 11.2466452], "to": [75.79545017109974, 11.244170827109974], "type": "intra-zone"}}, {"type": "Feature", "geometry": {"type": "LineString", "coordinates": [[75.770915, 11.252767], [75.77117, 11.252842]]}, "properties": {"from": [75.7709151, 11.2527675], "to": [75.7711705, 11.2528423], "type": "residential"}}, {"type": "Feature", "geometry": {"type": "LineString", "coordinates": [[75.789426, 11.254737], [75.789405, 11.254584]]}, "properties": {"from": [75.7894261, 11.2547371], "to": [75.7894046, 11.2545845], "type": "residential"}}, {"type": "Feature", "geometry": {"type": "LineString", "coordinates": [[75.790649, 11.246968], [75.790632, 11.246918]]}, "properties": {"from": [75.7906487, 11.2469685], "to": [75.7906323, 11.2469184], "type": "residential"}}, {"type": "Feature", "geometry": {"type": "LineString", "coordinates": [[75.789746, 11.245056], [75.790068, 11.245062]]}, "properties": {"from": [75.7897462, 11.2450564], "to": [75.7900679, 11.2450624], "type": "residential"}}, {"type": "Feature", "geometry": {"type": "LineString", "coordinates": [[75.797521, 11.247357], [75.797585, 11.247363]]}, "properties": {"from": [75.797521, 11.2473574], "to": [75.7975854, 11.2473627], "type": "residential"}}, {"type": "Feature", "geometry": {"type": "LineString", "coordinates": [[75.781599, 11.254351], [75.786427, 11.252457]]}, "properties": {"from": [75.7815993, 11.254351], "to": [75.78642719263158, 11.25245679894737], "type": "intra-zone"}}, {"type": "Feature", "geometry": {"type": "LineString", "coordinates": [[75.785547, 11.242958], [75.785033, 11.243796]]}, "properties": {"from": [75.7855468, 11.2429576], "to": [75.78503318388888, 11.2437957125], "type": "intra-zone"}}, {"type": "Feature", "geometry": {"type": "LineString", "coordinates": [[75.784979, 11.242246], [75.785033, 11.243796]]}, "properties": {"from": [75.7849789, 11.2422458], "to": [75.78503318388888, 11.2437957125], "type": "intra-zone"}}, {"type": "Feature", "geometry": {"type": "LineString", "coordinates": [[75.796854, 11.242896], [75.79545, 11.244171]]}, "properties": {"from": [75.7968536, 11.2428958], "to": [75.79545017109974, 11.244170827109974], "type": "intra-zone"}}, {"type": "Feature", "geometry": {"type": "LineString", "coordinates": [[75.777534, 11.253233], [75.776641, 11.251004]]}, "properties": {"from": [75.7775343, 11.2532333], "to": [75.77664119651972, 11.251004005336426], "type": "intra-zone"}}, {"type": "Feature", "geometry": {"type": "LineString", "coordinates": [[75.787638, 11.243992], [75.787572, 11.244206]]}, "properties": {"from": [75.7876378, 11.2439919], "to": [75.7875723, 11.2442059], "type": "residential"}}, {"type": "Feature", "geometry": {"type": "LineString", "coordinates": [[75.774952, 11.248997], [75.775472, 11.248985]]}, "properties": {"from": [75.7749523, 11.2489968], "to": [75.7754721, 11.2489848], "type": "tertiary"}}, {"type": "Feature", "geometry": {"type": "LineString", "coordinates": [[75.790765, 11.246252], [75.79545, 11.244171]]}, "properties": {"from": [75.7907653, 11.2462517], "to": [75.79545017109974, 11.244170827109974], "type": "intra-zone"}}, {"type": "Feature", "geometry": {"type": "LineString", "coordinates": [[75.797277, 11.249352], [75.796031, 11.249704]]}, "properties": {"from": [75.7972769, 11.2493523], "to": [75.79603117340068, 11.249703834006734], "type": "intra-zone"}}, {"type": "Feature", "geometry": {"type": "LineString", "coordinates": [[75.797984, 11.248791], [75.797969, 11.24883]]}, "properties": {"from": [75.7979837, 11.2487911], "to": [75.7979695, 11.2488303], "type": "residential"}}, {"type": "Feature", "geometry": {"type": "LineString", "coordinates": [[75.778226, 11.240953], [75.778336, 11.240565]]}, "properties": {"from": [75.7782262, 11.2409526], "to": [75.7783359, 11.2405647], "type": "residential"}}, {"type": "Feature", "geometry": {"type": "LineString", "coordinates": [[75.792296, 11.246635], [75.79545, 11.244171]]}, "properties": {"from": [75.792296, 11.2466346], "to": [75.79545017109974, 11.244170827109974], "type": "intra-zone"}}, {"type": "Feature", "geometry": {"type": "LineString", "coordinates": [[75.797907, 11.244518], [75.798011, 11.244531]]}, "properties": {"from": [75.7979066, 11.2445182], "to": [75.7980112, 11.2445314], "type": "tertiary"}}, {"type": "Feature", "geometry": {"type": "LineString", "coordinates": [[75.796859, 11.246234], [75.796894, 11.246234]]}, "properties": {"from": [75.7968589, 11.2462342], "to": [75.7968938, 11.2462342], "type": "tertiary"}}, {"type": "Feature", "geometry": {"type": "LineString", "coordinates": [[75.790026, 11.249381], [75.79013, 11.249355]]}, "properties": {"from": [75.7900263, 11.2493807], "to": [75.7901301, 11.2493552], "type": "residential"}}, {"type": "Feature", "geometry": {"type": "LineString", "coordinates": [[75.779748, 11.240764], [75.776554, 11.243155]]}, "properties": {"from": [75.7797477, 11.2407645], "to": [75.7765542862963, 11.243154998148148], "type": "intra-zone"}}, {"type": "Feature", "geometry": {"type": "LineString", "coordinates": [[75.788726, 11.241515], [75.785033, 11.243796]]}, "properties": {"from": [75.7887256, 11.2415153], "to": [75.78503318388888, 11.2437957125], "type": "intra-zone"}}, {"type": "Feature", "geometry": {"type": "LineString", "coordinates": [[75.787562, 11.247359], [75.785033, 11.243796]]}, "properties": {"from": [75.7875622, 11.2473588], "to": [75.78503318388888, 11.2437957125], "type": "intra-zone"}}, {"type": "Feature", "geometry": {"type": "LineString", "coordinates": [[75.77709, 11.242193], [75.77712, 11.242122]]}, "properties": {"from": [75.7770896, 11.242193], "to": [75.7771196, 11.2421222], "type": "residential"}}, {"type": "Feature", "geometry": {"type": "LineString", "coordinates": [[75.7772, 11.244269], [75.776554, 11.243155]]}, "properties": {"from": [75.7771999, 11.2442687], "to": [75.7765542862963, 11.243154998148148], "type": "intra-zone"}}, {"type": "Feature", "geometry": {"type": "LineString", "coordinates": [[75.786443, 11.239413], [75.785033, 11.243796]]}, "properties": {"from": [75.7864429, 11.2394134], "to": [75.78503318388888, 11.2437957125], "type": "intra-zone"}}, {"type": "Feature", "geometry": {"type": "LineString", "coordinates": [[75.774583, 11.251317], [75.776641, 11.251004]]}, "properties": {"from": [75.774583, 11.2513172], "to": [75.77664119651972, 11.251004005336426], "type": "intra-zone"}}, {"type": "Feature", "geometry": {"type": "LineString", "coordinates": [[75.779454, 11.253752], [75.776641, 11.251004]]}, "properties": {"from": [75.7794542, 11.2537518], "to": [75.77664119651972, 11.251004005336426], "type": "intra-zone"}}, {"type": "Feature", "geometry": {"type": "LineString", "coordinates": [[75.779226, 11.255287], [75.776641, 11.251004]]}, "properties": {"from": [75.7792262, 11.2552868], "to": [75.77664119651972, 11.251004005336426], "type": "intra-zone"}}, {"type": "Feature", "geometry": {"type": "LineString", "coordinates": [[75.785311, 11.250526], [75.786427, 11.252457]]}, "properties": {"from": [75.7853111, 11.2505264], "to": [75.78642719263158, 11.25245679894737], "type": "intra-zone"}}, {"type": "Feature", "geometry": {"type": "LineString", "coordinates": [[75.7769, 11.245976], [75.776554, 11.243155]]}, "properties": {"from": [75.7768997, 11.2459762], "to": [75.7765542862963, 11.243154998148148], "type": "intra-zone"}}, {"type": "Feature", "geometry": {"type": "LineString", "coordinates": [[75.784021, 11.251854], [75.786427, 11.252457]]}, "properties": {"from": [75.7840212, 11.2518539], "to": [75.78642719263158, 11.25245679894737], "type": "intra-zone"}}, {"type": "Feature", "geometry": {"type": "LineString", "coordinates": [[75.789624, 11.245137], [75.789746, 11.245056]]}, "properties": {"from": [75.7896238, 11.2451371], "to": [75.7897462, 11.2450564], "type": "residential"}}, {"type": "Feature", "geometry": {"type": "LineString", "coordinates": [[75.80199, 11.241856], [75.801641, 11.242085]]}, "properties": {"from": [75.8019896, 11.2418562], "to": [75.8016407, 11.2420848], "type": "primary"}}, {"type": "Feature", "geometry": {"type": "LineString", "coordinates": [[75.776718, 11.248563], [75.776641, 11.251004]]}, "properties": {"from": [75.7767179, 11.248563], "to": [75.77664119651972, 11.251004005336426], "type": "intra-zone"}}, {"type": "Feature", "geometry": {"type": "LineString", "coordinates": [[75.788861, 11.24277], [75.785033, 11.243796]]}, "properties": {"from": [75.7888612, 11.2427703], "to": [75.78503318388888, 11.2437957125], "type": "intra-zone"}}, {"type": "Feature", "geometry": {"type": "LineString", "coordinates": [[75.779542, 11.251416], [75.776641, 11.251004]]}, "properties": {"from": [75.7795417, 11.2514165], "to": [75.77664119651972, 11.251004005336426], "type": "intra-zone"}}, {"type": "Feature", "geometry": {"type": "LineString", "coordinates": [[75.7773, 11.252277], [75.777214, 11.252443]]}, "properties": {"from": [75.7772998, 11.2522775], "to": [75.7772139, 11.2524432], "type": "residential"}}, {"type": "Feature", "geometry": {"type": "LineString", "coordinates": [[75.779957, 11.248887], [75.776641, 11.251004]]}, "properties": {"from": [75.7799569, 11.2488873], "to": [75.77664119651972, 11.251004005336426], "type": "intra-zone"}}, {"type": "Feature", "geometry": {"type": "LineString", "coordinates": [[75.785183, 11.252436], [75.785341, 11.252459]]}, "properties": {"from": [75.7851832, 11.2524362], "to": [75.7853409, 11.252459], "type": "residential"}}, {"type": "Feature", "geometry": {"type": "LineString", "coordinates": [[75.789088, 11.244064], [75.789071, 11.24398]]}, "properties": {"from": [75.7890876, 11.2440637], "to": [75.789071, 11.2439803], "type": "residential"}}, {"type": "Feature", "geometry": {"type": "LineString", "coordinates": [[75.79732, 11.249208], [75.797296, 11.249263]]}, "properties": {"from": [75.7973198, 11.2492076], "to": [75.7972957, 11.2492628], "type": "residential"}}, {"type": "Feature", "geometry": {"type": "LineString", "coordinates": [[75.78181, 11.239646], [75.781737, 11.239778]]}, "properties": {"from": [75.7818104, 11.2396459], "to": [75.7817369, 11.2397781], "type": "residential"}}, {"type": "Feature", "geometry": {"type": "LineString", "coordinates": [[75.772711, 11.254353], [75.773048, 11.254429]]}, "properties": {"from": [75.7727105, 11.2543531], "to": [75.773048, 11.2544286], "type": "residential"}}, {"type": "Feature", "geometry": {"type": "LineString", "coordinates": [[75.79132, 11.24779], [75.791225, 11.247784]]}, "properties": {"from": [75.7913195, 11.2477898], "to": [75.7912246, 11.2477843], "type": "tertiary"}}, {"type": "Feature", "geometry": {"type": "LineString", "coordinates": [[75.782225, 11.252124], [75.782474, 11.251982]]}, "properties": {"from": [75.782225, 11.2521243], "to": [75.7824744, 11.2519824], "type": "residential"}}, {"type": "Feature", "geometry": {"type": "LineString", "coordinates": [[75.778049, 11.246009], [75.778282, 11.246009]]}, "properties": {"from": [75.7780487, 11.2460087], "to": [75.7782821, 11.2460087], "type": "residential"}}, {"type": "Feature", "geometry": {"type": "LineString", "coordinates": [[75.797841, 11.248757], [75.79779, 11.248736]]}, "properties": {"from": [75.7978408, 11.2487567], "to": [75.7977898, 11.2487356], "type": "residential"}}, {"type": "Feature", "geometry": {"type": "LineString", "coordinates": [[75.782024, 11.253818], [75.786427, 11.252457]]}, "properties": {"from": [75.7820244, 11.2538176], "to": [75.78642719263158, 11.25245679894737], "type": "intra-zone"}}, {"type": "Feature", "geometry": {"type": "LineString", "coordinates": [[75.786278, 11.251664], [75.786427, 11.252457]]}, "properties": {"from": [75.7862778, 11.2516641], "to": [75.78642719263158, 11.25245679894737], "type": "intra-zone"}}, {"type": "Feature", "geometry": {"type": "LineString", "coordinates": [[75.791031, 11.245831], [75.791037, 11.245717]]}, "properties": {"from": [75.7910305, 11.245831], "to": [75.7910367, 11.2457171], "type": "residential"}}, {"type": "Feature", "geometry": {"type": "LineString", "coordinates": [[75.781749, 11.246732], [75.781665, 11.24673]]}, "properties": {"from": [75.7817486, 11.2467322], "to": [75.7816652, 11.2467302], "type": "tertiary"}}, {"type": "Feature", "geometry": {"type": "LineString", "coordinates": [[75.795405, 11.246596], [75.795321, 11.245793]]}, "properties": {"from": [75.7954046, 11.2465958], "to": [75.795321, 11.2457926], "type": "residential"}}, {"type": "Feature", "geometry": {"type": "LineString", "coordinates": [[75.774781, 11.246264], [75.776554, 11.243155]]}, "properties": {"from": [75.7747812, 11.2462638], "to": [75.7765542862963, 11.243154998148148], "type": "intra-zone"}}, {"type": "Feature", "geometry": {"type": "LineString", "coordinates": [[75.774639, 11.249502], [75.774588, 11.249618]]}, "properties": {"from": [75.7746394, 11.2495018], "to": [75.7745882, 11.2496179], "type": "residential"}}, {"type": "Feature", "geometry": {"type": "LineString", "coordinates": [[75.782773, 11.242732], [75.782731, 11.242689]]}, "properties": {"from": [75.7827315, 11.2426892], "to": [75.7827732, 11.2427316], "type": "residential"}}, {"type": "Feature", "geometry": {"type": "LineString", "coordinates": [[75.793539, 11.252286], [75.796031, 11.249704]]}, "properties": {"from": [75.7935394, 11.2522856], "to": [75.79603117340068, 11.249703834006734], "type": "intra-zone"}}, {"type": "Feature", "geometry": {"type": "LineString", "coordinates": [[75.804304, 11.236294], [75.804522, 11.236711]]}, "properties": {"from": [75.8043041, 11.2362941], "to": [75.8045216, 11.2367113], "type": "primary"}}, {"type": "Feature", "geometry": {"type": "LineString", "coordinates": [[75.788646, 11.240532], [75.788557, 11.240219]]}, "properties": {"from": [75.788646, 11.2405319], "to": [75.7885568, 11.2402193], "type": "residential"}}, {"type": "Feature", "geometry": {"type": "LineString", "coordinates": [[75.788761, 11.247696], [75.788297, 11.247685]]}, "properties": {"from": [75.7887607, 11.2476956], "to": [75.7882973, 11.2476852], "type": "tertiary"}}, {"type": "Feature", "geometry": {"type": "LineString", "coordinates": [[75.782958, 11.246678], [75.785033, 11.243796]]}, "properties": {"from": [75.7829582, 11.2466784], "to": [75.78503318388888, 11.2437957125], "type": "intra-zone"}}, {"type": "Feature", "geometry": {"type": "LineString", "coordinates": [[75.775473, 11.249197], [75.77544, 11.249677]]}, "properties": {"from": [75.7754733, 11.249197], "to": [75.7754398, 11.2496766], "type": "residential"}}, {"type": "Feature", "geometry": {"type": "LineString", "coordinates": [[75.787356, 11.247348], [75.785033, 11.243796]]}, "properties": {"from": [75.7873557, 11.2473483], "to": [75.78503318388888, 11.2437957125], "type": "intra-zone"}}, {"type": "Feature", "geometry": {"type": "LineString", "coordinates": [[75.797057, 11.244164], [75.796203, 11.244436]]}, "properties": {"from": [75.7970566, 11.2441644], "to": [75.796203, 11.2444361], "type": "residential"}}, {"type": "Feature", "geometry": {"type": "LineString", "coordinates": [[75.790732, 11.250349], [75.786427, 11.252457]]}, "properties": {"from": [75.7907323, 11.2503486], "to": [75.78642719263158, 11.25245679894737], "type": "intra-zone"}}, {"type": "Feature", "geometry": {"type": "LineString", "coordinates": [[75.785497, 11.243017], [75.785033, 11.243796]]}, "properties": {"from": [75.7854973, 11.2430166], "to": [75.78503318388888, 11.2437957125], "type": "intra-zone"}}, {"type": "Feature", "geometry": {"type": "LineString", "coordinates": [[75.778282, 11.246009], [75.776554, 11.243155]]}, "properties": {"from": [75.7782821, 11.2460087], "to": [75.7765542862963, 11.243154998148148], "type": "intra-zone"}}, {"type": "Feature", "geometry": {"type": "LineString", "coordinates": [[75.798212, 11.244497], [75.79545, 11.244171]]}, "properties": {"from": [75.7982124, 11.2444972], "to": [75.79545017109974, 11.244170827109974], "type": "intra-zone"}}, {"type": "Feature", "geometry": {"type": "LineString", "coordinates": [[75.774593, 11.253153], [75.774697, 11.253187]]}, "properties": {"from": [75.7745934, 11.2531533], "to": [75.7746969, 11.2531873], "type": "residential"}}, {"type": "Feature", "geometry": {"type": "LineString", "coordinates": [[75.776171, 11.250365], [75.776641, 11.251004]]}, "properties": {"from": [75.7761707, 11.250365], "to": [75.77664119651972, 11.251004005336426], "type": "intra-zone"}}, {"type": "Feature", "geometry": {"type": "LineString", "coordinates": [[75.787459, 11.253804], [75.787503, 11.253802]]}, "properties": {"from": [75.7874588, 11.2538043], "to": [75.7875027, 11.2538019], "type": "residential"}}, {"type": "Feature", "geometry": {"type": "LineString", "coordinates": [[75.797427, 11.248379], [75.796031, 11.249704]]}, "properties": {"from": [75.7974271, 11.2483789], "to": [75.79603117340068, 11.249703834006734], "type": "intra-zone"}}, {"type": "Feature", "geometry": {"type": "LineString", "coordinates": [[75.781476, 11.252876], [75.786427, 11.252457]]}, "properties": {"from": [75.7814762, 11.2528764], "to": [75.78642719263158, 11.25245679894737], "type": "intra-zone"}}, {"type": "Feature", "geometry": {"type": "LineString", "coordinates": [[75.7847, 11.248813], [75.786427, 11.252457]]}, "properties": {"from": [75.7847003, 11.2488132], "to": [75.78642719263158, 11.25245679894737], "type": "intra-zone"}}, {"type": "Feature", "geometry": {"type": "LineString", "coordinates": [[75.79177, 11.242152], [75.791864, 11.241967]]}, "properties": {"from": [75.79177, 11.2421517], "to": [75.7918643, 11.2419665], "type": "secondary"}}, {"type": "Feature", "geometry": {"type": "LineString", "coordinates": [[75.79013, 11.249106], [75.786427, 11.252457]]}, "properties": {"from": [75.7901301, 11.2491059], "to": [75.78642719263158, 11.25245679894737], "type": "intra-zone"}}, {"type": "Feature", "geometry": {"type": "LineString", "coordinates": [[75.797714, 11.247279], [75.796031, 11.249704]]}, "properties": {"from": [75.7977141, 11.2472785], "to": [75.79603117340068, 11.249703834006734], "type": "intra-zone"}}, {"type": "Feature", "geometry": {"type": "LineString", "coordinates": [[75.777565, 11.253735], [75.776641, 11.251004]]}, "properties": {"from": [75.7775653, 11.2537349], "to": [75.77664119651972, 11.251004005336426], "type": "intra-zone"}}, {"type": "Feature", "geometry": {"type": "LineString", "coordinates": [[75.792982, 11.252674], [75.796031, 11.249704]]}, "properties": {"from": [75.7929823, 11.2526737], "to": [75.79603117340068, 11.249703834006734], "type": "intra-zone"}}, {"type": "Feature", "geometry": {"type": "LineString", "coordinates": [[75.773279, 11.249967], [75.773025, 11.249931]]}, "properties": {"from": [75.7732787, 11.249967], "to": [75.7730254, 11.2499312], "type": "residential"}}, {"type": "Feature", "geometry": {"type": "LineString", "coordinates": [[75.777176, 11.242031], [75.776554, 11.243155]]}, "properties": {"from": [75.7771757, 11.2420313], "to": [75.7765542862963, 11.243154998148148], "type": "intra-zone"}}, {"type": "Feature", "geometry": {"type": "LineString", "coordinates": [[75.779176, 11.25547], [75.776641, 11.251004]]}, "properties": {"from": [75.7791759, 11.2554696], "to": [75.77664119651972, 11.251004005336426], "type": "intra-zone"}}, {"type": "Feature", "geometry": {"type": "LineString", "coordinates": [[75.782751, 11.253238], [75.782855, 11.253206]]}, "properties": {"from": [75.7827514, 11.2532382], "to": [75.7828547, 11.2532063], "type": "primary"}}, {"type": "Feature", "geometry": {"type": "LineString", "coordinates": [[75.778241, 11.246567], [75.776554, 11.243155]]}, "properties": {"from": [75.7782407, 11.2465668], "to": [75.7765542862963, 11.243154998148148], "type": "intra-zone"}}, {"type": "Feature", "geometry": {"type": "LineString", "coordinates": [[75.787313, 11.247348], [75.785033, 11.243796]]}, "properties": {"from": [75.7873128, 11.2473483], "to": [75.78503318388888, 11.2437957125], "type": "intra-zone"}}, {"type": "Feature", "geometry": {"type": "LineString", "coordinates": [[75.776539, 11.244136], [75.776554, 11.243155]]}, "properties": {"from": [75.7765387, 11.2441359], "to": [75.7765542862963, 11.243154998148148], "type": "intra-zone"}}, {"type": "Feature", "geometry": {"type": "LineString", "coordinates": [[75.786684, 11.253337], [75.786635, 11.253473]]}, "properties": {"from": [75.7866346, 11.2534733], "to": [75.7866844, 11.2533366], "type": "residential"}}, {"type": "Feature", "geometry": {"type": "LineString", "coordinates": [[75.783096, 11.252844], [75.786427, 11.252457]]}, "properties": {"from": [75.7830955, 11.2528443], "to": [75.78642719263158, 11.25245679894737], "type": "intra-zone"}}, {"type": "Feature", "geometry": {"type": "LineString", "coordinates": [[75.773492, 11.24448], [75.773526, 11.244309]]}, "properties": {"from": [75.7734919, 11.2444802], "to": [75.773526, 11.2443091], "type": "secondary"}}, {"type": "Feature", "geometry": {"type": "LineString", "coordinates": [[75.787751, 11.253788], [75.786427, 11.252457]]}, "properties": {"from": [75.7877505, 11.2537882], "to": [75.78642719263158, 11.25245679894737], "type": "intra-zone"}}, {"type": "Feature", "geometry": {"type": "LineString", "coordinates": [[75.798077, 11.248173], [75.798063, 11.248244]]}, "properties": {"from": [75.7980768, 11.2481727], "to": [75.7980634, 11.2482437], "type": "residential"}}, {"type": "Feature", "geometry": {"type": "LineString", "coordinates": [[75.776704, 11.248138], [75.776641, 11.251004]]}, "properties": {"from": [75.7767042, 11.2481383], "to": [75.77664119651972, 11.251004005336426], "type": "intra-zone"}}, {"type": "Feature", "geometry": {"type": "LineString", "coordinates": [[75.783136, 11.24553], [75.78314, 11.245435]]}, "properties": {"from": [75.7831363, 11.2455299], "to": [75.7831398, 11.2454352], "type": "residential"}}, {"type": "Feature", "geometry": {"type": "LineString", "coordinates": [[75.782263, 11.246706], [75.782202, 11.24671]]}, "properties": {"from": [75.7822629, 11.2467063], "to": [75.7822019, 11.2467103], "type": "tertiary"}}, {"type": "Feature", "geometry": {"type": "LineString", "coordinates": [[75.785144, 11.252431], [75.785183, 11.252436]]}, "properties": {"from": [75.7851441, 11.2524306], "to": [75.7851832, 11.2524362], "type": "residential"}}, {"type": "Feature", "geometry": {"type": "LineString", "coordinates": [[75.787722, 11.251773], [75.787683, 11.251779]]}, "properties": {"from": [75.7877221, 11.2517731], "to": [75.7876825, 11.2517793], "type": "secondary"}}, {"type": "Feature", "geometry": {"type": "LineString", "coordinates": [[75.787484, 11.251058], [75.787621, 11.251014]]}, "properties": {"from": [75.7874844, 11.2510576], "to": [75.7876205, 11.2510144], "type": "residential"}}, {"type": "Feature", "geometry": {"type": "LineString", "coordinates": [[75.773865, 11.245966], [75.776554, 11.243155]]}, "properties": {"from": [75.7738646, 11.2459659], "to": [75.7765542862963, 11.243154998148148], "type": "intra-zone"}}, {"type": "Feature", "geometry": {"type": "LineString", "coordinates": [[75.779303, 11.245019], [75.779191, 11.245514]]}, "properties": {"from": [75.7791908, 11.245514], "to": [75.779303, 11.245019], "type": "residential"}}, {"type": "Feature", "geometry": {"type": "LineString", "coordinates": [[75.788537, 11.245055], [75.785033, 11.243796]]}, "properties": {"from": [75.7885374, 11.2450554], "to": [75.78503318388888, 11.2437957125], "type": "intra-zone"}}, {"type": "Feature", "geometry": {"type": "LineString", "coordinates": [[75.788773, 11.249095], [75.788291, 11.249583]]}, "properties": {"from": [75.7887732, 11.2490953], "to": [75.7882906, 11.2495832], "type": "residential"}}, {"type": "Feature", "geometry": {"type": "LineString", "coordinates": [[75.797387, 11.248626], [75.797379, 11.248658]]}, "properties": {"from": [75.7973788, 11.2486578], "to": [75.7973869, 11.2486262], "type": "residential"}}, {"type": "Feature", "geometry": {"type": "LineString", "coordinates": [[75.776109, 11.24897], [75.776183, 11.248969]]}, "properties": {"from": [75.7761092, 11.2489704], "to": [75.7761833, 11.2489687], "type": "tertiary"}}, {"type": "Feature", "geometry": {"type": "LineString", "coordinates": [[75.796963, 11.24262], [75.796963, 11.242655]]}, "properties": {"from": [75.796963, 11.2426197], "to": [75.796963, 11.2426548], "type": "tertiary"}}, {"type": "Feature", "geometry": {"type": "LineString", "coordinates": [[75.795145, 11.244114], [75.795129, 11.244122]]}, "properties": {"from": [75.7951446, 11.2441136], "to": [75.7951286, 11.2441217], "type": "residential"}}, {"type": "Feature", "geometry": {"type": "LineString", "coordinates": [[75.779998, 11.250335], [75.779991, 11.250373]]}, "properties": {"from": [75.7799984, 11.2503348], "to": [75.7799912, 11.2503734], "type": "secondary"}}, {"type": "Feature", "geometry": {"type": "LineString", "coordinates": [[75.77902, 11.250556], [75.779027, 11.25143]]}, "properties": {"from": [75.7790267, 11.2514303], "to": [75.7790202, 11.2505561], "type": "secondary"}}, {"type": "Feature", "geometry": {"type": "LineString", "coordinates": [[75.776158, 11.245214], [75.776202, 11.24514]]}, "properties": {"from": [75.7761581, 11.2452142], "to": [75.7762018, 11.2451405], "type": "residential"}}, {"type": "Feature", "geometry": {"type": "LineString", "coordinates": [[75.786357, 11.251128], [75.786427, 11.252457]]}, "properties": {"from": [75.7863571, 11.2511282], "to": [75.78642719263158, 11.25245679894737], "type": "intra-zone"}}, {"type": "Feature", "geometry": {"type": "LineString", "coordinates": [[75.775815, 11.251472], [75.776641, 11.251004]]}, "properties": {"from": [75.7758149, 11.2514724], "to": [75.77664119651972, 11.251004005336426], "type": "intra-zone"}}, {"type": "Feature", "geometry": {"type": "LineString", "coordinates": [[75.797179, 11.244442], [75.79545, 11.244171]]}, "properties": {"from": [75.7971795, 11.2444419], "to": [75.79545017109974, 11.244170827109974], "type": "intra-zone"}}, {"type": "Feature", "geometry": {"type": "LineString", "coordinates": [[75.796168, 11.244205], [75.79545, 11.244171]]}, "properties": {"from": [75.7961681, 11.2442046], "to": [75.79545017109974, 11.244170827109974], "type": "intra-zone"}}, {"type": "Feature", "geometry": {"type": "LineString", "coordinates": [[75.78883, 11.241543], [75.785033, 11.243796]]}, "properties": {"from": [75.7888295, 11.241543], "to": [75.78503318388888, 11.2437957125], "type": "intra-zone"}}, {"type": "Feature", "geometry": {"type": "LineString", "coordinates": [[75.780711, 11.250534], [75.776641, 11.251004]]}, "properties": {"from": [75.7807115, 11.2505342], "to": [75.77664119651972, 11.251004005336426], "type": "intra-zone"}}, {"type": "Feature", "geometry": {"type": "LineString", "coordinates": [[75.796346, 11.249982], [75.796268, 11.249955]]}, "properties": {"from": [75.7963462, 11.2499817], "to": [75.7962683, 11.249955], "type": "residential"}}, {"type": "Feature", "geometry": {"type": "LineString", "coordinates": [[75.775137, 11.23837], [75.775439, 11.237625]]}, "properties": {"from": [75.775137, 11.2383697], "to": [75.7754388, 11.2376247], "type": "secondary"}}, {"type": "Feature", "geometry": {"type": "LineString", "coordinates": [[75.774959, 11.238907], [75.776554, 11.243155]]}, "properties": {"from": [75.7749588, 11.2389074], "to": [75.7765542862963, 11.243154998148148], "type": "intra-zone"}}, {"type": "Feature", "geometry": {"type": "LineString", "coordinates": [[75.787755, 11.251892], [75.786427, 11.252457]]}, "properties": {"from": [75.7877553, 11.2518923], "to": [75.78642719263158, 11.25245679894737], "type": "intra-zone"}}, {"type": "Feature", "geometry": {"type": "LineString", "coordinates": [[75.795289, 11.249312], [75.796031, 11.249704]]}, "properties": {"from": [75.7952889, 11.2493122], "to": [75.79603117340068, 11.249703834006734], "type": "intra-zone"}}, {"type": "Feature", "geometry": {"type": "LineString", "coordinates": [[75.775009, 11.253236], [75.775252, 11.253177]]}, "properties": {"from": [75.7750091, 11.2532363], "to": [75.7752522, 11.2531773], "type": "residential"}}, {"type": "Feature", "geometry": {"type": "LineString", "coordinates": [[75.778504, 11.247773], [75.778547, 11.247801]]}, "properties": {"from": [75.7785465, 11.2478008], "to": [75.7785037, 11.247773], "type": "residential"}}, {"type": "Feature", "geometry": {"type": "LineString", "coordinates": [[75.784841, 11.250559], [75.786427, 11.252457]]}, "properties": {"from": [75.7848407, 11.2505586], "to": [75.78642719263158, 11.25245679894737], "type": "intra-zone"}}, {"type": "Feature", "geometry": {"type": "LineString", "coordinates": [[75.797212, 11.250292], [75.797022, 11.250221]]}, "properties": {"from": [75.7972124, 11.2502917], "to": [75.7970224, 11.2502212], "type": "residential"}}, {"type": "Feature", "geometry": {"type": "LineString", "coordinates": [[75.796835, 11.241703], [75.79545, 11.244171]]}, "properties": {"from": [75.7968347, 11.2417034], "to": [75.79545017109974, 11.244170827109974], "type": "intra-zone"}}, {"type": "Feature", "geometry": {"type": "LineString", "coordinates": [[75.776249, 11.249752], [75.776279, 11.2497]]}, "properties": {"from": [75.7762486, 11.2497515], "to": [75.7762793, 11.2496998], "type": "residential"}}, {"type": "Feature", "geometry": {"type": "LineString", "coordinates": [[75.791095, 11.248176], [75.796031, 11.249704]]}, "properties": {"from": [75.7910949, 11.2481758], "to": [75.79603117340068, 11.249703834006734], "type": "intra-zone"}}, {"type": "Feature", "geometry": {"type": "LineString", "coordinates": [[75.790709, 11.249682], [75.786427, 11.252457]]}, "properties": {"from": [75.7907089, 11.2496818], "to": [75.78642719263158, 11.25245679894737], "type": "intra-zone"}}, {"type": "Feature", "geometry": {"type": "LineString", "coordinates": [[75.78219, 11.246093], [75.782188, 11.245883]]}, "properties": {"from": [75.7821901, 11.2460934], "to": [75.7821879, 11.2458831], "type": "residential"}}, {"type": "Feature", "geometry": {"type": "LineString", "coordinates": [[75.78787, 11.243423], [75.787835, 11.243486]]}, "properties": {"from": [75.78787, 11.2434226], "to": [75.7878353, 11.2434856], "type": "residential"}}, {"type": "Feature", "geometry": {"type": "LineString", "coordinates": [[75.795158, 11.24364], [75.79545, 11.244171]]}, "properties": {"from": [75.7951581, 11.2436399], "to": [75.79545017109974, 11.244170827109974], "type": "intra-zone"}}, {"type": "Feature", "geometry": {"type": "LineString", "coordinates": [[75.785979, 11.248678], [75.786306, 11.24867]]}, "properties": {"from": [75.785979, 11.2486779], "to": [75.7863062, 11.2486701], "type": "residential"}}, {"type": "Feature", "geometry": {"type": "LineString", "coordinates": [[75.779067, 11.255594], [75.776641, 11.251004]]}, "properties": {"from": [75.7790666, 11.2555939], "to": [75.77664119651972, 11.251004005336426], "type": "intra-zone"}}, {"type": "Feature", "geometry": {"type": "LineString", "coordinates": [[75.804178, 11.24031], [75.804149, 11.240364]]}, "properties": {"from": [75.8041783, 11.2403101], "to": [75.8041493, 11.2403638], "type": "primary"}}, {"type": "Feature", "geometry": {"type": "LineString", "coordinates": [[75.779501, 11.251415], [75.776641, 11.251004]]}, "properties": {"from": [75.779501, 11.2514148], "to": [75.77664119651972, 11.251004005336426], "type": "intra-zone"}}, {"type": "Feature", "geometry": {"type": "LineString", "coordinates": [[75.772844, 11.253228], [75.772903, 11.253011]]}, "properties": {"from": [75.7728441, 11.2532277], "to": [75.7729032, 11.2530106], "type": "residential"}}, {"type": "Feature", "geometry": {"type": "LineString", "coordinates": [[75.780757, 11.253827], [75.776641, 11.251004]]}, "properties": {"from": [75.7807571, 11.2538268], "to": [75.77664119651972, 11.251004005336426], "type": "intra-zone"}}, {"type": "Feature", "geometry": {"type": "LineString", "coordinates": [[75.799108, 11.248387], [75.799029, 11.248622]]}, "properties": {"from": [75.7991083, 11.2483872], "to": [75.799029, 11.2486219], "type": "primary"}}, {"type": "Feature", "geometry": {"type": "LineString", "coordinates": [[75.783428, 11.246664], [75.785033, 11.243796]]}, "properties": {"from": [75.7834281, 11.2466644], "to": [75.78503318388888, 11.2437957125], "type": "intra-zone"}}, {"type": "Feature", "geometry": {"type": "LineString", "coordinates": [[75.789836, 11.250667], [75.786427, 11.252457]]}, "properties": {"from": [75.7898364, 11.2506672], "to": [75.78642719263158, 11.25245679894737], "type": "intra-zone"}}, {"type": "Feature", "geometry": {"type": "LineString", "coordinates": [[75.796744, 11.245826], [75.796744, 11.245787]]}, "properties": {"from": [75.7967436, 11.2458264], "to": [75.7967436, 11.245787], "type": "tertiary"}}, {"type": "Feature", "geometry": {"type": "LineString", "coordinates": [[75.778597, 11.230239], [75.776554, 11.243155]]}, "properties": {"from": [75.7785971, 11.2302394], "to": [75.7765542862963, 11.243154998148148], "type": "intra-zone"}}, {"type": "Feature", "geometry": {"type": "LineString", "coordinates": [[75.79083, 11.247039], [75.79545, 11.244171]]}, "properties": {"from": [75.7908305, 11.2470386], "to": [75.79545017109974, 11.244170827109974], "type": "intra-zone"}}, {"type": "Feature", "geometry": {"type": "LineString", "coordinates": [[75.796406, 11.246334], [75.79545, 11.244171]]}, "properties": {"from": [75.7964057, 11.2463343], "to": [75.79545017109974, 11.244170827109974], "type": "intra-zone"}}, {"type": "Feature", "geometry": {"type": "LineString", "coordinates": [[75.788911, 11.254293], [75.786427, 11.252457]]}, "properties": {"from": [75.7889113, 11.2542934], "to": [75.78642719263158, 11.25245679894737], "type": "intra-zone"}}, {"type": "Feature", "geometry": {"type": "LineString", "coordinates": [[75.797022, 11.250221], [75.796759, 11.250123]]}, "properties": {"from": [75.7970224, 11.2502212], "to": [75.7967591, 11.2501234], "type": "residential"}}, {"type": "Feature", "geometry": {"type": "LineString", "coordinates": [[75.783139, 11.245821], [75.785033, 11.243796]]}, "properties": {"from": [75.783139, 11.2458205], "to": [75.78503318388888, 11.2437957125], "type": "intra-zone"}}, {"type": "Feature", "geometry": {"type": "LineString", "coordinates": [[75.787621, 11.251014], [75.786427, 11.252457]]}, "properties": {"from": [75.7876205, 11.2510144], "to": [75.78642719263158, 11.25245679894737], "type": "intra-zone"}}, {"type": "Feature", "geometry": {"type": "LineString", "coordinates": [[75.772968, 11.246764], [75.773098, 11.246251]]}, "properties": {"from": [75.772968, 11.2467636], "to": [75.7730983, 11.2462512], "type": "secondary"}}, {"type": "Feature", "geometry": {"type": "LineString", "coordinates": [[75.794533, 11.252404], [75.793678, 11.25242]]}, "properties": {"from": [75.7945331, 11.2524036], "to": [75.7936783, 11.2524201], "type": "primary"}}, {"type": "Feature", "geometry": {"type": "LineString", "coordinates": [[75.776605, 11.247734], [75.776618, 11.247505]]}, "properties": {"from": [75.7766052, 11.2477343], "to": [75.7766181, 11.2475047], "type": "residential"}}, {"type": "Feature", "geometry": {"type": "LineString", "coordinates": [[75.777107, 11.244591], [75.7772, 11.244269]]}, "properties": {"from": [75.777107, 11.2445913], "to": [75.7771999, 11.2442687], "type": "residential"}}, {"type": "Feature", "geometry": {"type": "LineString", "coordinates": [[75.775518, 11.239453], [75.776554, 11.243155]]}, "properties": {"from": [75.7755182, 11.2394531], "to": [75.7765542862963, 11.243154998148148], "type": "intra-zone"}}, {"type": "Feature", "geometry": {"type": "LineString", "coordinates": [[75.773367, 11.247773], [75.773389, 11.247605]]}, "properties": {"from": [75.7733672, 11.247773], "to": [75.7733891, 11.2476054], "type": "residential"}}, {"type": "Feature", "geometry": {"type": "LineString", "coordinates": [[75.791818, 11.256732], [75.791755, 11.257264]]}, "properties": {"from": [75.7918177, 11.2567316], "to": [75.7917551, 11.2572645], "type": "primary"}}, {"type": "Feature", "geometry": {"type": "LineString", "coordinates": [[75.782952, 11.254308], [75.786427, 11.252457]]}, "properties": {"from": [75.7829522, 11.2543082], "to": [75.78642719263158, 11.25245679894737], "type": "intra-zone"}}, {"type": "Feature", "geometry": {"type": "LineString", "coordinates": [[75.793339, 11.243856], [75.79545, 11.244171]]}, "properties": {"from": [75.7933389, 11.2438559], "to": [75.79545017109974, 11.244170827109974], "type": "intra-zone"}}, {"type": "Feature", "geometry": {"type": "LineString", "coordinates": [[75.789431, 11.24302], [75.78954, 11.243049]]}, "properties": {"from": [75.7894306, 11.2430201], "to": [75.7895398, 11.2430489], "type": "secondary"}}, {"type": "Feature", "geometry": {"type": "LineString", "coordinates": [[75.783616, 11.254755], [75.783762, 11.254786]]}, "properties": {"from": [75.7836162, 11.2547555], "to": [75.7837622, 11.2547856], "type": "primary"}}, {"type": "Feature", "geometry": {"type": "LineString", "coordinates": [[75.797199, 11.248842], [75.797261, 11.248866]]}, "properties": {"from": [75.7971991, 11.2488419], "to": [75.7972608, 11.2488656], "type": "residential"}}, {"type": "Feature", "geometry": {"type": "LineString", "coordinates": [[75.774695, 11.242415], [75.776554, 11.243155]]}, "properties": {"from": [75.7746949, 11.2424149], "to": [75.7765542862963, 11.243154998148148], "type": "intra-zone"}}, {"type": "Feature", "geometry": {"type": "LineString", "coordinates": [[75.784483, 11.246704], [75.784396, 11.246703]]}, "properties": {"from": [75.7843961, 11.2467026], "to": [75.7844828, 11.2467043], "type": "tertiary"}}, {"type": "Feature", "geometry": {"type": "LineString", "coordinates": [[75.79545, 11.244171], [75.786427, 11.252457]]}, "properties": {"from": [75.78642719263158, 11.25245679894737], "to": [75.79545017109974, 11.244170827109974], "type": "inter-zone"}}, {"type": "Feature", "geometry": {"type": "LineString", "coordinates": [[75.780692, 11.252497], [75.78077, 11.252549]]}, "properties": {"from": [75.7806915, 11.2524974], "to": [75.78077, 11.2525486], "type": "tertiary"}}, {"type": "Feature", "geometry": {"type": "LineString", "coordinates": [[75.796758, 11.241058], [75.79545, 11.244171]]}, "properties": {"from": [75.7967576, 11.2410582], "to": [75.79545017109974, 11.244170827109974], "type": "intra-zone"}}, {"type": "Feature", "geometry": {"type": "LineString", "coordinates": [[75.796668, 11.246043], [75.79545, 11.244171]]}, "properties": {"from": [75.7966679, 11.2460434], "to": [75.79545017109974, 11.244170827109974], "type": "intra-zone"}}, {"type": "Feature", "geometry": {"type": "LineString", "coordinates": [[75.795888, 11.247316], [75.795872, 11.247282]]}, "properties": {"from": [75.7958884, 11.2473159], "to": [75.7958723, 11.2472817], "type": "residential"}}, {"type": "Feature", "geometry": {"type": "LineString", "coordinates": [[75.778424, 11.242562], [75.776554, 11.243155]]}, "properties": {"from": [75.7784235, 11.2425623], "to": [75.7765542862963, 11.243154998148148], "type": "intra-zone"}}, {"type": "Feature", "geometry": {"type": "LineString", "coordinates": [[75.786773, 11.252792], [75.787082, 11.252915]]}, "properties": {"from": [75.7870824, 11.2529148], "to": [75.7867728, 11.2527917], "type": "residential"}}, {"type": "Feature", "geometry": {"type": "LineString", "coordinates": [[75.77263, 11.248497], [75.772608, 11.248362]]}, "properties": {"from": [75.7726302, 11.2484972], "to": [75.7726082, 11.2483623], "type": "secondary"}}, {"type": "Feature", "geometry": {"type": "LineString", "coordinates": [[75.796759, 11.250123], [75.796031, 11.249704]]}, "properties": {"from": [75.7967591, 11.2501234], "to": [75.79603117340068, 11.249703834006734], "type": "intra-zone"}}, {"type": "Feature", "geometry": {"type": "LineString", "coordinates": [[75.793124, 11.247872], [75.792958, 11.247862]]}, "properties": {"from": [75.793124, 11.2478716], "to": [75.7929579, 11.2478619], "type": "tertiary"}}, {"type": "Feature", "geometry": {"type": "LineString", "coordinates": [[75.774181, 11.246608], [75.773907, 11.246574]]}, "properties": {"from": [75.7741813, 11.246608], "to": [75.7739068, 11.2465742], "type": "residential"}}, {"type": "Feature", "geometry": {"type": "LineString", "coordinates": [[75.796203, 11.244436], [75.79545, 11.244171]]}, "properties": {"from": [75.796203, 11.2444361], "to": [75.79545017109974, 11.244170827109974], "type": "intra-zone"}}, {"type": "Feature", "geometry": {"type": "LineString", "coordinates": [[75.783706, 11.248769], [75.786427, 11.252457]]}, "properties": {"from": [75.7837063, 11.2487695], "to": [75.78642719263158, 11.25245679894737], "type": "intra-zone"}}, {"type": "Feature", "geometry": {"type": "LineString", "coordinates": [[75.793124, 11.247983], [75.793121, 11.248017]]}, "properties": {"from": [75.7931237, 11.2479825], "to": [75.793121, 11.2480167], "type": "residential"}}, {"type": "Feature", "geometry": {"type": "LineString", "coordinates": [[75.775208, 11.24761], [75.776641, 11.251004]]}, "properties": {"from": [75.7752079, 11.2476097], "to": [75.77664119651972, 11.251004005336426], "type": "intra-zone"}}, {"type": "Feature", "geometry": {"type": "LineString", "coordinates": [[75.782716, 11.240337], [75.785033, 11.243796]]}, "properties": {"from": [75.7827162, 11.2403374], "to": [75.78503318388888, 11.2437957125], "type": "intra-zone"}}, {"type": "Feature", "geometry": {"type": "LineString", "coordinates": [[75.797516, 11.248683], [75.797438, 11.24867]]}, "properties": {"from": [75.7975162, 11.248683], "to": [75.7974385, 11.2486699], "type": "residential"}}, {"type": "Feature", "geometry": {"type": "LineString", "coordinates": [[75.796536, 11.250047], [75.7964, 11.25]]}, "properties": {"from": [75.7965356, 11.2500467], "to": [75.7963996, 11.25], "type": "residential"}}, {"type": "Feature", "geometry": {"type": "LineString", "coordinates": [[75.776629, 11.245517], [75.776662, 11.245466]]}, "properties": {"from": [75.7766288, 11.2455168], "to": [75.7766623, 11.2454661], "type": "residential"}}, {"type": "Feature", "geometry": {"type": "LineString", "coordinates": [[75.792473, 11.241324], [75.792489, 11.241227]]}, "properties": {"from": [75.7924732, 11.2413242], "to": [75.7924889, 11.2412272], "type": "residential"}}, {"type": "Feature", "geometry": {"type": "LineString", "coordinates": [[75.774181, 11.246608], [75.776554, 11.243155]]}, "properties": {"from": [75.7741813, 11.246608], "to": [75.7765542862963, 11.243154998148148], "type": "intra-zone"}}, {"type": "Feature", "geometry": {"type": "LineString", "coordinates": [[75.795523, 11.246583], [75.795493, 11.246593]]}, "properties": {"from": [75.7955226, 11.2465827], "to": [75.7954931, 11.2465932], "type": "residential"}}, {"type": "Feature", "geometry": {"type": "LineString", "coordinates": [[75.786436, 11.250977], [75.786427, 11.252457]]}, "properties": {"from": [75.7864364, 11.2509771], "to": [75.78642719263158, 11.25245679894737], "type": "intra-zone"}}, {"type": "Feature", "geometry": {"type": "LineString", "coordinates": [[75.776851, 11.246342], [75.776844, 11.245936]]}, "properties": {"from": [75.7768514, 11.2463419], "to": [75.7768439, 11.245936], "type": "residential"}}, {"type": "Feature", "geometry": {"type": "LineString", "coordinates": [[75.796314, 11.246333], [75.79545, 11.244171]]}, "properties": {"from": [75.7963139, 11.2463328], "to": [75.79545017109974, 11.244170827109974], "type": "intra-zone"}}, {"type": "Feature", "geometry": {"type": "LineString", "coordinates": [[75.796754, 11.245884], [75.79545, 11.244171]]}, "properties": {"from": [75.7967543, 11.2458843], "to": [75.79545017109974, 11.244170827109974], "type": "intra-zone"}}, {"type": "Feature", "geometry": {"type": "LineString", "coordinates": [[75.782763, 11.241353], [75.785033, 11.243796]]}, "properties": {"from": [75.7827633, 11.2413529], "to": [75.78503318388888, 11.2437957125], "type": "intra-zone"}}, {"type": "Feature", "geometry": {"type": "LineString", "coordinates": [[75.796678, 11.247717], [75.796031, 11.249704]]}, "properties": {"from": [75.7966778, 11.2477173], "to": [75.79603117340068, 11.249703834006734], "type": "intra-zone"}}, {"type": "Feature", "geometry": {"type": "LineString", "coordinates": [[75.790641, 11.245187], [75.79545, 11.244171]]}, "properties": {"from": [75.7906414, 11.2451874], "to": [75.79545017109974, 11.244170827109974], "type": "intra-zone"}}, {"type": "Feature", "geometry": {"type": "LineString", "coordinates": [[75.771395, 11.251214], [75.772399, 11.251409]]}, "properties": {"from": [75.771395, 11.2512144], "to": [75.7723994, 11.2514094], "type": "secondary"}}, {"type": "Feature", "geometry": {"type": "LineString", "coordinates": [[75.777764, 11.246707], [75.776554, 11.243155]]}, "properties": {"from": [75.7777642, 11.2467075], "to": [75.7765542862963, 11.243154998148148], "type": "intra-zone"}}, {"type": "Feature", "geometry": {"type": "LineString", "coordinates": [[75.79013, 11.249355], [75.790166, 11.249294]]}, "properties": {"from": [75.7901301, 11.2493552], "to": [75.7901664, 11.2492942], "type": "residential"}}, {"type": "Feature", "geometry": {"type": "LineString", "coordinates": [[75.783703, 11.24101], [75.783723, 11.240631]]}, "properties": {"from": [75.7837028, 11.2410104], "to": [75.7837228, 11.2406315], "type": "residential"}}, {"type": "Feature", "geometry": {"type": "LineString", "coordinates": [[75.777971, 11.246019], [75.778049, 11.246009]]}, "properties": {"from": [75.7779709, 11.2460192], "to": [75.7780487, 11.2460087], "type": "residential"}}, {"type": "Feature", "geometry": {"type": "LineString", "coordinates": [[75.795936, 11.246385], [75.795909, 11.246404]]}, "properties": {"from": [75.7959357, 11.2463854], "to": [75.7959089, 11.2464038], "type": "residential"}}, {"type": "Feature", "geometry": {"type": "LineString", "coordinates": [[75.783376, 11.25158], [75.783554, 11.25159]]}, "properties": {"from": [75.7833762, 11.2515798], "to": [75.7835543, 11.2515901], "type": "residential"}}, {"type": "Feature", "geometry": {"type": "LineString", "coordinates": [[75.782643, 11.240102], [75.785033, 11.243796]]}, "properties": {"from": [75.7826433, 11.2401021], "to": [75.78503318388888, 11.2437957125], "type": "intra-zone"}}, {"type": "Feature", "geometry": {"type": "LineString", "coordinates": [[75.788616, 11.244528], [75.788558, 11.244919]]}, "properties": {"from": [75.7886158, 11.2445279], "to": [75.7885577, 11.244919], "type": "residential"}}, {"type": "Feature", "geometry": {"type": "LineString", "coordinates": [[75.782625, 11.24675], [75.782952, 11.246734]]}, "properties": {"from": [75.782625, 11.2467503], "to": [75.782952, 11.2467342], "type": "tertiary"}}, {"type": "Feature", "geometry": {"type": "LineString", "coordinates": [[75.783788, 11.254304], [75.786427, 11.252457]]}, "properties": {"from": [75.7837877, 11.254304], "to": [75.78642719263158, 11.25245679894737], "type": "intra-zone"}}, {"type": "Feature", "geometry": {"type": "LineString", "coordinates": [[75.797984, 11.248791], [75.797897, 11.248772]]}, "properties": {"from": [75.7979837, 11.2487911], "to": [75.7978971, 11.2487725], "type": "residential"}}, {"type": "Feature", "geometry": {"type": "LineString", "coordinates": [[75.795513, 11.246824], [75.795467, 11.246782]]}, "properties": {"from": [75.7955129, 11.246824], "to": [75.7954673, 11.2467819], "type": "residential"}}, {"type": "Feature", "geometry": {"type": "LineString", "coordinates": [[75.792268, 11.243119], [75.791662, 11.243072]]}, "properties": {"from": [75.792268, 11.2431191], "to": [75.791662, 11.2430718], "type": "residential"}}, {"type": "Feature", "geometry": {"type": "LineString", "coordinates": [[75.774593, 11.253153], [75.774651, 11.253018]]}, "properties": {"from": [75.7745934, 11.2531533], "to": [75.7746506, 11.2530185], "type": "tertiary"}}, {"type": "Feature", "geometry": {"type": "LineString", "coordinates": [[75.779957, 11.248887], [75.779993, 11.24896]]}, "properties": {"from": [75.7799569, 11.2488873], "to": [75.779993, 11.2489604], "type": "residential"}}, {"type": "Feature", "geometry": {"type": "LineString", "coordinates": [[75.790538, 11.246014], [75.79545, 11.244171]]}, "properties": {"from": [75.7905382, 11.2460141], "to": [75.79545017109974, 11.244170827109974], "type": "intra-zone"}}, {"type": "Feature", "geometry": {"type": "LineString", "coordinates": [[75.781395, 11.246734], [75.781461, 11.24678]]}, "properties": {"from": [75.7813947, 11.2467336], "to": [75.7814613, 11.2467798], "type": "tertiary"}}, {"type": "Feature", "geometry": {"type": "LineString", "coordinates": [[75.783323, 11.245339], [75.783237, 11.245332]]}, "properties": {"from": [75.7833228, 11.2453389], "to": [75.7832372, 11.2453322], "type": "tertiary"}}, {"type": "Feature", "geometry": {"type": "LineString", "coordinates": [[75.796184, 11.244294], [75.796168, 11.244205]]}, "properties": {"from": [75.7961842, 11.2442941], "to": [75.7961681, 11.2442046], "type": "residential"}}, {"type": "Feature", "geometry": {"type": "LineString", "coordinates": [[75.781211, 11.241307], [75.781209, 11.241386]]}, "properties": {"from": [75.7812112, 11.2413075], "to": [75.7812087, 11.2413863], "type": "residential"}}, {"type": "Feature", "geometry": {"type": "LineString", "coordinates": [[75.775972, 11.246886], [75.77599, 11.246661]]}, "properties": {"from": [75.7759902, 11.2466608], "to": [75.7759721, 11.2468864], "type": "residential"}}, {"type": "Feature", "geometry": {"type": "LineString", "coordinates": [[75.784846, 11.241566], [75.785033, 11.243796]]}, "properties": {"from": [75.7848456, 11.2415657], "to": [75.78503318388888, 11.2437957125], "type": "intra-zone"}}, {"type": "Feature", "geometry": {"type": "LineString", "coordinates": [[75.785353, 11.250221], [75.786427, 11.252457]]}, "properties": {"from": [75.785353, 11.2502214], "to": [75.78642719263158, 11.25245679894737], "type": "intra-zone"}}, {"type": "Feature", "geometry": {"type": "LineString", "coordinates": [[75.776828, 11.248573], [75.776718, 11.248563]]}, "properties": {"from": [75.7767179, 11.248563], "to": [75.7768278, 11.2485735], "type": "residential"}}, {"type": "Feature", "geometry": {"type": "LineString", "coordinates": [[75.795439, 11.240821], [75.79545, 11.244171]]}, "properties": {"from": [75.7954389, 11.2408215], "to": [75.79545017109974, 11.244170827109974], "type": "intra-zone"}}, {"type": "Feature", "geometry": {"type": "LineString", "coordinates": [[75.788766, 11.241998], [75.788514, 11.242488]]}, "properties": {"from": [75.7887661, 11.2419985], "to": [75.788514, 11.2424878], "type": "residential"}}, {"type": "Feature", "geometry": {"type": "LineString", "coordinates": [[75.793748, 11.241573], [75.793914, 11.241477]]}, "properties": {"from": [75.7937478, 11.2415728], "to": [75.7939139, 11.2414766], "type": "secondary"}}, {"type": "Feature", "geometry": {"type": "LineString", "coordinates": [[75.796819, 11.246608], [75.79545, 11.244171]]}, "properties": {"from": [75.7968187, 11.2466077], "to": [75.79545017109974, 11.244170827109974], "type": "intra-zone"}}, {"type": "Feature", "geometry": {"type": "LineString", "coordinates": [[75.791726, 11.247811], [75.796031, 11.249704]]}, "properties": {"from": [75.7917261, 11.2478111], "to": [75.79603117340068, 11.249703834006734], "type": "intra-zone"}}, {"type": "Feature", "geometry": {"type": "LineString", "coordinates": [[75.793601, 11.246629], [75.79545, 11.244171]]}, "properties": {"from": [75.7936011, 11.2466286], "to": [75.79545017109974, 11.244170827109974], "type": "intra-zone"}}, {"type": "Feature", "geometry": {"type": "LineString", "coordinates": [[75.798063, 11.248244], [75.796031, 11.249704]]}, "properties": {"from": [75.7980634, 11.2482437], "to": [75.79603117340068, 11.249703834006734], "type": "intra-zone"}}, {"type": "Feature", "geometry": {"type": "LineString", "coordinates": [[75.787082, 11.252915], [75.787066, 11.252954]]}, "properties": {"from": [75.7870824, 11.2529148], "to": [75.7870659, 11.2529543], "type": "secondary"}}, {"type": "Feature", "geometry": {"type": "LineString", "coordinates": [[75.77432, 11.250518], [75.774325, 11.250618]]}, "properties": {"from": [75.77432, 11.2505176], "to": [75.7743253, 11.2506175], "type": "residential"}}, {"type": "Feature", "geometry": {"type": "LineString", "coordinates": [[75.781422, 11.252876], [75.781347, 11.252878]]}, "properties": {"from": [75.7814223, 11.2528758], "to": [75.7813472, 11.2528785], "type": "primary"}}, {"type": "Feature", "geometry": {"type": "LineString", "coordinates": [[75.793115, 11.245045], [75.79545, 11.244171]]}, "properties": {"from": [75.7931146, 11.2450445], "to": [75.79545017109974, 11.244170827109974], "type": "intra-zone"}}, {"type": "Feature", "geometry": {"type": "LineString", "coordinates": [[75.770915, 11.252767], [75.776641, 11.251004]]}, "properties": {"from": [75.7709151, 11.2527675], "to": [75.77664119651972, 11.251004005336426], "type": "intra-zone"}}, {"type": "Feature", "geometry": {"type": "LineString", "coordinates": [[75.796888, 11.246139], [75.79545, 11.244171]]}, "properties": {"from": [75.7968885, 11.2461395], "to": [75.79545017109974, 11.244170827109974], "type": "intra-zone"}}, {"type": "Feature", "geometry": {"type": "LineString", "coordinates": [[75.788379, 11.242749], [75.785033, 11.243796]]}, "properties": {"from": [75.7883787, 11.242749], "to": [75.78503318388888, 11.2437957125], "type": "intra-zone"}}, {"type": "Feature", "geometry": {"type": "LineString", "coordinates": [[75.777629, 11.253412], [75.777833, 11.253443]]}, "properties": {"from": [75.7776286, 11.2534122], "to": [75.7778335, 11.2534429], "type": "residential"}}, {"type": "Feature", "geometry": {"type": "LineString", "coordinates": [[75.782704, 11.25523], [75.786427, 11.252457]]}, "properties": {"from": [75.7827045, 11.2552298], "to": [75.78642719263158, 11.25245679894737], "type": "intra-zone"}}, {"type": "Feature", "geometry": {"type": "LineString", "coordinates": [[75.778616, 11.251416], [75.779027, 11.25143]]}, "properties": {"from": [75.7790267, 11.2514303], "to": [75.7786165, 11.2514164], "type": "secondary"}}, {"type": "Feature", "geometry": {"type": "LineString", "coordinates": [[75.786835, 11.25404], [75.786427, 11.252457]]}, "properties": {"from": [75.7868346, 11.25404], "to": [75.78642719263158, 11.25245679894737], "type": "intra-zone"}}, {"type": "Feature", "geometry": {"type": "LineString", "coordinates": [[75.782645, 11.246694], [75.785033, 11.243796]]}, "properties": {"from": [75.782645, 11.2466944], "to": [75.78503318388888, 11.2437957125], "type": "intra-zone"}}, {"type": "Feature", "geometry": {"type": "LineString", "coordinates": [[75.799108, 11.248387], [75.796031, 11.249704]]}, "properties": {"from": [75.7991083, 11.2483872], "to": [75.79603117340068, 11.249703834006734], "type": "intra-zone"}}, {"type": "Feature", "geometry": {"type": "LineString", "coordinates": [[75.783954, 11.251635], [75.783986, 11.251816]]}, "properties": {"from": [75.7839539, 11.2516348], "to": [75.7839861, 11.2518163], "type": "residential"}}, {"type": "Feature", "geometry": {"type": "LineString", "coordinates": [[75.791016, 11.246014], [75.791031, 11.245831]]}, "properties": {"from": [75.7910159, 11.246014], "to": [75.7910305, 11.245831], "type": "residential"}}, {"type": "Feature", "geometry": {"type": "LineString", "coordinates": [[75.783525, 11.250265], [75.78339, 11.251095]]}, "properties": {"from": [75.7835247, 11.2502647], "to": [75.7833898, 11.251095], "type": "primary"}}, {"type": "Feature", "geometry": {"type": "LineString", "coordinates": [[75.782732, 11.241517], [75.782763, 11.241353]]}, "properties": {"from": [75.7827322, 11.2415168], "to": [75.7827633, 11.2413529], "type": "residential"}}, {"type": "Feature", "geometry": {"type": "LineString", "coordinates": [[75.776723, 11.253614], [75.776702, 11.253522]]}, "properties": {"from": [75.7767231, 11.2536139], "to": [75.7767016, 11.2535218], "type": "residential"}}, {"type": "Feature", "geometry": {"type": "LineString", "coordinates": [[75.786632, 11.241829], [75.785033, 11.243796]]}, "properties": {"from": [75.7866322, 11.2418285], "to": [75.78503318388888, 11.2437957125], "type": "intra-zone"}}, {"type": "Feature", "geometry": {"type": "LineString", "coordinates": [[75.787692, 11.243854], [75.785033, 11.243796]]}, "properties": {"from": [75.7876916, 11.2438539], "to": [75.78503318388888, 11.2437957125], "type": "intra-zone"}}, {"type": "Feature", "geometry": {"type": "LineString", "coordinates": [[75.792871, 11.252401], [75.792903, 11.252456]]}, "properties": {"from": [75.7928713, 11.252401], "to": [75.7929035, 11.2524562], "type": "tertiary"}}, {"type": "Feature", "geometry": {"type": "LineString", "coordinates": [[75.787989, 11.25094], [75.786427, 11.252457]]}, "properties": {"from": [75.7879888, 11.2509398], "to": [75.78642719263158, 11.25245679894737], "type": "intra-zone"}}, {"type": "Feature", "geometry": {"type": "LineString", "coordinates": [[75.776482, 11.250456], [75.776641, 11.251004]]}, "properties": {"from": [75.776482, 11.2504563], "to": [75.77664119651972, 11.251004005336426], "type": "intra-zone"}}, {"type": "Feature", "geometry": {"type": "LineString", "coordinates": [[75.776938, 11.242552], [75.776554, 11.243155]]}, "properties": {"from": [75.7769378, 11.2425518], "to": [75.7765542862963, 11.243154998148148], "type": "intra-zone"}}, {"type": "Feature", "geometry": {"type": "LineString", "coordinates": [[75.793464, 11.245056], [75.79545, 11.244171]]}, "properties": {"from": [75.7934636, 11.2450564], "to": [75.79545017109974, 11.244170827109974], "type": "intra-zone"}}, {"type": "Feature", "geometry": {"type": "LineString", "coordinates": [[75.777361, 11.246209], [75.777565, 11.246267]]}, "properties": {"from": [75.7773609, 11.2462091], "to": [75.7775648, 11.2462669], "type": "residential"}}, {"type": "Feature", "geometry": {"type": "LineString", "coordinates": [[75.804227, 11.240219], [75.804178, 11.24031]]}, "properties": {"from": [75.8042274, 11.2402189], "to": [75.8041783, 11.2403101], "type": "primary"}}, {"type": "Feature", "geometry": {"type": "LineString", "coordinates": [[75.774744, 11.246053], [75.776554, 11.243155]]}, "properties": {"from": [75.7747436, 11.2460533], "to": [75.7765542862963, 11.243154998148148], "type": "intra-zone"}}, {"type": "Feature", "geometry": {"type": "LineString", "coordinates": [[75.773395, 11.244965], [75.776554, 11.243155]]}, "properties": {"from": [75.7733951, 11.2449655], "to": [75.7765542862963, 11.243154998148148], "type": "intra-zone"}}, {"type": "Feature", "geometry": {"type": "LineString", "coordinates": [[75.798195, 11.250198], [75.796031, 11.249704]]}, "properties": {"from": [75.7981949, 11.2501981], "to": [75.79603117340068, 11.249703834006734], "type": "intra-zone"}}, {"type": "Feature", "geometry": {"type": "LineString", "coordinates": [[75.783687, 11.249469], [75.783948, 11.248816]]}, "properties": {"from": [75.7839484, 11.2488161], "to": [75.7836868, 11.2494686], "type": "primary"}}, {"type": "Feature", "geometry": {"type": "LineString", "coordinates": [[75.780465, 11.249774], [75.780585, 11.249808]]}, "properties": {"from": [75.7804647, 11.249774], "to": [75.7805854, 11.2498082], "type": "residential"}}, {"type": "Feature", "geometry": {"type": "LineString", "coordinates": [[75.773496, 11.251589], [75.77416, 11.25165]]}, "properties": {"from": [75.7734957, 11.2515894], "to": [75.77416, 11.25165], "type": "secondary"}}, {"type": "Feature", "geometry": {"type": "LineString", "coordinates": [[75.777396, 11.247504], [75.776641, 11.251004]]}, "properties": {"from": [75.7773965, 11.2475038], "to": [75.77664119651972, 11.251004005336426], "type": "intra-zone"}}, {"type": "Feature", "geometry": {"type": "LineString", "coordinates": [[75.787638, 11.243992], [75.785033, 11.243796]]}, "properties": {"from": [75.7876378, 11.2439919], "to": [75.78503318388888, 11.2437957125], "type": "intra-zone"}}, {"type": "Feature", "geometry": {"type": "LineString", "coordinates": [[75.791616, 11.258603], [75.791831, 11.257266]]}, "properties": {"from": [75.7916155, 11.2586028], "to": [75.7918305, 11.2572659], "type": "primary"}}, {"type": "Feature", "geometry": {"type": "LineString", "coordinates": [[75.78343, 11.25472], [75.786427, 11.252457]]}, "properties": {"from": [75.7834305, 11.2547201], "to": [75.78642719263158, 11.25245679894737], "type": "intra-zone"}}, {"type": "Feature", "geometry": {"type": "LineString", "coordinates": [[75.797089, 11.248808], [75.796031, 11.249704]]}, "properties": {"from": [75.7970891, 11.2488077], "to": [75.79603117340068, 11.249703834006734], "type": "intra-zone"}}, {"type": "Feature", "geometry": {"type": "LineString", "coordinates": [[75.773781, 11.253837], [75.773332, 11.253805]]}, "properties": {"from": [75.7737807, 11.2538375], "to": [75.7733324, 11.2538051], "type": "residential"}}, {"type": "Feature", "geometry": {"type": "LineString", "coordinates": [[75.796288, 11.253318], [75.796245, 11.252932]]}, "properties": {"from": [75.7962879, 11.2533184], "to": [75.7962452, 11.2529323], "type": "residential"}}, {"type": "Feature", "geometry": {"type": "LineString", "coordinates": [[75.788149, 11.243924], [75.788237, 11.243929]]}, "properties": {"from": [75.788149, 11.2439236], "to": [75.7882367, 11.243929], "type": "residential"}}, {"type": "Feature", "geometry": {"type": "LineString", "coordinates": [[75.792289, 11.253527], [75.796031, 11.249704]]}, "properties": {"from": [75.7922895, 11.253527], "to": [75.79603117340068, 11.249703834006734], "type": "intra-zone"}}, {"type": "Feature", "geometry": {"type": "LineString", "coordinates": [[75.796107, 11.253896], [75.796031, 11.249704]]}, "properties": {"from": [75.7961072, 11.2538957], "to": [75.79603117340068, 11.249703834006734], "type": "intra-zone"}}, {"type": "Feature", "geometry": {"type": "LineString", "coordinates": [[75.78272, 11.255026], [75.782704, 11.25523]]}, "properties": {"from": [75.7827197, 11.2550256], "to": [75.7827045, 11.2552298], "type": "residential"}}, {"type": "Feature", "geometry": {"type": "LineString", "coordinates": [[75.771681, 11.250691], [75.772011, 11.250326]]}, "properties": {"from": [75.7716807, 11.2506912], "to": [75.772011, 11.2503257], "type": "secondary"}}, {"type": "Feature", "geometry": {"type": "LineString", "coordinates": [[75.7876, 11.24807], [75.786789, 11.248064]]}, "properties": {"from": [75.7876, 11.24807], "to": [75.786789, 11.2480639], "type": "tertiary"}}, {"type": "Feature", "geometry": {"type": "LineString", "coordinates": [[75.780007, 11.252249], [75.776641, 11.251004]]}, "properties": {"from": [75.7800073, 11.2522485], "to": [75.77664119651972, 11.251004005336426], "type": "intra-zone"}}, {"type": "Feature", "geometry": {"type": "LineString", "coordinates": [[75.797714, 11.247068], [75.797714, 11.247]]}, "properties": {"from": [75.7977141, 11.247068], "to": [75.7977141, 11.2469996], "type": "residential"}}, {"type": "Feature", "geometry": {"type": "LineString", "coordinates": [[75.797129, 11.250068], [75.796031, 11.249704]]}, "properties": {"from": [75.7971293, 11.2500681], "to": [75.79603117340068, 11.249703834006734], "type": "intra-zone"}}, {"type": "Feature", "geometry": {"type": "LineString", "coordinates": [[75.775277, 11.247021], [75.775082, 11.247035]]}, "properties": {"from": [75.7752774, 11.2470214], "to": [75.7750816, 11.2470346], "type": "residential"}}, {"type": "Feature", "geometry": {"type": "LineString", "coordinates": [[75.773639, 11.247637], [75.776641, 11.251004]]}, "properties": {"from": [75.7736385, 11.247637], "to": [75.77664119651972, 11.251004005336426], "type": "intra-zone"}}, {"type": "Feature", "geometry": {"type": "LineString", "coordinates": [[75.787556, 11.241492], [75.785033, 11.243796]]}, "properties": {"from": [75.7875561, 11.2414921], "to": [75.78503318388888, 11.2437957125], "type": "intra-zone"}}, {"type": "Feature", "geometry": {"type": "LineString", "coordinates": [[75.775044, 11.248499], [75.776641, 11.251004]]}, "properties": {"from": [75.7750436, 11.2484986], "to": [75.77664119651972, 11.251004005336426], "type": "intra-zone"}}, {"type": "Feature", "geometry": {"type": "LineString", "coordinates": [[75.795986, 11.249876], [75.796031, 11.249704]]}, "properties": {"from": [75.7959865, 11.2498765], "to": [75.79603117340068, 11.249703834006734], "type": "intra-zone"}}, {"type": "Feature", "geometry": {"type": "LineString", "coordinates": [[75.79677, 11.248742], [75.796813, 11.248758]]}, "properties": {"from": [75.7967699, 11.248742], "to": [75.7968129, 11.2487578], "type": "residential"}}, {"type": "Feature", "geometry": {"type": "LineString", "coordinates": [[75.783107, 11.252943], [75.783205, 11.25281]]}, "properties": {"from": [75.7831074, 11.252943], "to": [75.7832047, 11.2528103], "type": "primary"}}, {"type": "Feature", "geometry": {"type": "LineString", "coordinates": [[75.781188, 11.241444], [75.781619, 11.241618]]}, "properties": {"from": [75.7811878, 11.2414443], "to": [75.7816191, 11.2416178], "type": "residential"}}, {"type": "Feature", "geometry": {"type": "LineString", "coordinates": [[75.792874, 11.241293], [75.79545, 11.244171]]}, "properties": {"from": [75.792874, 11.2412935], "to": [75.79545017109974, 11.244170827109974], "type": "intra-zone"}}, {"type": "Feature", "geometry": {"type": "LineString", "coordinates": [[75.797266, 11.249397], [75.797261, 11.249452]]}, "properties": {"from": [75.7972662, 11.249397], "to": [75.7972608, 11.2494523], "type": "residential"}}, {"type": "Feature", "geometry": {"type": "LineString", "coordinates": [[75.776704, 11.253243], [75.776641, 11.251004]]}, "properties": {"from": [75.7767043, 11.2532435], "to": [75.77664119651972, 11.251004005336426], "type": "intra-zone"}}, {"type": "Feature", "geometry": {"type": "LineString", "coordinates": [[75.774009, 11.245168], [75.773999, 11.245219]]}, "properties": {"from": [75.7740091, 11.2451683], "to": [75.7739987, 11.2452188], "type": "residential"}}, {"type": "Feature", "geometry": {"type": "LineString", "coordinates": [[75.792496, 11.25328], [75.796031, 11.249704]]}, "properties": {"from": [75.7924955, 11.25328], "to": [75.79603117340068, 11.249703834006734], "type": "intra-zone"}}, {"type": "Feature", "geometry": {"type": "LineString", "coordinates": [[75.777951, 11.240063], [75.776554, 11.243155]]}, "properties": {"from": [75.7779514, 11.2400629], "to": [75.7765542862963, 11.243154998148148], "type": "intra-zone"}}, {"type": "Feature", "geometry": {"type": "LineString", "coordinates": [[75.777238, 11.253719], [75.777144, 11.253785]]}, "properties": {"from": [75.7772381, 11.2537191], "to": [75.7771442, 11.2537848], "type": "residential"}}, {"type": "Feature", "geometry": {"type": "LineString", "coordinates": [[75.77665, 11.249643], [75.776678, 11.249534]]}, "properties": {"from": [75.77665, 11.2496429], "to": [75.7766775, 11.2495337], "type": "tertiary"}}, {"type": "Feature", "geometry": {"type": "LineString", "coordinates": [[75.797183, 11.252398], [75.797115, 11.252446]]}, "properties": {"from": [75.7971833, 11.2523982], "to": [75.7971152, 11.2524458], "type": "residential"}}, {"type": "Feature", "geometry": {"type": "LineString", "coordinates": [[75.790547, 11.2521], [75.786427, 11.252457]]}, "properties": {"from": [75.7905473, 11.2520999], "to": [75.78642719263158, 11.25245679894737], "type": "intra-zone"}}, {"type": "Feature", "geometry": {"type": "LineString", "coordinates": [[75.777415, 11.254607], [75.777926, 11.254654]]}, "properties": {"from": [75.7774145, 11.2546074], "to": [75.7779256, 11.2546541], "type": "residential"}}, {"type": "Feature", "geometry": {"type": "LineString", "coordinates": [[75.781562, 11.246782], [75.781769, 11.246787]]}, "properties": {"from": [75.7815624, 11.2467821], "to": [75.7817688, 11.2467868], "type": "tertiary"}}, {"type": "Feature", "geometry": {"type": "LineString", "coordinates": [[75.773814, 11.246113], [75.773821, 11.246383]]}, "properties": {"from": [75.7738143, 11.2461135], "to": [75.7738211, 11.2463834], "type": "residential"}}, {"type": "Feature", "geometry": {"type": "LineString", "coordinates": [[75.796454, 11.246051], [75.796494, 11.246046]]}, "properties": {"from": [75.7964942, 11.2460463], "to": [75.7964544, 11.2460507], "type": "residential"}}, {"type": "Feature", "geometry": {"type": "LineString", "coordinates": [[75.783652, 11.254632], [75.786427, 11.252457]]}, "properties": {"from": [75.7836523, 11.2546315], "to": [75.78642719263158, 11.25245679894737], "type": "intra-zone"}}, {"type": "Feature", "geometry": {"type": "LineString", "coordinates": [[75.783599, 11.254752], [75.783616, 11.254755]]}, "properties": {"from": [75.7835995, 11.254752], "to": [75.7836162, 11.2547555], "type": "primary"}}, {"type": "Feature", "geometry": {"type": "LineString", "coordinates": [[75.792275, 11.246206], [75.79545, 11.244171]]}, "properties": {"from": [75.7922745, 11.2462062], "to": [75.79545017109974, 11.244170827109974], "type": "intra-zone"}}, {"type": "Feature", "geometry": {"type": "LineString", "coordinates": [[75.803939, 11.240651], [75.79545, 11.244171]]}, "properties": {"from": [75.8039391, 11.2406506], "to": [75.79545017109974, 11.244170827109974], "type": "intra-zone"}}, {"type": "Feature", "geometry": {"type": "LineString", "coordinates": [[75.795523, 11.246583], [75.79545, 11.244171]]}, "properties": {"from": [75.7955226, 11.2465827], "to": [75.79545017109974, 11.244170827109974], "type": "intra-zone"}}, {"type": "Feature", "geometry": {"type": "LineString", "coordinates": [[75.797277, 11.249352], [75.797266, 11.249397]]}, "properties": {"from": [75.7972769, 11.2493523], "to": [75.7972662, 11.249397], "type": "residential"}}, {"type": "Feature", "geometry": {"type": "LineString", "coordinates": [[75.789568, 11.250719], [75.789611, 11.251039]]}, "properties": {"from": [75.7896111, 11.2510388], "to": [75.7895682, 11.2507186], "type": "residential"}}, {"type": "Feature", "geometry": {"type": "LineString", "coordinates": [[75.780757, 11.253827], [75.780703, 11.253849]]}, "properties": {"from": [75.7807571, 11.2538268], "to": [75.7807028, 11.2538492], "type": "primary"}}, {"type": "Feature", "geometry": {"type": "LineString", "coordinates": [[75.792285, 11.243461], [75.79545, 11.244171]]}, "properties": {"from": [75.7922853, 11.2434612], "to": [75.79545017109974, 11.244170827109974], "type": "intra-zone"}}, {"type": "Feature", "geometry": {"type": "LineString", "coordinates": [[75.787213, 11.25269], [75.787361, 11.252438]]}, "properties": {"from": [75.7872131, 11.2526901], "to": [75.7873608, 11.252438], "type": "secondary"}}, {"type": "Feature", "geometry": {"type": "LineString", "coordinates": [[75.778653, 11.253404], [75.776641, 11.251004]]}, "properties": {"from": [75.7786527, 11.2534039], "to": [75.77664119651972, 11.251004005336426], "type": "intra-zone"}}, {"type": "Feature", "geometry": {"type": "LineString", "coordinates": [[75.781419, 11.246732], [75.781395, 11.246734]]}, "properties": {"from": [75.7813947, 11.2467336], "to": [75.7814193, 11.2467322], "type": "tertiary"}}, {"type": "Feature", "geometry": {"type": "LineString", "coordinates": [[75.788649, 11.244938], [75.785033, 11.243796]]}, "properties": {"from": [75.7886494, 11.2449382], "to": [75.78503318388888, 11.2437957125], "type": "intra-zone"}}, {"type": "Feature", "geometry": {"type": "LineString", "coordinates": [[75.773332, 11.253805], [75.776641, 11.251004]]}, "properties": {"from": [75.7733324, 11.2538051], "to": [75.77664119651972, 11.251004005336426], "type": "intra-zone"}}, {"type": "Feature", "geometry": {"type": "LineString", "coordinates": [[75.792903, 11.252456], [75.79296, 11.252517]]}, "properties": {"from": [75.7929035, 11.2524562], "to": [75.7929598, 11.2525167], "type": "tertiary"}}, {"type": "Feature", "geometry": {"type": "LineString", "coordinates": [[75.793413, 11.242373], [75.793452, 11.242597]]}, "properties": {"from": [75.7934131, 11.2423728], "to": [75.7934518, 11.2425972], "type": "residential"}}, {"type": "Feature", "geometry": {"type": "LineString", "coordinates": [[75.789421, 11.254406], [75.789517, 11.254116]]}, "properties": {"from": [75.7894207, 11.2544057], "to": [75.7895165, 11.2541163], "type": "residential"}}, {"type": "Feature", "geometry": {"type": "LineString", "coordinates": [[75.781422, 11.248744], [75.776641, 11.251004]]}, "properties": {"from": [75.7814224, 11.2487436], "to": [75.77664119651972, 11.251004005336426], "type": "intra-zone"}}, {"type": "Feature", "geometry": {"type": "LineString", "coordinates": [[75.773719, 11.24682], [75.776554, 11.243155]]}, "properties": {"from": [75.7737192, 11.2468201], "to": [75.7765542862963, 11.243154998148148], "type": "intra-zone"}}, {"type": "Feature", "geometry": {"type": "LineString", "coordinates": [[75.776183, 11.248969], [75.776423, 11.248963]]}, "properties": {"from": [75.7761833, 11.2489687], "to": [75.7764228, 11.2489633], "type": "tertiary"}}, {"type": "Feature", "geometry": {"type": "LineString", "coordinates": [[75.77352, 11.251309], [75.776641, 11.251004]]}, "properties": {"from": [75.7735201, 11.2513086], "to": [75.77664119651972, 11.251004005336426], "type": "intra-zone"}}, {"type": "Feature", "geometry": {"type": "LineString", "coordinates": [[75.804601, 11.238949], [75.79545, 11.244171]]}, "properties": {"from": [75.8046008, 11.2389487], "to": [75.79545017109974, 11.244170827109974], "type": "intra-zone"}}, {"type": "Feature", "geometry": {"type": "LineString", "coordinates": [[75.781575, 11.252924], [75.781525, 11.252892]]}, "properties": {"from": [75.7815751, 11.2529238], "to": [75.7815249, 11.2528916], "type": "primary"}}, {"type": "Feature", "geometry": {"type": "LineString", "coordinates": [[75.795164, 11.244111], [75.795172, 11.244046]]}, "properties": {"from": [75.7951642, 11.2441109], "to": [75.7951716, 11.2440455], "type": "residential"}}, {"type": "Feature", "geometry": {"type": "LineString", "coordinates": [[75.789413, 11.251629], [75.789363, 11.251958]]}, "properties": {"from": [75.7893633, 11.2519579], "to": [75.7894132, 11.2516289], "type": "residential"}}, {"type": "Feature", "geometry": {"type": "LineString", "coordinates": [[75.796127, 11.245838], [75.796199, 11.245811]]}, "properties": {"from": [75.7961269, 11.2458383], "to": [75.7961993, 11.2458108], "type": "residential"}}, {"type": "Feature", "geometry": {"type": "LineString", "coordinates": [[75.791878, 11.256629], [75.786427, 11.252457]]}, "properties": {"from": [75.7918776, 11.2566293], "to": [75.78642719263158, 11.25245679894737], "type": "intra-zone"}}, {"type": "Feature", "geometry": {"type": "LineString", "coordinates": [[75.777918, 11.248456], [75.777917, 11.248369]]}, "properties": {"from": [75.7779183, 11.2484558], "to": [75.7779168, 11.2483687], "type": "residential"}}, {"type": "Feature", "geometry": {"type": "LineString", "coordinates": [[75.793539, 11.252466], [75.793181, 11.252586]]}, "properties": {"from": [75.7935393, 11.2524664], "to": [75.7931812, 11.2525858], "type": "primary"}}, {"type": "Feature", "geometry": {"type": "LineString", "coordinates": [[75.77378, 11.254631], [75.774034, 11.254655]]}, "properties": {"from": [75.7737803, 11.2546311], "to": [75.7740337, 11.2546551], "type": "residential"}}, {"type": "Feature", "geometry": {"type": "LineString", "coordinates": [[75.787867, 11.251672], [75.786427, 11.252457]]}, "properties": {"from": [75.7878668, 11.251672], "to": [75.78642719263158, 11.25245679894737], "type": "intra-zone"}}, {"type": "Feature", "geometry": {"type": "LineString", "coordinates": [[75.785466, 11.242358], [75.785812, 11.241509]]}, "properties": {"from": [75.7854659, 11.2423577], "to": [75.7858121, 11.2415092], "type": "primary"}}, {"type": "Feature", "geometry": {"type": "LineString", "coordinates": [[75.790656, 11.24313], [75.790721, 11.243108]]}, "properties": {"from": [75.7906556, 11.24313], "to": [75.7907206, 11.2431081], "type": "secondary"}}, {"type": "Feature", "geometry": {"type": "LineString", "coordinates": [[75.79427, 11.248955], [75.794077, 11.250689]]}, "properties": {"from": [75.7942699, 11.2489552], "to": [75.7940765, 11.2506892], "type": "residential"}}, {"type": "Feature", "geometry": {"type": "LineString", "coordinates": [[75.797183, 11.252398], [75.796031, 11.249704]]}, "properties": {"from": [75.7971833, 11.2523982], "to": [75.79603117340068, 11.249703834006734], "type": "intra-zone"}}, {"type": "Feature", "geometry": {"type": "LineString", "coordinates": [[75.796746, 11.243188], [75.79545, 11.244171]]}, "properties": {"from": [75.7967463, 11.2431878], "to": [75.79545017109974, 11.244170827109974], "type": "intra-zone"}}, {"type": "Feature", "geometry": {"type": "LineString", "coordinates": [[75.795936, 11.246385], [75.79545, 11.244171]]}, "properties": {"from": [75.7959357, 11.2463854], "to": [75.79545017109974, 11.244170827109974], "type": "intra-zone"}}, {"type": "Feature", "geometry": {"type": "LineString", "coordinates": [[75.774092, 11.253869], [75.774052, 11.253858]]}, "properties": {"from": [75.7740918, 11.253869], "to": [75.7740523, 11.2538575], "type": "residential"}}, {"type": "Feature", "geometry": {"type": "LineString", "coordinates": [[75.786632, 11.241829], [75.786584, 11.241621]]}, "properties": {"from": [75.7866322, 11.2418285], "to": [75.7865844, 11.2416214], "type": "residential"}}, {"type": "Feature", "geometry": {"type": "LineString", "coordinates": [[75.780465, 11.249774], [75.776641, 11.251004]]}, "properties": {"from": [75.7804647, 11.249774], "to": [75.77664119651972, 11.251004005336426], "type": "intra-zone"}}, {"type": "Feature", "geometry": {"type": "LineString", "coordinates": [[75.795727, 11.247863], [75.795733, 11.247821]]}, "properties": {"from": [75.7957275, 11.2478631], "to": [75.7957329, 11.247821], "type": "residential"}}, {"type": "Feature", "geometry": {"type": "LineString", "coordinates": [[75.787713, 11.255109], [75.787767, 11.25481]]}, "properties": {"from": [75.787713, 11.2551088], "to": [75.7877671, 11.2548104], "type": "residential"}}, {"type": "Feature", "geometry": {"type": "LineString", "coordinates": [[75.791662, 11.243072], [75.79545, 11.244171]]}, "properties": {"from": [75.791662, 11.2430718], "to": [75.79545017109974, 11.244170827109974], "type": "intra-zone"}}, {"type": "Feature", "geometry": {"type": "LineString", "coordinates": [[75.796176, 11.250758], [75.796031, 11.249704]]}, "properties": {"from": [75.7961762, 11.2507585], "to": [75.79603117340068, 11.249703834006734], "type": "intra-zone"}}, {"type": "Feature", "geometry": {"type": "LineString", "coordinates": [[75.772748, 11.25147], [75.776641, 11.251004]]}, "properties": {"from": [75.7727479, 11.2514705], "to": [75.77664119651972, 11.251004005336426], "type": "intra-zone"}}, {"type": "Feature", "geometry": {"type": "LineString", "coordinates": [[75.779908, 11.248541], [75.779811, 11.248538]]}, "properties": {"from": [75.7799084, 11.2485409], "to": [75.7798115, 11.2485377], "type": "secondary"}}, {"type": "Feature", "geometry": {"type": "LineString", "coordinates": [[75.796738, 11.246611], [75.79545, 11.244171]]}, "properties": {"from": [75.7967377, 11.2466114], "to": [75.79545017109974, 11.244170827109974], "type": "intra-zone"}}, {"type": "Feature", "geometry": {"type": "LineString", "coordinates": [[75.795913, 11.247369], [75.795888, 11.247316]]}, "properties": {"from": [75.7959126, 11.2473685], "to": [75.7958884, 11.2473159], "type": "residential"}}, {"type": "Feature", "geometry": {"type": "LineString", "coordinates": [[75.798176, 11.252121], [75.797645, 11.251988]]}, "properties": {"from": [75.7981756, 11.2521208], "to": [75.7976448, 11.2519885], "type": "residential"}}, {"type": "Feature", "geometry": {"type": "LineString", "coordinates": [[75.788734, 11.24965], [75.786427, 11.252457]]}, "properties": {"from": [75.7887343, 11.2496504], "to": [75.78642719263158, 11.25245679894737], "type": "intra-zone"}}, {"type": "Feature", "geometry": {"type": "LineString", "coordinates": [[75.792717, 11.252255], [75.796031, 11.249704]]}, "properties": {"from": [75.7927167, 11.252255], "to": [75.79603117340068, 11.249703834006734], "type": "intra-zone"}}, {"type": "Feature", "geometry": {"type": "LineString", "coordinates": [[75.795013, 11.245498], [75.79545, 11.244171]]}, "properties": {"from": [75.7950132, 11.245498], "to": [75.79545017109974, 11.244170827109974], "type": "intra-zone"}}, {"type": "Feature", "geometry": {"type": "LineString", "coordinates": [[75.79833, 11.244495], [75.798443, 11.244484]]}, "properties": {"from": [75.7983304, 11.2444946], "to": [75.7984431, 11.244484], "type": "tertiary"}}, {"type": "Feature", "geometry": {"type": "LineString", "coordinates": [[75.775916, 11.248975], [75.776109, 11.24897]]}, "properties": {"from": [75.7759158, 11.2489748], "to": [75.7761092, 11.2489704], "type": "tertiary"}}, {"type": "Feature", "geometry": {"type": "LineString", "coordinates": [[75.797513, 11.253014], [75.796031, 11.249704]]}, "properties": {"from": [75.7975126, 11.2530139], "to": [75.79603117340068, 11.249703834006734], "type": "intra-zone"}}, {"type": "Feature", "geometry": {"type": "LineString", "coordinates": [[75.790958, 11.246137], [75.79545, 11.244171]]}, "properties": {"from": [75.7909579, 11.2461369], "to": [75.79545017109974, 11.244170827109974], "type": "intra-zone"}}, {"type": "Feature", "geometry": {"type": "LineString", "coordinates": [[75.790068, 11.245062], [75.785033, 11.243796]]}, "properties": {"from": [75.7900679, 11.2450624], "to": [75.78503318388888, 11.2437957125], "type": "intra-zone"}}, {"type": "Feature", "geometry": {"type": "LineString", "coordinates": [[75.779002, 11.252498], [75.776641, 11.251004]]}, "properties": {"from": [75.7790016, 11.2524983], "to": [75.77664119651972, 11.251004005336426], "type": "intra-zone"}}, {"type": "Feature", "geometry": {"type": "LineString", "coordinates": [[75.783571, 11.238114], [75.783457, 11.238239]]}, "properties": {"from": [75.7835706, 11.238114], "to": [75.7834566, 11.2382394], "type": "residential"}}, {"type": "Feature", "geometry": {"type": "LineString", "coordinates": [[75.788291, 11.249583], [75.788201, 11.249983]]}, "properties": {"from": [75.7882906, 11.2495832], "to": [75.7882008, 11.2499831], "type": "residential"}}, {"type": "Feature", "geometry": {"type": "LineString", "coordinates": [[75.776793, 11.244793], [75.776554, 11.243155]]}, "properties": {"from": [75.7767935, 11.2447926], "to": [75.7765542862963, 11.243154998148148], "type": "intra-zone"}}, {"type": "Feature", "geometry": {"type": "LineString", "coordinates": [[75.777565, 11.246267], [75.777629, 11.24633]]}, "properties": {"from": [75.7775648, 11.2462669], "to": [75.7776291, 11.2463301], "type": "residential"}}, {"type": "Feature", "geometry": {"type": "LineString", "coordinates": [[75.776611, 11.247799], [75.776605, 11.247734]]}, "properties": {"from": [75.7766105, 11.2477985], "to": [75.7766052, 11.2477343], "type": "residential"}}, {"type": "Feature", "geometry": {"type": "LineString", "coordinates": [[75.787213, 11.25269], [75.786427, 11.252457]]}, "properties": {"from": [75.7872131, 11.2526901], "to": [75.78642719263158, 11.25245679894737], "type": "intra-zone"}}, {"type": "Feature", "geometry": {"type": "LineString", "coordinates": [[75.777209, 11.248642], [75.777013, 11.248629]]}, "properties": {"from": [75.7772086, 11.2486419], "to": [75.7770129, 11.2486287], "type": "residential"}}, {"type": "Feature", "geometry": {"type": "LineString", "coordinates": [[75.782297, 11.253499], [75.782015, 11.253383]]}, "properties": {"from": [75.7822971, 11.2534989], "to": [75.782015, 11.2533829], "type": "primary"}}, {"type": "Feature", "geometry": {"type": "LineString", "coordinates": [[75.797117, 11.245263], [75.797116, 11.24532]]}, "properties": {"from": [75.7971166, 11.2452629], "to": [75.7971158, 11.2453197], "type": "tertiary"}}, {"type": "Feature", "geometry": {"type": "LineString", "coordinates": [[75.774108, 11.248445], [75.776641, 11.251004]]}, "properties": {"from": [75.7741079, 11.2484446], "to": [75.77664119651972, 11.251004005336426], "type": "intra-zone"}}, {"type": "Feature", "geometry": {"type": "LineString", "coordinates": [[75.774781, 11.246264], [75.774742, 11.246242]]}, "properties": {"from": [75.7747812, 11.2462638], "to": [75.7747416, 11.2462415], "type": "residential"}}, {"type": "Feature", "geometry": {"type": "LineString", "coordinates": [[75.790752, 11.246286], [75.79545, 11.244171]]}, "properties": {"from": [75.7907519, 11.2462859], "to": [75.79545017109974, 11.244170827109974], "type": "intra-zone"}}, {"type": "Feature", "geometry": {"type": "LineString", "coordinates": [[75.786268, 11.24003], [75.786269, 11.23991]]}, "properties": {"from": [75.7862681, 11.2400298], "to": [75.7862694, 11.2399096], "type": "primary"}}, {"type": "Feature", "geometry": {"type": "LineString", "coordinates": [[75.776718, 11.248563], [75.776697, 11.248666]]}, "properties": {"from": [75.7767179, 11.248563], "to": [75.7766974, 11.2486663], "type": "residential"}}, {"type": "Feature", "geometry": {"type": "LineString", "coordinates": [[75.774961, 11.246353], [75.774781, 11.246264]]}, "properties": {"from": [75.7749609, 11.2463532], "to": [75.7747812, 11.2462638], "type": "residential"}}, {"type": "Feature", "geometry": {"type": "LineString", "coordinates": [[75.777367, 11.242451], [75.777761, 11.242598]]}, "properties": {"from": [75.777761, 11.2425976], "to": [75.777367, 11.2424508], "type": "residential"}}, {"type": "Feature", "geometry": {"type": "LineString", "coordinates": [[75.786933, 11.253567], [75.786427, 11.252457]]}, "properties": {"from": [75.7869333, 11.253567], "to": [75.78642719263158, 11.25245679894737], "type": "intra-zone"}}, {"type": "Feature", "geometry": {"type": "LineString", "coordinates": [[75.797606, 11.252537], [75.797513, 11.253014]]}, "properties": {"from": [75.7976058, 11.2525374], "to": [75.7975126, 11.2530139], "type": "residential"}}, {"type": "Feature", "geometry": {"type": "LineString", "coordinates": [[75.787651, 11.251869], [75.786427, 11.252457]]}, "properties": {"from": [75.7876514, 11.2518695], "to": [75.78642719263158, 11.25245679894737], "type": "intra-zone"}}, {"type": "Feature", "geometry": {"type": "LineString", "coordinates": [[75.797416, 11.252459], [75.797183, 11.252398]]}, "properties": {"from": [75.7974163, 11.2524589], "to": [75.7971833, 11.2523982], "type": "residential"}}, {"type": "Feature", "geometry": {"type": "LineString", "coordinates": [[75.774265, 11.253963], [75.77428, 11.253908]]}, "properties": {"from": [75.7742796, 11.2539085], "to": [75.7742647, 11.253963], "type": "tertiary"}}, {"type": "Feature", "geometry": {"type": "LineString", "coordinates": [[75.781482, 11.240137], [75.785033, 11.243796]]}, "properties": {"from": [75.7814825, 11.2401372], "to": [75.78503318388888, 11.2437957125], "type": "intra-zone"}}, {"type": "Feature", "geometry": {"type": "LineString", "coordinates": [[75.778243, 11.230907], [75.776554, 11.243155]]}, "properties": {"from": [75.778243, 11.2309074], "to": [75.7765542862963, 11.243154998148148], "type": "intra-zone"}}, {"type": "Feature", "geometry": {"type": "LineString", "coordinates": [[75.786681, 11.239004], [75.785033, 11.243796]]}, "properties": {"from": [75.7866808, 11.239004], "to": [75.78503318388888, 11.2437957125], "type": "intra-zone"}}, {"type": "Feature", "geometry": {"type": "LineString", "coordinates": [[75.798021, 11.248693], [75.796031, 11.249704]]}, "properties": {"from": [75.7980205, 11.2486935], "to": [75.79603117340068, 11.249703834006734], "type": "intra-zone"}}, {"type": "Feature", "geometry": {"type": "LineString", "coordinates": [[75.79441, 11.240377], [75.79545, 11.244171]]}, "properties": {"from": [75.7944102, 11.2403769], "to": [75.79545017109974, 11.244170827109974], "type": "intra-zone"}}, {"type": "Feature", "geometry": {"type": "LineString", "coordinates": [[75.782036, 11.25361], [75.786427, 11.252457]]}, "properties": {"from": [75.7820359, 11.25361], "to": [75.78642719263158, 11.25245679894737], "type": "intra-zone"}}, {"type": "Feature", "geometry": {"type": "LineString", "coordinates": [[75.784137, 11.242556], [75.785033, 11.243796]]}, "properties": {"from": [75.7841368, 11.2425563], "to": [75.78503318388888, 11.2437957125], "type": "intra-zone"}}, {"type": "Feature", "geometry": {"type": "LineString", "coordinates": [[75.785974, 11.255467], [75.786038, 11.255468]]}, "properties": {"from": [75.7859737, 11.2554675], "to": [75.7860375, 11.2554676], "type": "primary"}}, {"type": "Feature", "geometry": {"type": "LineString", "coordinates": [[75.782413, 11.246694], [75.782342, 11.246696]]}, "properties": {"from": [75.7824133, 11.2466944], "to": [75.7823421, 11.2466963], "type": "tertiary"}}, {"type": "Feature", "geometry": {"type": "LineString", "coordinates": [[75.787847, 11.253807], [75.786427, 11.252457]]}, "properties": {"from": [75.7878466, 11.2538067], "to": [75.78642719263158, 11.25245679894737], "type": "intra-zone"}}, {"type": "Feature", "geometry": {"type": "LineString", "coordinates": [[75.787867, 11.251672], [75.78776, 11.251788]]}, "properties": {"from": [75.7878668, 11.251672], "to": [75.7877604, 11.2517883], "type": "residential"}}, {"type": "Feature", "geometry": {"type": "LineString", "coordinates": [[75.804149, 11.240364], [75.79545, 11.244171]]}, "properties": {"from": [75.8041493, 11.2403638], "to": [75.79545017109974, 11.244170827109974], "type": "intra-zone"}}, {"type": "Feature", "geometry": {"type": "LineString", "coordinates": [[75.774171, 11.24679], [75.774181, 11.246608]]}, "properties": {"from": [75.7741707, 11.2467903], "to": [75.7741813, 11.246608], "type": "residential"}}, {"type": "Feature", "geometry": {"type": "LineString", "coordinates": [[75.777418, 11.253727], [75.777238, 11.253719]]}, "properties": {"from": [75.7774178, 11.253727], "to": [75.7772381, 11.2537191], "type": "residential"}}, {"type": "Feature", "geometry": {"type": "LineString", "coordinates": [[75.788297, 11.247685], [75.785033, 11.243796]]}, "properties": {"from": [75.7882973, 11.2476852], "to": [75.78503318388888, 11.2437957125], "type": "intra-zone"}}, {"type": "Feature", "geometry": {"type": "LineString", "coordinates": [[75.785375, 11.243072], [75.785033, 11.243796]]}, "properties": {"from": [75.7853752, 11.2430721], "to": [75.78503318388888, 11.2437957125], "type": "intra-zone"}}, {"type": "Feature", "geometry": {"type": "LineString", "coordinates": [[75.776302, 11.252211], [75.776641, 11.251004]]}, "properties": {"from": [75.7763016, 11.2522109], "to": [75.77664119651972, 11.251004005336426], "type": "intra-zone"}}, {"type": "Feature", "geometry": {"type": "LineString", "coordinates": [[75.785244, 11.242879], [75.785033, 11.243796]]}, "properties": {"from": [75.7852441, 11.2428791], "to": [75.78503318388888, 11.2437957125], "type": "intra-zone"}}, {"type": "Feature", "geometry": {"type": "LineString", "coordinates": [[75.79566, 11.246982], [75.795607, 11.246913]]}, "properties": {"from": [75.7956604, 11.2469818], "to": [75.7956068, 11.2469134], "type": "residential"}}, {"type": "Feature", "geometry": {"type": "LineString", "coordinates": [[75.773025, 11.249931], [75.772893, 11.249913]]}, "properties": {"from": [75.7730254, 11.2499312], "to": [75.772893, 11.2499125], "type": "residential"}}, {"type": "Feature", "geometry": {"type": "LineString", "coordinates": [[75.773273, 11.252079], [75.773373, 11.25158]]}, "properties": {"from": [75.7733734, 11.2515801], "to": [75.7732729, 11.2520787], "type": "residential"}}, {"type": "Feature", "geometry": {"type": "LineString", "coordinates": [[75.778336, 11.240565], [75.776554, 11.243155]]}, "properties": {"from": [75.7783359, 11.2405647], "to": [75.7765542862963, 11.243154998148148], "type": "intra-zone"}}, {"type": "Feature", "geometry": {"type": "LineString", "coordinates": [[75.775137, 11.23837], [75.776554, 11.243155]]}, "properties": {"from": [75.775137, 11.2383697], "to": [75.7765542862963, 11.243154998148148], "type": "intra-zone"}}, {"type": "Feature", "geometry": {"type": "LineString", "coordinates": [[75.785476, 11.242921], [75.785033, 11.243796]]}, "properties": {"from": [75.7854761, 11.2429211], "to": [75.78503318388888, 11.2437957125], "type": "intra-zone"}}, {"type": "Feature", "geometry": {"type": "LineString", "coordinates": [[75.785558, 11.250968], [75.785479, 11.250817]]}, "properties": {"from": [75.7855585, 11.2509679], "to": [75.7854791, 11.2508168], "type": "residential"}}, {"type": "Feature", "geometry": {"type": "LineString", "coordinates": [[75.779992, 11.241224], [75.776554, 11.243155]]}, "properties": {"from": [75.7799923, 11.2412245], "to": [75.7765542862963, 11.243154998148148], "type": "intra-zone"}}, {"type": "Feature", "geometry": {"type": "LineString", "coordinates": [[75.790547, 11.2521], [75.790547, 11.251533]]}, "properties": {"from": [75.7905473, 11.2520999], "to": [75.7905473, 11.2515329], "type": "residential"}}, {"type": "Feature", "geometry": {"type": "LineString", "coordinates": [[75.797293, 11.248868], [75.797331, 11.248868]]}, "properties": {"from": [75.7973305, 11.2488682], "to": [75.797293, 11.2488682], "type": "residential"}}, {"type": "Feature", "geometry": {"type": "LineString", "coordinates": [[75.797911, 11.248996], [75.796031, 11.249704]]}, "properties": {"from": [75.7979105, 11.2489961], "to": [75.79603117340068, 11.249703834006734], "type": "intra-zone"}}, {"type": "Feature", "geometry": {"type": "LineString", "coordinates": [[75.797897, 11.248772], [75.796031, 11.249704]]}, "properties": {"from": [75.7978971, 11.2487725], "to": [75.79603117340068, 11.249703834006734], "type": "intra-zone"}}, {"type": "Feature", "geometry": {"type": "LineString", "coordinates": [[75.784524, 11.251462], [75.784499, 11.251316]]}, "properties": {"from": [75.7845237, 11.2514619], "to": [75.7844993, 11.2513157], "type": "residential"}}, {"type": "Feature", "geometry": {"type": "LineString", "coordinates": [[75.796872, 11.242998], [75.796864, 11.242972]]}, "properties": {"from": [75.7968724, 11.2429984], "to": [75.7968643, 11.2429721], "type": "tertiary"}}, {"type": "Feature", "geometry": {"type": "LineString", "coordinates": [[75.799634, 11.243911], [75.799383, 11.244259]]}, "properties": {"from": [75.7996345, 11.2439107], "to": [75.7993828, 11.2442592], "type": "primary"}}, {"type": "Feature", "geometry": {"type": "LineString", "coordinates": [[75.796819, 11.246552], [75.796813, 11.246495]]}, "properties": {"from": [75.7968187, 11.2465525], "to": [75.7968133, 11.2464946], "type": "tertiary"}}, {"type": "Feature", "geometry": {"type": "LineString", "coordinates": [[75.774348, 11.253796], [75.774457, 11.25351]]}, "properties": {"from": [75.774348, 11.2537959], "to": [75.7744573, 11.2535097], "type": "tertiary"}}, {"type": "Feature", "geometry": {"type": "LineString", "coordinates": [[75.773098, 11.246251], [75.773204, 11.245835]]}, "properties": {"from": [75.7730983, 11.2462512], "to": [75.7732042, 11.2458349], "type": "secondary"}}, {"type": "Feature", "geometry": {"type": "LineString", "coordinates": [[75.774717, 11.248168], [75.774698, 11.247903]]}, "properties": {"from": [75.7747168, 11.2481684], "to": [75.774698, 11.2479027], "type": "residential"}}, {"type": "Feature", "geometry": {"type": "LineString", "coordinates": [[75.789967, 11.247725], [75.786427, 11.252457]]}, "properties": {"from": [75.7899674, 11.2477254], "to": [75.78642719263158, 11.25245679894737], "type": "intra-zone"}}, {"type": "Feature", "geometry": {"type": "LineString", "coordinates": [[75.783943, 11.242537], [75.783838, 11.242771]]}, "properties": {"from": [75.7839434, 11.2425374], "to": [75.7838384, 11.2427712], "type": "residential"}}, {"type": "Feature", "geometry": {"type": "LineString", "coordinates": [[75.773939, 11.242383], [75.774088, 11.241785]]}, "properties": {"from": [75.7739391, 11.2423834], "to": [75.7740877, 11.2417849], "type": "secondary"}}, {"type": "Feature", "geometry": {"type": "LineString", "coordinates": [[75.776166, 11.2396], [75.7764, 11.23964]]}, "properties": {"from": [75.7761661, 11.2395997], "to": [75.7764, 11.23964], "type": "secondary"}}, {"type": "Feature", "geometry": {"type": "LineString", "coordinates": [[75.792704, 11.247113], [75.792639, 11.247857]]}, "properties": {"from": [75.7926394, 11.2478567], "to": [75.7927038, 11.2471135], "type": "residential"}}, {"type": "Feature", "geometry": {"type": "LineString", "coordinates": [[75.797505, 11.247442], [75.796031, 11.249704]]}, "properties": {"from": [75.7975049, 11.2474416], "to": [75.79603117340068, 11.249703834006734], "type": "intra-zone"}}, {"type": "Feature", "geometry": {"type": "LineString", "coordinates": [[75.78506, 11.251056], [75.786427, 11.252457]]}, "properties": {"from": [75.7850599, 11.251056], "to": [75.78642719263158, 11.25245679894737], "type": "intra-zone"}}, {"type": "Feature", "geometry": {"type": "LineString", "coordinates": [[75.776226, 11.259118], [75.776641, 11.251004]]}, "properties": {"from": [75.7762261, 11.2591176], "to": [75.77664119651972, 11.251004005336426], "type": "intra-zone"}}, {"type": "Feature", "geometry": {"type": "LineString", "coordinates": [[75.786404, 11.251055], [75.786427, 11.252457]]}, "properties": {"from": [75.7864038, 11.251055], "to": [75.78642719263158, 11.25245679894737], "type": "intra-zone"}}, {"type": "Feature", "geometry": {"type": "LineString", "coordinates": [[75.774448, 11.24899], [75.776641, 11.251004]]}, "properties": {"from": [75.7744476, 11.2489905], "to": [75.77664119651972, 11.251004005336426], "type": "intra-zone"}}, {"type": "Feature", "geometry": {"type": "LineString", "coordinates": [[75.776342, 11.249599], [75.776641, 11.251004]]}, "properties": {"from": [75.7763418, 11.2495987], "to": [75.77664119651972, 11.251004005336426], "type": "intra-zone"}}, {"type": "Feature", "geometry": {"type": "LineString", "coordinates": [[75.796754, 11.245884], [75.796744, 11.245826]]}, "properties": {"from": [75.7967543, 11.2458843], "to": [75.7967436, 11.2458264], "type": "tertiary"}}, {"type": "Feature", "geometry": {"type": "LineString", "coordinates": [[75.798104, 11.248401], [75.796031, 11.249704]]}, "properties": {"from": [75.7981037, 11.2484015], "to": [75.79603117340068, 11.249703834006734], "type": "intra-zone"}}, {"type": "Feature", "geometry": {"type": "LineString", "coordinates": [[75.777439, 11.243849], [75.777562, 11.243303]]}, "properties": {"from": [75.7775615, 11.2433031], "to": [75.7774394, 11.2438488], "type": "residential"}}, {"type": "Feature", "geometry": {"type": "LineString", "coordinates": [[75.786518, 11.252693], [75.786773, 11.252792]]}, "properties": {"from": [75.7865179, 11.252693], "to": [75.7867728, 11.2527917], "type": "residential"}}, {"type": "Feature", "geometry": {"type": "LineString", "coordinates": [[75.793439, 11.24178], [75.79348, 11.241738]]}, "properties": {"from": [75.7934393, 11.2417796], "to": [75.7934796, 11.2417376], "type": "secondary"}}, {"type": "Feature", "geometry": {"type": "LineString", "coordinates": [[75.795662, 11.246548], [75.795622, 11.246551]]}, "properties": {"from": [75.7956621, 11.2465485], "to": [75.7956219, 11.2465511], "type": "residential"}}, {"type": "Feature", "geometry": {"type": "LineString", "coordinates": [[75.79439, 11.240533], [75.79437, 11.240828]]}, "properties": {"from": [75.7943901, 11.2405334], "to": [75.79437, 11.2408281], "type": "tertiary"}}, {"type": "Feature", "geometry": {"type": "LineString", "coordinates": [[75.787321, 11.252428], [75.786427, 11.252457]]}, "properties": {"from": [75.7873208, 11.2524283], "to": [75.78642719263158, 11.25245679894737], "type": "intra-zone"}}, {"type": "Feature", "geometry": {"type": "LineString", "coordinates": [[75.783827, 11.242913], [75.785033, 11.243796]]}, "properties": {"from": [75.7838273, 11.2429133], "to": [75.78503318388888, 11.2437957125], "type": "intra-zone"}}, {"type": "Feature", "geometry": {"type": "LineString", "coordinates": [[75.778549, 11.253669], [75.776641, 11.251004]]}, "properties": {"from": [75.7785487, 11.2536688], "to": [75.77664119651972, 11.251004005336426], "type": "intra-zone"}}, {"type": "Feature", "geometry": {"type": "LineString", "coordinates": [[75.787705, 11.251906], [75.786427, 11.252457]]}, "properties": {"from": [75.7877045, 11.2519063], "to": [75.78642719263158, 11.25245679894737], "type": "intra-zone"}}, {"type": "Feature", "geometry": {"type": "LineString", "coordinates": [[75.795536, 11.250607], [75.796031, 11.249704]]}, "properties": {"from": [75.7955365, 11.2506075], "to": [75.79603117340068, 11.249703834006734], "type": "intra-zone"}}, {"type": "Feature", "geometry": {"type": "LineString", "coordinates": [[75.77289, 11.247098], [75.772968, 11.246764]]}, "properties": {"from": [75.7728902, 11.2470977], "to": [75.772968, 11.2467636], "type": "secondary"}}, {"type": "Feature", "geometry": {"type": "LineString", "coordinates": [[75.796776, 11.243206], [75.79545, 11.244171]]}, "properties": {"from": [75.7967758, 11.2432062], "to": [75.79545017109974, 11.244170827109974], "type": "intra-zone"}}, {"type": "Feature", "geometry": {"type": "LineString", "coordinates": [[75.782773, 11.242732], [75.785033, 11.243796]]}, "properties": {"from": [75.7827732, 11.2427316], "to": [75.78503318388888, 11.2437957125], "type": "intra-zone"}}, {"type": "Feature", "geometry": {"type": "LineString", "coordinates": [[75.787109, 11.247351], [75.787042, 11.247343]]}, "properties": {"from": [75.7871089, 11.2473509], "to": [75.7870419, 11.247343], "type": "residential"}}, {"type": "Feature", "geometry": {"type": "LineString", "coordinates": [[75.798152, 11.252315], [75.797881, 11.25254]]}, "properties": {"from": [75.7981522, 11.2523148], "to": [75.7978813, 11.25254], "type": "residential"}}, {"type": "Feature", "geometry": {"type": "LineString", "coordinates": [[75.780787, 11.253797], [75.780757, 11.253827]]}, "properties": {"from": [75.7807872, 11.2537972], "to": [75.7807571, 11.2538268], "type": "primary"}}, {"type": "Feature", "geometry": {"type": "LineString", "coordinates": [[75.792275, 11.246498], [75.79545, 11.244171]]}, "properties": {"from": [75.7922745, 11.2464978], "to": [75.79545017109974, 11.244170827109974], "type": "intra-zone"}}, {"type": "Feature", "geometry": {"type": "LineString", "coordinates": [[75.785804, 11.249712], [75.785705, 11.249639]]}, "properties": {"from": [75.7858043, 11.2497121], "to": [75.7857048, 11.2496391], "type": "secondary"}}, {"type": "Feature", "geometry": {"type": "LineString", "coordinates": [[75.774695, 11.242415], [75.774786, 11.242047]]}, "properties": {"from": [75.7746949, 11.2424149], "to": [75.7747861, 11.2420466], "type": "residential"}}, {"type": "Feature", "geometry": {"type": "LineString", "coordinates": [[75.795128, 11.24548], [75.79545, 11.244171]]}, "properties": {"from": [75.7951277, 11.2454797], "to": [75.79545017109974, 11.244170827109974], "type": "intra-zone"}}, {"type": "Feature", "geometry": {"type": "LineString", "coordinates": [[75.781461, 11.24678], [75.781562, 11.246782]]}, "properties": {"from": [75.7814613, 11.2467798], "to": [75.7815624, 11.2467821], "type": "tertiary"}}, {"type": "Feature", "geometry": {"type": "LineString", "coordinates": [[75.782251, 11.25456], [75.782335, 11.254586]]}, "properties": {"from": [75.7822507, 11.2545604], "to": [75.7823349, 11.254586], "type": "primary"}}, {"type": "Feature", "geometry": {"type": "LineString", "coordinates": [[75.802527, 11.241498], [75.79545, 11.244171]]}, "properties": {"from": [75.8025271, 11.2414982], "to": [75.79545017109974, 11.244170827109974], "type": "intra-zone"}}, {"type": "Feature", "geometry": {"type": "LineString", "coordinates": [[75.781785, 11.254339], [75.781908, 11.254373]]}, "properties": {"from": [75.7819078, 11.2543733], "to": [75.781785, 11.2543391], "type": "primary"}}, {"type": "Feature", "geometry": {"type": "LineString", "coordinates": [[75.799029, 11.248622], [75.798963, 11.248727]]}, "properties": {"from": [75.799029, 11.2486219], "to": [75.7989628, 11.2487275], "type": "primary"}}, {"type": "Feature", "geometry": {"type": "LineString", "coordinates": [[75.79732, 11.249208], [75.796031, 11.249704]]}, "properties": {"from": [75.7973198, 11.2492076], "to": [75.79603117340068, 11.249703834006734], "type": "intra-zone"}}, {"type": "Feature", "geometry": {"type": "LineString", "coordinates": [[75.787082, 11.252915], [75.786427, 11.252457]]}, "properties": {"from": [75.7870824, 11.2529148], "to": [75.78642719263158, 11.25245679894737], "type": "intra-zone"}}, {"type": "Feature", "geometry": {"type": "LineString", "coordinates": [[75.792055, 11.254484], [75.792496, 11.25328]]}, "properties": {"from": [75.7920549, 11.254484], "to": [75.7924955, 11.25328], "type": "primary"}}, {"type": "Feature", "geometry": {"type": "LineString", "coordinates": [[75.784099, 11.24669], [75.785033, 11.243796]]}, "properties": {"from": [75.7840988, 11.2466904], "to": [75.78503318388888, 11.2437957125], "type": "intra-zone"}}, {"type": "Feature", "geometry": {"type": "LineString", "coordinates": [[75.795702, 11.2471], [75.796031, 11.249704]]}, "properties": {"from": [75.7957017, 11.2471001], "to": [75.79603117340068, 11.249703834006734], "type": "intra-zone"}}, {"type": "Feature", "geometry": {"type": "LineString", "coordinates": [[75.796741, 11.245658], [75.796752, 11.245608]]}, "properties": {"from": [75.7967409, 11.2456581], "to": [75.7967517, 11.2456081], "type": "tertiary"}}, {"type": "Feature", "geometry": {"type": "LineString", "coordinates": [[75.785398, 11.24284], [75.785379, 11.242782]]}, "properties": {"from": [75.7853982, 11.2428395], "to": [75.7853787, 11.2427823], "type": "secondary"}}, {"type": "Feature", "geometry": {"type": "LineString", "coordinates": [[75.790203, 11.243118], [75.790656, 11.24313]]}, "properties": {"from": [75.7902029, 11.2431175], "to": [75.7906556, 11.24313], "type": "secondary"}}, {"type": "Feature", "geometry": {"type": "LineString", "coordinates": [[75.795698, 11.247084], [75.79569, 11.24704]]}, "properties": {"from": [75.795698, 11.2470844], "to": [75.79569, 11.2470397], "type": "residential"}}, {"type": "Feature", "geometry": {"type": "LineString", "coordinates": [[75.773429, 11.2477], [75.773515, 11.247658]]}, "properties": {"from": [75.7734293, 11.2477001], "to": [75.7735152, 11.247658], "type": "residential"}}, {"type": "Feature", "geometry": {"type": "LineString", "coordinates": [[75.796097, 11.246367], [75.796054, 11.246383]]}, "properties": {"from": [75.7960966, 11.246367], "to": [75.7960537, 11.2463828], "type": "residential"}}, {"type": "Feature", "geometry": {"type": "LineString", "coordinates": [[75.795354, 11.245427], [75.795497, 11.245438]]}, "properties": {"from": [75.795354, 11.2454272], "to": [75.7954966, 11.2454384], "type": "residential"}}, {"type": "Feature", "geometry": {"type": "LineString", "coordinates": [[75.799065, 11.246598], [75.799133, 11.248143]]}, "properties": {"from": [75.7990649, 11.2465984], "to": [75.7991327, 11.2481425], "type": "primary"}}, {"type": "Feature", "geometry": {"type": "LineString", "coordinates": [[75.783344, 11.25157], [75.783322, 11.251876]]}, "properties": {"from": [75.7833438, 11.2515695], "to": [75.7833224, 11.2518756], "type": "primary"}}, {"type": "Feature", "geometry": {"type": "LineString", "coordinates": [[75.776337, 11.24583], [75.776554, 11.243155]]}, "properties": {"from": [75.776337, 11.2458302], "to": [75.7765542862963, 11.243154998148148], "type": "intra-zone"}}, {"type": "Feature", "geometry": {"type": "LineString", "coordinates": [[75.798023, 11.249017], [75.79805, 11.249028]]}, "properties": {"from": [75.7980232, 11.2490171], "to": [75.79805, 11.2490276], "type": "residential"}}, {"type": "Feature", "geometry": {"type": "LineString", "coordinates": [[75.788971, 11.24363], [75.785033, 11.243796]]}, "properties": {"from": [75.7889705, 11.2436297], "to": [75.78503318388888, 11.2437957125], "type": "intra-zone"}}, {"type": "Feature", "geometry": {"type": "LineString", "coordinates": [[75.777918, 11.248456], [75.776641, 11.251004]]}, "properties": {"from": [75.7779183, 11.2484558], "to": [75.77664119651972, 11.251004005336426], "type": "intra-zone"}}, {"type": "Feature", "geometry": {"type": "LineString", "coordinates": [[75.786777, 11.250612], [75.786491, 11.250281]]}, "properties": {"from": [75.7867772, 11.250612], "to": [75.7864915, 11.2502815], "type": "secondary"}}, {"type": "Feature", "geometry": {"type": "LineString", "coordinates": [[75.785918, 11.25253], [75.786078, 11.25259]]}, "properties": {"from": [75.7859176, 11.25253], "to": [75.7860782, 11.2525897], "type": "residential"}}, {"type": "Feature", "geometry": {"type": "LineString", "coordinates": [[75.789967, 11.247725], [75.789941, 11.248177]]}, "properties": {"from": [75.7899674, 11.2477254], "to": [75.7899406, 11.2481766], "type": "residential"}}, {"type": "Feature", "geometry": {"type": "LineString", "coordinates": [[75.795934, 11.247453], [75.795937, 11.247403]]}, "properties": {"from": [75.795934, 11.2474527], "to": [75.7959367, 11.2474027], "type": "residential"}}, {"type": "Feature", "geometry": {"type": "LineString", "coordinates": [[75.787939, 11.242957], [75.785033, 11.243796]]}, "properties": {"from": [75.787939, 11.2429572], "to": [75.78503318388888, 11.2437957125], "type": "intra-zone"}}, {"type": "Feature", "geometry": {"type": "LineString", "coordinates": [[75.785278, 11.243273], [75.78529, 11.243172]]}, "properties": {"from": [75.7852775, 11.2432727], "to": [75.78529, 11.2431717], "type": "primary"}}, {"type": "Feature", "geometry": {"type": "LineString", "coordinates": [[75.795892, 11.245544], [75.795913, 11.245603]]}, "properties": {"from": [75.795892, 11.2455442], "to": [75.7959132, 11.2456032], "type": "residential"}}, {"type": "Feature", "geometry": {"type": "LineString", "coordinates": [[75.779159, 11.249135], [75.779071, 11.249728]]}, "properties": {"from": [75.7791593, 11.2491348], "to": [75.7790711, 11.2497279], "type": "secondary"}}, {"type": "Feature", "geometry": {"type": "LineString", "coordinates": [[75.774828, 11.2393], [75.775518, 11.239453]]}, "properties": {"from": [75.7748275, 11.2393002], "to": [75.7755182, 11.2394531], "type": "secondary"}}, {"type": "Feature", "geometry": {"type": "LineString", "coordinates": [[75.785364, 11.242651], [75.785033, 11.243796]]}, "properties": {"from": [75.7853641, 11.2426508], "to": [75.78503318388888, 11.2437957125], "type": "intra-zone"}}, {"type": "Feature", "geometry": {"type": "LineString", "coordinates": [[75.791968, 11.241866], [75.792034, 11.241846]]}, "properties": {"from": [75.7919677, 11.2418664], "to": [75.7920344, 11.2418455], "type": "secondary"}}, {"type": "Feature", "geometry": {"type": "LineString", "coordinates": [[75.797645, 11.248696], [75.797594, 11.248683]]}, "properties": {"from": [75.797645, 11.2486962], "to": [75.797594, 11.248683], "type": "residential"}}, {"type": "Feature", "geometry": {"type": "LineString", "coordinates": [[75.792598, 11.252844], [75.792517, 11.25297]]}, "properties": {"from": [75.7925984, 11.252844], "to": [75.7925171, 11.25297], "type": "primary"}}, {"type": "Feature", "geometry": {"type": "LineString", "coordinates": [[75.794986, 11.252365], [75.794533, 11.252404]]}, "properties": {"from": [75.7949861, 11.2523647], "to": [75.7945331, 11.2524036], "type": "primary"}}, {"type": "Feature", "geometry": {"type": "LineString", "coordinates": [[75.785446, 11.242902], [75.785033, 11.243796]]}, "properties": {"from": [75.785446, 11.242902], "to": [75.78503318388888, 11.2437957125], "type": "intra-zone"}}, {"type": "Feature", "geometry": {"type": "LineString", "coordinates": [[75.793499, 11.242578], [75.793846, 11.242369]]}, "properties": {"from": [75.7934989, 11.242578], "to": [75.7938458, 11.2423694], "type": "residential"}}, {"type": "Feature", "geometry": {"type": "LineString", "coordinates": [[75.796494, 11.246046], [75.79545, 11.244171]]}, "properties": {"from": [75.7964942, 11.2460463], "to": [75.79545017109974, 11.244170827109974], "type": "intra-zone"}}, {"type": "Feature", "geometry": {"type": "LineString", "coordinates": [[75.779219, 11.248886], [75.779957, 11.248887]]}, "properties": {"from": [75.7792189, 11.2488856], "to": [75.7799569, 11.2488873], "type": "residential"}}, {"type": "Feature", "geometry": {"type": "LineString", "coordinates": [[75.795467, 11.246782], [75.79545, 11.244171]]}, "properties": {"from": [75.7954673, 11.2467819], "to": [75.79545017109974, 11.244170827109974], "type": "intra-zone"}}, {"type": "Feature", "geometry": {"type": "LineString", "coordinates": [[75.797288, 11.249305], [75.796031, 11.249704]]}, "properties": {"from": [75.7972876, 11.2493049], "to": [75.79603117340068, 11.249703834006734], "type": "intra-zone"}}, {"type": "Feature", "geometry": {"type": "LineString", "coordinates": [[75.782679, 11.251881], [75.782879, 11.251886]]}, "properties": {"from": [75.7826785, 11.2518805], "to": [75.7828793, 11.2518858], "type": "residential"}}, {"type": "Feature", "geometry": {"type": "LineString", "coordinates": [[75.785283, 11.250414], [75.786427, 11.252457]]}, "properties": {"from": [75.785283, 11.2504137], "to": [75.78642719263158, 11.25245679894737], "type": "intra-zone"}}, {"type": "Feature", "geometry": {"type": "LineString", "coordinates": [[75.795733, 11.247821], [75.795741, 11.247776]]}, "properties": {"from": [75.7957329, 11.247821], "to": [75.7957409, 11.2477763], "type": "residential"}}, {"type": "Feature", "geometry": {"type": "LineString", "coordinates": [[75.796519, 11.252331], [75.796031, 11.249704]]}, "properties": {"from": [75.7965185, 11.2523309], "to": [75.79603117340068, 11.249703834006734], "type": "intra-zone"}}, {"type": "Feature", "geometry": {"type": "LineString", "coordinates": [[75.784499, 11.251316], [75.786427, 11.252457]]}, "properties": {"from": [75.7844993, 11.2513157], "to": [75.78642719263158, 11.25245679894737], "type": "intra-zone"}}, {"type": "Feature", "geometry": {"type": "LineString", "coordinates": [[75.785473, 11.249469], [75.786427, 11.252457]]}, "properties": {"from": [75.7854728, 11.249469], "to": [75.78642719263158, 11.25245679894737], "type": "intra-zone"}}, {"type": "Feature", "geometry": {"type": "LineString", "coordinates": [[75.796846, 11.242783], [75.79545, 11.244171]]}, "properties": {"from": [75.7968455, 11.2427827], "to": [75.79545017109974, 11.244170827109974], "type": "intra-zone"}}, {"type": "Feature", "geometry": {"type": "LineString", "coordinates": [[75.776249, 11.249752], [75.776641, 11.251004]]}, "properties": {"from": [75.7762486, 11.2497515], "to": [75.77664119651972, 11.251004005336426], "type": "intra-zone"}}, {"type": "Feature", "geometry": {"type": "LineString", "coordinates": [[75.773602, 11.248794], [75.776641, 11.251004]]}, "properties": {"from": [75.7736019, 11.2487942], "to": [75.77664119651972, 11.251004005336426], "type": "intra-zone"}}, {"type": "Feature", "geometry": {"type": "LineString", "coordinates": [[75.776749, 11.247507], [75.776929, 11.247526]]}, "properties": {"from": [75.7767495, 11.2475073], "to": [75.7769292, 11.2475257], "type": "residential"}}, {"type": "Feature", "geometry": {"type": "LineString", "coordinates": [[75.794774, 11.241139], [75.794902, 11.241063]]}, "properties": {"from": [75.7947735, 11.2411395], "to": [75.7949024, 11.2410635], "type": "secondary"}}, {"type": "Feature", "geometry": {"type": "LineString", "coordinates": [[75.796359, 11.246333], [75.796314, 11.246333]]}, "properties": {"from": [75.7963595, 11.2463328], "to": [75.7963139, 11.2463328], "type": "residential"}}, {"type": "Feature", "geometry": {"type": "LineString", "coordinates": [[75.78299, 11.254345], [75.782938, 11.254663]]}, "properties": {"from": [75.7829382, 11.2546635], "to": [75.7829898, 11.2543451], "type": "residential"}}, {"type": "Feature", "geometry": {"type": "LineString", "coordinates": [[75.77848, 11.245555], [75.776554, 11.243155]]}, "properties": {"from": [75.7784795, 11.2455552], "to": [75.7765542862963, 11.243154998148148], "type": "intra-zone"}}, {"type": "Feature", "geometry": {"type": "LineString", "coordinates": [[75.781381, 11.241449], [75.785033, 11.243796]]}, "properties": {"from": [75.7813808, 11.2414485], "to": [75.78503318388888, 11.2437957125], "type": "intra-zone"}}, {"type": "Feature", "geometry": {"type": "LineString", "coordinates": [[75.783943, 11.246743], [75.784621, 11.246733]]}, "properties": {"from": [75.7846212, 11.2467334], "to": [75.7839427, 11.2467428], "type": "tertiary"}}, {"type": "Feature", "geometry": {"type": "LineString", "coordinates": [[75.780137, 11.249628], [75.78022, 11.249676]]}, "properties": {"from": [75.7801368, 11.249628], "to": [75.7802205, 11.2496762], "type": "residential"}}, {"type": "Feature", "geometry": {"type": "LineString", "coordinates": [[75.773373, 11.25158], [75.776641, 11.251004]]}, "properties": {"from": [75.7733734, 11.2515801], "to": [75.77664119651972, 11.251004005336426], "type": "intra-zone"}}, {"type": "Feature", "geometry": {"type": "LineString", "coordinates": [[75.789464, 11.251505], [75.789437, 11.251558]]}, "properties": {"from": [75.7894636, 11.2515051], "to": [75.7894367, 11.2515577], "type": "residential"}}, {"type": "Feature", "geometry": {"type": "LineString", "coordinates": [[75.795151, 11.244925], [75.795248, 11.245003]]}, "properties": {"from": [75.7951513, 11.2449247], "to": [75.7952478, 11.2450027], "type": "residential"}}, {"type": "Feature", "geometry": {"type": "LineString", "coordinates": [[75.781011, 11.24861], [75.780959, 11.248617]]}, "properties": {"from": [75.7810112, 11.2486095], "to": [75.7809595, 11.2486167], "type": "secondary"}}, {"type": "Feature", "geometry": {"type": "LineString", "coordinates": [[75.776999, 11.253766], [75.776641, 11.251004]]}, "properties": {"from": [75.7769993, 11.2537664], "to": [75.77664119651972, 11.251004005336426], "type": "intra-zone"}}, {"type": "Feature", "geometry": {"type": "LineString", "coordinates": [[75.798105, 11.250472], [75.796031, 11.249704]]}, "properties": {"from": [75.7981048, 11.2504718], "to": [75.79603117340068, 11.249703834006734], "type": "intra-zone"}}, {"type": "Feature", "geometry": {"type": "LineString", "coordinates": [[75.789437, 11.251558], [75.786427, 11.252457]]}, "properties": {"from": [75.7894367, 11.2515577], "to": [75.78642719263158, 11.25245679894737], "type": "intra-zone"}}, {"type": "Feature", "geometry": {"type": "LineString", "coordinates": [[75.775688, 11.24736], [75.776641, 11.251004]]}, "properties": {"from": [75.7756884, 11.2473598], "to": [75.77664119651972, 11.251004005336426], "type": "intra-zone"}}, {"type": "Feature", "geometry": {"type": "LineString", "coordinates": [[75.796741, 11.243048], [75.796765, 11.243033]]}, "properties": {"from": [75.7967409, 11.2430484], "to": [75.7967651, 11.2430326], "type": "tertiary"}}, {"type": "Feature", "geometry": {"type": "LineString", "coordinates": [[75.798034, 11.248365], [75.798029, 11.248391]]}, "properties": {"from": [75.7980339, 11.2483647], "to": [75.7980286, 11.248391], "type": "residential"}}, {"type": "Feature", "geometry": {"type": "LineString", "coordinates": [[75.775346, 11.241514], [75.775432, 11.241532]]}, "properties": {"from": [75.7753456, 11.2415142], "to": [75.7754316, 11.2415324], "type": "residential"}}, {"type": "Feature", "geometry": {"type": "LineString", "coordinates": [[75.776658, 11.234593], [75.777046, 11.233657]]}, "properties": {"from": [75.7766583, 11.2345929], "to": [75.777046, 11.2336574], "type": "secondary"}}, {"type": "Feature", "geometry": {"type": "LineString", "coordinates": [[75.786772, 11.254103], [75.78664, 11.254283]]}, "properties": {"from": [75.7867723, 11.2541032], "to": [75.78664, 11.2542826], "type": "secondary"}}, {"type": "Feature", "geometry": {"type": "LineString", "coordinates": [[75.781211, 11.241307], [75.781721, 11.241486]]}, "properties": {"from": [75.7812112, 11.2413075], "to": [75.781721, 11.2414862], "type": "residential"}}, {"type": "Feature", "geometry": {"type": "LineString", "coordinates": [[75.783366, 11.241655], [75.783553, 11.241233]]}, "properties": {"from": [75.7833658, 11.2416551], "to": [75.7835527, 11.2412329], "type": "residential"}}, {"type": "Feature", "geometry": {"type": "LineString", "coordinates": [[75.776165, 11.244027], [75.776539, 11.244136]]}, "properties": {"from": [75.7765387, 11.2441359], "to": [75.7761648, 11.2440269], "type": "residential"}}, {"type": "Feature", "geometry": {"type": "LineString", "coordinates": [[75.778365, 11.252304], [75.776641, 11.251004]]}, "properties": {"from": [75.7783646, 11.2523038], "to": [75.77664119651972, 11.251004005336426], "type": "intra-zone"}}, {"type": "Feature", "geometry": {"type": "LineString", "coordinates": [[75.801641, 11.242085], [75.79545, 11.244171]]}, "properties": {"from": [75.8016407, 11.2420848], "to": [75.79545017109974, 11.244170827109974], "type": "intra-zone"}}, {"type": "Feature", "geometry": {"type": "LineString", "coordinates": [[75.796756, 11.246041], [75.796719, 11.246041]]}, "properties": {"from": [75.7967564, 11.2460408], "to": [75.7967189, 11.2460408], "type": "residential"}}, {"type": "Feature", "geometry": {"type": "LineString", "coordinates": [[75.785364, 11.242651], [75.785305, 11.242815]]}, "properties": {"from": [75.7853641, 11.2426508], "to": [75.7853051, 11.2428153], "type": "secondary"}}, {"type": "Feature", "geometry": {"type": "LineString", "coordinates": [[75.777291, 11.248655], [75.777209, 11.248642]]}, "properties": {"from": [75.7772911, 11.2486555], "to": [75.7772086, 11.2486419], "type": "residential"}}, {"type": "Feature", "geometry": {"type": "LineString", "coordinates": [[75.795581, 11.240811], [75.79545, 11.244171]]}, "properties": {"from": [75.795581, 11.2408111], "to": [75.79545017109974, 11.244170827109974], "type": "intra-zone"}}, {"type": "Feature", "geometry": {"type": "LineString", "coordinates": [[75.783359, 11.242248], [75.782857, 11.242596]]}, "properties": {"from": [75.7833587, 11.2422483], "to": [75.7828571, 11.2425955], "type": "tertiary"}}, {"type": "Feature", "geometry": {"type": "LineString", "coordinates": [[75.786404, 11.251055], [75.786357, 11.251128]]}, "properties": {"from": [75.7864038, 11.251055], "to": [75.7863571, 11.2511282], "type": "residential"}}, {"type": "Feature", "geometry": {"type": "LineString", "coordinates": [[75.793125, 11.240822], [75.79545, 11.244171]]}, "properties": {"from": [75.7931252, 11.2408221], "to": [75.79545017109974, 11.244170827109974], "type": "intra-zone"}}, {"type": "Feature", "geometry": {"type": "LineString", "coordinates": [[75.783529, 11.254141], [75.786427, 11.252457]]}, "properties": {"from": [75.7835285, 11.2541414], "to": [75.78642719263158, 11.25245679894737], "type": "intra-zone"}}, {"type": "Feature", "geometry": {"type": "LineString", "coordinates": [[75.77397, 11.255038], [75.773972, 11.254978]]}, "properties": {"from": [75.7739696, 11.2550379], "to": [75.7739722, 11.2549785], "type": "tertiary"}}, {"type": "Feature", "geometry": {"type": "LineString", "coordinates": [[75.776423, 11.248963], [75.776745, 11.248956]]}, "properties": {"from": [75.7764228, 11.2489633], "to": [75.7767447, 11.248956], "type": "tertiary"}}, {"type": "Feature", "geometry": {"type": "LineString", "coordinates": [[75.794448, 11.243339], [75.794482, 11.24361]]}, "properties": {"from": [75.7944476, 11.2433385], "to": [75.7944824, 11.2436099], "type": "residential"}}, {"type": "Feature", "geometry": {"type": "LineString", "coordinates": [[75.776305, 11.248671], [75.776641, 11.251004]]}, "properties": {"from": [75.7763048, 11.2486708], "to": [75.77664119651972, 11.251004005336426], "type": "intra-zone"}}, {"type": "Feature", "geometry": {"type": "LineString", "coordinates": [[75.795805, 11.245397], [75.795837, 11.245394]]}, "properties": {"from": [75.7958054, 11.2453972], "to": [75.7958368, 11.2453945], "type": "residential"}}, {"type": "Feature", "geometry": {"type": "LineString", "coordinates": [[75.773526, 11.244309], [75.776554, 11.243155]]}, "properties": {"from": [75.773526, 11.2443091], "to": [75.7765542862963, 11.243154998148148], "type": "intra-zone"}}, {"type": "Feature", "geometry": {"type": "LineString", "coordinates": [[75.778823, 11.239887], [75.77903, 11.239617]]}, "properties": {"from": [75.7788234, 11.2398869], "to": [75.7790297, 11.2396168], "type": "residential"}}, {"type": "Feature", "geometry": {"type": "LineString", "coordinates": [[75.799788, 11.24819], [75.796031, 11.249704]]}, "properties": {"from": [75.7997884, 11.2481903], "to": [75.79603117340068, 11.249703834006734], "type": "intra-zone"}}, {"type": "Feature", "geometry": {"type": "LineString", "coordinates": [[75.783359, 11.241724], [75.785033, 11.243796]]}, "properties": {"from": [75.7833591, 11.2417238], "to": [75.78503318388888, 11.2437957125], "type": "intra-zone"}}, {"type": "Feature", "geometry": {"type": "LineString", "coordinates": [[75.777415, 11.254607], [75.776641, 11.251004]]}, "properties": {"from": [75.7774145, 11.2546074], "to": [75.77664119651972, 11.251004005336426], "type": "intra-zone"}}, {"type": "Feature", "geometry": {"type": "LineString", "coordinates": [[75.783172, 11.242029], [75.785033, 11.243796]]}, "properties": {"from": [75.7831723, 11.2420295], "to": [75.78503318388888, 11.2437957125], "type": "intra-zone"}}, {"type": "Feature", "geometry": {"type": "LineString", "coordinates": [[75.792473, 11.241324], [75.79545, 11.244171]]}, "properties": {"from": [75.7924732, 11.2413242], "to": [75.79545017109974, 11.244170827109974], "type": "intra-zone"}}, {"type": "Feature", "geometry": {"type": "LineString", "coordinates": [[75.788201, 11.249983], [75.786427, 11.252457]]}, "properties": {"from": [75.7882008, 11.2499831], "to": [75.78642719263158, 11.25245679894737], "type": "intra-zone"}}, {"type": "Feature", "geometry": {"type": "LineString", "coordinates": [[75.783948, 11.248816], [75.786427, 11.252457]]}, "properties": {"from": [75.7839484, 11.2488161], "to": [75.78642719263158, 11.25245679894737], "type": "intra-zone"}}, {"type": "Feature", "geometry": {"type": "LineString", "coordinates": [[75.773682, 11.25066], [75.773692, 11.250559]]}, "properties": {"from": [75.7736816, 11.2506596], "to": [75.7736919, 11.2505594], "type": "residential"}}, {"type": "Feature", "geometry": {"type": "LineString", "coordinates": [[75.780585, 11.249808], [75.780704, 11.249835]]}, "properties": {"from": [75.7805854, 11.2498082], "to": [75.7807035, 11.2498345], "type": "residential"}}, {"type": "Feature", "geometry": {"type": "LineString", "coordinates": [[75.783205, 11.25281], [75.786427, 11.252457]]}, "properties": {"from": [75.7832047, 11.2528103], "to": [75.78642719263158, 11.25245679894737], "type": "intra-zone"}}, {"type": "Feature", "geometry": {"type": "LineString", "coordinates": [[75.797841, 11.248757], [75.796031, 11.249704]]}, "properties": {"from": [75.7978408, 11.2487567], "to": [75.79603117340068, 11.249703834006734], "type": "intra-zone"}}, {"type": "Feature", "geometry": {"type": "LineString", "coordinates": [[75.776809, 11.241818], [75.776554, 11.243155]]}, "properties": {"from": [75.776809, 11.2418184], "to": [75.7765542862963, 11.243154998148148], "type": "intra-zone"}}, {"type": "Feature", "geometry": {"type": "LineString", "coordinates": [[75.771582, 11.250829], [75.776641, 11.251004]]}, "properties": {"from": [75.7715823, 11.2508292], "to": [75.77664119651972, 11.251004005336426], "type": "intra-zone"}}, {"type": "Feature", "geometry": {"type": "LineString", "coordinates": [[75.786586, 11.253615], [75.786321, 11.253528]]}, "properties": {"from": [75.7865865, 11.2536147], "to": [75.7863213, 11.2535278], "type": "residential"}}, {"type": "Feature", "geometry": {"type": "LineString", "coordinates": [[75.778824, 11.242435], [75.776554, 11.243155]]}, "properties": {"from": [75.7788237, 11.2424355], "to": [75.7765542862963, 11.243154998148148], "type": "intra-zone"}}, {"type": "Feature", "geometry": {"type": "LineString", "coordinates": [[75.787194, 11.252056], [75.787037, 11.251981]]}, "properties": {"from": [75.7871935, 11.2520556], "to": [75.787037, 11.2519814], "type": "residential"}}, {"type": "Feature", "geometry": {"type": "LineString", "coordinates": [[75.784968, 11.253975], [75.784872, 11.254375]]}, "properties": {"from": [75.7849678, 11.253975], "to": [75.7848717, 11.2543752], "type": "residential"}}, {"type": "Feature", "geometry": {"type": "LineString", "coordinates": [[75.7769, 11.245976], [75.777114, 11.246016]]}, "properties": {"from": [75.7768997, 11.2459762], "to": [75.7771143, 11.2460157], "type": "residential"}}, {"type": "Feature", "geometry": {"type": "LineString", "coordinates": [[75.779432, 11.253849], [75.779404, 11.254079]]}, "properties": {"from": [75.7794321, 11.2538492], "to": [75.7794039, 11.2540793], "type": "primary"}}, {"type": "Feature", "geometry": {"type": "LineString", "coordinates": [[75.785379, 11.242782], [75.785364, 11.242651]]}, "properties": {"from": [75.7853641, 11.2426508], "to": [75.7853787, 11.2427823], "type": "secondary"}}, {"type": "Feature", "geometry": {"type": "LineString", "coordinates": [[75.783293, 11.246664], [75.785033, 11.243796]]}, "properties": {"from": [75.7832934, 11.2466644], "to": [75.78503318388888, 11.2437957125], "type": "intra-zone"}}, {"type": "Feature", "geometry": {"type": "LineString", "coordinates": [[75.789702, 11.243092], [75.785033, 11.243796]]}, "properties": {"from": [75.7897017, 11.2430917], "to": [75.78503318388888, 11.2437957125], "type": "intra-zone"}}, {"type": "Feature", "geometry": {"type": "LineString", "coordinates": [[75.772512, 11.249562], [75.772636, 11.249044]]}, "properties": {"from": [75.7725116, 11.2495619], "to": [75.7726355, 11.2490444], "type": "secondary"}}, {"type": "Feature", "geometry": {"type": "LineString", "coordinates": [[75.796745, 11.240716], [75.796758, 11.241058]]}, "properties": {"from": [75.7967451, 11.2407161], "to": [75.7967576, 11.2410582], "type": "tertiary"}}, {"type": "Feature", "geometry": {"type": "LineString", "coordinates": [[75.781824, 11.241616], [75.782054, 11.241692]]}, "properties": {"from": [75.7818235, 11.2416164], "to": [75.782054, 11.2416923], "type": "secondary"}}, {"type": "Feature", "geometry": {"type": "LineString", "coordinates": [[75.776712, 11.245282], [75.776554, 11.243155]]}, "properties": {"from": [75.7767119, 11.2452817], "to": [75.7765542862963, 11.243154998148148], "type": "intra-zone"}}, {"type": "Feature", "geometry": {"type": "LineString", "coordinates": [[75.797446, 11.248282], [75.796031, 11.249704]]}, "properties": {"from": [75.7974459, 11.2482816], "to": [75.79603117340068, 11.249703834006734], "type": "intra-zone"}}, {"type": "Feature", "geometry": {"type": "LineString", "coordinates": [[75.797331, 11.249155], [75.79732, 11.249208]]}, "properties": {"from": [75.7973305, 11.249155], "to": [75.7973198, 11.2492076], "type": "residential"}}, {"type": "Feature", "geometry": {"type": "LineString", "coordinates": [[75.775965, 11.239552], [75.776554, 11.243155]]}, "properties": {"from": [75.7759651, 11.239552], "to": [75.7765542862963, 11.243154998148148], "type": "intra-zone"}}, {"type": "Feature", "geometry": {"type": "LineString", "coordinates": [[75.788734, 11.24965], [75.790026, 11.249381]]}, "properties": {"from": [75.7887343, 11.2496504], "to": [75.7900263, 11.2493807], "type": "residential"}}, {"type": "Feature", "geometry": {"type": "LineString", "coordinates": [[75.776619, 11.24394], [75.776658, 11.243806]]}, "properties": {"from": [75.7766194, 11.2439399], "to": [75.7766583, 11.2438059], "type": "residential"}}, {"type": "Feature", "geometry": {"type": "LineString", "coordinates": [[75.782342, 11.246696], [75.785033, 11.243796]]}, "properties": {"from": [75.7823421, 11.2466963], "to": [75.78503318388888, 11.2437957125], "type": "intra-zone"}}, {"type": "Feature", "geometry": {"type": "LineString", "coordinates": [[75.793181, 11.252586], [75.796031, 11.249704]]}, "properties": {"from": [75.7931812, 11.2525858], "to": [75.79603117340068, 11.249703834006734], "type": "intra-zone"}}, {"type": "Feature", "geometry": {"type": "LineString", "coordinates": [[75.78475, 11.248734], [75.786427, 11.252457]]}, "properties": {"from": [75.7847504, 11.2487344], "to": [75.78642719263158, 11.25245679894737], "type": "intra-zone"}}, {"type": "Feature", "geometry": {"type": "LineString", "coordinates": [[75.787665, 11.251887], [75.786427, 11.252457]]}, "properties": {"from": [75.7876645, 11.2518874], "to": [75.78642719263158, 11.25245679894737], "type": "intra-zone"}}, {"type": "Feature", "geometry": {"type": "LineString", "coordinates": [[75.775817, 11.24321], [75.776554, 11.243155]]}, "properties": {"from": [75.7758166, 11.2432095], "to": [75.7765542862963, 11.243154998148148], "type": "intra-zone"}}, {"type": "Feature", "geometry": {"type": "LineString", "coordinates": [[75.778172, 11.248655], [75.777919, 11.24866]]}, "properties": {"from": [75.7781716, 11.2486551], "to": [75.7779194, 11.2486595], "type": "residential"}}, {"type": "Feature", "geometry": {"type": "LineString", "coordinates": [[75.786723, 11.252343], [75.786427, 11.252457]]}, "properties": {"from": [75.7867233, 11.2523429], "to": [75.78642719263158, 11.25245679894737], "type": "intra-zone"}}, {"type": "Feature", "geometry": {"type": "LineString", "coordinates": [[75.775627, 11.248575], [75.776641, 11.251004]]}, "properties": {"from": [75.7756265, 11.2485745], "to": [75.77664119651972, 11.251004005336426], "type": "intra-zone"}}, {"type": "Feature", "geometry": {"type": "LineString", "coordinates": [[75.785364, 11.242651], [75.785466, 11.242358]]}, "properties": {"from": [75.7853641, 11.2426508], "to": [75.7854659, 11.2423577], "type": "primary"}}, {"type": "Feature", "geometry": {"type": "LineString", "coordinates": [[75.783279, 11.243948], [75.785033, 11.243796]]}, "properties": {"from": [75.7832788, 11.2439483], "to": [75.78503318388888, 11.2437957125], "type": "intra-zone"}}, {"type": "Feature", "geometry": {"type": "LineString", "coordinates": [[75.775167, 11.243145], [75.776554, 11.243155]]}, "properties": {"from": [75.7751673, 11.2431454], "to": [75.7765542862963, 11.243154998148148], "type": "intra-zone"}}, {"type": "Feature", "geometry": {"type": "LineString", "coordinates": [[75.782037, 11.253428], [75.782015, 11.253383]]}, "properties": {"from": [75.7820372, 11.2534283], "to": [75.782015, 11.2533829], "type": "primary"}}, {"type": "Feature", "geometry": {"type": "LineString", "coordinates": [[75.788383, 11.254219], [75.788911, 11.254293]]}, "properties": {"from": [75.7889113, 11.2542934], "to": [75.7883831, 11.2542193], "type": "residential"}}, {"type": "Feature", "geometry": {"type": "LineString", "coordinates": [[75.796226, 11.250279], [75.796346, 11.249982]]}, "properties": {"from": [75.7963462, 11.2499817], "to": [75.7962259, 11.2502794], "type": "residential"}}, {"type": "Feature", "geometry": {"type": "LineString", "coordinates": [[75.772478, 11.254297], [75.776641, 11.251004]]}, "properties": {"from": [75.7724778, 11.2542969], "to": [75.77664119651972, 11.251004005336426], "type": "intra-zone"}}, {"type": "Feature", "geometry": {"type": "LineString", "coordinates": [[75.797253, 11.2495], [75.796031, 11.249704]]}, "properties": {"from": [75.7972527, 11.2494996], "to": [75.79603117340068, 11.249703834006734], "type": "intra-zone"}}, {"type": "Feature", "geometry": {"type": "LineString", "coordinates": [[75.787683, 11.2519], [75.786427, 11.252457]]}, "properties": {"from": [75.7876829, 11.2519001], "to": [75.78642719263158, 11.25245679894737], "type": "intra-zone"}}, {"type": "Feature", "geometry": {"type": "LineString", "coordinates": [[75.795321, 11.245793], [75.79545, 11.244171]]}, "properties": {"from": [75.795321, 11.2457926], "to": [75.79545017109974, 11.244170827109974], "type": "intra-zone"}}, {"type": "Feature", "geometry": {"type": "LineString", "coordinates": [[75.791968, 11.241866], [75.79545, 11.244171]]}, "properties": {"from": [75.7919677, 11.2418664], "to": [75.79545017109974, 11.244170827109974], "type": "intra-zone"}}, {"type": "Feature", "geometry": {"type": "LineString", "coordinates": [[75.787333, 11.24214], [75.785033, 11.243796]]}, "properties": {"from": [75.7873334, 11.2421405], "to": [75.78503318388888, 11.2437957125], "type": "intra-zone"}}, {"type": "Feature", "geometry": {"type": "LineString", "coordinates": [[75.773682, 11.243783], [75.773793, 11.24378]]}, "properties": {"from": [75.7736816, 11.243783], "to": [75.7737932, 11.2437798], "type": "residential"}}, {"type": "Feature", "geometry": {"type": "LineString", "coordinates": [[75.791854, 11.255294], [75.786427, 11.252457]]}, "properties": {"from": [75.7918544, 11.2552938], "to": [75.78642719263158, 11.25245679894737], "type": "intra-zone"}}, {"type": "Feature", "geometry": {"type": "LineString", "coordinates": [[75.776658, 11.234593], [75.776554, 11.243155]]}, "properties": {"from": [75.7766583, 11.2345929], "to": [75.7765542862963, 11.243154998148148], "type": "intra-zone"}}, {"type": "Feature", "geometry": {"type": "LineString", "coordinates": [[75.796274, 11.246327], [75.796236, 11.246343]]}, "properties": {"from": [75.7962736, 11.2463275], "to": [75.7962361, 11.2463433], "type": "residential"}}, {"type": "Feature", "geometry": {"type": "LineString", "coordinates": [[75.788063, 11.254038], [75.788116, 11.254123]]}, "properties": {"from": [75.7880627, 11.254038], "to": [75.7881161, 11.2541226], "type": "residential"}}, {"type": "Feature", "geometry": {"type": "LineString", "coordinates": [[75.774411, 11.254681], [75.776641, 11.251004]]}, "properties": {"from": [75.7744106, 11.2546811], "to": [75.77664119651972, 11.251004005336426], "type": "intra-zone"}}, {"type": "Feature", "geometry": {"type": "LineString", "coordinates": [[75.796203, 11.244436], [75.796184, 11.244294]]}, "properties": {"from": [75.796203, 11.2444361], "to": [75.7961842, 11.2442941], "type": "residential"}}, {"type": "Feature", "geometry": {"type": "LineString", "coordinates": [[75.777172, 11.233386], [75.777319, 11.233052]]}, "properties": {"from": [75.7771718, 11.233386], "to": [75.7773191, 11.2330522], "type": "secondary"}}, {"type": "Feature", "geometry": {"type": "LineString", "coordinates": [[75.787263, 11.246009], [75.787254, 11.245688]]}, "properties": {"from": [75.7872634, 11.2460087], "to": [75.7872542, 11.2456884], "type": "residential"}}, {"type": "Feature", "geometry": {"type": "LineString", "coordinates": [[75.786539, 11.25171], [75.786278, 11.251664]]}, "properties": {"from": [75.7865387, 11.2517101], "to": [75.7862778, 11.2516641], "type": "residential"}}, {"type": "Feature", "geometry": {"type": "LineString", "coordinates": [[75.775788, 11.253252], [75.776641, 11.251004]]}, "properties": {"from": [75.7757877, 11.2532524], "to": [75.77664119651972, 11.251004005336426], "type": "intra-zone"}}, {"type": "Feature", "geometry": {"type": "LineString", "coordinates": [[75.794615, 11.241202], [75.79545, 11.244171]]}, "properties": {"from": [75.7946147, 11.2412018], "to": [75.79545017109974, 11.244170827109974], "type": "intra-zone"}}, {"type": "Feature", "geometry": {"type": "LineString", "coordinates": [[75.787205, 11.243051], [75.787205, 11.242976]]}, "properties": {"from": [75.7872052, 11.2429763], "to": [75.7872052, 11.2430508], "type": "residential"}}, {"type": "Feature", "geometry": {"type": "LineString", "coordinates": [[75.786635, 11.253473], [75.786389, 11.253398]]}, "properties": {"from": [75.7866346, 11.2534733], "to": [75.7863892, 11.2533975], "type": "residential"}}, {"type": "Feature", "geometry": {"type": "LineString", "coordinates": [[75.795998, 11.245876], [75.796065, 11.24586]]}, "properties": {"from": [75.7959979, 11.2458761], "to": [75.7960647, 11.2458599], "type": "residential"}}, {"type": "Feature", "geometry": {"type": "LineString", "coordinates": [[75.795872, 11.247282], [75.796031, 11.249704]]}, "properties": {"from": [75.7958723, 11.2472817], "to": [75.79603117340068, 11.249703834006734], "type": "intra-zone"}}, {"type": "Feature", "geometry": {"type": "LineString", "coordinates": [[75.773025, 11.249931], [75.776641, 11.251004]]}, "properties": {"from": [75.7730254, 11.2499312], "to": [75.77664119651972, 11.251004005336426], "type": "intra-zone"}}, {"type": "Feature", "geometry": {"type": "LineString", "coordinates": [[75.78872, 11.240792], [75.788705, 11.24074]]}, "properties": {"from": [75.7887202, 11.2407918], "to": [75.7887053, 11.2407397], "type": "residential"}}, {"type": "Feature", "geometry": {"type": "LineString", "coordinates": [[75.77388, 11.248397], [75.773783, 11.248397]]}, "properties": {"from": [75.7738795, 11.2483965], "to": [75.7737834, 11.2483972], "type": "residential"}}, {"type": "Feature", "geometry": {"type": "LineString", "coordinates": [[75.781668, 11.239902], [75.785033, 11.243796]]}, "properties": {"from": [75.7816681, 11.2399018], "to": [75.78503318388888, 11.2437957125], "type": "intra-zone"}}, {"type": "Feature", "geometry": {"type": "LineString", "coordinates": [[75.776249, 11.254313], [75.776641, 11.251004]]}, "properties": {"from": [75.7762487, 11.254313], "to": [75.77664119651972, 11.251004005336426], "type": "intra-zone"}}, {"type": "Feature", "geometry": {"type": "LineString", "coordinates": [[75.793413, 11.242373], [75.79545, 11.244171]]}, "properties": {"from": [75.7934131, 11.2423728], "to": [75.79545017109974, 11.244170827109974], "type": "intra-zone"}}, {"type": "Feature", "geometry": {"type": "LineString", "coordinates": [[75.774824, 11.245125], [75.774798, 11.24512]]}, "properties": {"from": [75.7748236, 11.245125], "to": [75.7747982, 11.2451199], "type": "residential"}}, {"type": "Feature", "geometry": {"type": "LineString", "coordinates": [[75.774449, 11.250802], [75.774448, 11.250914]]}, "properties": {"from": [75.7744487, 11.2508017], "to": [75.7744482, 11.250914], "type": "residential"}}, {"type": "Feature", "geometry": {"type": "LineString", "coordinates": [[75.773811, 11.245976], [75.773814, 11.246113]]}, "properties": {"from": [75.7738109, 11.2459764], "to": [75.7738143, 11.2461135], "type": "residential"}}, {"type": "Feature", "geometry": {"type": "LineString", "coordinates": [[75.787895, 11.25092], [75.786427, 11.252457]]}, "properties": {"from": [75.7878947, 11.2509202], "to": [75.78642719263158, 11.25245679894737], "type": "intra-zone"}}, {"type": "Feature", "geometry": {"type": "LineString", "coordinates": [[75.775929, 11.242482], [75.776554, 11.243155]]}, "properties": {"from": [75.7759292, 11.2424825], "to": [75.7765542862963, 11.243154998148148], "type": "intra-zone"}}, {"type": "Feature", "geometry": {"type": "LineString", "coordinates": [[75.781961, 11.25332], [75.781723, 11.253067]]}, "properties": {"from": [75.7819614, 11.2533204], "to": [75.7817227, 11.2530666], "type": "primary"}}, {"type": "Feature", "geometry": {"type": "LineString", "coordinates": [[75.786357, 11.251128], [75.786194, 11.251183]]}, "properties": {"from": [75.7863571, 11.2511282], "to": [75.7861936, 11.2511832], "type": "residential"}}, {"type": "Feature", "geometry": {"type": "LineString", "coordinates": [[75.783838, 11.242771], [75.783827, 11.242913]]}, "properties": {"from": [75.7838384, 11.2427712], "to": [75.7838273, 11.2429133], "type": "residential"}}, {"type": "Feature", "geometry": {"type": "LineString", "coordinates": [[75.785315, 11.251285], [75.785202, 11.251223]]}, "properties": {"from": [75.7853147, 11.2512851], "to": [75.7852025, 11.2512226], "type": "residential"}}, {"type": "Feature", "geometry": {"type": "LineString", "coordinates": [[75.784734, 11.246183], [75.784829, 11.245754]]}, "properties": {"from": [75.7847343, 11.2461832], "to": [75.7848291, 11.2457537], "type": "primary"}}, {"type": "Feature", "geometry": {"type": "LineString", "coordinates": [[75.79682, 11.243245], [75.796874, 11.243521]]}, "properties": {"from": [75.7968201, 11.2432449], "to": [75.7968738, 11.2435211], "type": "tertiary"}}, {"type": "Feature", "geometry": {"type": "LineString", "coordinates": [[75.784621, 11.246733], [75.785033, 11.243796]]}, "properties": {"from": [75.7846212, 11.2467334], "to": [75.78503318388888, 11.2437957125], "type": "intra-zone"}}, {"type": "Feature", "geometry": {"type": "LineString", "coordinates": [[75.775994, 11.248634], [75.775847, 11.248597]]}, "properties": {"from": [75.7759937, 11.248634], "to": [75.7758472, 11.2485966], "type": "residential"}}, {"type": "Feature", "geometry": {"type": "LineString", "coordinates": [[75.785499, 11.242942], [75.785476, 11.242921]]}, "properties": {"from": [75.7854991, 11.2429419], "to": [75.7854761, 11.2429211], "type": "secondary"}}, {"type": "Feature", "geometry": {"type": "LineString", "coordinates": [[75.783482, 11.245365], [75.783323, 11.245339]]}, "properties": {"from": [75.7834818, 11.2453652], "to": [75.7833228, 11.2453389], "type": "tertiary"}}, {"type": "Feature", "geometry": {"type": "LineString", "coordinates": [[75.789531, 11.251374], [75.789464, 11.251505]]}, "properties": {"from": [75.7895306, 11.2513736], "to": [75.7894636, 11.2515051], "type": "residential"}}, {"type": "Feature", "geometry": {"type": "LineString", "coordinates": [[75.781545, 11.246728], [75.785033, 11.243796]]}, "properties": {"from": [75.7815453, 11.2467282], "to": [75.78503318388888, 11.2437957125], "type": "intra-zone"}}, {"type": "Feature", "geometry": {"type": "LineString", "coordinates": [[75.783044, 11.246671], [75.783045, 11.24662]]}, "properties": {"from": [75.7830436, 11.246671], "to": [75.7830452, 11.2466197], "type": "residential"}}, {"type": "Feature", "geometry": {"type": "LineString", "coordinates": [[75.77384, 11.242898], [75.774389, 11.243014]]}, "properties": {"from": [75.77384, 11.2428982], "to": [75.7743893, 11.2430139], "type": "residential"}}, {"type": "Feature", "geometry": {"type": "LineString", "coordinates": [[75.788827, 11.25378], [75.786427, 11.252457]]}, "properties": {"from": [75.7888269, 11.2537805], "to": [75.78642719263158, 11.25245679894737], "type": "intra-zone"}}, {"type": "Feature", "geometry": {"type": "LineString", "coordinates": [[75.782413, 11.246694], [75.785033, 11.243796]]}, "properties": {"from": [75.7824133, 11.2466944], "to": [75.78503318388888, 11.2437957125], "type": "intra-zone"}}, {"type": "Feature", "geometry": {"type": "LineString", "coordinates": [[75.77117, 11.252842], [75.771635, 11.253006]]}, "properties": {"from": [75.7711705, 11.2528423], "to": [75.7716349, 11.2530062], "type": "residential"}}, {"type": "Feature", "geometry": {"type": "LineString", "coordinates": [[75.777796, 11.251434], [75.776641, 11.251004]]}, "properties": {"from": [75.7777959, 11.2514344], "to": [75.77664119651972, 11.251004005336426], "type": "intra-zone"}}, {"type": "Feature", "geometry": {"type": "LineString", "coordinates": [[75.77863, 11.250614], [75.778616, 11.251416]]}, "properties": {"from": [75.7786165, 11.2514164], "to": [75.7786297, 11.2506141], "type": "residential"}}, {"type": "Feature", "geometry": {"type": "LineString", "coordinates": [[75.773244, 11.247584], [75.776641, 11.251004]]}, "properties": {"from": [75.7732443, 11.2475844], "to": [75.77664119651972, 11.251004005336426], "type": "intra-zone"}}, {"type": "Feature", "geometry": {"type": "LineString", "coordinates": [[75.778852, 11.247911], [75.778547, 11.247801]]}, "properties": {"from": [75.7788522, 11.2479113], "to": [75.7785465, 11.2478008], "type": "residential"}}, {"type": "Feature", "geometry": {"type": "LineString", "coordinates": [[75.776749, 11.247507], [75.776641, 11.251004]]}, "properties": {"from": [75.7767495, 11.2475073], "to": [75.77664119651972, 11.251004005336426], "type": "intra-zone"}}, {"type": "Feature", "geometry": {"type": "LineString", "coordinates": [[75.797096, 11.244421], [75.797179, 11.244442]]}, "properties": {"from": [75.7970964, 11.2444209], "to": [75.7971795, 11.2444419], "type": "tertiary"}}, {"type": "Feature", "geometry": {"type": "LineString", "coordinates": [[75.776745, 11.248956], [75.777303, 11.248941]]}, "properties": {"from": [75.7767447, 11.248956], "to": [75.7773034, 11.2489406], "type": "tertiary"}}, {"type": "Feature", "geometry": {"type": "LineString", "coordinates": [[75.782327, 11.246757], [75.782625, 11.24675]]}, "properties": {"from": [75.7823272, 11.2467573], "to": [75.782625, 11.2467503], "type": "tertiary"}}, {"type": "Feature", "geometry": {"type": "LineString", "coordinates": [[75.790553, 11.254289], [75.790547, 11.254714]]}, "properties": {"from": [75.7905532, 11.2542893], "to": [75.7905469, 11.2547143], "type": "residential"}}, {"type": "Feature", "geometry": {"type": "LineString", "coordinates": [[75.774742, 11.246242], [75.774604, 11.246148]]}, "properties": {"from": [75.7747416, 11.2462415], "to": [75.7746043, 11.2461477], "type": "residential"}}, {"type": "Feature", "geometry": {"type": "LineString", "coordinates": [[75.799804, 11.243666], [75.79545, 11.244171]]}, "properties": {"from": [75.7998043, 11.243666], "to": [75.79545017109974, 11.244170827109974], "type": "intra-zone"}}, {"type": "Feature", "geometry": {"type": "LineString", "coordinates": [[75.778273, 11.246972], [75.778284, 11.24713]]}, "properties": {"from": [75.7782729, 11.246972], "to": [75.7782836, 11.2471298], "type": "residential"}}, {"type": "Feature", "geometry": {"type": "LineString", "coordinates": [[75.775404, 11.250028], [75.77543, 11.250276]]}, "properties": {"from": [75.7754036, 11.2500283], "to": [75.7754304, 11.2502756], "type": "residential"}}, {"type": "Feature", "geometry": {"type": "LineString", "coordinates": [[75.772504, 11.253168], [75.772844, 11.253228]]}, "properties": {"from": [75.7728441, 11.2532277], "to": [75.7725036, 11.2531685], "type": "residential"}}, {"type": "Feature", "geometry": {"type": "LineString", "coordinates": [[75.797937, 11.242467], [75.79545, 11.244171]]}, "properties": {"from": [75.7979367, 11.2424672], "to": [75.79545017109974, 11.244170827109974], "type": "intra-zone"}}, {"type": "Feature", "geometry": {"type": "LineString", "coordinates": [[75.778075, 11.241487], [75.776554, 11.243155]]}, "properties": {"from": [75.778075, 11.2414873], "to": [75.7765542862963, 11.243154998148148], "type": "intra-zone"}}, {"type": "Feature", "geometry": {"type": "LineString", "coordinates": [[75.785464, 11.252462], [75.786427, 11.252457]]}, "properties": {"from": [75.7854635, 11.2524624], "to": [75.78642719263158, 11.25245679894737], "type": "intra-zone"}}, {"type": "Feature", "geometry": {"type": "LineString", "coordinates": [[75.798223, 11.252246], [75.796031, 11.249704]]}, "properties": {"from": [75.7982231, 11.2522455], "to": [75.79603117340068, 11.249703834006734], "type": "intra-zone"}}, {"type": "Feature", "geometry": {"type": "LineString", "coordinates": [[75.783428, 11.246664], [75.783293, 11.246664]]}, "properties": {"from": [75.7834281, 11.2466644], "to": [75.7832934, 11.2466644], "type": "tertiary"}}, {"type": "Feature", "geometry": {"type": "LineString", "coordinates": [[75.783591, 11.246666], [75.783527, 11.246666]]}, "properties": {"from": [75.7835909, 11.2466661], "to": [75.7835272, 11.2466661], "type": "tertiary"}}, {"type": "Feature", "geometry": {"type": "LineString", "coordinates": [[75.795513, 11.246824], [75.79545, 11.244171]]}, "properties": {"from": [75.7955129, 11.246824], "to": [75.79545017109974, 11.244170827109974], "type": "intra-zone"}}, {"type": "Feature", "geometry": {"type": "LineString", "coordinates": [[75.796005, 11.245909], [75.79545, 11.244171]]}, "properties": {"from": [75.7960052, 11.2459087], "to": [75.79545017109974, 11.244170827109974], "type": "intra-zone"}}, {"type": "Feature", "geometry": {"type": "LineString", "coordinates": [[75.775059, 11.238588], [75.775137, 11.23837]]}, "properties": {"from": [75.775059, 11.2385882], "to": [75.775137, 11.2383697], "type": "secondary"}}, {"type": "Feature", "geometry": {"type": "LineString", "coordinates": [[75.774697, 11.253187], [75.776641, 11.251004]]}, "properties": {"from": [75.7746969, 11.2531873], "to": [75.77664119651972, 11.251004005336426], "type": "intra-zone"}}, {"type": "Feature", "geometry": {"type": "LineString", "coordinates": [[75.792859, 11.246626], [75.79545, 11.244171]]}, "properties": {"from": [75.7928594, 11.2466264], "to": [75.79545017109974, 11.244170827109974], "type": "intra-zone"}}, {"type": "Feature", "geometry": {"type": "LineString", "coordinates": [[75.776482, 11.243225], [75.776554, 11.243155]]}, "properties": {"from": [75.7764818, 11.2432253], "to": [75.7765542862963, 11.243154998148148], "type": "intra-zone"}}, {"type": "Feature", "geometry": {"type": "LineString", "coordinates": [[75.781209, 11.241386], [75.785033, 11.243796]]}, "properties": {"from": [75.7812087, 11.2413863], "to": [75.78503318388888, 11.2437957125], "type": "intra-zone"}}, {"type": "Feature", "geometry": {"type": "LineString", "coordinates": [[75.793124, 11.247872], [75.796031, 11.249704]]}, "properties": {"from": [75.793124, 11.2478716], "to": [75.79603117340068, 11.249703834006734], "type": "intra-zone"}}, {"type": "Feature", "geometry": {"type": "LineString", "coordinates": [[75.788126, 11.242944], [75.788379, 11.242749]]}, "properties": {"from": [75.7881255, 11.2429435], "to": [75.7883787, 11.242749], "type": "secondary"}}, {"type": "Feature", "geometry": {"type": "LineString", "coordinates": [[75.789421, 11.254406], [75.786427, 11.252457]]}, "properties": {"from": [75.7894207, 11.2544057], "to": [75.78642719263158, 11.25245679894737], "type": "intra-zone"}}, {"type": "Feature", "geometry": {"type": "LineString", "coordinates": [[75.78013, 11.240969], [75.781209, 11.241386]]}, "properties": {"from": [75.7801297, 11.2409691], "to": [75.7812087, 11.2413863], "type": "secondary"}}, {"type": "Feature", "geometry": {"type": "LineString", "coordinates": [[75.794902, 11.241063], [75.795342, 11.240845]]}, "properties": {"from": [75.7949024, 11.2410635], "to": [75.7953419, 11.2408449], "type": "secondary"}}, {"type": "Feature", "geometry": {"type": "LineString", "coordinates": [[75.773146, 11.252655], [75.776641, 11.251004]]}, "properties": {"from": [75.7731462, 11.2526555], "to": [75.77664119651972, 11.251004005336426], "type": "intra-zone"}}, {"type": "Feature", "geometry": {"type": "LineString", "coordinates": [[75.7968, 11.24594], [75.796786, 11.245895]]}, "properties": {"from": [75.7967999, 11.2459395], "to": [75.7967865, 11.2458948], "type": "tertiary"}}, {"type": "Feature", "geometry": {"type": "LineString", "coordinates": [[75.773437, 11.251584], [75.776641, 11.251004]]}, "properties": {"from": [75.7734368, 11.251584], "to": [75.77664119651972, 11.251004005336426], "type": "intra-zone"}}, {"type": "Feature", "geometry": {"type": "LineString", "coordinates": [[75.77473, 11.245924], [75.776554, 11.243155]]}, "properties": {"from": [75.7747298, 11.2459236], "to": [75.7765542862963, 11.243154998148148], "type": "intra-zone"}}, {"type": "Feature", "geometry": {"type": "LineString", "coordinates": [[75.793105, 11.25258], [75.796031, 11.249704]]}, "properties": {"from": [75.7931046, 11.2525799], "to": [75.79603117340068, 11.249703834006734], "type": "intra-zone"}}, {"type": "Feature", "geometry": {"type": "LineString", "coordinates": [[75.778185, 11.248916], [75.776641, 11.251004]]}, "properties": {"from": [75.7781849, 11.2489162], "to": [75.77664119651972, 11.251004005336426], "type": "intra-zone"}}, {"type": "Feature", "geometry": {"type": "LineString", "coordinates": [[75.78973, 11.244442], [75.785033, 11.243796]]}, "properties": {"from": [75.7897304, 11.244442], "to": [75.78503318388888, 11.2437957125], "type": "intra-zone"}}, {"type": "Feature", "geometry": {"type": "LineString", "coordinates": [[75.776315, 11.249639], [75.776641, 11.251004]]}, "properties": {"from": [75.7763155, 11.2496389], "to": [75.77664119651972, 11.251004005336426], "type": "intra-zone"}}, {"type": "Feature", "geometry": {"type": "LineString", "coordinates": [[75.780799, 11.24215], [75.781066, 11.241713]]}, "properties": {"from": [75.7807987, 11.2421497], "to": [75.7810656, 11.2417133], "type": "residential"}}, {"type": "Feature", "geometry": {"type": "LineString", "coordinates": [[75.784829, 11.245754], [75.785033, 11.243796]]}, "properties": {"from": [75.7848291, 11.2457537], "to": [75.78503318388888, 11.2437957125], "type": "intra-zone"}}, {"type": "Feature", "geometry": {"type": "LineString", "coordinates": [[75.779455, 11.229176], [75.77959, 11.229047]]}, "properties": {"from": [75.7794547, 11.2291763], "to": [75.7795899, 11.2290467], "type": "secondary"}}, {"type": "Feature", "geometry": {"type": "LineString", "coordinates": [[75.790055, 11.24311], [75.790203, 11.243118]]}, "properties": {"from": [75.7900548, 11.2431099], "to": [75.7902029, 11.2431175], "type": "secondary"}}, {"type": "Feature", "geometry": {"type": "LineString", "coordinates": [[75.793183, 11.241394], [75.79545, 11.244171]]}, "properties": {"from": [75.7931831, 11.2413942], "to": [75.79545017109974, 11.244170827109974], "type": "intra-zone"}}, {"type": "Feature", "geometry": {"type": "LineString", "coordinates": [[75.78973, 11.244442], [75.789423, 11.244397]]}, "properties": {"from": [75.7897304, 11.244442], "to": [75.7894235, 11.2443972], "type": "residential"}}, {"type": "Feature", "geometry": {"type": "LineString", "coordinates": [[75.782763, 11.241353], [75.782816, 11.241136]]}, "properties": {"from": [75.7827633, 11.2413529], "to": [75.7828157, 11.2411363], "type": "residential"}}, {"type": "Feature", "geometry": {"type": "LineString", "coordinates": [[75.796808, 11.253262], [75.79674, 11.253649]]}, "properties": {"from": [75.7968083, 11.2532625], "to": [75.7967401, 11.2536486], "type": "residential"}}, {"type": "Feature", "geometry": {"type": "LineString", "coordinates": [[75.79619, 11.249316], [75.796182, 11.249021]]}, "properties": {"from": [75.7961905, 11.2493158], "to": [75.7961824, 11.2490211], "type": "residential"}}, {"type": "Feature", "geometry": {"type": "LineString", "coordinates": [[75.794756, 11.245516], [75.795013, 11.245498]]}, "properties": {"from": [75.7947564, 11.2455163], "to": [75.7950132, 11.245498], "type": "residential"}}, {"type": "Feature", "geometry": {"type": "LineString", "coordinates": [[75.782796, 11.243567], [75.782828, 11.243135]]}, "properties": {"from": [75.7827959, 11.2435665], "to": [75.7828281, 11.243135], "type": "residential"}}, {"type": "Feature", "geometry": {"type": "LineString", "coordinates": [[75.773874, 11.245951], [75.773865, 11.245966]]}, "properties": {"from": [75.7738741, 11.2459513], "to": [75.7738646, 11.2459659], "type": "residential"}}, {"type": "Feature", "geometry": {"type": "LineString", "coordinates": [[75.788798, 11.241841], [75.788766, 11.241998]]}, "properties": {"from": [75.7887983, 11.2418407], "to": [75.7887661, 11.2419985], "type": "residential"}}, {"type": "Feature", "geometry": {"type": "LineString", "coordinates": [[75.779118, 11.255546], [75.779067, 11.255594]]}, "properties": {"from": [75.7791182, 11.2555459], "to": [75.7790666, 11.2555939], "type": "primary"}}, {"type": "Feature", "geometry": {"type": "LineString", "coordinates": [[75.797395, 11.248532], [75.797395, 11.248592]]}, "properties": {"from": [75.7973949, 11.2485315], "to": [75.7973949, 11.248592], "type": "residential"}}, {"type": "Feature", "geometry": {"type": "LineString", "coordinates": [[75.786491, 11.250281], [75.786083, 11.249931]]}, "properties": {"from": [75.7864915, 11.2502815], "to": [75.7860831, 11.2499313], "type": "secondary"}}, {"type": "Feature", "geometry": {"type": "LineString", "coordinates": [[75.790889, 11.249664], [75.796031, 11.249704]]}, "properties": {"from": [75.7908892, 11.2496641], "to": [75.79603117340068, 11.249703834006734], "type": "intra-zone"}}, {"type": "Feature", "geometry": {"type": "LineString", "coordinates": [[75.783363, 11.252082], [75.786427, 11.252457]]}, "properties": {"from": [75.7833628, 11.252082], "to": [75.78642719263158, 11.25245679894737], "type": "intra-zone"}}, {"type": "Feature", "geometry": {"type": "LineString", "coordinates": [[75.774867, 11.241926], [75.774968, 11.241847]]}, "properties": {"from": [75.7748666, 11.2419255], "to": [75.7749685, 11.2418466], "type": "residential"}}, {"type": "Feature", "geometry": {"type": "LineString", "coordinates": [[75.774735, 11.248444], [75.774757, 11.248242]]}, "properties": {"from": [75.774735, 11.2484438], "to": [75.774757, 11.248242], "type": "residential"}}, {"type": "Feature", "geometry": {"type": "LineString", "coordinates": [[75.784538, 11.247126], [75.784549, 11.247085]]}, "properties": {"from": [75.7845384, 11.247126], "to": [75.784549, 11.2470851], "type": "primary"}}, {"type": "Feature", "geometry": {"type": "LineString", "coordinates": [[75.788616, 11.244528], [75.785033, 11.243796]]}, "properties": {"from": [75.7886158, 11.2445279], "to": [75.78503318388888, 11.2437957125], "type": "intra-zone"}}, {"type": "Feature", "geometry": {"type": "LineString", "coordinates": [[75.793183, 11.241394], [75.793144, 11.240996]]}, "properties": {"from": [75.7931831, 11.2413942], "to": [75.7931445, 11.2409964], "type": "residential"}}, {"type": "Feature", "geometry": {"type": "LineString", "coordinates": [[75.777803, 11.250699], [75.777796, 11.251434]]}, "properties": {"from": [75.7777959, 11.2514344], "to": [75.7778026, 11.2506995], "type": "residential"}}, {"type": "Feature", "geometry": {"type": "LineString", "coordinates": [[75.775429, 11.246502], [75.775561, 11.246214]]}, "properties": {"from": [75.7754288, 11.2465021], "to": [75.775561, 11.246214], "type": "residential"}}, {"type": "Feature", "geometry": {"type": "LineString", "coordinates": [[75.779303, 11.245019], [75.776554, 11.243155]]}, "properties": {"from": [75.779303, 11.245019], "to": [75.7765542862963, 11.243154998148148], "type": "intra-zone"}}, {"type": "Feature", "geometry": {"type": "LineString", "coordinates": [[75.782731, 11.242689], [75.785033, 11.243796]]}, "properties": {"from": [75.7827315, 11.2426892], "to": [75.78503318388888, 11.2437957125], "type": "intra-zone"}}, {"type": "Feature", "geometry": {"type": "LineString", "coordinates": [[75.776034, 11.253268], [75.77622, 11.253295]]}, "properties": {"from": [75.7762203, 11.2532954], "to": [75.7760345, 11.2532682], "type": "residential"}}, {"type": "Feature", "geometry": {"type": "LineString", "coordinates": [[75.787781, 11.251838], [75.786427, 11.252457]]}, "properties": {"from": [75.7877812, 11.2518382], "to": [75.78642719263158, 11.25245679894737], "type": "intra-zone"}}, {"type": "Feature", "geometry": {"type": "LineString", "coordinates": [[75.78787, 11.243423], [75.785033, 11.243796]]}, "properties": {"from": [75.78787, 11.2434226], "to": [75.78503318388888, 11.2437957125], "type": "intra-zone"}}, {"type": "Feature", "geometry": {"type": "LineString", "coordinates": [[75.783338, 11.252253], [75.783363, 11.252082]]}, "properties": {"from": [75.7833375, 11.2522527], "to": [75.7833628, 11.252082], "type": "primary"}}, {"type": "Feature", "geometry": {"type": "LineString", "coordinates": [[75.792874, 11.241293], [75.792874, 11.241072]]}, "properties": {"from": [75.792874, 11.2412935], "to": [75.792874, 11.2410725], "type": "residential"}}, {"type": "Feature", "geometry": {"type": "LineString", "coordinates": [[75.774952, 11.248997], [75.776641, 11.251004]]}, "properties": {"from": [75.7749523, 11.2489968], "to": [75.77664119651972, 11.251004005336426], "type": "intra-zone"}}, {"type": "Feature", "geometry": {"type": "LineString", "coordinates": [[75.791471, 11.2522], [75.791354, 11.252188]]}, "properties": {"from": [75.7914707, 11.2522], "to": [75.7913536, 11.2521879], "type": "tertiary"}}, {"type": "Feature", "geometry": {"type": "LineString", "coordinates": [[75.779807, 11.242646], [75.779727, 11.242952]]}, "properties": {"from": [75.7798069, 11.2426463], "to": [75.7797271, 11.242952], "type": "residential"}}, {"type": "Feature", "geometry": {"type": "LineString", "coordinates": [[75.776305, 11.248671], [75.775994, 11.248634]]}, "properties": {"from": [75.7763048, 11.2486708], "to": [75.7759937, 11.248634], "type": "residential"}}, {"type": "Feature", "geometry": {"type": "LineString", "coordinates": [[75.784834, 11.252434], [75.784834, 11.252217]]}, "properties": {"from": [75.7848336, 11.2524337], "to": [75.7848336, 11.2522171], "type": "residential"}}, {"type": "Feature", "geometry": {"type": "LineString", "coordinates": [[75.795588, 11.245436], [75.79545, 11.244171]]}, "properties": {"from": [75.7955877, 11.2454362], "to": [75.79545017109974, 11.244170827109974], "type": "intra-zone"}}, {"type": "Feature", "geometry": {"type": "LineString", "coordinates": [[75.782523, 11.2467], [75.782413, 11.246694]]}, "properties": {"from": [75.782523, 11.2467003], "to": [75.7824133, 11.2466944], "type": "tertiary"}}, {"type": "Feature", "geometry": {"type": "LineString", "coordinates": [[75.773204, 11.252325], [75.77267, 11.252283]]}, "properties": {"from": [75.773204, 11.2523248], "to": [75.7726703, 11.2522827], "type": "residential"}}, {"type": "Feature", "geometry": {"type": "LineString", "coordinates": [[75.787458, 11.247356], [75.785033, 11.243796]]}, "properties": {"from": [75.7874576, 11.2473562], "to": [75.78503318388888, 11.2437957125], "type": "intra-zone"}}, {"type": "Feature", "geometry": {"type": "LineString", "coordinates": [[75.781769, 11.246787], [75.785033, 11.243796]]}, "properties": {"from": [75.7817688, 11.2467868], "to": [75.78503318388888, 11.2437957125], "type": "intra-zone"}}, {"type": "Feature", "geometry": {"type": "LineString", "coordinates": [[75.782777, 11.241914], [75.782937, 11.241974]]}, "properties": {"from": [75.7827766, 11.2419137], "to": [75.7829368, 11.2419744], "type": "secondary"}}, {"type": "Feature", "geometry": {"type": "LineString", "coordinates": [[75.792496, 11.25328], [75.792726, 11.252837]]}, "properties": {"from": [75.7924955, 11.25328], "to": [75.7927255, 11.252837], "type": "primary"}}, {"type": "Feature", "geometry": {"type": "LineString", "coordinates": [[75.787356, 11.247348], [75.787313, 11.247348]]}, "properties": {"from": [75.7873557, 11.2473483], "to": [75.7873128, 11.2473483], "type": "residential"}}, {"type": "Feature", "geometry": {"type": "LineString", "coordinates": [[75.780907, 11.248638], [75.776641, 11.251004]]}, "properties": {"from": [75.7809073, 11.2486379], "to": [75.77664119651972, 11.251004005336426], "type": "intra-zone"}}, {"type": "Feature", "geometry": {"type": "LineString", "coordinates": [[75.785974, 11.255467], [75.786427, 11.252457]]}, "properties": {"from": [75.7859737, 11.2554675], "to": [75.78642719263158, 11.25245679894737], "type": "intra-zone"}}, {"type": "Feature", "geometry": {"type": "LineString", "coordinates": [[75.780704, 11.249835], [75.776641, 11.251004]]}, "properties": {"from": [75.7807035, 11.2498345], "to": [75.77664119651972, 11.251004005336426], "type": "intra-zone"}}, {"type": "Feature", "geometry": {"type": "LineString", "coordinates": [[75.786936, 11.244558], [75.785033, 11.243796]]}, "properties": {"from": [75.7869361, 11.2445578], "to": [75.78503318388888, 11.2437957125], "type": "intra-zone"}}, {"type": "Feature", "geometry": {"type": "LineString", "coordinates": [[75.778818, 11.229998], [75.779189, 11.22947]]}, "properties": {"from": [75.778818, 11.2299976], "to": [75.7791889, 11.2294701], "type": "secondary"}}, {"type": "Feature", "geometry": {"type": "LineString", "coordinates": [[75.776026, 11.24717], [75.776546, 11.247249]]}, "properties": {"from": [75.7760258, 11.2471705], "to": [75.7765462, 11.2472494], "type": "residential"}}, {"type": "Feature", "geometry": {"type": "LineString", "coordinates": [[75.796866, 11.252441], [75.79688, 11.252635]]}, "properties": {"from": [75.7968795, 11.2526354], "to": [75.7968664, 11.252441], "type": "residential"}}, {"type": "Feature", "geometry": {"type": "LineString", "coordinates": [[75.792078, 11.247838], [75.796031, 11.249704]]}, "properties": {"from": [75.7920782, 11.2478383], "to": [75.79603117340068, 11.249703834006734], "type": "intra-zone"}}, {"type": "Feature", "geometry": {"type": "LineString", "coordinates": [[75.788649, 11.244938], [75.788743, 11.244986]]}, "properties": {"from": [75.7886494, 11.2449382], "to": [75.7887428, 11.2449858], "type": "residential"}}, {"type": "Feature", "geometry": {"type": "LineString", "coordinates": [[75.797115, 11.252446], [75.796944, 11.252443]]}, "properties": {"from": [75.7971152, 11.2524458], "to": [75.7969436, 11.2524433], "type": "residential"}}, {"type": "Feature", "geometry": {"type": "LineString", "coordinates": [[75.791561, 11.258904], [75.786427, 11.252457]]}, "properties": {"from": [75.7915609, 11.2589043], "to": [75.78642719263158, 11.25245679894737], "type": "intra-zone"}}, {"type": "Feature", "geometry": {"type": "LineString", "coordinates": [[75.774481, 11.2468], [75.774171, 11.24679]]}, "properties": {"from": [75.7744808, 11.2468004], "to": [75.7741707, 11.2467903], "type": "residential"}}, {"type": "Feature", "geometry": {"type": "LineString", "coordinates": [[75.798378, 11.248083], [75.796031, 11.249704]]}, "properties": {"from": [75.7983781, 11.2480832], "to": [75.79603117340068, 11.249703834006734], "type": "intra-zone"}}, {"type": "Feature", "geometry": {"type": "LineString", "coordinates": [[75.792446, 11.24145], [75.79246, 11.24139]]}, "properties": {"from": [75.7924462, 11.2414499], "to": [75.7924597, 11.2413903], "type": "residential"}}, {"type": "Feature", "geometry": {"type": "LineString", "coordinates": [[75.796797, 11.243019], [75.796824, 11.243012]]}, "properties": {"from": [75.7967973, 11.2430194], "to": [75.7968241, 11.2430116], "type": "tertiary"}}, {"type": "Feature", "geometry": {"type": "LineString", "coordinates": [[75.785927, 11.251096], [75.785895, 11.251018]]}, "properties": {"from": [75.7859274, 11.2510962], "to": [75.7858947, 11.2510183], "type": "residential"}}, {"type": "Feature", "geometry": {"type": "LineString", "coordinates": [[75.795714, 11.247153], [75.795702, 11.2471]]}, "properties": {"from": [75.7957141, 11.2471528], "to": [75.7957017, 11.2471001], "type": "residential"}}, {"type": "Feature", "geometry": {"type": "LineString", "coordinates": [[75.79619, 11.249316], [75.796031, 11.249704]]}, "properties": {"from": [75.7961905, 11.2493158], "to": [75.79603117340068, 11.249703834006734], "type": "intra-zone"}}, {"type": "Feature", "geometry": {"type": "LineString", "coordinates": [[75.790955, 11.243995], [75.79545, 11.244171]]}, "properties": {"from": [75.7909546, 11.2439954], "to": [75.79545017109974, 11.244170827109974], "type": "intra-zone"}}, {"type": "Feature", "geometry": {"type": "LineString", "coordinates": [[75.781552, 11.254368], [75.786427, 11.252457]]}, "properties": {"from": [75.7815523, 11.254368], "to": [75.78642719263158, 11.25245679894737], "type": "intra-zone"}}, {"type": "Feature", "geometry": {"type": "LineString", "coordinates": [[75.785586, 11.243013], [75.785664, 11.243004]]}, "properties": {"from": [75.7855858, 11.2430131], "to": [75.7856636, 11.2430044], "type": "secondary"}}, {"type": "Feature", "geometry": {"type": "LineString", "coordinates": [[75.796872, 11.242998], [75.79545, 11.244171]]}, "properties": {"from": [75.7968724, 11.2429984], "to": [75.79545017109974, 11.244170827109974], "type": "intra-zone"}}, {"type": "Feature", "geometry": {"type": "LineString", "coordinates": [[75.795045, 11.242235], [75.79504, 11.24223]]}, "properties": {"from": [75.7950451, 11.2422352], "to": [75.7950405, 11.24223], "type": "residential"}}, {"type": "Feature", "geometry": {"type": "LineString", "coordinates": [[75.792489, 11.241227], [75.79545, 11.244171]]}, "properties": {"from": [75.7924889, 11.2412272], "to": [75.79545017109974, 11.244170827109974], "type": "intra-zone"}}, {"type": "Feature", "geometry": {"type": "LineString", "coordinates": [[75.77956, 11.243237], [75.779257, 11.243244]]}, "properties": {"from": [75.7795599, 11.2432374], "to": [75.7792568, 11.243244], "type": "residential"}}, {"type": "Feature", "geometry": {"type": "LineString", "coordinates": [[75.796523, 11.246121], [75.79545, 11.244171]]}, "properties": {"from": [75.7965234, 11.2461209], "to": [75.79545017109974, 11.244170827109974], "type": "intra-zone"}}, {"type": "Feature", "geometry": {"type": "LineString", "coordinates": [[75.78925, 11.254065], [75.788984, 11.254013]]}, "properties": {"from": [75.7889845, 11.2540126], "to": [75.7892505, 11.2540645], "type": "residential"}}, {"type": "Feature", "geometry": {"type": "LineString", "coordinates": [[75.78529, 11.243172], [75.785033, 11.243796]]}, "properties": {"from": [75.78529, 11.2431717], "to": [75.78503318388888, 11.2437957125], "type": "intra-zone"}}, {"type": "Feature", "geometry": {"type": "LineString", "coordinates": [[75.797293, 11.248868], [75.796031, 11.249704]]}, "properties": {"from": [75.797293, 11.2488682], "to": [75.79603117340068, 11.249703834006734], "type": "intra-zone"}}, {"type": "Feature", "geometry": {"type": "LineString", "coordinates": [[75.783042, 11.246292], [75.783121, 11.246291]]}, "properties": {"from": [75.7830425, 11.2462922], "to": [75.7831208, 11.2462912], "type": "residential"}}, {"type": "Feature", "geometry": {"type": "LineString", "coordinates": [[75.783016, 11.253073], [75.786427, 11.252457]]}, "properties": {"from": [75.7830155, 11.2530731], "to": [75.78642719263158, 11.25245679894737], "type": "intra-zone"}}, {"type": "Feature", "geometry": {"type": "LineString", "coordinates": [[75.77543, 11.249772], [75.776641, 11.251004]]}, "properties": {"from": [75.7754304, 11.2497724], "to": [75.77664119651972, 11.251004005336426], "type": "intra-zone"}}, {"type": "Feature", "geometry": {"type": "LineString", "coordinates": [[75.777195, 11.239788], [75.776554, 11.243155]]}, "properties": {"from": [75.777195, 11.2397878], "to": [75.7765542862963, 11.243154998148148], "type": "intra-zone"}}, {"type": "Feature", "geometry": {"type": "LineString", "coordinates": [[75.783948, 11.248816], [75.784423, 11.247726]]}, "properties": {"from": [75.7839484, 11.2488161], "to": [75.7844225, 11.247726], "type": "primary"}}, {"type": "Feature", "geometry": {"type": "LineString", "coordinates": [[75.782796, 11.243927], [75.782785, 11.243835]]}, "properties": {"from": [75.7827959, 11.2439267], "to": [75.7827852, 11.2438349], "type": "residential"}}, {"type": "Feature", "geometry": {"type": "LineString", "coordinates": [[75.774368, 11.240926], [75.774566, 11.240128]]}, "properties": {"from": [75.7743682, 11.240926], "to": [75.7745662, 11.2401281], "type": "secondary"}}, {"type": "Feature", "geometry": {"type": "LineString", "coordinates": [[75.791183, 11.24284], [75.791445, 11.242602]]}, "properties": {"from": [75.7911829, 11.2428399], "to": [75.7914447, 11.2426016], "type": "secondary"}}, {"type": "Feature", "geometry": {"type": "LineString", "coordinates": [[75.779027, 11.25143], [75.77938, 11.251419]]}, "properties": {"from": [75.7790267, 11.2514303], "to": [75.7793797, 11.2514188], "type": "tertiary"}}, {"type": "Feature", "geometry": {"type": "LineString", "coordinates": [[75.783595, 11.249949], [75.783525, 11.250265]]}, "properties": {"from": [75.7835947, 11.2499492], "to": [75.7835247, 11.2502647], "type": "primary"}}, {"type": "Feature", "geometry": {"type": "LineString", "coordinates": [[75.779252, 11.255153], [75.776641, 11.251004]]}, "properties": {"from": [75.7792523, 11.2551526], "to": [75.77664119651972, 11.251004005336426], "type": "intra-zone"}}, {"type": "Feature", "geometry": {"type": "LineString", "coordinates": [[75.778753, 11.252282], [75.776641, 11.251004]]}, "properties": {"from": [75.7787531, 11.252282], "to": [75.77664119651972, 11.251004005336426], "type": "intra-zone"}}, {"type": "Feature", "geometry": {"type": "LineString", "coordinates": [[75.779688, 11.251423], [75.776641, 11.251004]]}, "properties": {"from": [75.7796884, 11.2514225], "to": [75.77664119651972, 11.251004005336426], "type": "intra-zone"}}, {"type": "Feature", "geometry": {"type": "LineString", "coordinates": [[75.783048, 11.246541], [75.785033, 11.243796]]}, "properties": {"from": [75.7830477, 11.2465413], "to": [75.78503318388888, 11.2437957125], "type": "intra-zone"}}, {"type": "Feature", "geometry": {"type": "LineString", "coordinates": [[75.782103, 11.245264], [75.781638, 11.245256]]}, "properties": {"from": [75.7816383, 11.2452564], "to": [75.7821033, 11.2452644], "type": "tertiary"}}, {"type": "Feature", "geometry": {"type": "LineString", "coordinates": [[75.797714, 11.247068], [75.796031, 11.249704]]}, "properties": {"from": [75.7977141, 11.247068], "to": [75.79603117340068, 11.249703834006734], "type": "intra-zone"}}, {"type": "Feature", "geometry": {"type": "LineString", "coordinates": [[75.775847, 11.241602], [75.775909, 11.241602]]}, "properties": {"from": [75.7758473, 11.2416021], "to": [75.775909, 11.2416021], "type": "residential"}}, {"type": "Feature", "geometry": {"type": "LineString", "coordinates": [[75.786614, 11.242224], [75.785033, 11.243796]]}, "properties": {"from": [75.7866138, 11.2422238], "to": [75.78503318388888, 11.2437957125], "type": "intra-zone"}}, {"type": "Feature", "geometry": {"type": "LineString", "coordinates": [[75.78219, 11.246093], [75.785033, 11.243796]]}, "properties": {"from": [75.7821901, 11.2460934], "to": [75.78503318388888, 11.2437957125], "type": "intra-zone"}}, {"type": "Feature", "geometry": {"type": "LineString", "coordinates": [[75.782731, 11.242682], [75.785033, 11.243796]]}, "properties": {"from": [75.7827315, 11.2426824], "to": [75.78503318388888, 11.2437957125], "type": "intra-zone"}}, {"type": "Feature", "geometry": {"type": "LineString", "coordinates": [[75.79039, 11.253576], [75.786427, 11.252457]]}, "properties": {"from": [75.7903895, 11.2535759], "to": [75.78642719263158, 11.25245679894737], "type": "intra-zone"}}, {"type": "Feature", "geometry": {"type": "LineString", "coordinates": [[75.79348, 11.241738], [75.793571, 11.241684]]}, "properties": {"from": [75.7934796, 11.2417376], "to": [75.7935713, 11.2416837], "type": "secondary"}}, {"type": "Feature", "geometry": {"type": "LineString", "coordinates": [[75.777533, 11.254179], [75.776641, 11.251004]]}, "properties": {"from": [75.7775327, 11.2541786], "to": [75.77664119651972, 11.251004005336426], "type": "intra-zone"}}, {"type": "Feature", "geometry": {"type": "LineString", "coordinates": [[75.781721, 11.241486], [75.785033, 11.243796]]}, "properties": {"from": [75.781721, 11.2414862], "to": [75.78503318388888, 11.2437957125], "type": "intra-zone"}}, {"type": "Feature", "geometry": {"type": "LineString", "coordinates": [[75.795172, 11.244046], [75.79518, 11.243942]]}, "properties": {"from": [75.7951716, 11.2440455], "to": [75.7951796, 11.2439424], "type": "residential"}}, {"type": "Feature", "geometry": {"type": "LineString", "coordinates": [[75.774325, 11.250618], [75.776641, 11.251004]]}, "properties": {"from": [75.7743253, 11.2506175], "to": [75.77664119651972, 11.251004005336426], "type": "intra-zone"}}, {"type": "Feature", "geometry": {"type": "LineString", "coordinates": [[75.790704, 11.246526], [75.79545, 11.244171]]}, "properties": {"from": [75.7907038, 11.2465256], "to": [75.79545017109974, 11.244170827109974], "type": "intra-zone"}}, {"type": "Feature", "geometry": {"type": "LineString", "coordinates": [[75.787523, 11.242946], [75.787939, 11.242957]]}, "properties": {"from": [75.7875233, 11.2429462], "to": [75.787939, 11.2429572], "type": "secondary"}}, {"type": "Feature", "geometry": {"type": "LineString", "coordinates": [[75.792639, 11.247857], [75.796031, 11.249704]]}, "properties": {"from": [75.7926394, 11.2478567], "to": [75.79603117340068, 11.249703834006734], "type": "intra-zone"}}, {"type": "Feature", "geometry": {"type": "LineString", "coordinates": [[75.796617, 11.249153], [75.796031, 11.249704]]}, "properties": {"from": [75.7966175, 11.249153], "to": [75.79603117340068, 11.249703834006734], "type": "intra-zone"}}, {"type": "Feature", "geometry": {"type": "LineString", "coordinates": [[75.788379, 11.242749], [75.788556, 11.242704]]}, "properties": {"from": [75.7883787, 11.242749], "to": [75.7885559, 11.2427038], "type": "secondary"}}, {"type": "Feature", "geometry": {"type": "LineString", "coordinates": [[75.77416, 11.25165], [75.774394, 11.251638]]}, "properties": {"from": [75.77416, 11.25165], "to": [75.7743943, 11.2516382], "type": "secondary"}}, {"type": "Feature", "geometry": {"type": "LineString", "coordinates": [[75.793432, 11.241614], [75.79348, 11.241738]]}, "properties": {"from": [75.7934796, 11.2417376], "to": [75.7934317, 11.2416144], "type": "residential"}}, {"type": "Feature", "geometry": {"type": "LineString", "coordinates": [[75.775429, 11.246502], [75.776554, 11.243155]]}, "properties": {"from": [75.7754288, 11.2465021], "to": [75.7765542862963, 11.243154998148148], "type": "intra-zone"}}, {"type": "Feature", "geometry": {"type": "LineString", "coordinates": [[75.77781, 11.242425], [75.777988, 11.241796]]}, "properties": {"from": [75.7778097, 11.2424254], "to": [75.7779878, 11.2417957], "type": "residential"}}, {"type": "Feature", "geometry": {"type": "LineString", "coordinates": [[75.773259, 11.25212], [75.773273, 11.252079]]}, "properties": {"from": [75.7732593, 11.2521204], "to": [75.7732729, 11.2520787], "type": "residential"}}, {"type": "Feature", "geometry": {"type": "LineString", "coordinates": [[75.790547, 11.251533], [75.79058, 11.251091]]}, "properties": {"from": [75.7905473, 11.2515329], "to": [75.7905795, 11.2510909], "type": "residential"}}, {"type": "Feature", "geometry": {"type": "LineString", "coordinates": [[75.77742, 11.244071], [75.777439, 11.243849]]}, "properties": {"from": [75.7774197, 11.2440713], "to": [75.7774394, 11.2438488], "type": "residential"}}, {"type": "Feature", "geometry": {"type": "LineString", "coordinates": [[75.781461, 11.24678], [75.785033, 11.243796]]}, "properties": {"from": [75.7814613, 11.2467798], "to": [75.78503318388888, 11.2437957125], "type": "intra-zone"}}, {"type": "Feature", "geometry": {"type": "LineString", "coordinates": [[75.797712, 11.248722], [75.796031, 11.249704]]}, "properties": {"from": [75.7977121, 11.2487225], "to": [75.79603117340068, 11.249703834006734], "type": "intra-zone"}}, {"type": "Feature", "geometry": {"type": "LineString", "coordinates": [[75.786684, 11.253337], [75.786427, 11.252457]]}, "properties": {"from": [75.7866844, 11.2533366], "to": [75.78642719263158, 11.25245679894737], "type": "intra-zone"}}, {"type": "Feature", "geometry": {"type": "LineString", "coordinates": [[75.774636, 11.239893], [75.774743, 11.239534]]}, "properties": {"from": [75.7746362, 11.239893], "to": [75.7747432, 11.2395335], "type": "secondary"}}, {"type": "Feature", "geometry": {"type": "LineString", "coordinates": [[75.785586, 11.243013], [75.785033, 11.243796]]}, "properties": {"from": [75.7855858, 11.2430131], "to": [75.78503318388888, 11.2437957125], "type": "intra-zone"}}, {"type": "Feature", "geometry": {"type": "LineString", "coordinates": [[75.776471, 11.244293], [75.776554, 11.243155]]}, "properties": {"from": [75.7764711, 11.2442933], "to": [75.7765542862963, 11.243154998148148], "type": "intra-zone"}}, {"type": "Feature", "geometry": {"type": "LineString", "coordinates": [[75.780654, 11.255333], [75.776641, 11.251004]]}, "properties": {"from": [75.7806539, 11.2553329], "to": [75.77664119651972, 11.251004005336426], "type": "intra-zone"}}, {"type": "Feature", "geometry": {"type": "LineString", "coordinates": [[75.804601, 11.238949], [75.804507, 11.239306]]}, "properties": {"from": [75.8046008, 11.2389487], "to": [75.8045074, 11.2393055], "type": "primary"}}, {"type": "Feature", "geometry": {"type": "LineString", "coordinates": [[75.784549, 11.247085], [75.785033, 11.243796]]}, "properties": {"from": [75.784549, 11.2470851], "to": [75.78503318388888, 11.2437957125], "type": "intra-zone"}}, {"type": "Feature", "geometry": {"type": "LineString", "coordinates": [[75.790811, 11.252143], [75.790547, 11.2521]]}, "properties": {"from": [75.7908106, 11.2521433], "to": [75.7905473, 11.2520999], "type": "tertiary"}}, {"type": "Feature", "geometry": {"type": "LineString", "coordinates": [[75.777169, 11.245161], [75.777131, 11.245119]]}, "properties": {"from": [75.7771686, 11.2451606], "to": [75.7771311, 11.2451185], "type": "residential"}}, {"type": "Feature", "geometry": {"type": "LineString", "coordinates": [[75.7795, 11.253716], [75.776641, 11.251004]]}, "properties": {"from": [75.7795005, 11.2537163], "to": [75.77664119651972, 11.251004005336426], "type": "intra-zone"}}, {"type": "Feature", "geometry": {"type": "LineString", "coordinates": [[75.797483, 11.247615], [75.796031, 11.249704]]}, "properties": {"from": [75.7974834, 11.2476152], "to": [75.79603117340068, 11.249703834006734], "type": "intra-zone"}}, {"type": "Feature", "geometry": {"type": "LineString", "coordinates": [[75.783748, 11.25443], [75.783788, 11.254304]]}, "properties": {"from": [75.783748, 11.25443], "to": [75.7837877, 11.254304], "type": "residential"}}, {"type": "Feature", "geometry": {"type": "LineString", "coordinates": [[75.784182, 11.246692], [75.784099, 11.24669]]}, "properties": {"from": [75.7841819, 11.2466921], "to": [75.7840988, 11.2466904], "type": "tertiary"}}, {"type": "Feature", "geometry": {"type": "LineString", "coordinates": [[75.787835, 11.243486], [75.785033, 11.243796]]}, "properties": {"from": [75.7878353, 11.2434856], "to": [75.78503318388888, 11.2437957125], "type": "intra-zone"}}, {"type": "Feature", "geometry": {"type": "LineString", "coordinates": [[75.790559, 11.250706], [75.790558, 11.250665]]}, "properties": {"from": [75.7905592, 11.2507064], "to": [75.790558, 11.2506647], "type": "residential"}}, {"type": "Feature", "geometry": {"type": "LineString", "coordinates": [[75.795749, 11.247611], [75.795789, 11.247613]]}, "properties": {"from": [75.795749, 11.2476106], "to": [75.7957892, 11.2476132], "type": "residential"}}, {"type": "Feature", "geometry": {"type": "LineString", "coordinates": [[75.795298, 11.245424], [75.79545, 11.244171]]}, "properties": {"from": [75.795298, 11.2454237], "to": [75.79545017109974, 11.244170827109974], "type": "intra-zone"}}, {"type": "Feature", "geometry": {"type": "LineString", "coordinates": [[75.787598, 11.252081], [75.787727, 11.251905]]}, "properties": {"from": [75.7875975, 11.2520811], "to": [75.787727, 11.2519053], "type": "secondary"}}, {"type": "Feature", "geometry": {"type": "LineString", "coordinates": [[75.77622, 11.253295], [75.776641, 11.251004]]}, "properties": {"from": [75.7762203, 11.2532954], "to": [75.77664119651972, 11.251004005336426], "type": "intra-zone"}}, {"type": "Feature", "geometry": {"type": "LineString", "coordinates": [[75.787333, 11.24214], [75.787354, 11.241926]]}, "properties": {"from": [75.7873334, 11.2421405], "to": [75.7873538, 11.2419263], "type": "residential"}}, {"type": "Feature", "geometry": {"type": "LineString", "coordinates": [[75.786078, 11.25259], [75.786169, 11.251612]]}, "properties": {"from": [75.7860782, 11.2525897], "to": [75.7861694, 11.2516119], "type": "residential"}}, {"type": "Feature", "geometry": {"type": "LineString", "coordinates": [[75.793421, 11.241088], [75.79545, 11.244171]]}, "properties": {"from": [75.793421, 11.2410883], "to": [75.79545017109974, 11.244170827109974], "type": "intra-zone"}}, {"type": "Feature", "geometry": {"type": "LineString", "coordinates": [[75.780744, 11.250824], [75.776641, 11.251004]]}, "properties": {"from": [75.7807437, 11.2508236], "to": [75.77664119651972, 11.251004005336426], "type": "intra-zone"}}, {"type": "Feature", "geometry": {"type": "LineString", "coordinates": [[75.782731, 11.242689], [75.782731, 11.242682]]}, "properties": {"from": [75.7827315, 11.2426892], "to": [75.7827315, 11.2426824], "type": "residential"}}, {"type": "Feature", "geometry": {"type": "LineString", "coordinates": [[75.787961, 11.247675], [75.785033, 11.243796]]}, "properties": {"from": [75.7879608, 11.2476752], "to": [75.78503318388888, 11.2437957125], "type": "intra-zone"}}, {"type": "Feature", "geometry": {"type": "LineString", "coordinates": [[75.795139, 11.243777], [75.79545, 11.244171]]}, "properties": {"from": [75.7951393, 11.2437767], "to": [75.79545017109974, 11.244170827109974], "type": "intra-zone"}}, {"type": "Feature", "geometry": {"type": "LineString", "coordinates": [[75.773784, 11.250184], [75.776641, 11.251004]]}, "properties": {"from": [75.7737839, 11.2501835], "to": [75.77664119651972, 11.251004005336426], "type": "intra-zone"}}, {"type": "Feature", "geometry": {"type": "LineString", "coordinates": [[75.797467, 11.248171], [75.797459, 11.248226]]}, "properties": {"from": [75.7974673, 11.2481711], "to": [75.7974593, 11.2482264], "type": "residential"}}, {"type": "Feature", "geometry": {"type": "LineString", "coordinates": [[75.77416, 11.25165], [75.776641, 11.251004]]}, "properties": {"from": [75.77416, 11.25165], "to": [75.77664119651972, 11.251004005336426], "type": "intra-zone"}}, {"type": "Feature", "geometry": {"type": "LineString", "coordinates": [[75.785705, 11.249639], [75.785473, 11.249469]]}, "properties": {"from": [75.7857048, 11.2496391], "to": [75.7854728, 11.249469], "type": "secondary"}}, {"type": "Feature", "geometry": {"type": "LineString", "coordinates": [[75.795874, 11.245451], [75.79545, 11.244171]]}, "properties": {"from": [75.7958743, 11.2454505], "to": [75.79545017109974, 11.244170827109974], "type": "intra-zone"}}, {"type": "Feature", "geometry": {"type": "LineString", "coordinates": [[75.795549, 11.247454], [75.795702, 11.2471]]}, "properties": {"from": [75.7957017, 11.2471001], "to": [75.7955491, 11.2474544], "type": "residential"}}, {"type": "Feature", "geometry": {"type": "LineString", "coordinates": [[75.796617, 11.246049], [75.796494, 11.246046]]}, "properties": {"from": [75.796617, 11.2460487], "to": [75.7964942, 11.2460463], "type": "residential"}}, {"type": "Feature", "geometry": {"type": "LineString", "coordinates": [[75.793678, 11.25242], [75.793539, 11.252466]]}, "properties": {"from": [75.7936783, 11.2524201], "to": [75.7935393, 11.2524664], "type": "primary"}}, {"type": "Feature", "geometry": {"type": "LineString", "coordinates": [[75.783144, 11.24539], [75.785033, 11.243796]]}, "properties": {"from": [75.7831437, 11.2453898], "to": [75.78503318388888, 11.2437957125], "type": "intra-zone"}}, {"type": "Feature", "geometry": {"type": "LineString", "coordinates": [[75.787678, 11.24171], [75.7876, 11.241713]]}, "properties": {"from": [75.7876784, 11.2417102], "to": [75.7875997, 11.2417132], "type": "residential"}}, {"type": "Feature", "geometry": {"type": "LineString", "coordinates": [[75.774733, 11.248463], [75.774735, 11.248444]]}, "properties": {"from": [75.7747329, 11.248463], "to": [75.774735, 11.2484438], "type": "residential"}}, {"type": "Feature", "geometry": {"type": "LineString", "coordinates": [[75.779151, 11.255507], [75.779118, 11.255546]]}, "properties": {"from": [75.7791511, 11.2555071], "to": [75.7791182, 11.2555459], "type": "primary"}}, {"type": "Feature", "geometry": {"type": "LineString", "coordinates": [[75.774389, 11.250248], [75.774095, 11.250207]]}, "properties": {"from": [75.7743894, 11.2502476], "to": [75.7740946, 11.2502072], "type": "residential"}}, {"type": "Feature", "geometry": {"type": "LineString", "coordinates": [[75.7964, 11.25], [75.796346, 11.249982]]}, "properties": {"from": [75.7963996, 11.25], "to": [75.7963462, 11.2499817], "type": "residential"}}, {"type": "Feature", "geometry": {"type": "LineString", "coordinates": [[75.795568, 11.246546], [75.79545, 11.244171]]}, "properties": {"from": [75.7955682, 11.2465459], "to": [75.79545017109974, 11.244170827109974], "type": "intra-zone"}}, {"type": "Feature", "geometry": {"type": "LineString", "coordinates": [[75.795722, 11.247942], [75.795725, 11.2479]]}, "properties": {"from": [75.7957221, 11.247942], "to": [75.7957248, 11.2478999], "type": "residential"}}, {"type": "Feature", "geometry": {"type": "LineString", "coordinates": [[75.778273, 11.246972], [75.776554, 11.243155]]}, "properties": {"from": [75.7782729, 11.246972], "to": [75.7765542862963, 11.243154998148148], "type": "intra-zone"}}, {"type": "Feature", "geometry": {"type": "LineString", "coordinates": [[75.790558, 11.250665], [75.790378, 11.250658]]}, "properties": {"from": [75.790558, 11.2506647], "to": [75.7903784, 11.2506582], "type": "residential"}}, {"type": "Feature", "geometry": {"type": "LineString", "coordinates": [[75.787775, 11.251868], [75.786427, 11.252457]]}, "properties": {"from": [75.7877747, 11.2518682], "to": [75.78642719263158, 11.25245679894737], "type": "intra-zone"}}, {"type": "Feature", "geometry": {"type": "LineString", "coordinates": [[75.772904, 11.254027], [75.772724, 11.254039]]}, "properties": {"from": [75.7729036, 11.2540269], "to": [75.7727244, 11.2540391], "type": "residential"}}, {"type": "Feature", "geometry": {"type": "LineString", "coordinates": [[75.796811, 11.24636], [75.796811, 11.246295]]}, "properties": {"from": [75.7968107, 11.2463605], "to": [75.7968107, 11.2462947], "type": "tertiary"}}, {"type": "Feature", "geometry": {"type": "LineString", "coordinates": [[75.776769, 11.253714], [75.776723, 11.253614]]}, "properties": {"from": [75.7767687, 11.2537138], "to": [75.7767231, 11.2536139], "type": "residential"}}, {"type": "Feature", "geometry": {"type": "LineString", "coordinates": [[75.796811, 11.246295], [75.79545, 11.244171]]}, "properties": {"from": [75.7968107, 11.2462947], "to": [75.79545017109974, 11.244170827109974], "type": "intra-zone"}}, {"type": "Feature", "geometry": {"type": "LineString", "coordinates": [[75.786389, 11.253398], [75.786427, 11.252457]]}, "properties": {"from": [75.7863892, 11.2533975], "to": [75.78642719263158, 11.25245679894737], "type": "intra-zone"}}, {"type": "Feature", "geometry": {"type": "LineString", "coordinates": [[75.77856, 11.242575], [75.776554, 11.243155]]}, "properties": {"from": [75.7785603, 11.2425754], "to": [75.7765542862963, 11.243154998148148], "type": "intra-zone"}}, {"type": "Feature", "geometry": {"type": "LineString", "coordinates": [[75.784283, 11.246697], [75.785033, 11.243796]]}, "properties": {"from": [75.7842828, 11.2466974], "to": [75.78503318388888, 11.2437957125], "type": "intra-zone"}}, {"type": "Feature", "geometry": {"type": "LineString", "coordinates": [[75.782899, 11.240773], [75.782811, 11.240642]]}, "properties": {"from": [75.7828985, 11.2407729], "to": [75.7828114, 11.2406424], "type": "residential"}}, {"type": "Feature", "geometry": {"type": "LineString", "coordinates": [[75.772636, 11.249044], [75.776641, 11.251004]]}, "properties": {"from": [75.7726355, 11.2490444], "to": [75.77664119651972, 11.251004005336426], "type": "intra-zone"}}, {"type": "Feature", "geometry": {"type": "LineString", "coordinates": [[75.776718, 11.248563], [75.776731, 11.248283]]}, "properties": {"from": [75.7767179, 11.248563], "to": [75.7767308, 11.2482833], "type": "residential"}}, {"type": "Feature", "geometry": {"type": "LineString", "coordinates": [[75.791549, 11.24324], [75.791228, 11.243261]]}, "properties": {"from": [75.7915494, 11.2432401], "to": [75.7912276, 11.2432612], "type": "residential"}}, {"type": "Feature", "geometry": {"type": "LineString", "coordinates": [[75.797392, 11.248892], [75.797384, 11.248952]]}, "properties": {"from": [75.7973922, 11.2488919], "to": [75.7973842, 11.2489524], "type": "residential"}}, {"type": "Feature", "geometry": {"type": "LineString", "coordinates": [[75.778518, 11.240269], [75.778823, 11.239887]]}, "properties": {"from": [75.7785176, 11.2402689], "to": [75.7788234, 11.2398869], "type": "residential"}}, {"type": "Feature", "geometry": {"type": "LineString", "coordinates": [[75.779534, 11.253716], [75.776641, 11.251004]]}, "properties": {"from": [75.7795343, 11.2537163], "to": [75.77664119651972, 11.251004005336426], "type": "intra-zone"}}, {"type": "Feature", "geometry": {"type": "LineString", "coordinates": [[75.793983, 11.247922], [75.796031, 11.249704]]}, "properties": {"from": [75.7939832, 11.247922], "to": [75.79603117340068, 11.249703834006734], "type": "intra-zone"}}, {"type": "Feature", "geometry": {"type": "LineString", "coordinates": [[75.798963, 11.248727], [75.798365, 11.249681]]}, "properties": {"from": [75.7989628, 11.2487275], "to": [75.7983654, 11.2496805], "type": "primary"}}, {"type": "Feature", "geometry": {"type": "LineString", "coordinates": [[75.771203, 11.251686], [75.771395, 11.251214]]}, "properties": {"from": [75.771395, 11.2512144], "to": [75.7712032, 11.2516856], "type": "secondary"}}, {"type": "Feature", "geometry": {"type": "LineString", "coordinates": [[75.775404, 11.250028], [75.776641, 11.251004]]}, "properties": {"from": [75.7754036, 11.2500283], "to": [75.77664119651972, 11.251004005336426], "type": "intra-zone"}}, {"type": "Feature", "geometry": {"type": "LineString", "coordinates": [[75.783237, 11.245332], [75.783164, 11.245327]]}, "properties": {"from": [75.7832372, 11.2453322], "to": [75.7831637, 11.2453266], "type": "tertiary"}}, {"type": "Feature", "geometry": {"type": "LineString", "coordinates": [[75.79615, 11.248871], [75.796031, 11.249704]]}, "properties": {"from": [75.7961503, 11.2488712], "to": [75.79603117340068, 11.249703834006734], "type": "intra-zone"}}, {"type": "Feature", "geometry": {"type": "LineString", "coordinates": [[75.777946, 11.247891], [75.776641, 11.251004]]}, "properties": {"from": [75.7779461, 11.2478908], "to": [75.77664119651972, 11.251004005336426], "type": "intra-zone"}}, {"type": "Feature", "geometry": {"type": "LineString", "coordinates": [[75.79912, 11.245246], [75.79545, 11.244171]]}, "properties": {"from": [75.7991201, 11.2452458], "to": [75.79545017109974, 11.244170827109974], "type": "intra-zone"}}, {"type": "Feature", "geometry": {"type": "LineString", "coordinates": [[75.793983, 11.247922], [75.794014, 11.248264]]}, "properties": {"from": [75.7939832, 11.247922], "to": [75.7940143, 11.2482642], "type": "residential"}}, {"type": "Feature", "geometry": {"type": "LineString", "coordinates": [[75.788558, 11.244919], [75.788649, 11.244938]]}, "properties": {"from": [75.7885577, 11.244919], "to": [75.7886494, 11.2449382], "type": "residential"}}, {"type": "Feature", "geometry": {"type": "LineString", "coordinates": [[75.773496, 11.251589], [75.776641, 11.251004]]}, "properties": {"from": [75.7734957, 11.2515894], "to": [75.77664119651972, 11.251004005336426], "type": "intra-zone"}}, {"type": "Feature", "geometry": {"type": "LineString", "coordinates": [[75.786269, 11.23991], [75.786363, 11.239687]]}, "properties": {"from": [75.7862694, 11.2399096], "to": [75.7863631, 11.2396871], "type": "primary"}}, {"type": "Feature", "geometry": {"type": "LineString", "coordinates": [[75.785153, 11.244271], [75.785033, 11.243796]]}, "properties": {"from": [75.7851526, 11.2442712], "to": [75.78503318388888, 11.2437957125], "type": "intra-zone"}}, {"type": "Feature", "geometry": {"type": "LineString", "coordinates": [[75.795754, 11.247171], [75.795714, 11.247153]]}, "properties": {"from": [75.7957543, 11.2471712], "to": [75.7957141, 11.2471528], "type": "residential"}}, {"type": "Feature", "geometry": {"type": "LineString", "coordinates": [[75.776641, 11.251004], [75.785033, 11.243796]]}, "properties": {"from": [75.77664119651972, 11.251004005336426], "to": [75.78503318388888, 11.2437957125], "type": "inter-zone"}}, {"type": "Feature", "geometry": {"type": "LineString", "coordinates": [[75.793181, 11.252586], [75.792982, 11.252674]]}, "properties": {"from": [75.7929823, 11.2526737], "to": [75.7931812, 11.2525858], "type": "primary"}}, {"type": "Feature", "geometry": {"type": "LineString", "coordinates": [[75.774348, 11.253796], [75.776641, 11.251004]]}, "properties": {"from": [75.774348, 11.2537959], "to": [75.77664119651972, 11.251004005336426], "type": "intra-zone"}}, {"type": "Feature", "geometry": {"type": "LineString", "coordinates": [[75.787963, 11.251526], [75.787867, 11.251672]]}, "properties": {"from": [75.7879634, 11.251526], "to": [75.7878668, 11.251672], "type": "residential"}}, {"type": "Feature", "geometry": {"type": "LineString", "coordinates": [[75.785528, 11.251336], [75.785315, 11.251285]]}, "properties": {"from": [75.7855282, 11.2513356], "to": [75.7853147, 11.2512851], "type": "residential"}}, {"type": "Feature", "geometry": {"type": "LineString", "coordinates": [[75.791403, 11.259089], [75.786427, 11.252457]]}, "properties": {"from": [75.7914031, 11.2590888], "to": [75.78642719263158, 11.25245679894737], "type": "intra-zone"}}, {"type": "Feature", "geometry": {"type": "LineString", "coordinates": [[75.787963, 11.251526], [75.786427, 11.252457]]}, "properties": {"from": [75.7879634, 11.251526], "to": [75.78642719263158, 11.25245679894737], "type": "intra-zone"}}, {"type": "Feature", "geometry": {"type": "LineString", "coordinates": [[75.804824, 11.238095], [75.804787, 11.238403]]}, "properties": {"from": [75.8048245, 11.2380952], "to": [75.8047874, 11.2384031], "type": "primary"}}, {"type": "Feature", "geometry": {"type": "LineString", "coordinates": [[75.776183, 11.248969], [75.776641, 11.251004]]}, "properties": {"from": [75.7761833, 11.2489687], "to": [75.77664119651972, 11.251004005336426], "type": "intra-zone"}}, {"type": "Feature", "geometry": {"type": "LineString", "coordinates": [[75.797121, 11.244957], [75.79545, 11.244171]]}, "properties": {"from": [75.7971212, 11.2449567], "to": [75.79545017109974, 11.244170827109974], "type": "intra-zone"}}, {"type": "Feature", "geometry": {"type": "LineString", "coordinates": [[75.776658, 11.243806], [75.776734, 11.243399]]}, "properties": {"from": [75.7766583, 11.2438059], "to": [75.7767339, 11.2433989], "type": "residential"}}, {"type": "Feature", "geometry": {"type": "LineString", "coordinates": [[75.779147, 11.243332], [75.776554, 11.243155]]}, "properties": {"from": [75.779147, 11.2433317], "to": [75.7765542862963, 11.243154998148148], "type": "intra-zone"}}, {"type": "Feature", "geometry": {"type": "LineString", "coordinates": [[75.774481, 11.2468], [75.776554, 11.243155]]}, "properties": {"from": [75.7744808, 11.2468004], "to": [75.7765542862963, 11.243154998148148], "type": "intra-zone"}}, {"type": "Feature", "geometry": {"type": "LineString", "coordinates": [[75.790741, 11.246068], [75.79545, 11.244171]]}, "properties": {"from": [75.7907414, 11.2460676], "to": [75.79545017109974, 11.244170827109974], "type": "intra-zone"}}, {"type": "Feature", "geometry": {"type": "LineString", "coordinates": [[75.783016, 11.253073], [75.783107, 11.252943]]}, "properties": {"from": [75.7830155, 11.2530731], "to": [75.7831074, 11.252943], "type": "primary"}}, {"type": "Feature", "geometry": {"type": "LineString", "coordinates": [[75.797594, 11.248683], [75.797516, 11.248683]]}, "properties": {"from": [75.797594, 11.248683], "to": [75.7975162, 11.248683], "type": "residential"}}, {"type": "Feature", "geometry": {"type": "LineString", "coordinates": [[75.776187, 11.250225], [75.776641, 11.251004]]}, "properties": {"from": [75.7761869, 11.2502252], "to": [75.77664119651972, 11.251004005336426], "type": "intra-zone"}}, {"type": "Feature", "geometry": {"type": "LineString", "coordinates": [[75.783006, 11.254663], [75.783247, 11.254693]]}, "properties": {"from": [75.7830064, 11.2546629], "to": [75.7832467, 11.2546931], "type": "primary"}}, {"type": "Feature", "geometry": {"type": "LineString", "coordinates": [[75.790659, 11.246768], [75.790704, 11.246526]]}, "properties": {"from": [75.7906589, 11.2467681], "to": [75.7907038, 11.2465256], "type": "residential"}}, {"type": "Feature", "geometry": {"type": "LineString", "coordinates": [[75.784986, 11.242891], [75.785033, 11.243796]]}, "properties": {"from": [75.7849856, 11.2428907], "to": [75.78503318388888, 11.2437957125], "type": "intra-zone"}}, {"type": "Feature", "geometry": {"type": "LineString", "coordinates": [[75.781619, 11.241618], [75.785033, 11.243796]]}, "properties": {"from": [75.7816191, 11.2416178], "to": [75.78503318388888, 11.2437957125], "type": "intra-zone"}}, {"type": "Feature", "geometry": {"type": "LineString", "coordinates": [[75.797714, 11.246937], [75.796031, 11.249704]]}, "properties": {"from": [75.7977141, 11.2469365], "to": [75.79603117340068, 11.249703834006734], "type": "intra-zone"}}, {"type": "Feature", "geometry": {"type": "LineString", "coordinates": [[75.785428, 11.243036], [75.785033, 11.243796]]}, "properties": {"from": [75.7854283, 11.2430357], "to": [75.78503318388888, 11.2437957125], "type": "intra-zone"}}, {"type": "Feature", "geometry": {"type": "LineString", "coordinates": [[75.784538, 11.247126], [75.785033, 11.243796]]}, "properties": {"from": [75.7845384, 11.247126], "to": [75.78503318388888, 11.2437957125], "type": "intra-zone"}}, {"type": "Feature", "geometry": {"type": "LineString", "coordinates": [[75.773492, 11.24448], [75.776554, 11.243155]]}, "properties": {"from": [75.7734919, 11.2444802], "to": [75.7765542862963, 11.243154998148148], "type": "intra-zone"}}, {"type": "Feature", "geometry": {"type": "LineString", "coordinates": [[75.775041, 11.247047], [75.776554, 11.243155]]}, "properties": {"from": [75.7750409, 11.2470469], "to": [75.7765542862963, 11.243154998148148], "type": "intra-zone"}}, {"type": "Feature", "geometry": {"type": "LineString", "coordinates": [[75.791095, 11.248176], [75.790706, 11.248043]]}, "properties": {"from": [75.7910949, 11.2481758], "to": [75.7907058, 11.2480434], "type": "residential"}}, {"type": "Feature", "geometry": {"type": "LineString", "coordinates": [[75.792726, 11.252837], [75.792982, 11.252674]]}, "properties": {"from": [75.7929823, 11.2526737], "to": [75.7927255, 11.252837], "type": "primary"}}, {"type": "Feature", "geometry": {"type": "LineString", "coordinates": [[75.786007, 11.254341], [75.785471, 11.254226]]}, "properties": {"from": [75.7860071, 11.2543413], "to": [75.7854705, 11.2542257], "type": "residential"}}, {"type": "Feature", "geometry": {"type": "LineString", "coordinates": [[75.774698, 11.247903], [75.774644, 11.247605]]}, "properties": {"from": [75.774698, 11.2479027], "to": [75.7746444, 11.2476054], "type": "residential"}}, {"type": "Feature", "geometry": {"type": "LineString", "coordinates": [[75.797167, 11.248837], [75.796031, 11.249704]]}, "properties": {"from": [75.7971669, 11.2488367], "to": [75.79603117340068, 11.249703834006734], "type": "intra-zone"}}, {"type": "Feature", "geometry": {"type": "LineString", "coordinates": [[75.795854, 11.247616], [75.796031, 11.249704]]}, "properties": {"from": [75.7958536, 11.2476158], "to": [75.79603117340068, 11.249703834006734], "type": "intra-zone"}}, {"type": "Feature", "geometry": {"type": "LineString", "coordinates": [[75.784582, 11.246926], [75.785033, 11.243796]]}, "properties": {"from": [75.7845817, 11.2469259], "to": [75.78503318388888, 11.2437957125], "type": "intra-zone"}}, {"type": "Feature", "geometry": {"type": "LineString", "coordinates": [[75.774717, 11.248168], [75.776641, 11.251004]]}, "properties": {"from": [75.7747168, 11.2481684], "to": [75.77664119651972, 11.251004005336426], "type": "intra-zone"}}, {"type": "Feature", "geometry": {"type": "LineString", "coordinates": [[75.77686, 11.252204], [75.7773, 11.252277]]}, "properties": {"from": [75.7768599, 11.2522038], "to": [75.7772998, 11.2522775], "type": "residential"}}, {"type": "Feature", "geometry": {"type": "LineString", "coordinates": [[75.779257, 11.243244], [75.776554, 11.243155]]}, "properties": {"from": [75.7792568, 11.243244], "to": [75.7765542862963, 11.243154998148148], "type": "intra-zone"}}, {"type": "Feature", "geometry": {"type": "LineString", "coordinates": [[75.797212, 11.250292], [75.796031, 11.249704]]}, "properties": {"from": [75.7972124, 11.2502917], "to": [75.79603117340068, 11.249703834006734], "type": "intra-zone"}}, {"type": "Feature", "geometry": {"type": "LineString", "coordinates": [[75.796866, 11.241877], [75.79545, 11.244171]]}, "properties": {"from": [75.7968665, 11.2418766], "to": [75.79545017109974, 11.244170827109974], "type": "intra-zone"}}, {"type": "Feature", "geometry": {"type": "LineString", "coordinates": [[75.784257, 11.251867], [75.786427, 11.252457]]}, "properties": {"from": [75.7842573, 11.2518671], "to": [75.78642719263158, 11.25245679894737], "type": "intra-zone"}}, {"type": "Feature", "geometry": {"type": "LineString", "coordinates": [[75.774052, 11.253858], [75.776641, 11.251004]]}, "properties": {"from": [75.7740523, 11.2538575], "to": [75.77664119651972, 11.251004005336426], "type": "intra-zone"}}, {"type": "Feature", "geometry": {"type": "LineString", "coordinates": [[75.785979, 11.248678], [75.786427, 11.252457]]}, "properties": {"from": [75.785979, 11.2486779], "to": [75.78642719263158, 11.25245679894737], "type": "intra-zone"}}, {"type": "Feature", "geometry": {"type": "LineString", "coordinates": [[75.785196, 11.253673], [75.786427, 11.252457]]}, "properties": {"from": [75.7851955, 11.2536734], "to": [75.78642719263158, 11.25245679894737], "type": "intra-zone"}}, {"type": "Feature", "geometry": {"type": "LineString", "coordinates": [[75.777816, 11.255429], [75.776641, 11.251004]]}, "properties": {"from": [75.777816, 11.2554289], "to": [75.77664119651972, 11.251004005336426], "type": "intra-zone"}}, {"type": "Feature", "geometry": {"type": "LineString", "coordinates": [[75.789413, 11.251629], [75.786427, 11.252457]]}, "properties": {"from": [75.7894132, 11.2516289], "to": [75.78642719263158, 11.25245679894737], "type": "intra-zone"}}, {"type": "Feature", "geometry": {"type": "LineString", "coordinates": [[75.787607, 11.242119], [75.785033, 11.243796]]}, "properties": {"from": [75.7876074, 11.2421195], "to": [75.78503318388888, 11.2437957125], "type": "intra-zone"}}, {"type": "Feature", "geometry": {"type": "LineString", "coordinates": [[75.776109, 11.24897], [75.776641, 11.251004]]}, "properties": {"from": [75.7761092, 11.2489704], "to": [75.77664119651972, 11.251004005336426], "type": "intra-zone"}}, {"type": "Feature", "geometry": {"type": "LineString", "coordinates": [[75.797705, 11.244452], [75.79545, 11.244171]]}, "properties": {"from": [75.7977053, 11.2444524], "to": [75.79545017109974, 11.244170827109974], "type": "intra-zone"}}, {"type": "Feature", "geometry": {"type": "LineString", "coordinates": [[75.777319, 11.233052], [75.776554, 11.243155]]}, "properties": {"from": [75.7773191, 11.2330522], "to": [75.7765542862963, 11.243154998148148], "type": "intra-zone"}}, {"type": "Feature", "geometry": {"type": "LineString", "coordinates": [[75.796426, 11.248063], [75.795716, 11.248022]]}, "properties": {"from": [75.7957162, 11.2480219], "to": [75.7964265, 11.2480629], "type": "tertiary"}}, {"type": "Feature", "geometry": {"type": "LineString", "coordinates": [[75.783096, 11.252844], [75.782994, 11.253011]]}, "properties": {"from": [75.7830955, 11.2528443], "to": [75.7829935, 11.2530112], "type": "primary"}}, {"type": "Feature", "geometry": {"type": "LineString", "coordinates": [[75.781821, 11.244556], [75.785033, 11.243796]]}, "properties": {"from": [75.7818206, 11.244556], "to": [75.78503318388888, 11.2437957125], "type": "intra-zone"}}, {"type": "Feature", "geometry": {"type": "LineString", "coordinates": [[75.798963, 11.248727], [75.796031, 11.249704]]}, "properties": {"from": [75.7989628, 11.2487275], "to": [75.79603117340068, 11.249703834006734], "type": "intra-zone"}}, {"type": "Feature", "geometry": {"type": "LineString", "coordinates": [[75.779257, 11.243244], [75.779147, 11.243332]]}, "properties": {"from": [75.7792568, 11.243244], "to": [75.779147, 11.2433317], "type": "residential"}}, {"type": "Feature", "geometry": {"type": "LineString", "coordinates": [[75.787884, 11.241055], [75.788687, 11.241113]]}, "properties": {"from": [75.7878843, 11.2410552], "to": [75.7886867, 11.2411127], "type": "residential"}}, {"type": "Feature", "geometry": {"type": "LineString", "coordinates": [[75.792892, 11.246261], [75.79545, 11.244171]]}, "properties": {"from": [75.7928916, 11.2462612], "to": [75.79545017109974, 11.244170827109974], "type": "intra-zone"}}, {"type": "Feature", "geometry": {"type": "LineString", "coordinates": [[75.796127, 11.245838], [75.79545, 11.244171]]}, "properties": {"from": [75.7961269, 11.2458383], "to": [75.79545017109974, 11.244170827109974], "type": "intra-zone"}}, {"type": "Feature", "geometry": {"type": "LineString", "coordinates": [[75.788052, 11.25095], [75.786427, 11.252457]]}, "properties": {"from": [75.7880521, 11.2509495], "to": [75.78642719263158, 11.25245679894737], "type": "intra-zone"}}, {"type": "Feature", "geometry": {"type": "LineString", "coordinates": [[75.7872, 11.243346], [75.785033, 11.243796]]}, "properties": {"from": [75.7871999, 11.2433462], "to": [75.78503318388888, 11.2437957125], "type": "intra-zone"}}, {"type": "Feature", "geometry": {"type": "LineString", "coordinates": [[75.775041, 11.247047], [75.774972, 11.24685]]}, "properties": {"from": [75.7750409, 11.2470469], "to": [75.7749716, 11.2468504], "type": "residential"}}, {"type": "Feature", "geometry": {"type": "LineString", "coordinates": [[75.796744, 11.245787], [75.796741, 11.245726]]}, "properties": {"from": [75.7967436, 11.245787], "to": [75.7967409, 11.2457265], "type": "tertiary"}}, {"type": "Feature", "geometry": {"type": "LineString", "coordinates": [[75.786539, 11.25442], [75.786427, 11.252457]]}, "properties": {"from": [75.7865385, 11.2544204], "to": [75.78642719263158, 11.25245679894737], "type": "intra-zone"}}, {"type": "Feature", "geometry": {"type": "LineString", "coordinates": [[75.790773, 11.246199], [75.790795, 11.246133]]}, "properties": {"from": [75.7907733, 11.246199], "to": [75.7907948, 11.2461333], "type": "residential"}}, {"type": "Feature", "geometry": {"type": "LineString", "coordinates": [[75.793113, 11.248059], [75.793113, 11.248106]]}, "properties": {"from": [75.793113, 11.2480587], "to": [75.793113, 11.2481061], "type": "residential"}}, {"type": "Feature", "geometry": {"type": "LineString", "coordinates": [[75.773254, 11.248317], [75.772606, 11.248208]]}, "properties": {"from": [75.7726058, 11.2482081], "to": [75.7732542, 11.2483168], "type": "residential"}}, {"type": "Feature", "geometry": {"type": "LineString", "coordinates": [[75.777592, 11.253884], [75.777533, 11.254179]]}, "properties": {"from": [75.7775917, 11.253884], "to": [75.7775327, 11.2541786], "type": "residential"}}, {"type": "Feature", "geometry": {"type": "LineString", "coordinates": [[75.799019, 11.245926], [75.79545, 11.244171]]}, "properties": {"from": [75.7990193, 11.245926], "to": [75.79545017109974, 11.244170827109974], "type": "intra-zone"}}, {"type": "Feature", "geometry": {"type": "LineString", "coordinates": [[75.799181, 11.244744], [75.799135, 11.245165]]}, "properties": {"from": [75.7991807, 11.2447435], "to": [75.7991352, 11.2451652], "type": "primary"}}, {"type": "Feature", "geometry": {"type": "LineString", "coordinates": [[75.774457, 11.25351], [75.776641, 11.251004]]}, "properties": {"from": [75.7744573, 11.2535097], "to": [75.77664119651972, 11.251004005336426], "type": "intra-zone"}}, {"type": "Feature", "geometry": {"type": "LineString", "coordinates": [[75.784678, 11.252435], [75.784834, 11.252434]]}, "properties": {"from": [75.7846784, 11.2524353], "to": [75.7848336, 11.2524337], "type": "residential"}}, {"type": "Feature", "geometry": {"type": "LineString", "coordinates": [[75.796741, 11.245726], [75.796741, 11.245695]]}, "properties": {"from": [75.7967409, 11.2457265], "to": [75.7967409, 11.2456949], "type": "tertiary"}}, {"type": "Feature", "geometry": {"type": "LineString", "coordinates": [[75.776831, 11.243078], [75.776554, 11.243155]]}, "properties": {"from": [75.7768305, 11.243078], "to": [75.7765542862963, 11.243154998148148], "type": "intra-zone"}}, {"type": "Feature", "geometry": {"type": "LineString", "coordinates": [[75.786231, 11.252613], [75.786427, 11.252457]]}, "properties": {"from": [75.7862311, 11.2526134], "to": [75.78642719263158, 11.25245679894737], "type": "intra-zone"}}, {"type": "Feature", "geometry": {"type": "LineString", "coordinates": [[75.787008, 11.253092], [75.786427, 11.252457]]}, "properties": {"from": [75.7870077, 11.2530917], "to": [75.78642719263158, 11.25245679894737], "type": "intra-zone"}}, {"type": "Feature", "geometry": {"type": "LineString", "coordinates": [[75.776417, 11.250433], [75.776482, 11.250456]]}, "properties": {"from": [75.7764174, 11.2504334], "to": [75.776482, 11.2504563], "type": "residential"}}, {"type": "Feature", "geometry": {"type": "LineString", "coordinates": [[75.797096, 11.244421], [75.797121, 11.244957]]}, "properties": {"from": [75.7970964, 11.2444209], "to": [75.7971212, 11.2449567], "type": "tertiary"}}, {"type": "Feature", "geometry": {"type": "LineString", "coordinates": [[75.788911, 11.254293], [75.788984, 11.254013]]}, "properties": {"from": [75.7889113, 11.2542934], "to": [75.7889845, 11.2540126], "type": "residential"}}, {"type": "Feature", "geometry": {"type": "LineString", "coordinates": [[75.798687, 11.244502], [75.79545, 11.244171]]}, "properties": {"from": [75.7986871, 11.2445024], "to": [75.79545017109974, 11.244170827109974], "type": "intra-zone"}}, {"type": "Feature", "geometry": {"type": "LineString", "coordinates": [[75.796711, 11.243104], [75.79545, 11.244171]]}, "properties": {"from": [75.7967114, 11.2431036], "to": [75.79545017109974, 11.244170827109974], "type": "intra-zone"}}, {"type": "Feature", "geometry": {"type": "LineString", "coordinates": [[75.783363, 11.252082], [75.78336, 11.251902]]}, "properties": {"from": [75.7833628, 11.252082], "to": [75.7833604, 11.2519025], "type": "primary"}}, {"type": "Feature", "geometry": {"type": "LineString", "coordinates": [[75.792307, 11.246819], [75.792334, 11.247077]]}, "properties": {"from": [75.7923067, 11.2468188], "to": [75.7923336, 11.2470767], "type": "residential"}}, {"type": "Feature", "geometry": {"type": "LineString", "coordinates": [[75.779404, 11.254079], [75.779252, 11.255153]]}, "properties": {"from": [75.7794039, 11.2540793], "to": [75.7792523, 11.2551526], "type": "primary"}}, {"type": "Feature", "geometry": {"type": "LineString", "coordinates": [[75.775467, 11.241219], [75.776554, 11.243155]]}, "properties": {"from": [75.7754673, 11.2412189], "to": [75.7765542862963, 11.243154998148148], "type": "intra-zone"}}, {"type": "Feature", "geometry": {"type": "LineString", "coordinates": [[75.797513, 11.253014], [75.797365, 11.253784]]}, "properties": {"from": [75.7975126, 11.2530139], "to": [75.7973649, 11.2537835], "type": "residential"}}, {"type": "Feature", "geometry": {"type": "LineString", "coordinates": [[75.789162, 11.252651], [75.789243, 11.251947]]}, "properties": {"from": [75.7891615, 11.2526506], "to": [75.7892432, 11.2519466], "type": "residential"}}, {"type": "Feature", "geometry": {"type": "LineString", "coordinates": [[75.79327, 11.241856], [75.79545, 11.244171]]}, "properties": {"from": [75.7932699, 11.2418557], "to": [75.79545017109974, 11.244170827109974], "type": "intra-zone"}}, {"type": "Feature", "geometry": {"type": "LineString", "coordinates": [[75.775509, 11.247649], [75.776641, 11.251004]]}, "properties": {"from": [75.7755087, 11.2476492], "to": [75.77664119651972, 11.251004005336426], "type": "intra-zone"}}, {"type": "Feature", "geometry": {"type": "LineString", "coordinates": [[75.78073, 11.250624], [75.776641, 11.251004]]}, "properties": {"from": [75.7807303, 11.2506237], "to": [75.77664119651972, 11.251004005336426], "type": "intra-zone"}}, {"type": "Feature", "geometry": {"type": "LineString", "coordinates": [[75.782507, 11.245273], [75.785033, 11.243796]]}, "properties": {"from": [75.7825069, 11.2452727], "to": [75.78503318388888, 11.2437957125], "type": "intra-zone"}}, {"type": "Feature", "geometry": {"type": "LineString", "coordinates": [[75.791471, 11.2522], [75.786427, 11.252457]]}, "properties": {"from": [75.7914707, 11.2522], "to": [75.78642719263158, 11.25245679894737], "type": "intra-zone"}}, {"type": "Feature", "geometry": {"type": "LineString", "coordinates": [[75.774828, 11.2393], [75.776554, 11.243155]]}, "properties": {"from": [75.7748275, 11.2393002], "to": [75.7765542862963, 11.243154998148148], "type": "intra-zone"}}, {"type": "Feature", "geometry": {"type": "LineString", "coordinates": [[75.787835, 11.243486], [75.787692, 11.243854]]}, "properties": {"from": [75.7878353, 11.2434856], "to": [75.7876916, 11.2438539], "type": "residential"}}, {"type": "Feature", "geometry": {"type": "LineString", "coordinates": [[75.773515, 11.247658], [75.773639, 11.247637]]}, "properties": {"from": [75.7735152, 11.247658], "to": [75.7736385, 11.247637], "type": "residential"}}, {"type": "Feature", "geometry": {"type": "LineString", "coordinates": [[75.793935, 11.246629], [75.79545, 11.244171]]}, "properties": {"from": [75.7939348, 11.2466294], "to": [75.79545017109974, 11.244170827109974], "type": "intra-zone"}}, {"type": "Feature", "geometry": {"type": "LineString", "coordinates": [[75.79534, 11.250582], [75.796031, 11.249704]]}, "properties": {"from": [75.7953396, 11.2505818], "to": [75.79603117340068, 11.249703834006734], "type": "intra-zone"}}, {"type": "Feature", "geometry": {"type": "LineString", "coordinates": [[75.785479, 11.250817], [75.785339, 11.250638]]}, "properties": {"from": [75.7854791, 11.2508168], "to": [75.785339, 11.2506382], "type": "residential"}}, {"type": "Feature", "geometry": {"type": "LineString", "coordinates": [[75.77709, 11.242193], [75.777367, 11.242451]]}, "properties": {"from": [75.7770896, 11.242193], "to": [75.777367, 11.2424508], "type": "residential"}}, {"type": "Feature", "geometry": {"type": "LineString", "coordinates": [[75.793113, 11.248106], [75.796031, 11.249704]]}, "properties": {"from": [75.793113, 11.2481061], "to": [75.79603117340068, 11.249703834006734], "type": "intra-zone"}}, {"type": "Feature", "geometry": {"type": "LineString", "coordinates": [[75.774972, 11.24685], [75.774913, 11.246771]]}, "properties": {"from": [75.7749716, 11.2468504], "to": [75.7749126, 11.2467715], "type": "residential"}}, {"type": "Feature", "geometry": {"type": "LineString", "coordinates": [[75.778075, 11.241487], [75.778226, 11.240953]]}, "properties": {"from": [75.778075, 11.2414873], "to": [75.7782262, 11.2409526], "type": "residential"}}, {"type": "Feature", "geometry": {"type": "LineString", "coordinates": [[75.786985, 11.252372], [75.786427, 11.252457]]}, "properties": {"from": [75.7869851, 11.2523722], "to": [75.78642719263158, 11.25245679894737], "type": "intra-zone"}}, {"type": "Feature", "geometry": {"type": "LineString", "coordinates": [[75.783366, 11.241655], [75.785033, 11.243796]]}, "properties": {"from": [75.7833658, 11.2416551], "to": [75.78503318388888, 11.2437957125], "type": "intra-zone"}}, {"type": "Feature", "geometry": {"type": "LineString", "coordinates": [[75.788687, 11.241113], [75.785033, 11.243796]]}, "properties": {"from": [75.7886867, 11.2411127], "to": [75.78503318388888, 11.2437957125], "type": "intra-zone"}}, {"type": "Feature", "geometry": {"type": "LineString", "coordinates": [[75.79922, 11.244623], [75.79545, 11.244171]]}, "properties": {"from": [75.7992196, 11.2446235], "to": [75.79545017109974, 11.244170827109974], "type": "intra-zone"}}, {"type": "Feature", "geometry": {"type": "LineString", "coordinates": [[75.790459, 11.245125], [75.79545, 11.244171]]}, "properties": {"from": [75.7904593, 11.2451249], "to": [75.79545017109974, 11.244170827109974], "type": "intra-zone"}}, {"type": "Feature", "geometry": {"type": "LineString", "coordinates": [[75.776629, 11.245517], [75.776554, 11.243155]]}, "properties": {"from": [75.7766288, 11.2455168], "to": [75.7765542862963, 11.243154998148148], "type": "intra-zone"}}, {"type": "Feature", "geometry": {"type": "LineString", "coordinates": [[75.774529, 11.250975], [75.77466, 11.251166]]}, "properties": {"from": [75.7746598, 11.2511664], "to": [75.7745292, 11.2509753], "type": "residential"}}, {"type": "Feature", "geometry": {"type": "LineString", "coordinates": [[75.783277, 11.252651], [75.783343, 11.252394]]}, "properties": {"from": [75.7832775, 11.2526508], "to": [75.7833428, 11.2523945], "type": "primary"}}, {"type": "Feature", "geometry": {"type": "LineString", "coordinates": [[75.782553, 11.251899], [75.786427, 11.252457]]}, "properties": {"from": [75.7825527, 11.2518993], "to": [75.78642719263158, 11.25245679894737], "type": "intra-zone"}}, {"type": "Feature", "geometry": {"type": "LineString", "coordinates": [[75.789611, 11.250669], [75.786427, 11.252457]]}, "properties": {"from": [75.7896111, 11.2506686], "to": [75.78642719263158, 11.25245679894737], "type": "intra-zone"}}, {"type": "Feature", "geometry": {"type": "LineString", "coordinates": [[75.779454, 11.253752], [75.779432, 11.253849]]}, "properties": {"from": [75.7794542, 11.2537518], "to": [75.7794321, 11.2538492], "type": "primary"}}, {"type": "Feature", "geometry": {"type": "LineString", "coordinates": [[75.796846, 11.242783], [75.796902, 11.242737]]}, "properties": {"from": [75.7969016, 11.2427366], "to": [75.7968455, 11.2427827], "type": "tertiary"}}, {"type": "Feature", "geometry": {"type": "LineString", "coordinates": [[75.787349, 11.241723], [75.785033, 11.243796]]}, "properties": {"from": [75.7873488, 11.2417229], "to": [75.78503318388888, 11.2437957125], "type": "intra-zone"}}, {"type": "Feature", "geometry": {"type": "LineString", "coordinates": [[75.772724, 11.254039], [75.776641, 11.251004]]}, "properties": {"from": [75.7727244, 11.2540391], "to": [75.77664119651972, 11.251004005336426], "type": "intra-zone"}}, {"type": "Feature", "geometry": {"type": "LineString", "coordinates": [[75.778653, 11.253404], [75.779002, 11.252498]]}, "properties": {"from": [75.7786527, 11.2534039], "to": [75.7790016, 11.2524983], "type": "tertiary"}}, {"type": "Feature", "geometry": {"type": "LineString", "coordinates": [[75.783121, 11.246291], [75.783144, 11.246279]]}, "properties": {"from": [75.7831208, 11.2462912], "to": [75.7831436, 11.2462787], "type": "residential"}}, {"type": "Feature", "geometry": {"type": "LineString", "coordinates": [[75.804447, 11.239669], [75.804325, 11.240061]]}, "properties": {"from": [75.8044468, 11.2396688], "to": [75.804325, 11.2400613], "type": "primary"}}, {"type": "Feature", "geometry": {"type": "LineString", "coordinates": [[75.792268, 11.243119], [75.79545, 11.244171]]}, "properties": {"from": [75.792268, 11.2431191], "to": [75.79545017109974, 11.244170827109974], "type": "intra-zone"}}, {"type": "Feature", "geometry": {"type": "LineString", "coordinates": [[75.79129, 11.245212], [75.791488, 11.245229]]}, "properties": {"from": [75.7912901, 11.2452117], "to": [75.7914881, 11.245229], "type": "residential"}}, {"type": "Feature", "geometry": {"type": "LineString", "coordinates": [[75.779001, 11.252282], [75.776641, 11.251004]]}, "properties": {"from": [75.7790011, 11.2522819], "to": [75.77664119651972, 11.251004005336426], "type": "intra-zone"}}, {"type": "Feature", "geometry": {"type": "LineString", "coordinates": [[75.792425, 11.25324], [75.792289, 11.253527]]}, "properties": {"from": [75.792425, 11.2532398], "to": [75.7922895, 11.253527], "type": "primary"}}, {"type": "Feature", "geometry": {"type": "LineString", "coordinates": [[75.774798, 11.24512], [75.774041, 11.245021]]}, "properties": {"from": [75.7747982, 11.2451199], "to": [75.7740415, 11.2450208], "type": "residential"}}, {"type": "Feature", "geometry": {"type": "LineString", "coordinates": [[75.798195, 11.250198], [75.798152, 11.250329]]}, "properties": {"from": [75.7981949, 11.2501981], "to": [75.7981519, 11.2503287], "type": "primary"}}, {"type": "Feature", "geometry": {"type": "LineString", "coordinates": [[75.796148, 11.246359], [75.796097, 11.246367]]}, "properties": {"from": [75.7961476, 11.2463591], "to": [75.7960966, 11.246367], "type": "residential"}}, {"type": "Feature", "geometry": {"type": "LineString", "coordinates": [[75.791045, 11.24519], [75.79129, 11.245212]]}, "properties": {"from": [75.791045, 11.2451903], "to": [75.7912901, 11.2452117], "type": "residential"}}, {"type": "Feature", "geometry": {"type": "LineString", "coordinates": [[75.795859, 11.245408], [75.795874, 11.245451]]}, "properties": {"from": [75.795859, 11.2454075], "to": [75.7958743, 11.2454505], "type": "residential"}}, {"type": "Feature", "geometry": {"type": "LineString", "coordinates": [[75.783554, 11.25159], [75.786427, 11.252457]]}, "properties": {"from": [75.7835543, 11.2515901], "to": [75.78642719263158, 11.25245679894737], "type": "intra-zone"}}, {"type": "Feature", "geometry": {"type": "LineString", "coordinates": [[75.796813, 11.248758], [75.796031, 11.249704]]}, "properties": {"from": [75.7968129, 11.2487578], "to": [75.79603117340068, 11.249703834006734], "type": "intra-zone"}}, {"type": "Feature", "geometry": {"type": "LineString", "coordinates": [[75.777565, 11.253735], [75.777418, 11.253727]]}, "properties": {"from": [75.7775653, 11.2537349], "to": [75.7774178, 11.253727], "type": "residential"}}, {"type": "Feature", "geometry": {"type": "LineString", "coordinates": [[75.77866, 11.250591], [75.77863, 11.250614]]}, "properties": {"from": [75.7786596, 11.2505912], "to": [75.7786297, 11.2506141], "type": "residential"}}, {"type": "Feature", "geometry": {"type": "LineString", "coordinates": [[75.798029, 11.248391], [75.798104, 11.248401]]}, "properties": {"from": [75.7980286, 11.248391], "to": [75.7981037, 11.2484015], "type": "residential"}}, {"type": "Feature", "geometry": {"type": "LineString", "coordinates": [[75.779748, 11.240764], [75.78013, 11.240969]]}, "properties": {"from": [75.7801297, 11.2409691], "to": [75.7797477, 11.2407645], "type": "secondary"}}, {"type": "Feature", "geometry": {"type": "LineString", "coordinates": [[75.795854, 11.247616], [75.795888, 11.247616]]}, "properties": {"from": [75.7958536, 11.2476158], "to": [75.7958884, 11.2476158], "type": "residential"}}, {"type": "Feature", "geometry": {"type": "LineString", "coordinates": [[75.77623, 11.253213], [75.776641, 11.251004]]}, "properties": {"from": [75.7762301, 11.2532129], "to": [75.77664119651972, 11.251004005336426], "type": "intra-zone"}}, {"type": "Feature", "geometry": {"type": "LineString", "coordinates": [[75.798011, 11.244531], [75.79545, 11.244171]]}, "properties": {"from": [75.7980112, 11.2445314], "to": [75.79545017109974, 11.244170827109974], "type": "intra-zone"}}, {"type": "Feature", "geometry": {"type": "LineString", "coordinates": [[75.78013, 11.240969], [75.776554, 11.243155]]}, "properties": {"from": [75.7801297, 11.2409691], "to": [75.7765542862963, 11.243154998148148], "type": "intra-zone"}}, {"type": "Feature", "geometry": {"type": "LineString", "coordinates": [[75.790385, 11.250366], [75.786427, 11.252457]]}, "properties": {"from": [75.7903855, 11.250366], "to": [75.78642719263158, 11.25245679894737], "type": "intra-zone"}}, {"type": "Feature", "geometry": {"type": "LineString", "coordinates": [[75.775364, 11.251363], [75.776641, 11.251004]]}, "properties": {"from": [75.7753642, 11.2513625], "to": [75.77664119651972, 11.251004005336426], "type": "intra-zone"}}, {"type": "Feature", "geometry": {"type": "LineString", "coordinates": [[75.787624, 11.246477], [75.785033, 11.243796]]}, "properties": {"from": [75.7876239, 11.2464771], "to": [75.78503318388888, 11.2437957125], "type": "intra-zone"}}, {"type": "Feature", "geometry": {"type": "LineString", "coordinates": [[75.793023, 11.252556], [75.796031, 11.249704]]}, "properties": {"from": [75.7930228, 11.2525562], "to": [75.79603117340068, 11.249703834006734], "type": "intra-zone"}}, {"type": "Feature", "geometry": {"type": "LineString", "coordinates": [[75.796813, 11.246495], [75.796811, 11.246437]]}, "properties": {"from": [75.7968133, 11.2464946], "to": [75.7968107, 11.2464367], "type": "tertiary"}}, {"type": "Feature", "geometry": {"type": "LineString", "coordinates": [[75.788474, 11.244338], [75.785033, 11.243796]]}, "properties": {"from": [75.7884739, 11.2443375], "to": [75.78503318388888, 11.2437957125], "type": "intra-zone"}}, {"type": "Feature", "geometry": {"type": "LineString", "coordinates": [[75.788739, 11.251059], [75.789611, 11.251039]]}, "properties": {"from": [75.7887392, 11.2510593], "to": [75.7896111, 11.2510388], "type": "residential"}}, {"type": "Feature", "geometry": {"type": "LineString", "coordinates": [[75.783344, 11.25157], [75.783376, 11.25158]]}, "properties": {"from": [75.7833438, 11.2515695], "to": [75.7833762, 11.2515798], "type": "residential"}}, {"type": "Feature", "geometry": {"type": "LineString", "coordinates": [[75.779364, 11.248719], [75.776641, 11.251004]]}, "properties": {"from": [75.7793635, 11.2487194], "to": [75.77664119651972, 11.251004005336426], "type": "intra-zone"}}, {"type": "Feature", "geometry": {"type": "LineString", "coordinates": [[75.799383, 11.244259], [75.799305, 11.244432]]}, "properties": {"from": [75.7993828, 11.2442592], "to": [75.7993053, 11.2444322], "type": "primary"}}, {"type": "Feature", "geometry": {"type": "LineString", "coordinates": [[75.794902, 11.241063], [75.79545, 11.244171]]}, "properties": {"from": [75.7949024, 11.2410635], "to": [75.79545017109974, 11.244170827109974], "type": "intra-zone"}}, {"type": "Feature", "geometry": {"type": "LineString", "coordinates": [[75.799133, 11.248143], [75.798378, 11.248083]]}, "properties": {"from": [75.7991327, 11.2481425], "to": [75.7983781, 11.2480832], "type": "tertiary"}}, {"type": "Feature", "geometry": {"type": "LineString", "coordinates": [[75.77665, 11.249643], [75.776641, 11.251004]]}, "properties": {"from": [75.77665, 11.2496429], "to": [75.77664119651972, 11.251004005336426], "type": "intra-zone"}}, {"type": "Feature", "geometry": {"type": "LineString", "coordinates": [[75.790166, 11.249294], [75.786427, 11.252457]]}, "properties": {"from": [75.7901664, 11.2492942], "to": [75.78642719263158, 11.25245679894737], "type": "intra-zone"}}, {"type": "Feature", "geometry": {"type": "LineString", "coordinates": [[75.783585, 11.254199], [75.783529, 11.254141]]}, "properties": {"from": [75.7835846, 11.2541987], "to": [75.7835285, 11.2541414], "type": "residential"}}, {"type": "Feature", "geometry": {"type": "LineString", "coordinates": [[75.78137, 11.248656], [75.776641, 11.251004]]}, "properties": {"from": [75.7813705, 11.2486558], "to": [75.77664119651972, 11.251004005336426], "type": "intra-zone"}}, {"type": "Feature", "geometry": {"type": "LineString", "coordinates": [[75.797907, 11.244518], [75.79545, 11.244171]]}, "properties": {"from": [75.7979066, 11.2445182], "to": [75.79545017109974, 11.244170827109974], "type": "intra-zone"}}, {"type": "Feature", "geometry": {"type": "LineString", "coordinates": [[75.798548, 11.244487], [75.79545, 11.244171]]}, "properties": {"from": [75.7985477, 11.2444867], "to": [75.79545017109974, 11.244170827109974], "type": "intra-zone"}}, {"type": "Feature", "geometry": {"type": "LineString", "coordinates": [[75.778549, 11.253669], [75.778653, 11.253404]]}, "properties": {"from": [75.7785487, 11.2536688], "to": [75.7786527, 11.2534039], "type": "tertiary"}}, {"type": "Feature", "geometry": {"type": "LineString", "coordinates": [[75.772956, 11.254025], [75.772904, 11.254027]]}, "properties": {"from": [75.7729564, 11.2540246], "to": [75.7729036, 11.2540269], "type": "residential"}}, {"type": "Feature", "geometry": {"type": "LineString", "coordinates": [[75.796494, 11.246046], [75.796476, 11.245975]]}, "properties": {"from": [75.7964942, 11.2460463], "to": [75.7964765, 11.2459747], "type": "residential"}}, {"type": "Feature", "geometry": {"type": "LineString", "coordinates": [[75.796894, 11.246234], [75.79545, 11.244171]]}, "properties": {"from": [75.7968938, 11.2462342], "to": [75.79545017109974, 11.244170827109974], "type": "intra-zone"}}, {"type": "Feature", "geometry": {"type": "LineString", "coordinates": [[75.786231, 11.252613], [75.786462, 11.252677]]}, "properties": {"from": [75.7862311, 11.2526134], "to": [75.7864618, 11.2526766], "type": "residential"}}, {"type": "Feature", "geometry": {"type": "LineString", "coordinates": [[75.784703, 11.251542], [75.784524, 11.251462]]}, "properties": {"from": [75.7847026, 11.2515416], "to": [75.7845237, 11.2514619], "type": "residential"}}, {"type": "Feature", "geometry": {"type": "LineString", "coordinates": [[75.783919, 11.251604], [75.783954, 11.251635]]}, "properties": {"from": [75.7839193, 11.251604], "to": [75.7839539, 11.2516348], "type": "residential"}}, {"type": "Feature", "geometry": {"type": "LineString", "coordinates": [[75.799028, 11.244563], [75.799106, 11.244581]]}, "properties": {"from": [75.7990278, 11.244563], "to": [75.7991056, 11.2445814], "type": "tertiary"}}, {"type": "Feature", "geometry": {"type": "LineString", "coordinates": [[75.775847, 11.248597], [75.775627, 11.248575]]}, "properties": {"from": [75.7758472, 11.2485966], "to": [75.7756265, 11.2485745], "type": "residential"}}, {"type": "Feature", "geometry": {"type": "LineString", "coordinates": [[75.786321, 11.253859], [75.786427, 11.252457]]}, "properties": {"from": [75.7863213, 11.2538594], "to": [75.78642719263158, 11.25245679894737], "type": "intra-zone"}}, {"type": "Feature", "geometry": {"type": "LineString", "coordinates": [[75.798947, 11.244547], [75.799028, 11.244563]]}, "properties": {"from": [75.7989473, 11.2445472], "to": [75.7990278, 11.244563], "type": "tertiary"}}, {"type": "Feature", "geometry": {"type": "LineString", "coordinates": [[75.784693, 11.249085], [75.7847, 11.248813]]}, "properties": {"from": [75.7846926, 11.2490851], "to": [75.7847003, 11.2488132], "type": "tertiary"}}, {"type": "Feature", "geometry": {"type": "LineString", "coordinates": [[75.784703, 11.251542], [75.786427, 11.252457]]}, "properties": {"from": [75.7847026, 11.2515416], "to": [75.78642719263158, 11.25245679894737], "type": "intra-zone"}}, {"type": "Feature", "geometry": {"type": "LineString", "coordinates": [[75.77781, 11.242425], [75.778424, 11.242562]]}, "properties": {"from": [75.7778097, 11.2424254], "to": [75.7784235, 11.2425623], "type": "residential"}}, {"type": "Feature", "geometry": {"type": "LineString", "coordinates": [[75.775586, 11.243915], [75.775801, 11.243936]]}, "properties": {"from": [75.7758005, 11.2439356], "to": [75.775586, 11.2439145], "type": "residential"}}, {"type": "Feature", "geometry": {"type": "LineString", "coordinates": [[75.780647, 11.255398], [75.780654, 11.255333]]}, "properties": {"from": [75.7806471, 11.2553982], "to": [75.7806539, 11.2553329], "type": "primary"}}, {"type": "Feature", "geometry": {"type": "LineString", "coordinates": [[75.783827, 11.242913], [75.783976, 11.242941]]}, "properties": {"from": [75.7838273, 11.2429133], "to": [75.7839756, 11.2429412], "type": "residential"}}, {"type": "Feature", "geometry": {"type": "LineString", "coordinates": [[75.787452, 11.252207], [75.787311, 11.252137]]}, "properties": {"from": [75.7874523, 11.2522074], "to": [75.7873109, 11.2521374], "type": "residential"}}, {"type": "Feature", "geometry": {"type": "LineString", "coordinates": [[75.795556, 11.239934], [75.79545, 11.244171]]}, "properties": {"from": [75.7955558, 11.2399344], "to": [75.79545017109974, 11.244170827109974], "type": "intra-zone"}}, {"type": "Feature", "geometry": {"type": "LineString", "coordinates": [[75.778026, 11.246514], [75.776554, 11.243155]]}, "properties": {"from": [75.7780261, 11.2465142], "to": [75.7765542862963, 11.243154998148148], "type": "intra-zone"}}, {"type": "Feature", "geometry": {"type": "LineString", "coordinates": [[75.796859, 11.246234], [75.79545, 11.244171]]}, "properties": {"from": [75.7968589, 11.2462342], "to": [75.79545017109974, 11.244170827109974], "type": "intra-zone"}}, {"type": "Feature", "geometry": {"type": "LineString", "coordinates": [[75.775277, 11.247021], [75.775314, 11.246731]]}, "properties": {"from": [75.7752774, 11.2470214], "to": [75.775314, 11.2467315], "type": "residential"}}, {"type": "Feature", "geometry": {"type": "LineString", "coordinates": [[75.772956, 11.254025], [75.776641, 11.251004]]}, "properties": {"from": [75.7729564, 11.2540246], "to": [75.77664119651972, 11.251004005336426], "type": "intra-zone"}}, {"type": "Feature", "geometry": {"type": "LineString", "coordinates": [[75.776929, 11.247526], [75.776641, 11.251004]]}, "properties": {"from": [75.7769292, 11.2475257], "to": [75.77664119651972, 11.251004005336426], "type": "intra-zone"}}, {"type": "Feature", "geometry": {"type": "LineString", "coordinates": [[75.776746, 11.245076], [75.776793, 11.244793]]}, "properties": {"from": [75.7767458, 11.2450755], "to": [75.7767935, 11.2447926], "type": "residential"}}, {"type": "Feature", "geometry": {"type": "LineString", "coordinates": [[75.77358, 11.250102], [75.773279, 11.249967]]}, "properties": {"from": [75.7735797, 11.2501019], "to": [75.7732787, 11.249967], "type": "residential"}}, {"type": "Feature", "geometry": {"type": "LineString", "coordinates": [[75.774448, 11.250914], [75.774529, 11.250975]]}, "properties": {"from": [75.7744482, 11.250914], "to": [75.7745292, 11.2509753], "type": "residential"}}, {"type": "Feature", "geometry": {"type": "LineString", "coordinates": [[75.780562, 11.242839], [75.776554, 11.243155]]}, "properties": {"from": [75.7805619, 11.2428388], "to": [75.7765542862963, 11.243154998148148], "type": "intra-zone"}}, {"type": "Feature", "geometry": {"type": "LineString", "coordinates": [[75.789576, 11.251266], [75.786427, 11.252457]]}, "properties": {"from": [75.7895759, 11.2512663], "to": [75.78642719263158, 11.25245679894737], "type": "intra-zone"}}, {"type": "Feature", "geometry": {"type": "LineString", "coordinates": [[75.793464, 11.245056], [75.793536, 11.244988]]}, "properties": {"from": [75.7934636, 11.2450564], "to": [75.7935364, 11.244988], "type": "residential"}}, {"type": "Feature", "geometry": {"type": "LineString", "coordinates": [[75.781496, 11.242678], [75.781004, 11.242451]]}, "properties": {"from": [75.7814963, 11.2426778], "to": [75.781004, 11.2424512], "type": "residential"}}, {"type": "Feature", "geometry": {"type": "LineString", "coordinates": [[75.77944, 11.2521], [75.780007, 11.252249]]}, "properties": {"from": [75.77944, 11.2521005], "to": [75.7800073, 11.2522485], "type": "tertiary"}}, {"type": "Feature", "geometry": {"type": "LineString", "coordinates": [[75.775044, 11.248499], [75.774735, 11.248444]]}, "properties": {"from": [75.7750436, 11.2484986], "to": [75.774735, 11.2484438], "type": "residential"}}, {"type": "Feature", "geometry": {"type": "LineString", "coordinates": [[75.79397, 11.251649], [75.796031, 11.249704]]}, "properties": {"from": [75.7939695, 11.251649], "to": [75.79603117340068, 11.249703834006734], "type": "intra-zone"}}, {"type": "Feature", "geometry": {"type": "LineString", "coordinates": [[75.776004, 11.247123], [75.776641, 11.251004]]}, "properties": {"from": [75.7760043, 11.2471231], "to": [75.77664119651972, 11.251004005336426], "type": "intra-zone"}}, {"type": "Feature", "geometry": {"type": "LineString", "coordinates": [[75.777144, 11.253785], [75.776641, 11.251004]]}, "properties": {"from": [75.7771442, 11.2537848], "to": [75.77664119651972, 11.251004005336426], "type": "intra-zone"}}, {"type": "Feature", "geometry": {"type": "LineString", "coordinates": [[75.782191, 11.246319], [75.782191, 11.246185]]}, "properties": {"from": [75.7821913, 11.2463194], "to": [75.7821906, 11.2461845], "type": "residential"}}, {"type": "Feature", "geometry": {"type": "LineString", "coordinates": [[75.781429, 11.248852], [75.781368, 11.248853]]}, "properties": {"from": [75.7814293, 11.2488524], "to": [75.7813682, 11.2488531], "type": "secondary"}}, {"type": "Feature", "geometry": {"type": "LineString", "coordinates": [[75.789363, 11.251958], [75.786427, 11.252457]]}, "properties": {"from": [75.7893633, 11.2519579], "to": [75.78642719263158, 11.25245679894737], "type": "intra-zone"}}, {"type": "Feature", "geometry": {"type": "LineString", "coordinates": [[75.791668, 11.246214], [75.79545, 11.244171]]}, "properties": {"from": [75.7916677, 11.2462141], "to": [75.79545017109974, 11.244170827109974], "type": "intra-zone"}}, {"type": "Feature", "geometry": {"type": "LineString", "coordinates": [[75.787037, 11.251981], [75.786807, 11.251897]]}, "properties": {"from": [75.787037, 11.2519814], "to": [75.7868074, 11.2518969], "type": "residential"}}, {"type": "Feature", "geometry": {"type": "LineString", "coordinates": [[75.798055, 11.248583], [75.796031, 11.249704]]}, "properties": {"from": [75.7980554, 11.248583], "to": [75.79603117340068, 11.249703834006734], "type": "intra-zone"}}, {"type": "Feature", "geometry": {"type": "LineString", "coordinates": [[75.799305, 11.244432], [75.79545, 11.244171]]}, "properties": {"from": [75.7993053, 11.2444322], "to": [75.79545017109974, 11.244170827109974], "type": "intra-zone"}}, {"type": "Feature", "geometry": {"type": "LineString", "coordinates": [[75.797439, 11.251863], [75.796031, 11.249704]]}, "properties": {"from": [75.7974389, 11.2518628], "to": [75.79603117340068, 11.249703834006734], "type": "intra-zone"}}, {"type": "Feature", "geometry": {"type": "LineString", "coordinates": [[75.775414, 11.248544], [75.775157, 11.248524]]}, "properties": {"from": [75.775414, 11.2485445], "to": [75.7751566, 11.2485244], "type": "residential"}}, {"type": "Feature", "geometry": {"type": "LineString", "coordinates": [[75.777917, 11.248369], [75.776641, 11.251004]]}, "properties": {"from": [75.7779168, 11.2483687], "to": [75.77664119651972, 11.251004005336426], "type": "intra-zone"}}, {"type": "Feature", "geometry": {"type": "LineString", "coordinates": [[75.794342, 11.247943], [75.796031, 11.249704]]}, "properties": {"from": [75.7943425, 11.2479427], "to": [75.79603117340068, 11.249703834006734], "type": "intra-zone"}}, {"type": "Feature", "geometry": {"type": "LineString", "coordinates": [[75.788761, 11.247696], [75.786427, 11.252457]]}, "properties": {"from": [75.7887607, 11.2476956], "to": [75.78642719263158, 11.25245679894737], "type": "intra-zone"}}, {"type": "Feature", "geometry": {"type": "LineString", "coordinates": [[75.795913, 11.245603], [75.795949, 11.245675]]}, "properties": {"from": [75.7959132, 11.2456032], "to": [75.7959487, 11.2456749], "type": "residential"}}, {"type": "Feature", "geometry": {"type": "LineString", "coordinates": [[75.793124, 11.247872], [75.793124, 11.247898]]}, "properties": {"from": [75.793124, 11.2478716], "to": [75.7931237, 11.2478983], "type": "residential"}}, {"type": "Feature", "geometry": {"type": "LineString", "coordinates": [[75.777422, 11.256402], [75.776641, 11.251004]]}, "properties": {"from": [75.7774223, 11.2564022], "to": [75.77664119651972, 11.251004005336426], "type": "intra-zone"}}, {"type": "Feature", "geometry": {"type": "LineString", "coordinates": [[75.785117, 11.251181], [75.786427, 11.252457]]}, "properties": {"from": [75.7851175, 11.251181], "to": [75.78642719263158, 11.25245679894737], "type": "intra-zone"}}, {"type": "Feature", "geometry": {"type": "LineString", "coordinates": [[75.780758, 11.251237], [75.780758, 11.251326]]}, "properties": {"from": [75.7807584, 11.2512366], "to": [75.7807584, 11.2513261], "type": "residential"}}, {"type": "Feature", "geometry": {"type": "LineString", "coordinates": [[75.793452, 11.242597], [75.793499, 11.242578]]}, "properties": {"from": [75.7934518, 11.2425972], "to": [75.7934989, 11.242578], "type": "residential"}}, {"type": "Feature", "geometry": {"type": "LineString", "coordinates": [[75.781514, 11.241499], [75.781824, 11.241616]]}, "properties": {"from": [75.7815142, 11.241499], "to": [75.7818235, 11.2416164], "type": "secondary"}}, {"type": "Feature", "geometry": {"type": "LineString", "coordinates": [[75.795248, 11.245003], [75.795302, 11.245078]]}, "properties": {"from": [75.7952478, 11.2450027], "to": [75.7953019, 11.2450781], "type": "residential"}}, {"type": "Feature", "geometry": {"type": "LineString", "coordinates": [[75.791556, 11.258194], [75.791505, 11.258379]]}, "properties": {"from": [75.7915561, 11.2581936], "to": [75.7915047, 11.2583793], "type": "primary"}}, {"type": "Feature", "geometry": {"type": "LineString", "coordinates": [[75.782183, 11.246675], [75.782191, 11.246319]]}, "properties": {"from": [75.7821825, 11.2466748], "to": [75.7821913, 11.2463194], "type": "residential"}}, {"type": "Feature", "geometry": {"type": "LineString", "coordinates": [[75.79619, 11.248732], [75.796292, 11.24864]]}, "properties": {"from": [75.7961905, 11.2487317], "to": [75.7962924, 11.2486397], "type": "residential"}}, {"type": "Feature", "geometry": {"type": "LineString", "coordinates": [[75.796448, 11.246321], [75.79545, 11.244171]]}, "properties": {"from": [75.7964476, 11.2463208], "to": [75.79545017109974, 11.244170827109974], "type": "intra-zone"}}, {"type": "Feature", "geometry": {"type": "LineString", "coordinates": [[75.783482, 11.245365], [75.785033, 11.243796]]}, "properties": {"from": [75.7834818, 11.2453652], "to": [75.78503318388888, 11.2437957125], "type": "intra-zone"}}, {"type": "Feature", "geometry": {"type": "LineString", "coordinates": [[75.775425, 11.251382], [75.775815, 11.251472]]}, "properties": {"from": [75.7754249, 11.2513824], "to": [75.7758149, 11.2514724], "type": "secondary"}}, {"type": "Feature", "geometry": {"type": "LineString", "coordinates": [[75.783322, 11.251876], [75.783321, 11.252036]]}, "properties": {"from": [75.7833224, 11.2518756], "to": [75.7833214, 11.2520357], "type": "primary"}}, {"type": "Feature", "geometry": {"type": "LineString", "coordinates": [[75.795689, 11.246548], [75.795662, 11.246548]]}, "properties": {"from": [75.7956889, 11.2465485], "to": [75.7956621, 11.2465485], "type": "residential"}}, {"type": "Feature", "geometry": {"type": "LineString", "coordinates": [[75.797709, 11.247357], [75.797714, 11.247279]]}, "properties": {"from": [75.7977087, 11.2473574], "to": [75.7977141, 11.2472785], "type": "residential"}}, {"type": "Feature", "geometry": {"type": "LineString", "coordinates": [[75.777816, 11.255429], [75.777975, 11.255049]]}, "properties": {"from": [75.777816, 11.2554289], "to": [75.7779751, 11.2550494], "type": "tertiary"}}, {"type": "Feature", "geometry": {"type": "LineString", "coordinates": [[75.774781, 11.239417], [75.774828, 11.2393]]}, "properties": {"from": [75.7748275, 11.2393002], "to": [75.7747813, 11.2394172], "type": "secondary"}}, {"type": "Feature", "geometry": {"type": "LineString", "coordinates": [[75.784565, 11.246712], [75.784533, 11.246708]]}, "properties": {"from": [75.7845653, 11.2467119], "to": [75.7845328, 11.2467084], "type": "tertiary"}}, {"type": "Feature", "geometry": {"type": "LineString", "coordinates": [[75.773779, 11.246548], [75.773719, 11.24682]]}, "properties": {"from": [75.7737793, 11.2465481], "to": [75.7737192, 11.2468201], "type": "residential"}}, {"type": "Feature", "geometry": {"type": "LineString", "coordinates": [[75.79779, 11.248736], [75.797712, 11.248722]]}, "properties": {"from": [75.7977898, 11.2487356], "to": [75.7977121, 11.2487225], "type": "residential"}}, {"type": "Feature", "geometry": {"type": "LineString", "coordinates": [[75.781285, 11.248625], [75.776641, 11.251004]]}, "properties": {"from": [75.7812855, 11.2486249], "to": [75.77664119651972, 11.251004005336426], "type": "intra-zone"}}, {"type": "Feature", "geometry": {"type": "LineString", "coordinates": [[75.777913, 11.247414], [75.778214, 11.247361]]}, "properties": {"from": [75.7779128, 11.2474144], "to": [75.7782144, 11.2473608], "type": "residential"}}, {"type": "Feature", "geometry": {"type": "LineString", "coordinates": [[75.776363, 11.244495], [75.776554, 11.243155]]}, "properties": {"from": [75.7763633, 11.2444951], "to": [75.7765542862963, 11.243154998148148], "type": "intra-zone"}}, {"type": "Feature", "geometry": {"type": "LineString", "coordinates": [[75.788705, 11.24074], [75.785033, 11.243796]]}, "properties": {"from": [75.7887053, 11.2407397], "to": [75.78503318388888, 11.2437957125], "type": "intra-zone"}}, {"type": "Feature", "geometry": {"type": "LineString", "coordinates": [[75.771681, 11.250691], [75.776641, 11.251004]]}, "properties": {"from": [75.7716807, 11.2506912], "to": [75.77664119651972, 11.251004005336426], "type": "intra-zone"}}, {"type": "Feature", "geometry": {"type": "LineString", "coordinates": [[75.792285, 11.243461], [75.791362, 11.244115]]}, "properties": {"from": [75.7922853, 11.2434612], "to": [75.7913624, 11.2441145], "type": "residential"}}, {"type": "Feature", "geometry": {"type": "LineString", "coordinates": [[75.784544, 11.252277], [75.784579, 11.252398]]}, "properties": {"from": [75.7845443, 11.2522775], "to": [75.7845791, 11.2523985], "type": "residential"}}, {"type": "Feature", "geometry": {"type": "LineString", "coordinates": [[75.784806, 11.254947], [75.784752, 11.255206]]}, "properties": {"from": [75.7848055, 11.2549474], "to": [75.7847518, 11.2552056], "type": "residential"}}, {"type": "Feature", "geometry": {"type": "LineString", "coordinates": [[75.778518, 11.240269], [75.779748, 11.240764]]}, "properties": {"from": [75.7785176, 11.2402689], "to": [75.7797477, 11.2407645], "type": "secondary"}}, {"type": "Feature", "geometry": {"type": "LineString", "coordinates": [[75.773942, 11.245714], [75.773912, 11.245894]]}, "properties": {"from": [75.7739424, 11.2457135], "to": [75.7739123, 11.2458941], "type": "residential"}}, {"type": "Feature", "geometry": {"type": "LineString", "coordinates": [[75.788703, 11.253915], [75.786427, 11.252457]]}, "properties": {"from": [75.7887034, 11.2539147], "to": [75.78642719263158, 11.25245679894737], "type": "intra-zone"}}, {"type": "Feature", "geometry": {"type": "LineString", "coordinates": [[75.797129, 11.250068], [75.797022, 11.250221]]}, "properties": {"from": [75.7970224, 11.2502212], "to": [75.7971293, 11.2500681], "type": "residential"}}, {"type": "Feature", "geometry": {"type": "LineString", "coordinates": [[75.787692, 11.243854], [75.788149, 11.243924]]}, "properties": {"from": [75.7876916, 11.2438539], "to": [75.788149, 11.2439236], "type": "residential"}}, {"type": "Feature", "geometry": {"type": "LineString", "coordinates": [[75.790289, 11.253206], [75.790311, 11.253438]]}, "properties": {"from": [75.7902893, 11.2532064], "to": [75.7903108, 11.2534379], "type": "residential"}}, {"type": "Feature", "geometry": {"type": "LineString", "coordinates": [[75.791974, 11.245155], [75.792392, 11.245143]]}, "properties": {"from": [75.7919736, 11.2451546], "to": [75.7923924, 11.2451427], "type": "residential"}}, {"type": "Feature", "geometry": {"type": "LineString", "coordinates": [[75.779046, 11.241988], [75.77903, 11.242023]]}, "properties": {"from": [75.7790458, 11.2419879], "to": [75.7790299, 11.2420229], "type": "residential"}}, {"type": "Feature", "geometry": {"type": "LineString", "coordinates": [[75.795949, 11.245675], [75.79545, 11.244171]]}, "properties": {"from": [75.7959487, 11.2456749], "to": [75.79545017109974, 11.244170827109974], "type": "intra-zone"}}, {"type": "Feature", "geometry": {"type": "LineString", "coordinates": [[75.795842, 11.246527], [75.79545, 11.244171]]}, "properties": {"from": [75.7958418, 11.2465274], "to": [75.79545017109974, 11.244170827109974], "type": "intra-zone"}}, {"type": "Feature", "geometry": {"type": "LineString", "coordinates": [[75.781525, 11.252892], [75.781476, 11.252876]]}, "properties": {"from": [75.7815249, 11.2528916], "to": [75.7814762, 11.2528764], "type": "primary"}}, {"type": "Feature", "geometry": {"type": "LineString", "coordinates": [[75.804447, 11.239669], [75.79545, 11.244171]]}, "properties": {"from": [75.8044468, 11.2396688], "to": [75.79545017109974, 11.244170827109974], "type": "intra-zone"}}, {"type": "Feature", "geometry": {"type": "LineString", "coordinates": [[75.777796, 11.251434], [75.778616, 11.251416]]}, "properties": {"from": [75.7777959, 11.2514344], "to": [75.7786165, 11.2514164], "type": "secondary"}}, {"type": "Feature", "geometry": {"type": "LineString", "coordinates": [[75.783193, 11.238529], [75.785033, 11.243796]]}, "properties": {"from": [75.7831931, 11.2385292], "to": [75.78503318388888, 11.2437957125], "type": "intra-zone"}}, {"type": "Feature", "geometry": {"type": "LineString", "coordinates": [[75.791043, 11.242933], [75.79545, 11.244171]]}, "properties": {"from": [75.7910434, 11.2429327], "to": [75.79545017109974, 11.244170827109974], "type": "intra-zone"}}, {"type": "Feature", "geometry": {"type": "LineString", "coordinates": [[75.776831, 11.243078], [75.776938, 11.242552]]}, "properties": {"from": [75.7768305, 11.243078], "to": [75.7769378, 11.2425518], "type": "residential"}}, {"type": "Feature", "geometry": {"type": "LineString", "coordinates": [[75.776704, 11.253243], [75.776702, 11.253132]]}, "properties": {"from": [75.7767043, 11.2532435], "to": [75.7767016, 11.2531324], "type": "residential"}}, {"type": "Feature", "geometry": {"type": "LineString", "coordinates": [[75.796759, 11.250123], [75.796536, 11.250047]]}, "properties": {"from": [75.7967591, 11.2501234], "to": [75.7965356, 11.2500467], "type": "residential"}}, {"type": "Feature", "geometry": {"type": "LineString", "coordinates": [[75.783652, 11.254632], [75.783748, 11.25443]]}, "properties": {"from": [75.7836523, 11.2546315], "to": [75.783748, 11.25443], "type": "residential"}}, {"type": "Feature", "geometry": {"type": "LineString", "coordinates": [[75.783762, 11.254786], [75.786427, 11.252457]]}, "properties": {"from": [75.7837622, 11.2547856], "to": [75.78642719263158, 11.25245679894737], "type": "intra-zone"}}, {"type": "Feature", "geometry": {"type": "LineString", "coordinates": [[75.787272, 11.251287], [75.787418, 11.251154]]}, "properties": {"from": [75.7872723, 11.251287], "to": [75.7874184, 11.2511538], "type": "residential"}}, {"type": "Feature", "geometry": {"type": "LineString", "coordinates": [[75.779226, 11.255287], [75.779191, 11.255433]]}, "properties": {"from": [75.7792262, 11.2552868], "to": [75.7791907, 11.2554328], "type": "primary"}}, {"type": "Feature", "geometry": {"type": "LineString", "coordinates": [[75.795302, 11.245078], [75.79534, 11.245169]]}, "properties": {"from": [75.7953019, 11.2450781], "to": [75.7953398, 11.2451693], "type": "residential"}}, {"type": "Feature", "geometry": {"type": "LineString", "coordinates": [[75.771635, 11.253006], [75.776641, 11.251004]]}, "properties": {"from": [75.7716349, 11.2530062], "to": [75.77664119651972, 11.251004005336426], "type": "intra-zone"}}, {"type": "Feature", "geometry": {"type": "LineString", "coordinates": [[75.772211, 11.252221], [75.776641, 11.251004]]}, "properties": {"from": [75.7722106, 11.2522213], "to": [75.77664119651972, 11.251004005336426], "type": "intra-zone"}}, {"type": "Feature", "geometry": {"type": "LineString", "coordinates": [[75.781476, 11.252876], [75.781422, 11.252876]]}, "properties": {"from": [75.7814762, 11.2528764], "to": [75.7814223, 11.2528758], "type": "primary"}}, {"type": "Feature", "geometry": {"type": "LineString", "coordinates": [[75.784423, 11.247726], [75.784498, 11.247281]]}, "properties": {"from": [75.7844225, 11.247726], "to": [75.7844983, 11.2472812], "type": "primary"}}, {"type": "Feature", "geometry": {"type": "LineString", "coordinates": [[75.793171, 11.241807], [75.79545, 11.244171]]}, "properties": {"from": [75.7931715, 11.2418071], "to": [75.79545017109974, 11.244170827109974], "type": "intra-zone"}}, {"type": "Feature", "geometry": {"type": "LineString", "coordinates": [[75.780807, 11.253746], [75.780787, 11.253797]]}, "properties": {"from": [75.7808067, 11.2537459], "to": [75.7807872, 11.2537972], "type": "primary"}}, {"type": "Feature", "geometry": {"type": "LineString", "coordinates": [[75.785473, 11.249469], [75.785063, 11.249261]]}, "properties": {"from": [75.7854728, 11.249469], "to": [75.7850628, 11.2492605], "type": "secondary"}}, {"type": "Feature", "geometry": {"type": "LineString", "coordinates": [[75.779998, 11.250335], [75.776641, 11.251004]]}, "properties": {"from": [75.7799984, 11.2503348], "to": [75.77664119651972, 11.251004005336426], "type": "intra-zone"}}, {"type": "Feature", "geometry": {"type": "LineString", "coordinates": [[75.778487, 11.245829], [75.776554, 11.243155]]}, "properties": {"from": [75.7784874, 11.2458295], "to": [75.7765542862963, 11.243154998148148], "type": "intra-zone"}}, {"type": "Feature", "geometry": {"type": "LineString", "coordinates": [[75.776471, 11.242375], [75.776554, 11.243155]]}, "properties": {"from": [75.7764705, 11.2423748], "to": [75.7765542862963, 11.243154998148148], "type": "intra-zone"}}, {"type": "Feature", "geometry": {"type": "LineString", "coordinates": [[75.790569, 11.251033], [75.786427, 11.252457]]}, "properties": {"from": [75.7905686, 11.251033], "to": [75.78642719263158, 11.25245679894737], "type": "intra-zone"}}, {"type": "Feature", "geometry": {"type": "LineString", "coordinates": [[75.776852, 11.25374], [75.776769, 11.253714]]}, "properties": {"from": [75.7768518, 11.2537401], "to": [75.7767687, 11.2537138], "type": "residential"}}, {"type": "Feature", "geometry": {"type": "LineString", "coordinates": [[75.791008, 11.243166], [75.790847, 11.24304]]}, "properties": {"from": [75.7908469, 11.2430395], "to": [75.7910078, 11.2431665], "type": "residential"}}, {"type": "Feature", "geometry": {"type": "LineString", "coordinates": [[75.792338, 11.243408], [75.792285, 11.243461]]}, "properties": {"from": [75.7923377, 11.2434085], "to": [75.7922853, 11.2434612], "type": "residential"}}, {"type": "Feature", "geometry": {"type": "LineString", "coordinates": [[75.796738, 11.246611], [75.796776, 11.246613]]}, "properties": {"from": [75.7967377, 11.2466114], "to": [75.7967758, 11.246613], "type": "tertiary"}}, {"type": "Feature", "geometry": {"type": "LineString", "coordinates": [[75.78767, 11.241039], [75.787884, 11.241055]]}, "properties": {"from": [75.7876697, 11.2410394], "to": [75.7878843, 11.2410552], "type": "residential"}}, {"type": "Feature", "geometry": {"type": "LineString", "coordinates": [[75.797338, 11.249563], [75.797129, 11.250068]]}, "properties": {"from": [75.7973385, 11.249563], "to": [75.7971293, 11.2500681], "type": "residential"}}, {"type": "Feature", "geometry": {"type": "LineString", "coordinates": [[75.797505, 11.247805], [75.7975, 11.247726]]}, "properties": {"from": [75.7975049, 11.2478046], "to": [75.7974995, 11.2477257], "type": "residential"}}, {"type": "Feature", "geometry": {"type": "LineString", "coordinates": [[75.77289, 11.247098], [75.776554, 11.243155]]}, "properties": {"from": [75.7728902, 11.2470977], "to": [75.7765542862963, 11.243154998148148], "type": "intra-zone"}}, {"type": "Feature", "geometry": {"type": "LineString", "coordinates": [[75.792275, 11.246498], [75.792275, 11.246206]]}, "properties": {"from": [75.7922745, 11.2462062], "to": [75.7922745, 11.2464978], "type": "residential"}}, {"type": "Feature", "geometry": {"type": "LineString", "coordinates": [[75.774108, 11.248445], [75.77388, 11.248397]]}, "properties": {"from": [75.7741079, 11.2484446], "to": [75.7738795, 11.2483965], "type": "residential"}}, {"type": "Feature", "geometry": {"type": "LineString", "coordinates": [[75.785895, 11.251018], [75.786427, 11.252457]]}, "properties": {"from": [75.7858947, 11.2510183], "to": [75.78642719263158, 11.25245679894737], "type": "intra-zone"}}, {"type": "Feature", "geometry": {"type": "LineString", "coordinates": [[75.780757, 11.251155], [75.776641, 11.251004]]}, "properties": {"from": [75.7807571, 11.2511551], "to": [75.77664119651972, 11.251004005336426], "type": "intra-zone"}}, {"type": "Feature", "geometry": {"type": "LineString", "coordinates": [[75.79809, 11.248081], [75.798077, 11.248173]]}, "properties": {"from": [75.7980904, 11.2480811], "to": [75.7980768, 11.2481727], "type": "residential"}}, {"type": "Feature", "geometry": {"type": "LineString", "coordinates": [[75.773684, 11.247576], [75.773805, 11.247237]]}, "properties": {"from": [75.7736841, 11.2475765], "to": [75.7738048, 11.2472371], "type": "residential"}}, {"type": "Feature", "geometry": {"type": "LineString", "coordinates": [[75.786985, 11.244045], [75.787089, 11.243635]]}, "properties": {"from": [75.7869853, 11.2440454], "to": [75.7870894, 11.2436347], "type": "residential"}}, {"type": "Feature", "geometry": {"type": "LineString", "coordinates": [[75.796448, 11.246321], [75.796406, 11.246334]]}, "properties": {"from": [75.7964476, 11.2463208], "to": [75.7964057, 11.2463343], "type": "residential"}}, {"type": "Feature", "geometry": {"type": "LineString", "coordinates": [[75.791755, 11.257264], [75.786427, 11.252457]]}, "properties": {"from": [75.7917551, 11.2572645], "to": [75.78642719263158, 11.25245679894737], "type": "intra-zone"}}, {"type": "Feature", "geometry": {"type": "LineString", "coordinates": [[75.7814, 11.248695], [75.776641, 11.251004]]}, "properties": {"from": [75.7814003, 11.2486947], "to": [75.77664119651972, 11.251004005336426], "type": "intra-zone"}}, {"type": "Feature", "geometry": {"type": "LineString", "coordinates": [[75.785445, 11.252895], [75.786427, 11.252457]]}, "properties": {"from": [75.7854448, 11.2528946], "to": [75.78642719263158, 11.25245679894737], "type": "intra-zone"}}, {"type": "Feature", "geometry": {"type": "LineString", "coordinates": [[75.77459, 11.252171], [75.776641, 11.251004]]}, "properties": {"from": [75.7745903, 11.2521705], "to": [75.77664119651972, 11.251004005336426], "type": "intra-zone"}}, {"type": "Feature", "geometry": {"type": "LineString", "coordinates": [[75.780958, 11.252942], [75.776641, 11.251004]]}, "properties": {"from": [75.7809576, 11.2529423], "to": [75.77664119651972, 11.251004005336426], "type": "intra-zone"}}, {"type": "Feature", "geometry": {"type": "LineString", "coordinates": [[75.775775, 11.245257], [75.775398, 11.245204]]}, "properties": {"from": [75.7757752, 11.2452566], "to": [75.775398, 11.2452044], "type": "residential"}}, {"type": "Feature", "geometry": {"type": "LineString", "coordinates": [[75.783707, 11.241872], [75.785033, 11.243796]]}, "properties": {"from": [75.7837066, 11.241872], "to": [75.78503318388888, 11.2437957125], "type": "intra-zone"}}, {"type": "Feature", "geometry": {"type": "LineString", "coordinates": [[75.796054, 11.246383], [75.79545, 11.244171]]}, "properties": {"from": [75.7960537, 11.2463828], "to": [75.79545017109974, 11.244170827109974], "type": "intra-zone"}}, {"type": "Feature", "geometry": {"type": "LineString", "coordinates": [[75.797331, 11.248868], [75.796031, 11.249704]]}, "properties": {"from": [75.7973305, 11.2488682], "to": [75.79603117340068, 11.249703834006734], "type": "intra-zone"}}, {"type": "Feature", "geometry": {"type": "LineString", "coordinates": [[75.77384, 11.242898], [75.773939, 11.242383]]}, "properties": {"from": [75.77384, 11.2428982], "to": [75.7739391, 11.2423834], "type": "secondary"}}, {"type": "Feature", "geometry": {"type": "LineString", "coordinates": [[75.783748, 11.25443], [75.786427, 11.252457]]}, "properties": {"from": [75.783748, 11.25443], "to": [75.78642719263158, 11.25245679894737], "type": "intra-zone"}}, {"type": "Feature", "geometry": {"type": "LineString", "coordinates": [[75.777211, 11.249764], [75.776641, 11.251004]]}, "properties": {"from": [75.7772108, 11.2497644], "to": [75.77664119651972, 11.251004005336426], "type": "intra-zone"}}, {"type": "Feature", "geometry": {"type": "LineString", "coordinates": [[75.781417, 11.254459], [75.781552, 11.254368]]}, "properties": {"from": [75.7814169, 11.2544595], "to": [75.7815523, 11.254368], "type": "primary"}}, {"type": "Feature", "geometry": {"type": "LineString", "coordinates": [[75.796266, 11.246077], [75.796328, 11.246069]]}, "properties": {"from": [75.7962655, 11.2460774], "to": [75.7963275, 11.2460691], "type": "residential"}}, {"type": "Feature", "geometry": {"type": "LineString", "coordinates": [[75.771536, 11.250928], [75.776641, 11.251004]]}, "properties": {"from": [75.7715358, 11.250928], "to": [75.77664119651972, 11.251004005336426], "type": "intra-zone"}}, {"type": "Feature", "geometry": {"type": "LineString", "coordinates": [[75.787773, 11.254626], [75.787797, 11.254443]]}, "properties": {"from": [75.7877731, 11.2546259], "to": [75.7877971, 11.2544434], "type": "residential"}}, {"type": "Feature", "geometry": {"type": "LineString", "coordinates": [[75.798038, 11.248296], [75.798034, 11.248365]]}, "properties": {"from": [75.7980384, 11.2482964], "to": [75.7980339, 11.2483647], "type": "residential"}}, {"type": "Feature", "geometry": {"type": "LineString", "coordinates": [[75.786116, 11.25158], [75.786427, 11.252457]]}, "properties": {"from": [75.7861161, 11.2515796], "to": [75.78642719263158, 11.25245679894737], "type": "intra-zone"}}, {"type": "Feature", "geometry": {"type": "LineString", "coordinates": [[75.776226, 11.259118], [75.776967, 11.257437]]}, "properties": {"from": [75.7762261, 11.2591176], "to": [75.7769667, 11.2574365], "type": "tertiary"}}, {"type": "Feature", "geometry": {"type": "LineString", "coordinates": [[75.777619, 11.25363], [75.777597, 11.253711]]}, "properties": {"from": [75.7776189, 11.2536296], "to": [75.7775975, 11.2537112], "type": "residential"}}, {"type": "Feature", "geometry": {"type": "LineString", "coordinates": [[75.789028, 11.253569], [75.786427, 11.252457]]}, "properties": {"from": [75.789028, 11.2535687], "to": [75.78642719263158, 11.25245679894737], "type": "intra-zone"}}, {"type": "Feature", "geometry": {"type": "LineString", "coordinates": [[75.790213, 11.249075], [75.790943, 11.249061]]}, "properties": {"from": [75.7909435, 11.2490607], "to": [75.7902131, 11.2490753], "type": "residential"}}, {"type": "Feature", "geometry": {"type": "LineString", "coordinates": [[75.784447, 11.252114], [75.784544, 11.252277]]}, "properties": {"from": [75.7844474, 11.2521136], "to": [75.7845443, 11.2522775], "type": "residential"}}, {"type": "Feature", "geometry": {"type": "LineString", "coordinates": [[75.786681, 11.239004], [75.786746, 11.238891]]}, "properties": {"from": [75.7866808, 11.239004], "to": [75.7867458, 11.2388908], "type": "primary"}}, {"type": "Feature", "geometry": {"type": "LineString", "coordinates": [[75.796866, 11.241877], [75.796908, 11.242077]]}, "properties": {"from": [75.7968665, 11.2418766], "to": [75.7969077, 11.2420774], "type": "tertiary"}}, {"type": "Feature", "geometry": {"type": "LineString", "coordinates": [[75.795128, 11.24548], [75.795219, 11.245438]]}, "properties": {"from": [75.7951277, 11.2454797], "to": [75.7952187, 11.2454384], "type": "residential"}}, {"type": "Feature", "geometry": {"type": "LineString", "coordinates": [[75.774889, 11.239128], [75.774959, 11.238907]]}, "properties": {"from": [75.7748893, 11.2391285], "to": [75.7749588, 11.2389074], "type": "secondary"}}, {"type": "Feature", "geometry": {"type": "LineString", "coordinates": [[75.796848, 11.25309], [75.796031, 11.249704]]}, "properties": {"from": [75.7968479, 11.2530899], "to": [75.79603117340068, 11.249703834006734], "type": "intra-zone"}}, {"type": "Feature", "geometry": {"type": "LineString", "coordinates": [[75.783041, 11.246406], [75.785033, 11.243796]]}, "properties": {"from": [75.783041, 11.2464057], "to": [75.78503318388888, 11.2437957125], "type": "intra-zone"}}, {"type": "Feature", "geometry": {"type": "LineString", "coordinates": [[75.784734, 11.246183], [75.785033, 11.243796]]}, "properties": {"from": [75.7847343, 11.2461832], "to": [75.78503318388888, 11.2437957125], "type": "intra-zone"}}, {"type": "Feature", "geometry": {"type": "LineString", "coordinates": [[75.796979, 11.248784], [75.797052, 11.248803]]}, "properties": {"from": [75.7969792, 11.2487841], "to": [75.7970516, 11.2488025], "type": "residential"}}, {"type": "Feature", "geometry": {"type": "LineString", "coordinates": [[75.793113, 11.248059], [75.796031, 11.249704]]}, "properties": {"from": [75.793113, 11.2480587], "to": [75.79603117340068, 11.249703834006734], "type": "intra-zone"}}, {"type": "Feature", "geometry": {"type": "LineString", "coordinates": [[75.783121, 11.246291], [75.785033, 11.243796]]}, "properties": {"from": [75.7831208, 11.2462912], "to": [75.78503318388888, 11.2437957125], "type": "intra-zone"}}, {"type": "Feature", "geometry": {"type": "LineString", "coordinates": [[75.773874, 11.245951], [75.776554, 11.243155]]}, "properties": {"from": [75.7738741, 11.2459513], "to": [75.7765542862963, 11.243154998148148], "type": "intra-zone"}}, {"type": "Feature", "geometry": {"type": "LineString", "coordinates": [[75.79809, 11.248081], [75.796031, 11.249704]]}, "properties": {"from": [75.7980904, 11.2480811], "to": [75.79603117340068, 11.249703834006734], "type": "intra-zone"}}, {"type": "Feature", "geometry": {"type": "LineString", "coordinates": [[75.782234, 11.243531], [75.785033, 11.243796]]}, "properties": {"from": [75.7822343, 11.2435308], "to": [75.78503318388888, 11.2437957125], "type": "intra-zone"}}, {"type": "Feature", "geometry": {"type": "LineString", "coordinates": [[75.790958, 11.246137], [75.790809, 11.246089]]}, "properties": {"from": [75.7909579, 11.2461369], "to": [75.7908088, 11.2460892], "type": "residential"}}, {"type": "Feature", "geometry": {"type": "LineString", "coordinates": [[75.788059, 11.253889], [75.786427, 11.252457]]}, "properties": {"from": [75.7880586, 11.2538889], "to": [75.78642719263158, 11.25245679894737], "type": "intra-zone"}}, {"type": "Feature", "geometry": {"type": "LineString", "coordinates": [[75.777597, 11.253711], [75.777565, 11.253735]]}, "properties": {"from": [75.7775975, 11.2537112], "to": [75.7775653, 11.2537349], "type": "residential"}}, {"type": "Feature", "geometry": {"type": "LineString", "coordinates": [[75.800568, 11.242839], [75.79545, 11.244171]]}, "properties": {"from": [75.8005681, 11.2428393], "to": [75.79545017109974, 11.244170827109974], "type": "intra-zone"}}, {"type": "Feature", "geometry": {"type": "LineString", "coordinates": [[75.795714, 11.247153], [75.796031, 11.249704]]}, "properties": {"from": [75.7957141, 11.2471528], "to": [75.79603117340068, 11.249703834006734], "type": "intra-zone"}}, {"type": "Feature", "geometry": {"type": "LineString", "coordinates": [[75.778279, 11.247357], [75.778418, 11.24735]]}, "properties": {"from": [75.7782786, 11.2473575], "to": [75.7784182, 11.2473502], "type": "residential"}}, {"type": "Feature", "geometry": {"type": "LineString", "coordinates": [[75.774864, 11.247134], [75.774599, 11.247298]]}, "properties": {"from": [75.7745988, 11.2472976], "to": [75.7748643, 11.2471345], "type": "residential"}}, {"type": "Feature", "geometry": {"type": "LineString", "coordinates": [[75.772613, 11.248109], [75.772646, 11.247947]]}, "properties": {"from": [75.7726127, 11.2481095], "to": [75.7726457, 11.2479466], "type": "secondary"}}, {"type": "Feature", "geometry": {"type": "LineString", "coordinates": [[75.777286, 11.25061], [75.776641, 11.251004]]}, "properties": {"from": [75.7772863, 11.2506096], "to": [75.77664119651972, 11.251004005336426], "type": "intra-zone"}}, {"type": "Feature", "geometry": {"type": "LineString", "coordinates": [[75.79072, 11.247755], [75.790394, 11.247736]]}, "properties": {"from": [75.7907203, 11.2477549], "to": [75.7903941, 11.2477359], "type": "tertiary"}}, {"type": "Feature", "geometry": {"type": "LineString", "coordinates": [[75.784693, 11.249085], [75.786427, 11.252457]]}, "properties": {"from": [75.7846926, 11.2490851], "to": [75.78642719263158, 11.25245679894737], "type": "intra-zone"}}, {"type": "Feature", "geometry": {"type": "LineString", "coordinates": [[75.79922, 11.244623], [75.799181, 11.244744]]}, "properties": {"from": [75.7992196, 11.2446235], "to": [75.7991807, 11.2447435], "type": "primary"}}, {"type": "Feature", "geometry": {"type": "LineString", "coordinates": [[75.78188, 11.248834], [75.776641, 11.251004]]}, "properties": {"from": [75.7818795, 11.2488343], "to": [75.77664119651972, 11.251004005336426], "type": "intra-zone"}}, {"type": "Feature", "geometry": {"type": "LineString", "coordinates": [[75.790559, 11.250706], [75.786427, 11.252457]]}, "properties": {"from": [75.7905592, 11.2507064], "to": [75.78642719263158, 11.25245679894737], "type": "intra-zone"}}, {"type": "Feature", "geometry": {"type": "LineString", "coordinates": [[75.787847, 11.253807], [75.787981, 11.253832]]}, "properties": {"from": [75.7878466, 11.2538067], "to": [75.7879805, 11.2538325], "type": "residential"}}, {"type": "Feature", "geometry": {"type": "LineString", "coordinates": [[75.777303, 11.248941], [75.777291, 11.248655]]}, "properties": {"from": [75.7773034, 11.2489406], "to": [75.7772911, 11.2486555], "type": "residential"}}, {"type": "Feature", "geometry": {"type": "LineString", "coordinates": [[75.784872, 11.254375], [75.784806, 11.254947]]}, "properties": {"from": [75.7848717, 11.2543752], "to": [75.7848055, 11.2549474], "type": "residential"}}, {"type": "Feature", "geometry": {"type": "LineString", "coordinates": [[75.77903, 11.239617], [75.776554, 11.243155]]}, "properties": {"from": [75.7790297, 11.2396168], "to": [75.7765542862963, 11.243154998148148], "type": "intra-zone"}}, {"type": "Feature", "geometry": {"type": "LineString", "coordinates": [[75.796786, 11.245895], [75.796754, 11.245884]]}, "properties": {"from": [75.7967865, 11.2458948], "to": [75.7967543, 11.2458843], "type": "tertiary"}}, {"type": "Feature", "geometry": {"type": "LineString", "coordinates": [[75.796419, 11.245737], [75.796562, 11.245695]]}, "properties": {"from": [75.7964192, 11.245737], "to": [75.7965622, 11.2456945], "type": "residential"}}, {"type": "Feature", "geometry": {"type": "LineString", "coordinates": [[75.777917, 11.248369], [75.777915, 11.248347]]}, "properties": {"from": [75.7779168, 11.2483687], "to": [75.7779153, 11.2483469], "type": "residential"}}, {"type": "Feature", "geometry": {"type": "LineString", "coordinates": [[75.791008, 11.243166], [75.79545, 11.244171]]}, "properties": {"from": [75.7910078, 11.2431665], "to": [75.79545017109974, 11.244170827109974], "type": "intra-zone"}}, {"type": "Feature", "geometry": {"type": "LineString", "coordinates": [[75.794448, 11.243339], [75.79545, 11.244171]]}, "properties": {"from": [75.7944476, 11.2433385], "to": [75.79545017109974, 11.244170827109974], "type": "intra-zone"}}, {"type": "Feature", "geometry": {"type": "LineString", "coordinates": [[75.793168, 11.241584], [75.79545, 11.244171]]}, "properties": {"from": [75.7931677, 11.2415836], "to": [75.79545017109974, 11.244170827109974], "type": "intra-zone"}}, {"type": "Feature", "geometry": {"type": "LineString", "coordinates": [[75.786518, 11.252693], [75.786427, 11.252457]]}, "properties": {"from": [75.7865179, 11.252693], "to": [75.78642719263158, 11.25245679894737], "type": "intra-zone"}}, {"type": "Feature", "geometry": {"type": "LineString", "coordinates": [[75.78339, 11.251095], [75.783344, 11.25157]]}, "properties": {"from": [75.7833438, 11.2515695], "to": [75.7833898, 11.251095], "type": "primary"}}, {"type": "Feature", "geometry": {"type": "LineString", "coordinates": [[75.780959, 11.248617], [75.776641, 11.251004]]}, "properties": {"from": [75.7809595, 11.2486167], "to": [75.77664119651972, 11.251004005336426], "type": "intra-zone"}}, {"type": "Feature", "geometry": {"type": "LineString", "coordinates": [[75.776342, 11.249599], [75.77665, 11.249643]]}, "properties": {"from": [75.7763418, 11.2495987], "to": [75.77665, 11.2496429], "type": "residential"}}, {"type": "Feature", "geometry": {"type": "LineString", "coordinates": [[75.783863, 11.237792], [75.785033, 11.243796]]}, "properties": {"from": [75.7838634, 11.2377919], "to": [75.78503318388888, 11.2437957125], "type": "intra-zone"}}, {"type": "Feature", "geometry": {"type": "LineString", "coordinates": [[75.786002, 11.251165], [75.785927, 11.251096]]}, "properties": {"from": [75.7860021, 11.2511649], "to": [75.7859274, 11.2510962], "type": "residential"}}, {"type": "Feature", "geometry": {"type": "LineString", "coordinates": [[75.778049, 11.246009], [75.776554, 11.243155]]}, "properties": {"from": [75.7780487, 11.2460087], "to": [75.7765542862963, 11.243154998148148], "type": "intra-zone"}}, {"type": "Feature", "geometry": {"type": "LineString", "coordinates": [[75.796184, 11.244294], [75.79545, 11.244171]]}, "properties": {"from": [75.7961842, 11.2442941], "to": [75.79545017109974, 11.244170827109974], "type": "intra-zone"}}, {"type": "Feature", "geometry": {"type": "LineString", "coordinates": [[75.791556, 11.258194], [75.786427, 11.252457]]}, "properties": {"from": [75.7915561, 11.2581936], "to": [75.78642719263158, 11.25245679894737], "type": "intra-zone"}}, {"type": "Feature", "geometry": {"type": "LineString", "coordinates": [[75.783429, 11.251137], [75.786427, 11.252457]]}, "properties": {"from": [75.7834294, 11.2511371], "to": [75.78642719263158, 11.25245679894737], "type": "intra-zone"}}, {"type": "Feature", "geometry": {"type": "LineString", "coordinates": [[75.773682, 11.243783], [75.776554, 11.243155]]}, "properties": {"from": [75.7736816, 11.243783], "to": [75.7765542862963, 11.243154998148148], "type": "intra-zone"}}, {"type": "Feature", "geometry": {"type": "LineString", "coordinates": [[75.788821, 11.245055], [75.785033, 11.243796]]}, "properties": {"from": [75.7888212, 11.2450554], "to": [75.78503318388888, 11.2437957125], "type": "intra-zone"}}, {"type": "Feature", "geometry": {"type": "LineString", "coordinates": [[75.787884, 11.241055], [75.785033, 11.243796]]}, "properties": {"from": [75.7878843, 11.2410552], "to": [75.78503318388888, 11.2437957125], "type": "intra-zone"}}, {"type": "Feature", "geometry": {"type": "LineString", "coordinates": [[75.796346, 11.249982], [75.796031, 11.249704]]}, "properties": {"from": [75.7963462, 11.2499817], "to": [75.79603117340068, 11.249703834006734], "type": "intra-zone"}}, {"type": "Feature", "geometry": {"type": "LineString", "coordinates": [[75.783986, 11.251816], [75.784021, 11.251854]]}, "properties": {"from": [75.7839861, 11.2518163], "to": [75.7840212, 11.2518539], "type": "residential"}}, {"type": "Feature", "geometry": {"type": "LineString", "coordinates": [[75.795058, 11.245493], [75.795128, 11.24548]]}, "properties": {"from": [75.7950576, 11.2454934], "to": [75.7951277, 11.2454797], "type": "residential"}}, {"type": "Feature", "geometry": {"type": "LineString", "coordinates": [[75.788514, 11.242488], [75.785033, 11.243796]]}, "properties": {"from": [75.788514, 11.2424878], "to": [75.78503318388888, 11.2437957125], "type": "intra-zone"}}, {"type": "Feature", "geometry": {"type": "LineString", "coordinates": [[75.783205, 11.25281], [75.783277, 11.252651]]}, "properties": {"from": [75.7832047, 11.2528103], "to": [75.7832775, 11.2526508], "type": "primary"}}, {"type": "Feature", "geometry": {"type": "LineString", "coordinates": [[75.792412, 11.241578], [75.79545, 11.244171]]}, "properties": {"from": [75.7924125, 11.2415777], "to": [75.79545017109974, 11.244170827109974], "type": "intra-zone"}}, {"type": "Feature", "geometry": {"type": "LineString", "coordinates": [[75.783343, 11.252394], [75.783338, 11.252253]]}, "properties": {"from": [75.7833428, 11.2523945], "to": [75.7833375, 11.2522527], "type": "primary"}}, {"type": "Feature", "geometry": {"type": "LineString", "coordinates": [[75.783571, 11.238114], [75.785033, 11.243796]]}, "properties": {"from": [75.7835706, 11.238114], "to": [75.78503318388888, 11.2437957125], "type": "intra-zone"}}, {"type": "Feature", "geometry": {"type": "LineString", "coordinates": [[75.79336, 11.24505], [75.79545, 11.244171]]}, "properties": {"from": [75.7933604, 11.2450505], "to": [75.79545017109974, 11.244170827109974], "type": "intra-zone"}}, {"type": "Feature", "geometry": {"type": "LineString", "coordinates": [[75.797706, 11.250323], [75.797212, 11.250292]]}, "properties": {"from": [75.7977059, 11.2503233], "to": [75.7972124, 11.2502917], "type": "residential"}}, {"type": "Feature", "geometry": {"type": "LineString", "coordinates": [[75.787775, 11.251868], [75.787781, 11.251838]]}, "properties": {"from": [75.7877747, 11.2518682], "to": [75.7877812, 11.2518382], "type": "secondary"}}, {"type": "Feature", "geometry": {"type": "LineString", "coordinates": [[75.795588, 11.245436], [75.795672, 11.245416]]}, "properties": {"from": [75.7955877, 11.2454362], "to": [75.7956725, 11.2454158], "type": "residential"}}, {"type": "Feature", "geometry": {"type": "LineString", "coordinates": [[75.773982, 11.253845], [75.776641, 11.251004]]}, "properties": {"from": [75.7739819, 11.2538453], "to": [75.77664119651972, 11.251004005336426], "type": "intra-zone"}}, {"type": "Feature", "geometry": {"type": "LineString", "coordinates": [[75.797481, 11.248077], [75.797475, 11.248126]]}, "properties": {"from": [75.7974808, 11.2480767], "to": [75.7974754, 11.2481264], "type": "residential"}}, {"type": "Feature", "geometry": {"type": "LineString", "coordinates": [[75.787655, 11.255396], [75.786427, 11.252457]]}, "properties": {"from": [75.7876549, 11.2553956], "to": [75.78642719263158, 11.25245679894737], "type": "intra-zone"}}, {"type": "Feature", "geometry": {"type": "LineString", "coordinates": [[75.796805, 11.24146], [75.79545, 11.244171]]}, "properties": {"from": [75.7968054, 11.2414598], "to": [75.79545017109974, 11.244170827109974], "type": "intra-zone"}}, {"type": "Feature", "geometry": {"type": "LineString", "coordinates": [[75.790847, 11.24304], [75.79545, 11.244171]]}, "properties": {"from": [75.7908469, 11.2430395], "to": [75.79545017109974, 11.244170827109974], "type": "intra-zone"}}, {"type": "Feature", "geometry": {"type": "LineString", "coordinates": [[75.796168, 11.244123], [75.79545, 11.244171]]}, "properties": {"from": [75.7961681, 11.2441231], "to": [75.79545017109974, 11.244170827109974], "type": "intra-zone"}}, {"type": "Feature", "geometry": {"type": "LineString", "coordinates": [[75.790649, 11.246968], [75.79545, 11.244171]]}, "properties": {"from": [75.7906487, 11.2469685], "to": [75.79545017109974, 11.244170827109974], "type": "intra-zone"}}, {"type": "Feature", "geometry": {"type": "LineString", "coordinates": [[75.785558, 11.250968], [75.785307, 11.250944]]}, "properties": {"from": [75.7855585, 11.2509679], "to": [75.7853069, 11.250944], "type": "residential"}}, {"type": "Feature", "geometry": {"type": "LineString", "coordinates": [[75.796944, 11.252443], [75.796031, 11.249704]]}, "properties": {"from": [75.7969436, 11.2524433], "to": [75.79603117340068, 11.249703834006734], "type": "intra-zone"}}, {"type": "Feature", "geometry": {"type": "LineString", "coordinates": [[75.787435, 11.244657], [75.787281, 11.245177]]}, "properties": {"from": [75.7874353, 11.2446574], "to": [75.7872813, 11.2451771], "type": "residential"}}, {"type": "Feature", "geometry": {"type": "LineString", "coordinates": [[75.786589, 11.242628], [75.785033, 11.243796]]}, "properties": {"from": [75.7865891, 11.2426282], "to": [75.78503318388888, 11.2437957125], "type": "intra-zone"}}, {"type": "Feature", "geometry": {"type": "LineString", "coordinates": [[75.804325, 11.240061], [75.804227, 11.240219]]}, "properties": {"from": [75.804325, 11.2400613], "to": [75.8042274, 11.2402189], "type": "primary"}}, {"type": "Feature", "geometry": {"type": "LineString", "coordinates": [[75.793421, 11.241088], [75.79341, 11.241457]]}, "properties": {"from": [75.793421, 11.2410883], "to": [75.7934102, 11.2414566], "type": "residential"}}, {"type": "Feature", "geometry": {"type": "LineString", "coordinates": [[75.788126, 11.242944], [75.785033, 11.243796]]}, "properties": {"from": [75.7881255, 11.2429435], "to": [75.78503318388888, 11.2437957125], "type": "intra-zone"}}, {"type": "Feature", "geometry": {"type": "LineString", "coordinates": [[75.777209, 11.248642], [75.777219, 11.248476]]}, "properties": {"from": [75.7772086, 11.2486419], "to": [75.7772193, 11.2484762], "type": "residential"}}, {"type": "Feature", "geometry": {"type": "LineString", "coordinates": [[75.774824, 11.245125], [75.77495, 11.244118]]}, "properties": {"from": [75.7748236, 11.245125], "to": [75.7749497, 11.2441181], "type": "residential"}}, {"type": "Feature", "geometry": {"type": "LineString", "coordinates": [[75.772893, 11.249913], [75.7724, 11.249802]]}, "properties": {"from": [75.7723995, 11.249802], "to": [75.772893, 11.2499125], "type": "residential"}}, {"type": "Feature", "geometry": {"type": "LineString", "coordinates": [[75.773867, 11.243778], [75.774234, 11.243767]]}, "properties": {"from": [75.7738675, 11.2437777], "to": [75.7742341, 11.2437672], "type": "residential"}}, {"type": "Feature", "geometry": {"type": "LineString", "coordinates": [[75.783129, 11.241989], [75.783172, 11.242029]]}, "properties": {"from": [75.7831292, 11.2419887], "to": [75.7831723, 11.2420295], "type": "residential"}}, {"type": "Feature", "geometry": {"type": "LineString", "coordinates": [[75.775922, 11.241664], [75.775924, 11.24181]]}, "properties": {"from": [75.7759221, 11.241664], "to": [75.7759238, 11.2418099], "type": "residential"}}, {"type": "Feature", "geometry": {"type": "LineString", "coordinates": [[75.776528, 11.250276], [75.77665, 11.249643]]}, "properties": {"from": [75.77665, 11.2496429], "to": [75.7765276, 11.2502761], "type": "tertiary"}}, {"type": "Feature", "geometry": {"type": "LineString", "coordinates": [[75.776745, 11.248956], [75.776641, 11.251004]]}, "properties": {"from": [75.7767447, 11.248956], "to": [75.77664119651972, 11.251004005336426], "type": "intra-zone"}}, {"type": "Feature", "geometry": {"type": "LineString", "coordinates": [[75.78188, 11.248834], [75.781623, 11.248852]]}, "properties": {"from": [75.7818795, 11.2488343], "to": [75.7816234, 11.248852], "type": "secondary"}}, {"type": "Feature", "geometry": {"type": "LineString", "coordinates": [[75.792498, 11.241179], [75.79545, 11.244171]]}, "properties": {"from": [75.7924979, 11.2411787], "to": [75.79545017109974, 11.244170827109974], "type": "intra-zone"}}, {"type": "Feature", "geometry": {"type": "LineString", "coordinates": [[75.796149, 11.243955], [75.796167, 11.243757]]}, "properties": {"from": [75.796167, 11.243757], "to": [75.7961494, 11.2439547], "type": "residential"}}, {"type": "Feature", "geometry": {"type": "LineString", "coordinates": [[75.782625, 11.24675], [75.785033, 11.243796]]}, "properties": {"from": [75.782625, 11.2467503], "to": [75.78503318388888, 11.2437957125], "type": "intra-zone"}}, {"type": "Feature", "geometry": {"type": "LineString", "coordinates": [[75.787102, 11.252965], [75.786427, 11.252457]]}, "properties": {"from": [75.7871017, 11.252965], "to": [75.78642719263158, 11.25245679894737], "type": "intra-zone"}}, {"type": "Feature", "geometry": {"type": "LineString", "coordinates": [[75.79013, 11.249355], [75.786427, 11.252457]]}, "properties": {"from": [75.7901301, 11.2493552], "to": [75.78642719263158, 11.25245679894737], "type": "intra-zone"}}, {"type": "Feature", "geometry": {"type": "LineString", "coordinates": [[75.785812, 11.241509], [75.786584, 11.241621]]}, "properties": {"from": [75.7858121, 11.2415092], "to": [75.7865844, 11.2416214], "type": "residential"}}, {"type": "Feature", "geometry": {"type": "LineString", "coordinates": [[75.782282, 11.241757], [75.785033, 11.243796]]}, "properties": {"from": [75.7822821, 11.2417568], "to": [75.78503318388888, 11.2437957125], "type": "intra-zone"}}, {"type": "Feature", "geometry": {"type": "LineString", "coordinates": [[75.787418, 11.251154], [75.787484, 11.251058]]}, "properties": {"from": [75.7874184, 11.2511538], "to": [75.7874844, 11.2510576], "type": "residential"}}, {"type": "Feature", "geometry": {"type": "LineString", "coordinates": [[75.804787, 11.238403], [75.79545, 11.244171]]}, "properties": {"from": [75.8047874, 11.2384031], "to": [75.79545017109974, 11.244170827109974], "type": "intra-zone"}}, {"type": "Feature", "geometry": {"type": "LineString", "coordinates": [[75.791199, 11.246214], [75.79545, 11.244171]]}, "properties": {"from": [75.7911994, 11.2462141], "to": [75.79545017109974, 11.244170827109974], "type": "intra-zone"}}, {"type": "Feature", "geometry": {"type": "LineString", "coordinates": [[75.795977, 11.245763], [75.79545, 11.244171]]}, "properties": {"from": [75.7959769, 11.2457629], "to": [75.79545017109974, 11.244170827109974], "type": "intra-zone"}}, {"type": "Feature", "geometry": {"type": "LineString", "coordinates": [[75.778026, 11.246514], [75.777974, 11.246051]]}, "properties": {"from": [75.7780261, 11.2465142], "to": [75.7779736, 11.2460507], "type": "residential"}}, {"type": "Feature", "geometry": {"type": "LineString", "coordinates": [[75.775817, 11.24321], [75.775929, 11.242482]]}, "properties": {"from": [75.7758166, 11.2432095], "to": [75.7759292, 11.2424825], "type": "residential"}}, {"type": "Feature", "geometry": {"type": "LineString", "coordinates": [[75.782044, 11.253466], [75.782037, 11.253428]]}, "properties": {"from": [75.7820439, 11.2534664], "to": [75.7820372, 11.2534283], "type": "primary"}}, {"type": "Feature", "geometry": {"type": "LineString", "coordinates": [[75.781147, 11.241559], [75.785033, 11.243796]]}, "properties": {"from": [75.7811465, 11.241559], "to": [75.78503318388888, 11.2437957125], "type": "intra-zone"}}, {"type": "Feature", "geometry": {"type": "LineString", "coordinates": [[75.780328, 11.249002], [75.776641, 11.251004]]}, "properties": {"from": [75.7803283, 11.2490016], "to": [75.77664119651972, 11.251004005336426], "type": "intra-zone"}}, {"type": "Feature", "geometry": {"type": "LineString", "coordinates": [[75.775516, 11.248175], [75.776641, 11.251004]]}, "properties": {"from": [75.775516, 11.2481754], "to": [75.77664119651972, 11.251004005336426], "type": "intra-zone"}}, {"type": "Feature", "geometry": {"type": "LineString", "coordinates": [[75.773332, 11.253805], [75.773199, 11.254011]]}, "properties": {"from": [75.7733324, 11.2538051], "to": [75.7731987, 11.2540111], "type": "residential"}}, {"type": "Feature", "geometry": {"type": "LineString", "coordinates": [[75.781482, 11.246722], [75.785033, 11.243796]]}, "properties": {"from": [75.7814823, 11.2467223], "to": [75.78503318388888, 11.2437957125], "type": "intra-zone"}}, {"type": "Feature", "geometry": {"type": "LineString", "coordinates": [[75.776734, 11.243399], [75.776554, 11.243155]]}, "properties": {"from": [75.7767339, 11.2433989], "to": [75.7765542862963, 11.243154998148148], "type": "intra-zone"}}, {"type": "Feature", "geometry": {"type": "LineString", "coordinates": [[75.776836, 11.242298], [75.776865, 11.242093]]}, "properties": {"from": [75.7768364, 11.2422978], "to": [75.7768647, 11.242093], "type": "residential"}}, {"type": "Feature", "geometry": {"type": "LineString", "coordinates": [[75.781575, 11.252924], [75.786427, 11.252457]]}, "properties": {"from": [75.7815751, 11.2529238], "to": [75.78642719263158, 11.25245679894737], "type": "intra-zone"}}, {"type": "Feature", "geometry": {"type": "LineString", "coordinates": [[75.785186, 11.244013], [75.785278, 11.243273]]}, "properties": {"from": [75.785186, 11.2440126], "to": [75.7852775, 11.2432727], "type": "primary"}}, {"type": "Feature", "geometry": {"type": "LineString", "coordinates": [[75.779993, 11.24896], [75.779973, 11.249163]]}, "properties": {"from": [75.779993, 11.2489604], "to": [75.7799728, 11.2491633], "type": "residential"}}, {"type": "Feature", "geometry": {"type": "LineString", "coordinates": [[75.774448, 11.250914], [75.776641, 11.251004]]}, "properties": {"from": [75.7744482, 11.250914], "to": [75.77664119651972, 11.251004005336426], "type": "intra-zone"}}, {"type": "Feature", "geometry": {"type": "LineString", "coordinates": [[75.775739, 11.255271], [75.775766, 11.254934]]}, "properties": {"from": [75.7757387, 11.2552711], "to": [75.7757655, 11.2549344], "type": "residential"}}, {"type": "Feature", "geometry": {"type": "LineString", "coordinates": [[75.787653, 11.251806], [75.787272, 11.251287]]}, "properties": {"from": [75.7876532, 11.2518063], "to": [75.7872723, 11.251287], "type": "secondary"}}, {"type": "Feature", "geometry": {"type": "LineString", "coordinates": [[75.790214, 11.253049], [75.786427, 11.252457]]}, "properties": {"from": [75.7902142, 11.2530486], "to": [75.78642719263158, 11.25245679894737], "type": "intra-zone"}}, {"type": "Feature", "geometry": {"type": "LineString", "coordinates": [[75.796212, 11.251712], [75.796211, 11.251615]]}, "properties": {"from": [75.7962117, 11.2517119], "to": [75.7962106, 11.2516155], "type": "residential"}}, {"type": "Feature", "geometry": {"type": "LineString", "coordinates": [[75.797467, 11.248171], [75.796031, 11.249704]]}, "properties": {"from": [75.7974673, 11.2481711], "to": [75.79603117340068, 11.249703834006734], "type": "intra-zone"}}, {"type": "Feature", "geometry": {"type": "LineString", "coordinates": [[75.787404, 11.247356], [75.785033, 11.243796]]}, "properties": {"from": [75.787404, 11.2473562], "to": [75.78503318388888, 11.2437957125], "type": "intra-zone"}}, {"type": "Feature", "geometry": {"type": "LineString", "coordinates": [[75.774138, 11.241584], [75.776554, 11.243155]]}, "properties": {"from": [75.7741376, 11.2415837], "to": [75.7765542862963, 11.243154998148148], "type": "intra-zone"}}, {"type": "Feature", "geometry": {"type": "LineString", "coordinates": [[75.784887, 11.250662], [75.784841, 11.250559]]}, "properties": {"from": [75.7848868, 11.2506622], "to": [75.7848407, 11.2505586], "type": "residential"}}, {"type": "Feature", "geometry": {"type": "LineString", "coordinates": [[75.789008, 11.242833], [75.785033, 11.243796]]}, "properties": {"from": [75.789008, 11.2428332], "to": [75.78503318388888, 11.2437957125], "type": "intra-zone"}}, {"type": "Feature", "geometry": {"type": "LineString", "coordinates": [[75.78343, 11.25472], [75.783599, 11.254752]]}, "properties": {"from": [75.7834305, 11.2547201], "to": [75.7835995, 11.254752], "type": "primary"}}, {"type": "Feature", "geometry": {"type": "LineString", "coordinates": [[75.796963, 11.242655], [75.796902, 11.242737]]}, "properties": {"from": [75.796963, 11.2426548], "to": [75.7969016, 11.2427366], "type": "tertiary"}}, {"type": "Feature", "geometry": {"type": "LineString", "coordinates": [[75.791656, 11.242341], [75.79177, 11.242152]]}, "properties": {"from": [75.7916556, 11.2423411], "to": [75.79177, 11.2421517], "type": "secondary"}}, {"type": "Feature", "geometry": {"type": "LineString", "coordinates": [[75.797395, 11.248592], [75.796031, 11.249704]]}, "properties": {"from": [75.7973949, 11.248592], "to": [75.79603117340068, 11.249703834006734], "type": "intra-zone"}}, {"type": "Feature", "geometry": {"type": "LineString", "coordinates": [[75.775604, 11.246102], [75.775323, 11.245987]]}, "properties": {"from": [75.7756041, 11.2461024], "to": [75.7753229, 11.2459866], "type": "residential"}}, {"type": "Feature", "geometry": {"type": "LineString", "coordinates": [[75.796923, 11.249492], [75.797153, 11.249471]]}, "properties": {"from": [75.7969227, 11.249492], "to": [75.7971534, 11.249471], "type": "residential"}}, {"type": "Feature", "geometry": {"type": "LineString", "coordinates": [[75.777913, 11.248261], [75.776641, 11.251004]]}, "properties": {"from": [75.777913, 11.2482612], "to": [75.77664119651972, 11.251004005336426], "type": "intra-zone"}}, {"type": "Feature", "geometry": {"type": "LineString", "coordinates": [[75.796175, 11.250691], [75.796031, 11.249704]]}, "properties": {"from": [75.7961745, 11.2506907], "to": [75.79603117340068, 11.249703834006734], "type": "intra-zone"}}, {"type": "Feature", "geometry": {"type": "LineString", "coordinates": [[75.774757, 11.248242], [75.776641, 11.251004]]}, "properties": {"from": [75.774757, 11.248242], "to": [75.77664119651972, 11.251004005336426], "type": "intra-zone"}}, {"type": "Feature", "geometry": {"type": "LineString", "coordinates": [[75.784283, 11.246697], [75.784182, 11.246692]]}, "properties": {"from": [75.7842828, 11.2466974], "to": [75.7841819, 11.2466921], "type": "tertiary"}}, {"type": "Feature", "geometry": {"type": "LineString", "coordinates": [[75.787333, 11.24214], [75.787607, 11.242119]]}, "properties": {"from": [75.7873334, 11.2421405], "to": [75.7876074, 11.2421195], "type": "residential"}}, {"type": "Feature", "geometry": {"type": "LineString", "coordinates": [[75.796861, 11.248774], [75.796923, 11.248776]]}, "properties": {"from": [75.7968611, 11.2487735], "to": [75.7969228, 11.2487762], "type": "residential"}}, {"type": "Feature", "geometry": {"type": "LineString", "coordinates": [[75.79833, 11.244495], [75.79545, 11.244171]]}, "properties": {"from": [75.7983304, 11.2444946], "to": [75.79545017109974, 11.244170827109974], "type": "intra-zone"}}, {"type": "Feature", "geometry": {"type": "LineString", "coordinates": [[75.781024, 11.252896], [75.780985, 11.252912]]}, "properties": {"from": [75.7809846, 11.2529118], "to": [75.7810239, 11.2528962], "type": "primary"}}, {"type": "Feature", "geometry": {"type": "LineString", "coordinates": [[75.772606, 11.248208], [75.772613, 11.248109]]}, "properties": {"from": [75.7726058, 11.2482081], "to": [75.7726127, 11.2481095], "type": "secondary"}}, {"type": "Feature", "geometry": {"type": "LineString", "coordinates": [[75.77956, 11.243237], [75.776554, 11.243155]]}, "properties": {"from": [75.7795599, 11.2432374], "to": [75.7765542862963, 11.243154998148148], "type": "intra-zone"}}, {"type": "Feature", "geometry": {"type": "LineString", "coordinates": [[75.77733, 11.249396], [75.777211, 11.249764]]}, "properties": {"from": [75.7773296, 11.2493963], "to": [75.7772108, 11.2497644], "type": "residential"}}, {"type": "Feature", "geometry": {"type": "LineString", "coordinates": [[75.786982, 11.250891], [75.786777, 11.250612]]}, "properties": {"from": [75.7869819, 11.2508911], "to": [75.7867772, 11.250612], "type": "secondary"}}, {"type": "Feature", "geometry": {"type": "LineString", "coordinates": [[75.797999, 11.248749], [75.797984, 11.248791]]}, "properties": {"from": [75.797999, 11.2487488], "to": [75.7979837, 11.2487911], "type": "residential"}}, {"type": "Feature", "geometry": {"type": "LineString", "coordinates": [[75.791354, 11.252188], [75.786427, 11.252457]]}, "properties": {"from": [75.7913536, 11.2521879], "to": [75.78642719263158, 11.25245679894737], "type": "intra-zone"}}, {"type": "Feature", "geometry": {"type": "LineString", "coordinates": [[75.778448, 11.246016], [75.776554, 11.243155]]}, "properties": {"from": [75.7784484, 11.2460165], "to": [75.7765542862963, 11.243154998148148], "type": "intra-zone"}}, {"type": "Feature", "geometry": {"type": "LineString", "coordinates": [[75.791974, 11.245155], [75.79545, 11.244171]]}, "properties": {"from": [75.7919736, 11.2451546], "to": [75.79545017109974, 11.244170827109974], "type": "intra-zone"}}, {"type": "Feature", "geometry": {"type": "LineString", "coordinates": [[75.785812, 11.241509], [75.785866, 11.241376]]}, "properties": {"from": [75.7858121, 11.2415092], "to": [75.7858662, 11.2413765], "type": "primary"}}, {"type": "Feature", "geometry": {"type": "LineString", "coordinates": [[75.790547, 11.251533], [75.786427, 11.252457]]}, "properties": {"from": [75.7905473, 11.2515329], "to": [75.78642719263158, 11.25245679894737], "type": "intra-zone"}}, {"type": "Feature", "geometry": {"type": "LineString", "coordinates": [[75.794014, 11.248264], [75.79427, 11.248955]]}, "properties": {"from": [75.7940143, 11.2482642], "to": [75.7942699, 11.2489552], "type": "residential"}}, {"type": "Feature", "geometry": {"type": "LineString", "coordinates": [[75.796476, 11.245975], [75.79545, 11.244171]]}, "properties": {"from": [75.7964765, 11.2459747], "to": [75.79545017109974, 11.244170827109974], "type": "intra-zone"}}, {"type": "Feature", "geometry": {"type": "LineString", "coordinates": [[75.79397, 11.251649], [75.793539, 11.252286]]}, "properties": {"from": [75.7939695, 11.251649], "to": [75.7935394, 11.2522856], "type": "residential"}}, {"type": "Feature", "geometry": {"type": "LineString", "coordinates": [[75.772399, 11.251409], [75.772748, 11.25147]]}, "properties": {"from": [75.7723994, 11.2514094], "to": [75.7727479, 11.2514705], "type": "secondary"}}, {"type": "Feature", "geometry": {"type": "LineString", "coordinates": [[75.795929, 11.2475], [75.795934, 11.247453]]}, "properties": {"from": [75.7959287, 11.2475001], "to": [75.795934, 11.2474527], "type": "residential"}}, {"type": "Feature", "geometry": {"type": "LineString", "coordinates": [[75.774265, 11.253963], [75.776641, 11.251004]]}, "properties": {"from": [75.7742647, 11.253963], "to": [75.77664119651972, 11.251004005336426], "type": "intra-zone"}}, {"type": "Feature", "geometry": {"type": "LineString", "coordinates": [[75.78293, 11.242159], [75.785033, 11.243796]]}, "properties": {"from": [75.7829297, 11.2421593], "to": [75.78503318388888, 11.2437957125], "type": "intra-zone"}}, {"type": "Feature", "geometry": {"type": "LineString", "coordinates": [[75.786632, 11.252336], [75.786427, 11.252457]]}, "properties": {"from": [75.7866321, 11.2523363], "to": [75.78642719263158, 11.25245679894737], "type": "intra-zone"}}, {"type": "Feature", "geometry": {"type": "LineString", "coordinates": [[75.779143, 11.247964], [75.776641, 11.251004]]}, "properties": {"from": [75.7791426, 11.2479644], "to": [75.77664119651972, 11.251004005336426], "type": "intra-zone"}}, {"type": "Feature", "geometry": {"type": "LineString", "coordinates": [[75.783164, 11.245327], [75.785033, 11.243796]]}, "properties": {"from": [75.7831637, 11.2453266], "to": [75.78503318388888, 11.2437957125], "type": "intra-zone"}}, {"type": "Feature", "geometry": {"type": "LineString", "coordinates": [[75.796805, 11.24146], [75.796835, 11.241703]]}, "properties": {"from": [75.7968054, 11.2414598], "to": [75.7968347, 11.2417034], "type": "tertiary"}}, {"type": "Feature", "geometry": {"type": "LineString", "coordinates": [[75.790394, 11.247736], [75.789967, 11.247725]]}, "properties": {"from": [75.7903941, 11.2477359], "to": [75.7899674, 11.2477254], "type": "tertiary"}}, {"type": "Feature", "geometry": {"type": "LineString", "coordinates": [[75.785866, 11.241376], [75.786101, 11.240732]]}, "properties": {"from": [75.7858662, 11.2413765], "to": [75.7861008, 11.2407321], "type": "primary"}}, {"type": "Feature", "geometry": {"type": "LineString", "coordinates": [[75.785196, 11.253673], [75.785101, 11.253633]]}, "properties": {"from": [75.7851955, 11.2536734], "to": [75.7851012, 11.2536334], "type": "residential"}}, {"type": "Feature", "geometry": {"type": "LineString", "coordinates": [[75.77733, 11.249396], [75.776641, 11.251004]]}, "properties": {"from": [75.7773296, 11.2493963], "to": [75.77664119651972, 11.251004005336426], "type": "intra-zone"}}, {"type": "Feature", "geometry": {"type": "LineString", "coordinates": [[75.782523, 11.2467], [75.785033, 11.243796]]}, "properties": {"from": [75.782523, 11.2467003], "to": [75.78503318388888, 11.2437957125], "type": "intra-zone"}}, {"type": "Feature", "geometry": {"type": "LineString", "coordinates": [[75.772646, 11.247947], [75.77289, 11.247098]]}, "properties": {"from": [75.7726457, 11.2479466], "to": [75.7728902, 11.2470977], "type": "secondary"}}, {"type": "Feature", "geometry": {"type": "LineString", "coordinates": [[75.777059, 11.23363], [75.776554, 11.243155]]}, "properties": {"from": [75.7770587, 11.2336299], "to": [75.7765542862963, 11.243154998148148], "type": "intra-zone"}}, {"type": "Feature", "geometry": {"type": "LineString", "coordinates": [[75.786584, 11.241621], [75.785033, 11.243796]]}, "properties": {"from": [75.7865844, 11.2416214], "to": [75.78503318388888, 11.2437957125], "type": "intra-zone"}}, {"type": "Feature", "geometry": {"type": "LineString", "coordinates": [[75.783247, 11.254693], [75.78343, 11.25472]]}, "properties": {"from": [75.7832467, 11.2546931], "to": [75.7834305, 11.2547201], "type": "primary"}}, {"type": "Feature", "geometry": {"type": "LineString", "coordinates": [[75.787322, 11.242965], [75.787523, 11.242946]]}, "properties": {"from": [75.7873215, 11.2429653], "to": [75.7875233, 11.2429462], "type": "secondary"}}, {"type": "Feature", "geometry": {"type": "LineString", "coordinates": [[75.781754, 11.254133], [75.78174, 11.254073]]}, "properties": {"from": [75.7817544, 11.2541329], "to": [75.7817401, 11.2540729], "type": "primary"}}, {"type": "Feature", "geometry": {"type": "LineString", "coordinates": [[75.776844, 11.245936], [75.776554, 11.243155]]}, "properties": {"from": [75.7768439, 11.245936], "to": [75.7765542862963, 11.243154998148148], "type": "intra-zone"}}, {"type": "Feature", "geometry": {"type": "LineString", "coordinates": [[75.7764, 11.23964], [75.776578, 11.239629]]}, "properties": {"from": [75.7764, 11.23964], "to": [75.7765785, 11.2396286], "type": "secondary"}}, {"type": "Feature", "geometry": {"type": "LineString", "coordinates": [[75.795901, 11.246504], [75.79545, 11.244171]]}, "properties": {"from": [75.7959008, 11.2465038], "to": [75.79545017109974, 11.244170827109974], "type": "intra-zone"}}, {"type": "Feature", "geometry": {"type": "LineString", "coordinates": [[75.783293, 11.246664], [75.783202, 11.246666]]}, "properties": {"from": [75.7832934, 11.2466644], "to": [75.783202, 11.2466664], "type": "tertiary"}}, {"type": "Feature", "geometry": {"type": "LineString", "coordinates": [[75.795842, 11.246527], [75.795804, 11.246535]]}, "properties": {"from": [75.7958418, 11.2465274], "to": [75.7958043, 11.2465353], "type": "residential"}}, {"type": "Feature", "geometry": {"type": "LineString", "coordinates": [[75.795934, 11.25482], [75.795977, 11.254474]]}, "properties": {"from": [75.7959344, 11.25482], "to": [75.7959772, 11.2544737], "type": "residential"}}, {"type": "Feature", "geometry": {"type": "LineString", "coordinates": [[75.778754, 11.242462], [75.778788, 11.242446]]}, "properties": {"from": [75.7787539, 11.2424618], "to": [75.7787876, 11.2424458], "type": "residential"}}, {"type": "Feature", "geometry": {"type": "LineString", "coordinates": [[75.773942, 11.245714], [75.776554, 11.243155]]}, "properties": {"from": [75.7739424, 11.2457135], "to": [75.7765542862963, 11.243154998148148], "type": "intra-zone"}}, {"type": "Feature", "geometry": {"type": "LineString", "coordinates": [[75.78488, 11.242799], [75.785033, 11.243796]]}, "properties": {"from": [75.7848804, 11.242799], "to": [75.78503318388888, 11.2437957125], "type": "intra-zone"}}, {"type": "Feature", "geometry": {"type": "LineString", "coordinates": [[75.78953, 11.251974], [75.786427, 11.252457]]}, "properties": {"from": [75.78953, 11.2519736], "to": [75.78642719263158, 11.25245679894737], "type": "intra-zone"}}, {"type": "Feature", "geometry": {"type": "LineString", "coordinates": [[75.782143, 11.246708], [75.785033, 11.243796]]}, "properties": {"from": [75.7821429, 11.2467083], "to": [75.78503318388888, 11.2437957125], "type": "intra-zone"}}, {"type": "Feature", "geometry": {"type": "LineString", "coordinates": [[75.786585, 11.252484], [75.786427, 11.252457]]}, "properties": {"from": [75.7865847, 11.2524842], "to": [75.78642719263158, 11.25245679894737], "type": "intra-zone"}}, {"type": "Feature", "geometry": {"type": "LineString", "coordinates": [[75.804507, 11.239306], [75.804447, 11.239669]]}, "properties": {"from": [75.8045074, 11.2393055], "to": [75.8044468, 11.2396688], "type": "primary"}}, {"type": "Feature", "geometry": {"type": "LineString", "coordinates": [[75.77428, 11.253908], [75.774092, 11.253869]]}, "properties": {"from": [75.7742796, 11.2539085], "to": [75.7740918, 11.253869], "type": "residential"}}, {"type": "Feature", "geometry": {"type": "LineString", "coordinates": [[75.779788, 11.246817], [75.780141, 11.246827]]}, "properties": {"from": [75.7797879, 11.2468174], "to": [75.7801408, 11.2468268], "type": "residential"}}, {"type": "Feature", "geometry": {"type": "LineString", "coordinates": [[75.77544, 11.249677], [75.776641, 11.251004]]}, "properties": {"from": [75.7754398, 11.2496766], "to": [75.77664119651972, 11.251004005336426], "type": "intra-zone"}}, {"type": "Feature", "geometry": {"type": "LineString", "coordinates": [[75.785446, 11.242902], [75.785425, 11.242873]]}, "properties": {"from": [75.785446, 11.242902], "to": [75.7854247, 11.2428725], "type": "secondary"}}, {"type": "Feature", "geometry": {"type": "LineString", "coordinates": [[75.791023, 11.247073], [75.79083, 11.247039]]}, "properties": {"from": [75.7910226, 11.2470727], "to": [75.7908305, 11.2470386], "type": "residential"}}, {"type": "Feature", "geometry": {"type": "LineString", "coordinates": [[75.79072, 11.247755], [75.796031, 11.249704]]}, "properties": {"from": [75.7907203, 11.2477549], "to": [75.79603117340068, 11.249703834006734], "type": "intra-zone"}}, {"type": "Feature", "geometry": {"type": "LineString", "coordinates": [[75.797434, 11.244437], [75.797705, 11.244452]]}, "properties": {"from": [75.7974344, 11.2444366], "to": [75.7977053, 11.2444524], "type": "tertiary"}}, {"type": "Feature", "geometry": {"type": "LineString", "coordinates": [[75.795124, 11.244141], [75.79545, 11.244171]]}, "properties": {"from": [75.7951244, 11.2441405], "to": [75.79545017109974, 11.244170827109974], "type": "intra-zone"}}, {"type": "Feature", "geometry": {"type": "LineString", "coordinates": [[75.778226, 11.240953], [75.776554, 11.243155]]}, "properties": {"from": [75.7782262, 11.2409526], "to": [75.7765542862963, 11.243154998148148], "type": "intra-zone"}}, {"type": "Feature", "geometry": {"type": "LineString", "coordinates": [[75.782777, 11.241914], [75.785033, 11.243796]]}, "properties": {"from": [75.7827766, 11.2419137], "to": [75.78503318388888, 11.2437957125], "type": "intra-zone"}}, {"type": "Feature", "geometry": {"type": "LineString", "coordinates": [[75.777597, 11.253711], [75.776641, 11.251004]]}, "properties": {"from": [75.7775975, 11.2537112], "to": [75.77664119651972, 11.251004005336426], "type": "intra-zone"}}, {"type": "Feature", "geometry": {"type": "LineString", "coordinates": [[75.781368, 11.248853], [75.780411, 11.248836]]}, "properties": {"from": [75.7813682, 11.2488531], "to": [75.7804113, 11.2488355], "type": "secondary"}}, {"type": "Feature", "geometry": {"type": "LineString", "coordinates": [[75.776783, 11.239638], [75.777195, 11.239788]]}, "properties": {"from": [75.7767829, 11.2396379], "to": [75.777195, 11.2397878], "type": "secondary"}}, {"type": "Feature", "geometry": {"type": "LineString", "coordinates": [[75.784284, 11.251899], [75.784324, 11.252077]]}, "properties": {"from": [75.7842841, 11.2518987], "to": [75.7843241, 11.2520768], "type": "residential"}}, {"type": "Feature", "geometry": {"type": "LineString", "coordinates": [[75.777494, 11.248668], [75.776641, 11.251004]]}, "properties": {"from": [75.7774941, 11.2486677], "to": [75.77664119651972, 11.251004005336426], "type": "intra-zone"}}, {"type": "Feature", "geometry": {"type": "LineString", "coordinates": [[75.787267, 11.246045], [75.787263, 11.246009]]}, "properties": {"from": [75.7872665, 11.246045], "to": [75.7872634, 11.2460087], "type": "residential"}}, {"type": "Feature", "geometry": {"type": "LineString", "coordinates": [[75.796963, 11.242561], [75.796963, 11.24262]]}, "properties": {"from": [75.796963, 11.2425612], "to": [75.796963, 11.2426197], "type": "tertiary"}}, {"type": "Feature", "geometry": {"type": "LineString", "coordinates": [[75.78174, 11.254073], [75.782024, 11.253818]]}, "properties": {"from": [75.7820244, 11.2538176], "to": [75.7817401, 11.2540729], "type": "primary"}}, {"type": "Feature", "geometry": {"type": "LineString", "coordinates": [[75.775788, 11.253252], [75.776034, 11.253268]]}, "properties": {"from": [75.7757877, 11.2532524], "to": [75.7760345, 11.2532682], "type": "residential"}}, {"type": "Feature", "geometry": {"type": "LineString", "coordinates": [[75.779432, 11.253849], [75.776641, 11.251004]]}, "properties": {"from": [75.7794321, 11.2538492], "to": [75.77664119651972, 11.251004005336426], "type": "intra-zone"}}, {"type": "Feature", "geometry": {"type": "LineString", "coordinates": [[75.782731, 11.254665], [75.782938, 11.254663]]}, "properties": {"from": [75.7827312, 11.2546654], "to": [75.7829382, 11.2546635], "type": "primary"}}, {"type": "Feature", "geometry": {"type": "LineString", "coordinates": [[75.773395, 11.244965], [75.773492, 11.24448]]}, "properties": {"from": [75.7733951, 11.2449655], "to": [75.7734919, 11.2444802], "type": "secondary"}}, {"type": "Feature", "geometry": {"type": "LineString", "coordinates": [[75.787322, 11.242965], [75.785033, 11.243796]]}, "properties": {"from": [75.7873215, 11.2429653], "to": [75.78503318388888, 11.2437957125], "type": "intra-zone"}}, {"type": "Feature", "geometry": {"type": "LineString", "coordinates": [[75.792517, 11.25297], [75.792425, 11.25324]]}, "properties": {"from": [75.7925171, 11.25297], "to": [75.792425, 11.2532398], "type": "primary"}}, {"type": "Feature", "geometry": {"type": "LineString", "coordinates": [[75.777131, 11.245119], [75.776554, 11.243155]]}, "properties": {"from": [75.7771311, 11.2451185], "to": [75.7765542862963, 11.243154998148148], "type": "intra-zone"}}, {"type": "Feature", "geometry": {"type": "LineString", "coordinates": [[75.778118, 11.240123], [75.776554, 11.243155]]}, "properties": {"from": [75.7781177, 11.2401234], "to": [75.7765542862963, 11.243154998148148], "type": "intra-zone"}}, {"type": "Feature", "geometry": {"type": "LineString", "coordinates": [[75.785126, 11.242883], [75.785033, 11.243796]]}, "properties": {"from": [75.7851262, 11.2428831], "to": [75.78503318388888, 11.2437957125], "type": "intra-zone"}}, {"type": "Feature", "geometry": {"type": "LineString", "coordinates": [[75.798113, 11.244521], [75.798212, 11.244497]]}, "properties": {"from": [75.7981131, 11.2445209], "to": [75.7982124, 11.2444972], "type": "tertiary"}}, {"type": "Feature", "geometry": {"type": "LineString", "coordinates": [[75.796088, 11.253949], [75.796107, 11.253896]]}, "properties": {"from": [75.7960881, 11.2539495], "to": [75.7961072, 11.2538957], "type": "residential"}}, {"type": "Feature", "geometry": {"type": "LineString", "coordinates": [[75.795302, 11.245078], [75.79545, 11.244171]]}, "properties": {"from": [75.7953019, 11.2450781], "to": [75.79545017109974, 11.244170827109974], "type": "intra-zone"}}, {"type": "Feature", "geometry": {"type": "LineString", "coordinates": [[75.788481, 11.243543], [75.785033, 11.243796]]}, "properties": {"from": [75.7884814, 11.2435426], "to": [75.78503318388888, 11.2437957125], "type": "intra-zone"}}, {"type": "Feature", "geometry": {"type": "LineString", "coordinates": [[75.773912, 11.245894], [75.773874, 11.245951]]}, "properties": {"from": [75.7739123, 11.2458941], "to": [75.7738741, 11.2459513], "type": "residential"}}, {"type": "Feature", "geometry": {"type": "LineString", "coordinates": [[75.797261, 11.248866], [75.797293, 11.248868]]}, "properties": {"from": [75.7972608, 11.2488656], "to": [75.797293, 11.2488682], "type": "residential"}}, {"type": "Feature", "geometry": {"type": "LineString", "coordinates": [[75.786985, 11.244045], [75.786468, 11.24402]]}, "properties": {"from": [75.7869853, 11.2440454], "to": [75.7864678, 11.2440204], "type": "residential"}}, {"type": "Feature", "geometry": {"type": "LineString", "coordinates": [[75.776898, 11.245042], [75.776554, 11.243155]]}, "properties": {"from": [75.7768982, 11.2450422], "to": [75.7765542862963, 11.243154998148148], "type": "intra-zone"}}, {"type": "Feature", "geometry": {"type": "LineString", "coordinates": [[75.789587, 11.2511], [75.786427, 11.252457]]}, "properties": {"from": [75.7895871, 11.2511004], "to": [75.78642719263158, 11.25245679894737], "type": "intra-zone"}}, {"type": "Feature", "geometry": {"type": "LineString", "coordinates": [[75.775041, 11.243801], [75.775586, 11.243915]]}, "properties": {"from": [75.7750406, 11.2438013], "to": [75.775586, 11.2439145], "type": "residential"}}, {"type": "Feature", "geometry": {"type": "LineString", "coordinates": [[75.7772, 11.244269], [75.77742, 11.244071]]}, "properties": {"from": [75.7771999, 11.2442687], "to": [75.7774197, 11.2440713], "type": "residential"}}, {"type": "Feature", "geometry": {"type": "LineString", "coordinates": [[75.7964, 11.25], [75.796031, 11.249704]]}, "properties": {"from": [75.7963996, 11.25], "to": [75.79603117340068, 11.249703834006734], "type": "intra-zone"}}, {"type": "Feature", "geometry": {"type": "LineString", "coordinates": [[75.786088, 11.242989], [75.785033, 11.243796]]}, "properties": {"from": [75.7860878, 11.2429893], "to": [75.78503318388888, 11.2437957125], "type": "intra-zone"}}, {"type": "Feature", "geometry": {"type": "LineString", "coordinates": [[75.775268, 11.241951], [75.775275, 11.241879]]}, "properties": {"from": [75.7752676, 11.2419512], "to": [75.7752754, 11.2418791], "type": "residential"}}, {"type": "Feature", "geometry": {"type": "LineString", "coordinates": [[75.796313, 11.245774], [75.79545, 11.244171]]}, "properties": {"from": [75.7963132, 11.2457741], "to": [75.79545017109974, 11.244170827109974], "type": "intra-zone"}}, {"type": "Feature", "geometry": {"type": "LineString", "coordinates": [[75.782937, 11.241974], [75.783476, 11.242236]]}, "properties": {"from": [75.7829368, 11.2419744], "to": [75.7834764, 11.2422362], "type": "secondary"}}, {"type": "Feature", "geometry": {"type": "LineString", "coordinates": [[75.798152, 11.252315], [75.796031, 11.249704]]}, "properties": {"from": [75.7981522, 11.2523148], "to": [75.79603117340068, 11.249703834006734], "type": "intra-zone"}}, {"type": "Feature", "geometry": {"type": "LineString", "coordinates": [[75.795119, 11.244842], [75.795123, 11.244883]]}, "properties": {"from": [75.7951191, 11.244842], "to": [75.7951228, 11.2448833], "type": "residential"}}, {"type": "Feature", "geometry": {"type": "LineString", "coordinates": [[75.796878, 11.246047], [75.79684, 11.246042]]}, "properties": {"from": [75.7968777, 11.2460474], "to": [75.7968402, 11.2460421], "type": "tertiary"}}, {"type": "Feature", "geometry": {"type": "LineString", "coordinates": [[75.789576, 11.251266], [75.78956, 11.251318]]}, "properties": {"from": [75.7895759, 11.2512663], "to": [75.7895601, 11.2513184], "type": "residential"}}, {"type": "Feature", "geometry": {"type": "LineString", "coordinates": [[75.777833, 11.231834], [75.776554, 11.243155]]}, "properties": {"from": [75.7778326, 11.2318345], "to": [75.7765542862963, 11.243154998148148], "type": "intra-zone"}}, {"type": "Feature", "geometry": {"type": "LineString", "coordinates": [[75.775792, 11.254542], [75.775792, 11.254264]]}, "properties": {"from": [75.7757924, 11.2545425], "to": [75.7757924, 11.2542636], "type": "residential"}}, {"type": "Feature", "geometry": {"type": "LineString", "coordinates": [[75.793539, 11.252466], [75.796031, 11.249704]]}, "properties": {"from": [75.7935393, 11.2524664], "to": [75.79603117340068, 11.249703834006734], "type": "intra-zone"}}, {"type": "Feature", "geometry": {"type": "LineString", "coordinates": [[75.788493, 11.241714], [75.785033, 11.243796]]}, "properties": {"from": [75.7884926, 11.2417144], "to": [75.78503318388888, 11.2437957125], "type": "intra-zone"}}, {"type": "Feature", "geometry": {"type": "LineString", "coordinates": [[75.79736, 11.249052], [75.797349, 11.249108]]}, "properties": {"from": [75.79736, 11.2490524], "to": [75.7973493, 11.2491076], "type": "residential"}}, {"type": "Feature", "geometry": {"type": "LineString", "coordinates": [[75.779491, 11.242556], [75.779807, 11.242646]]}, "properties": {"from": [75.7798069, 11.2426463], "to": [75.779491, 11.2425561], "type": "residential"}}, {"type": "Feature", "geometry": {"type": "LineString", "coordinates": [[75.796065, 11.24586], [75.796127, 11.245838]]}, "properties": {"from": [75.7960647, 11.2458599], "to": [75.7961269, 11.2458383], "type": "residential"}}, {"type": "Feature", "geometry": {"type": "LineString", "coordinates": [[75.773682, 11.25066], [75.776641, 11.251004]]}, "properties": {"from": [75.7736816, 11.2506596], "to": [75.77664119651972, 11.251004005336426], "type": "intra-zone"}}, {"type": "Feature", "geometry": {"type": "LineString", "coordinates": [[75.783144, 11.246279], [75.783144, 11.246254]]}, "properties": {"from": [75.7831436, 11.2462787], "to": [75.7831442, 11.2462544], "type": "residential"}}, {"type": "Feature", "geometry": {"type": "LineString", "coordinates": [[75.790565, 11.255378], [75.786427, 11.252457]]}, "properties": {"from": [75.7905654, 11.2553779], "to": [75.78642719263158, 11.25245679894737], "type": "intra-zone"}}, {"type": "Feature", "geometry": {"type": "LineString", "coordinates": [[75.790538, 11.246014], [75.790033, 11.245811]]}, "properties": {"from": [75.7905382, 11.2460141], "to": [75.7900327, 11.2458112], "type": "residential"}}, {"type": "Feature", "geometry": {"type": "LineString", "coordinates": [[75.789576, 11.250684], [75.789568, 11.250719]]}, "properties": {"from": [75.7895762, 11.2506844], "to": [75.7895682, 11.2507186], "type": "residential"}}, {"type": "Feature", "geometry": {"type": "LineString", "coordinates": [[75.795986, 11.249876], [75.79574, 11.249808]]}, "properties": {"from": [75.7959865, 11.2498765], "to": [75.7957399, 11.2498077], "type": "residential"}}, {"type": "Feature", "geometry": {"type": "LineString", "coordinates": [[75.787565, 11.246329], [75.785033, 11.243796]]}, "properties": {"from": [75.7875654, 11.246329], "to": [75.78503318388888, 11.2437957125], "type": "intra-zone"}}, {"type": "Feature", "geometry": {"type": "LineString", "coordinates": [[75.790696, 11.247003], [75.790649, 11.246968]]}, "properties": {"from": [75.7906957, 11.2470025], "to": [75.7906487, 11.2469685], "type": "residential"}}, {"type": "Feature", "geometry": {"type": "LineString", "coordinates": [[75.783277, 11.252651], [75.786427, 11.252457]]}, "properties": {"from": [75.7832775, 11.2526508], "to": [75.78642719263158, 11.25245679894737], "type": "intra-zone"}}, {"type": "Feature", "geometry": {"type": "LineString", "coordinates": [[75.776139, 11.255412], [75.776641, 11.251004]]}, "properties": {"from": [75.7761392, 11.2554116], "to": [75.77664119651972, 11.251004005336426], "type": "intra-zone"}}, {"type": "Feature", "geometry": {"type": "LineString", "coordinates": [[75.797881, 11.25254], [75.796031, 11.249704]]}, "properties": {"from": [75.7978813, 11.25254], "to": [75.79603117340068, 11.249703834006734], "type": "intra-zone"}}, {"type": "Feature", "geometry": {"type": "LineString", "coordinates": [[75.777303, 11.248941], [75.778185, 11.248916]]}, "properties": {"from": [75.7773034, 11.2489406], "to": [75.7781849, 11.2489162], "type": "tertiary"}}, {"type": "Feature", "geometry": {"type": "LineString", "coordinates": [[75.783779, 11.245466], [75.783482, 11.245365]]}, "properties": {"from": [75.7837795, 11.2454656], "to": [75.7834818, 11.2453652], "type": "tertiary"}}, {"type": "Feature", "geometry": {"type": "LineString", "coordinates": [[75.788762, 11.251932], [75.788312, 11.251842]]}, "properties": {"from": [75.7887624, 11.2519316], "to": [75.7883124, 11.2518416], "type": "tertiary"}}, {"type": "Feature", "geometry": {"type": "LineString", "coordinates": [[75.778365, 11.252304], [75.778753, 11.252282]]}, "properties": {"from": [75.7783646, 11.2523038], "to": [75.7787531, 11.252282], "type": "residential"}}, {"type": "Feature", "geometry": {"type": "LineString", "coordinates": [[75.782991, 11.254091], [75.786427, 11.252457]]}, "properties": {"from": [75.7829915, 11.254091], "to": [75.78642719263158, 11.25245679894737], "type": "intra-zone"}}, {"type": "Feature", "geometry": {"type": "LineString", "coordinates": [[75.776828, 11.248573], [75.776641, 11.251004]]}, "properties": {"from": [75.7768278, 11.2485735], "to": [75.77664119651972, 11.251004005336426], "type": "intra-zone"}}, {"type": "Feature", "geometry": {"type": "LineString", "coordinates": [[75.799019, 11.245926], [75.799065, 11.246598]]}, "properties": {"from": [75.7990193, 11.245926], "to": [75.7990649, 11.2465984], "type": "primary"}}, {"type": "Feature", "geometry": {"type": "LineString", "coordinates": [[75.789485, 11.247356], [75.785033, 11.243796]]}, "properties": {"from": [75.7894845, 11.2473556], "to": [75.78503318388888, 11.2437957125], "type": "intra-zone"}}, {"type": "Feature", "geometry": {"type": "LineString", "coordinates": [[75.789143, 11.242891], [75.785033, 11.243796]]}, "properties": {"from": [75.7891426, 11.2428908], "to": [75.78503318388888, 11.2437957125], "type": "intra-zone"}}, {"type": "Feature", "geometry": {"type": "LineString", "coordinates": [[75.778788, 11.242446], [75.778824, 11.242435]]}, "properties": {"from": [75.7787876, 11.2424458], "to": [75.7788237, 11.2424355], "type": "residential"}}, {"type": "Feature", "geometry": {"type": "LineString", "coordinates": [[75.774566, 11.240128], [75.776554, 11.243155]]}, "properties": {"from": [75.7745662, 11.2401281], "to": [75.7765542862963, 11.243154998148148], "type": "intra-zone"}}, {"type": "Feature", "geometry": {"type": "LineString", "coordinates": [[75.792334, 11.247077], [75.79545, 11.244171]]}, "properties": {"from": [75.7923336, 11.2470767], "to": [75.79545017109974, 11.244170827109974], "type": "intra-zone"}}, {"type": "Feature", "geometry": {"type": "LineString", "coordinates": [[75.782697, 11.24196], [75.785033, 11.243796]]}, "properties": {"from": [75.7826974, 11.2419598], "to": [75.78503318388888, 11.2437957125], "type": "intra-zone"}}, {"type": "Feature", "geometry": {"type": "LineString", "coordinates": [[75.774583, 11.251317], [75.77466, 11.251166]]}, "properties": {"from": [75.774583, 11.2513172], "to": [75.7746598, 11.2511664], "type": "secondary"}}, {"type": "Feature", "geometry": {"type": "LineString", "coordinates": [[75.780744, 11.250913], [75.780752, 11.251055]]}, "properties": {"from": [75.7807437, 11.250913], "to": [75.7807517, 11.2510551], "type": "residential"}}, {"type": "Feature", "geometry": {"type": "LineString", "coordinates": [[75.775147, 11.243431], [75.77517, 11.243151]]}, "properties": {"from": [75.7751469, 11.243431], "to": [75.7751698, 11.2431507], "type": "residential"}}, {"type": "Feature", "geometry": {"type": "LineString", "coordinates": [[75.775323, 11.245987], [75.77473, 11.245924]]}, "properties": {"from": [75.7753229, 11.2459866], "to": [75.7747298, 11.2459236], "type": "residential"}}, {"type": "Feature", "geometry": {"type": "LineString", "coordinates": [[75.784752, 11.255206], [75.78499, 11.255306]]}, "properties": {"from": [75.7847518, 11.2552056], "to": [75.7849899, 11.2553063], "type": "primary"}}, {"type": "Feature", "geometry": {"type": "LineString", "coordinates": [[75.777915, 11.248347], [75.776641, 11.251004]]}, "properties": {"from": [75.7779153, 11.2483469], "to": [75.77664119651972, 11.251004005336426], "type": "intra-zone"}}, {"type": "Feature", "geometry": {"type": "LineString", "coordinates": [[75.784887, 11.250662], [75.786427, 11.252457]]}, "properties": {"from": [75.7848868, 11.2506622], "to": [75.78642719263158, 11.25245679894737], "type": "intra-zone"}}, {"type": "Feature", "geometry": {"type": "LineString", "coordinates": [[75.795171, 11.24385], [75.795139, 11.243777]]}, "properties": {"from": [75.7951715, 11.2438504], "to": [75.7951393, 11.2437767], "type": "residential"}}, {"type": "Feature", "geometry": {"type": "LineString", "coordinates": [[75.775688, 11.255546], [75.776641, 11.251004]]}, "properties": {"from": [75.7756879, 11.2555457], "to": [75.77664119651972, 11.251004005336426], "type": "intra-zone"}}, {"type": "Feature", "geometry": {"type": "LineString", "coordinates": [[75.79439, 11.240533], [75.79545, 11.244171]]}, "properties": {"from": [75.7943901, 11.2405334], "to": [75.79545017109974, 11.244170827109974], "type": "intra-zone"}}, {"type": "Feature", "geometry": {"type": "LineString", "coordinates": [[75.792825, 11.252273], [75.792717, 11.252255]]}, "properties": {"from": [75.7928251, 11.252273], "to": [75.7927167, 11.252255], "type": "tertiary"}}, {"type": "Feature", "geometry": {"type": "LineString", "coordinates": [[75.783016, 11.242108], [75.785033, 11.243796]]}, "properties": {"from": [75.7830156, 11.2421083], "to": [75.78503318388888, 11.2437957125], "type": "intra-zone"}}, {"type": "Feature", "geometry": {"type": "LineString", "coordinates": [[75.774781, 11.239417], [75.776554, 11.243155]]}, "properties": {"from": [75.7747813, 11.2394172], "to": [75.7765542862963, 11.243154998148148], "type": "intra-zone"}}, {"type": "Feature", "geometry": {"type": "LineString", "coordinates": [[75.795584, 11.247631], [75.796031, 11.249704]]}, "properties": {"from": [75.7955841, 11.2476307], "to": [75.79603117340068, 11.249703834006734], "type": "intra-zone"}}, {"type": "Feature", "geometry": {"type": "LineString", "coordinates": [[75.776451, 11.250599], [75.777286, 11.25061]]}, "properties": {"from": [75.7764511, 11.2505988], "to": [75.7772863, 11.2506096], "type": "residential"}}, {"type": "Feature", "geometry": {"type": "LineString", "coordinates": [[75.779071, 11.249728], [75.776641, 11.251004]]}, "properties": {"from": [75.7790711, 11.2497279], "to": [75.77664119651972, 11.251004005336426], "type": "intra-zone"}}, {"type": "Feature", "geometry": {"type": "LineString", "coordinates": [[75.782183, 11.246675], [75.785033, 11.243796]]}, "properties": {"from": [75.7821825, 11.2466748], "to": [75.78503318388888, 11.2437957125], "type": "intra-zone"}}, {"type": "Feature", "geometry": {"type": "LineString", "coordinates": [[75.786306, 11.24867], [75.786427, 11.252457]]}, "properties": {"from": [75.7863062, 11.2486701], "to": [75.78642719263158, 11.25245679894737], "type": "intra-zone"}}, {"type": "Feature", "geometry": {"type": "LineString", "coordinates": [[75.787152, 11.24096], [75.78767, 11.241039]]}, "properties": {"from": [75.7871523, 11.2409605], "to": [75.7876697, 11.2410394], "type": "residential"}}, {"type": "Feature", "geometry": {"type": "LineString", "coordinates": [[75.792489, 11.241227], [75.792498, 11.241179]]}, "properties": {"from": [75.7924889, 11.2412272], "to": [75.7924979, 11.2411787], "type": "residential"}}, {"type": "Feature", "geometry": {"type": "LineString", "coordinates": [[75.797837, 11.242462], [75.79545, 11.244171]]}, "properties": {"from": [75.7978373, 11.2424617], "to": [75.79545017109974, 11.244170827109974], "type": "intra-zone"}}, {"type": "Feature", "geometry": {"type": "LineString", "coordinates": [[75.773091, 11.246776], [75.773343, 11.246802]]}, "properties": {"from": [75.7730913, 11.2467763], "to": [75.7733431, 11.2468023], "type": "residential"}}, {"type": "Feature", "geometry": {"type": "LineString", "coordinates": [[75.775827, 11.247775], [75.775779, 11.248175]]}, "properties": {"from": [75.7758272, 11.2477755], "to": [75.775779, 11.2481754], "type": "residential"}}, {"type": "Feature", "geometry": {"type": "LineString", "coordinates": [[75.795662, 11.246548], [75.79545, 11.244171]]}, "properties": {"from": [75.7956621, 11.2465485], "to": [75.79545017109974, 11.244170827109974], "type": "intra-zone"}}, {"type": "Feature", "geometry": {"type": "LineString", "coordinates": [[75.796606, 11.248995], [75.796671, 11.248726]]}, "properties": {"from": [75.7966062, 11.2489948], "to": [75.7966711, 11.2487256], "type": "residential"}}, {"type": "Feature", "geometry": {"type": "LineString", "coordinates": [[75.78022, 11.249676], [75.776641, 11.251004]]}, "properties": {"from": [75.7802205, 11.2496762], "to": [75.77664119651972, 11.251004005336426], "type": "intra-zone"}}, {"type": "Feature", "geometry": {"type": "LineString", "coordinates": [[75.773048, 11.248596], [75.773602, 11.248794]]}, "properties": {"from": [75.7730479, 11.2485958], "to": [75.7736019, 11.2487942], "type": "tertiary"}}, {"type": "Feature", "geometry": {"type": "LineString", "coordinates": [[75.77267, 11.252283], [75.776641, 11.251004]]}, "properties": {"from": [75.7726703, 11.2522827], "to": [75.77664119651972, 11.251004005336426], "type": "intra-zone"}}, {"type": "Feature", "geometry": {"type": "LineString", "coordinates": [[75.788474, 11.243737], [75.785033, 11.243796]]}, "properties": {"from": [75.7884739, 11.2437367], "to": [75.78503318388888, 11.2437957125], "type": "intra-zone"}}, {"type": "Feature", "geometry": {"type": "LineString", "coordinates": [[75.783409, 11.241747], [75.785033, 11.243796]]}, "properties": {"from": [75.7834092, 11.2417467], "to": [75.78503318388888, 11.2437957125], "type": "intra-zone"}}, {"type": "Feature", "geometry": {"type": "LineString", "coordinates": [[75.785897, 11.251546], [75.785795, 11.251534]]}, "properties": {"from": [75.7858969, 11.2515464], "to": [75.7857952, 11.2515336], "type": "residential"}}, {"type": "Feature", "geometry": {"type": "LineString", "coordinates": [[75.786635, 11.253473], [75.786586, 11.253615]]}, "properties": {"from": [75.7866346, 11.2534733], "to": [75.7865865, 11.2536147], "type": "residential"}}, {"type": "Feature", "geometry": {"type": "LineString", "coordinates": [[75.795407, 11.246643], [75.79545, 11.244171]]}, "properties": {"from": [75.7954073, 11.2466435], "to": [75.79545017109974, 11.244170827109974], "type": "intra-zone"}}, {"type": "Feature", "geometry": {"type": "LineString", "coordinates": [[75.777919, 11.24866], [75.777918, 11.248456]]}, "properties": {"from": [75.7779194, 11.2486595], "to": [75.7779183, 11.2484558], "type": "residential"}}, {"type": "Feature", "geometry": {"type": "LineString", "coordinates": [[75.795546, 11.249312], [75.796031, 11.249704]]}, "properties": {"from": [75.7955464, 11.2493122], "to": [75.79603117340068, 11.249703834006734], "type": "intra-zone"}}, {"type": "Feature", "geometry": {"type": "LineString", "coordinates": [[75.796976, 11.243808], [75.79545, 11.244171]]}, "properties": {"from": [75.7969757, 11.2438079], "to": [75.79545017109974, 11.244170827109974], "type": "intra-zone"}}, {"type": "Feature", "geometry": {"type": "LineString", "coordinates": [[75.795977, 11.254474], [75.796031, 11.249704]]}, "properties": {"from": [75.7959772, 11.2544737], "to": [75.79603117340068, 11.249703834006734], "type": "intra-zone"}}, {"type": "Feature", "geometry": {"type": "LineString", "coordinates": [[75.7811, 11.252886], [75.776641, 11.251004]]}, "properties": {"from": [75.7810997, 11.2528857], "to": [75.77664119651972, 11.251004005336426], "type": "intra-zone"}}, {"type": "Feature", "geometry": {"type": "LineString", "coordinates": [[75.792343, 11.241834], [75.792365, 11.241763]]}, "properties": {"from": [75.7923428, 11.241834], "to": [75.7923653, 11.2417629], "type": "residential"}}, {"type": "Feature", "geometry": {"type": "LineString", "coordinates": [[75.78954, 11.243049], [75.785033, 11.243796]]}, "properties": {"from": [75.7895398, 11.2430489], "to": [75.78503318388888, 11.2437957125], "type": "intra-zone"}}, {"type": "Feature", "geometry": {"type": "LineString", "coordinates": [[75.796719, 11.246041], [75.79545, 11.244171]]}, "properties": {"from": [75.7967189, 11.2460408], "to": [75.79545017109974, 11.244170827109974], "type": "intra-zone"}}, {"type": "Feature", "geometry": {"type": "LineString", "coordinates": [[75.791023, 11.247073], [75.79545, 11.244171]]}, "properties": {"from": [75.7910226, 11.2470727], "to": [75.79545017109974, 11.244170827109974], "type": "intra-zone"}}, {"type": "Feature", "geometry": {"type": "LineString", "coordinates": [[75.78822, 11.244228], [75.788237, 11.243929]]}, "properties": {"from": [75.7882199, 11.2442276], "to": [75.7882367, 11.243929], "type": "residential"}}, {"type": "Feature", "geometry": {"type": "LineString", "coordinates": [[75.77397, 11.255038], [75.776641, 11.251004]]}, "properties": {"from": [75.7739696, 11.2550379], "to": [75.77664119651972, 11.251004005336426], "type": "intra-zone"}}, {"type": "Feature", "geometry": {"type": "LineString", "coordinates": [[75.776701, 11.242648], [75.776554, 11.243155]]}, "properties": {"from": [75.7767008, 11.2426481], "to": [75.7765542862963, 11.243154998148148], "type": "intra-zone"}}, {"type": "Feature", "geometry": {"type": "LineString", "coordinates": [[75.789903, 11.252007], [75.786427, 11.252457]]}, "properties": {"from": [75.789903, 11.2520067], "to": [75.78642719263158, 11.25245679894737], "type": "intra-zone"}}, {"type": "Feature", "geometry": {"type": "LineString", "coordinates": [[75.776782, 11.246724], [75.777764, 11.246707]]}, "properties": {"from": [75.7767822, 11.2467241], "to": [75.7777642, 11.2467075], "type": "residential"}}, {"type": "Feature", "geometry": {"type": "LineString", "coordinates": [[75.786154, 11.248087], [75.786427, 11.252457]]}, "properties": {"from": [75.7861536, 11.2480871], "to": [75.78642719263158, 11.25245679894737], "type": "intra-zone"}}, {"type": "Feature", "geometry": {"type": "LineString", "coordinates": [[75.789039, 11.253001], [75.786427, 11.252457]]}, "properties": {"from": [75.7890388, 11.2530005], "to": [75.78642719263158, 11.25245679894737], "type": "intra-zone"}}, {"type": "Feature", "geometry": {"type": "LineString", "coordinates": [[75.792446, 11.24145], [75.79545, 11.244171]]}, "properties": {"from": [75.7924462, 11.2414499], "to": [75.79545017109974, 11.244170827109974], "type": "intra-zone"}}, {"type": "Feature", "geometry": {"type": "LineString", "coordinates": [[75.792365, 11.241763], [75.79545, 11.244171]]}, "properties": {"from": [75.7923653, 11.2417629], "to": [75.79545017109974, 11.244170827109974], "type": "intra-zone"}}, {"type": "Feature", "geometry": {"type": "LineString", "coordinates": [[75.777176, 11.242031], [75.777259, 11.241896]]}, "properties": {"from": [75.7771757, 11.2420313], "to": [75.7772591, 11.241896], "type": "residential"}}, {"type": "Feature", "geometry": {"type": "LineString", "coordinates": [[75.779151, 11.255507], [75.776641, 11.251004]]}, "properties": {"from": [75.7791511, 11.2555071], "to": [75.77664119651972, 11.251004005336426], "type": "intra-zone"}}, {"type": "Feature", "geometry": {"type": "LineString", "coordinates": [[75.79619, 11.248732], [75.796031, 11.249704]]}, "properties": {"from": [75.7961905, 11.2487317], "to": [75.79603117340068, 11.249703834006734], "type": "intra-zone"}}, {"type": "Feature", "geometry": {"type": "LineString", "coordinates": [[75.792377, 11.241714], [75.79545, 11.244171]]}, "properties": {"from": [75.7923765, 11.2417144], "to": [75.79545017109974, 11.244170827109974], "type": "intra-zone"}}, {"type": "Feature", "geometry": {"type": "LineString", "coordinates": [[75.776844, 11.245936], [75.7769, 11.245976]]}, "properties": {"from": [75.7768439, 11.245936], "to": [75.7768997, 11.2459762], "type": "residential"}}, {"type": "Feature", "geometry": {"type": "LineString", "coordinates": [[75.791624, 11.243088], [75.791549, 11.24324]]}, "properties": {"from": [75.7916245, 11.2430876], "to": [75.7915494, 11.2432401], "type": "residential"}}, {"type": "Feature", "geometry": {"type": "LineString", "coordinates": [[75.784069, 11.254925], [75.786427, 11.252457]]}, "properties": {"from": [75.784069, 11.2549251], "to": [75.78642719263158, 11.25245679894737], "type": "intra-zone"}}, {"type": "Feature", "geometry": {"type": "LineString", "coordinates": [[75.775994, 11.248634], [75.776641, 11.251004]]}, "properties": {"from": [75.7759937, 11.248634], "to": [75.77664119651972, 11.251004005336426], "type": "intra-zone"}}, {"type": "Feature", "geometry": {"type": "LineString", "coordinates": [[75.795746, 11.247732], [75.795584, 11.247631]]}, "properties": {"from": [75.7957463, 11.2477316], "to": [75.7955841, 11.2476307], "type": "residential"}}, {"type": "Feature", "geometry": {"type": "LineString", "coordinates": [[75.784582, 11.246926], [75.784621, 11.246733]]}, "properties": {"from": [75.7846212, 11.2467334], "to": [75.7845817, 11.2469259], "type": "primary"}}, {"type": "Feature", "geometry": {"type": "LineString", "coordinates": [[75.795412, 11.25235], [75.794986, 11.252365]]}, "properties": {"from": [75.7954123, 11.25235], "to": [75.7949861, 11.2523647], "type": "primary"}}, {"type": "Feature", "geometry": {"type": "LineString", "coordinates": [[75.796268, 11.249955], [75.796031, 11.249704]]}, "properties": {"from": [75.7962683, 11.249955], "to": [75.79603117340068, 11.249703834006734], "type": "intra-zone"}}, {"type": "Feature", "geometry": {"type": "LineString", "coordinates": [[75.784829, 11.245754], [75.784888, 11.245543]]}, "properties": {"from": [75.7848883, 11.245543], "to": [75.7848291, 11.2457537], "type": "primary"}}, {"type": "Feature", "geometry": {"type": "LineString", "coordinates": [[75.793432, 11.252324], [75.793203, 11.252335]]}, "properties": {"from": [75.7934318, 11.2523244], "to": [75.7932025, 11.2523352], "type": "residential"}}, {"type": "Feature", "geometry": {"type": "LineString", "coordinates": [[75.804824, 11.238095], [75.79545, 11.244171]]}, "properties": {"from": [75.8048245, 11.2380952], "to": [75.79545017109974, 11.244170827109974], "type": "intra-zone"}}, {"type": "Feature", "geometry": {"type": "LineString", "coordinates": [[75.777584, 11.253287], [75.776641, 11.251004]]}, "properties": {"from": [75.7775837, 11.2532869], "to": [75.77664119651972, 11.251004005336426], "type": "intra-zone"}}, {"type": "Feature", "geometry": {"type": "LineString", "coordinates": [[75.786584, 11.241621], [75.786584, 11.240876]]}, "properties": {"from": [75.7865844, 11.2416214], "to": [75.7865836, 11.240876], "type": "residential"}}, {"type": "Feature", "geometry": {"type": "LineString", "coordinates": [[75.786789, 11.247357], [75.785033, 11.243796]]}, "properties": {"from": [75.7867885, 11.2473575], "to": [75.78503318388888, 11.2437957125], "type": "intra-zone"}}, {"type": "Feature", "geometry": {"type": "LineString", "coordinates": [[75.776385, 11.251486], [75.776857, 11.251455]]}, "properties": {"from": [75.7763848, 11.2514861], "to": [75.7768568, 11.2514551], "type": "secondary"}}, {"type": "Feature", "geometry": {"type": "LineString", "coordinates": [[75.796268, 11.249955], [75.795986, 11.249876]]}, "properties": {"from": [75.7962683, 11.249955], "to": [75.7959865, 11.2498765], "type": "residential"}}, {"type": "Feature", "geometry": {"type": "LineString", "coordinates": [[75.771635, 11.253006], [75.771895, 11.253076]]}, "properties": {"from": [75.7716349, 11.2530062], "to": [75.7718947, 11.2530764], "type": "residential"}}, {"type": "Feature", "geometry": {"type": "LineString", "coordinates": [[75.775398, 11.245204], [75.776554, 11.243155]]}, "properties": {"from": [75.775398, 11.2452044], "to": [75.7765542862963, 11.243154998148148], "type": "intra-zone"}}, {"type": "Feature", "geometry": {"type": "LineString", "coordinates": [[75.79058, 11.251091], [75.790569, 11.251033]]}, "properties": {"from": [75.7905686, 11.251033], "to": [75.7905795, 11.2510909], "type": "residential"}}, {"type": "Feature", "geometry": {"type": "LineString", "coordinates": [[75.7975, 11.247726], [75.797483, 11.247615]]}, "properties": {"from": [75.7974995, 11.2477257], "to": [75.7974834, 11.2476152], "type": "residential"}}, {"type": "Feature", "geometry": {"type": "LineString", "coordinates": [[75.797714, 11.247], [75.796031, 11.249704]]}, "properties": {"from": [75.7977141, 11.2469996], "to": [75.79603117340068, 11.249703834006734], "type": "intra-zone"}}, {"type": "Feature", "geometry": {"type": "LineString", "coordinates": [[75.782017, 11.239004], [75.781976, 11.239182]]}, "properties": {"from": [75.7820174, 11.2390044], "to": [75.7819763, 11.2391823], "type": "residential"}}, {"type": "Feature", "geometry": {"type": "LineString", "coordinates": [[75.797045, 11.244092], [75.797057, 11.244164]]}, "properties": {"from": [75.7970454, 11.244092], "to": [75.7970566, 11.2441644], "type": "tertiary"}}, {"type": "Feature", "geometry": {"type": "LineString", "coordinates": [[75.786801, 11.250982], [75.786427, 11.252457]]}, "properties": {"from": [75.7868007, 11.2509817], "to": [75.78642719263158, 11.25245679894737], "type": "intra-zone"}}, {"type": "Feature", "geometry": {"type": "LineString", "coordinates": [[75.774571, 11.251526], [75.774583, 11.251317]]}, "properties": {"from": [75.7745714, 11.2515259], "to": [75.774583, 11.2513172], "type": "secondary"}}, {"type": "Feature", "geometry": {"type": "LineString", "coordinates": [[75.776635, 11.247222], [75.776641, 11.251004]]}, "properties": {"from": [75.7766345, 11.2472221], "to": [75.77664119651972, 11.251004005336426], "type": "intra-zone"}}, {"type": "Feature", "geometry": {"type": "LineString", "coordinates": [[75.783538, 11.250527], [75.783578, 11.250301]]}, "properties": {"from": [75.7835376, 11.250527], "to": [75.7835776, 11.2503014], "type": "primary"}}, {"type": "Feature", "geometry": {"type": "LineString", "coordinates": [[75.785916, 11.249794], [75.786427, 11.252457]]}, "properties": {"from": [75.7859156, 11.2497938], "to": [75.78642719263158, 11.25245679894737], "type": "intra-zone"}}, {"type": "Feature", "geometry": {"type": "LineString", "coordinates": [[75.776166, 11.2396], [75.776554, 11.243155]]}, "properties": {"from": [75.7761661, 11.2395997], "to": [75.7765542862963, 11.243154998148148], "type": "intra-zone"}}, {"type": "Feature", "geometry": {"type": "LineString", "coordinates": [[75.775589, 11.253231], [75.776641, 11.251004]]}, "properties": {"from": [75.7755888, 11.2532308], "to": [75.77664119651972, 11.251004005336426], "type": "intra-zone"}}, {"type": "Feature", "geometry": {"type": "LineString", "coordinates": [[75.796776, 11.243206], [75.796746, 11.243188]]}, "properties": {"from": [75.7967758, 11.2432062], "to": [75.7967463, 11.2431878], "type": "tertiary"}}, {"type": "Feature", "geometry": {"type": "LineString", "coordinates": [[75.78956, 11.247119], [75.785033, 11.243796]]}, "properties": {"from": [75.7895596, 11.2471188], "to": [75.78503318388888, 11.2437957125], "type": "intra-zone"}}, {"type": "Feature", "geometry": {"type": "LineString", "coordinates": [[75.796752, 11.245608], [75.79545, 11.244171]]}, "properties": {"from": [75.7967517, 11.2456081], "to": [75.79545017109974, 11.244170827109974], "type": "intra-zone"}}, {"type": "Feature", "geometry": {"type": "LineString", "coordinates": [[75.776492, 11.241777], [75.776471, 11.242375]]}, "properties": {"from": [75.7764919, 11.2417772], "to": [75.7764705, 11.2423748], "type": "residential"}}, {"type": "Feature", "geometry": {"type": "LineString", "coordinates": [[75.792704, 11.247113], [75.79545, 11.244171]]}, "properties": {"from": [75.7927038, 11.2471135], "to": [75.79545017109974, 11.244170827109974], "type": "intra-zone"}}, {"type": "Feature", "geometry": {"type": "LineString", "coordinates": [[75.777144, 11.253785], [75.776999, 11.253766]]}, "properties": {"from": [75.7771442, 11.2537848], "to": [75.7769993, 11.2537664], "type": "residential"}}, {"type": "Feature", "geometry": {"type": "LineString", "coordinates": [[75.779491, 11.242556], [75.776554, 11.243155]]}, "properties": {"from": [75.779491, 11.2425561], "to": [75.7765542862963, 11.243154998148148], "type": "intra-zone"}}, {"type": "Feature", "geometry": {"type": "LineString", "coordinates": [[75.773716, 11.250499], [75.776641, 11.251004]]}, "properties": {"from": [75.7737164, 11.2504993], "to": [75.77664119651972, 11.251004005336426], "type": "intra-zone"}}, {"type": "Feature", "geometry": {"type": "LineString", "coordinates": [[75.797712, 11.248722], [75.797645, 11.248696]]}, "properties": {"from": [75.7977121, 11.2487225], "to": [75.797645, 11.2486962], "type": "residential"}}, {"type": "Feature", "geometry": {"type": "LineString", "coordinates": [[75.790056, 11.244533], [75.78973, 11.244442]]}, "properties": {"from": [75.790056, 11.2445332], "to": [75.7897304, 11.244442], "type": "residential"}}, {"type": "Feature", "geometry": {"type": "LineString", "coordinates": [[75.792726, 11.252837], [75.796031, 11.249704]]}, "properties": {"from": [75.7927255, 11.252837], "to": [75.79603117340068, 11.249703834006734], "type": "intra-zone"}}, {"type": "Feature", "geometry": {"type": "LineString", "coordinates": [[75.795976, 11.246388], [75.79545, 11.244171]]}, "properties": {"from": [75.7959759, 11.246388], "to": [75.79545017109974, 11.244170827109974], "type": "intra-zone"}}, {"type": "Feature", "geometry": {"type": "LineString", "coordinates": [[75.774188, 11.254104], [75.774265, 11.253963]]}, "properties": {"from": [75.7741884, 11.2541038], "to": [75.7742647, 11.253963], "type": "tertiary"}}, {"type": "Feature", "geometry": {"type": "LineString", "coordinates": [[75.78915, 11.244363], [75.785033, 11.243796]]}, "properties": {"from": [75.7891498, 11.2443626], "to": [75.78503318388888, 11.2437957125], "type": "intra-zone"}}, {"type": "Feature", "geometry": {"type": "LineString", "coordinates": [[75.775147, 11.243431], [75.776554, 11.243155]]}, "properties": {"from": [75.7751469, 11.243431], "to": [75.7765542862963, 11.243154998148148], "type": "intra-zone"}}, {"type": "Feature", "geometry": {"type": "LineString", "coordinates": [[75.773749, 11.243375], [75.773757, 11.243331]]}, "properties": {"from": [75.7737494, 11.2433746], "to": [75.7737567, 11.2433305], "type": "secondary"}}, {"type": "Feature", "geometry": {"type": "LineString", "coordinates": [[75.79831, 11.249872], [75.796031, 11.249704]]}, "properties": {"from": [75.7983104, 11.2498722], "to": [75.79603117340068, 11.249703834006734], "type": "intra-zone"}}, {"type": "Feature", "geometry": {"type": "LineString", "coordinates": [[75.797999, 11.248749], [75.796031, 11.249704]]}, "properties": {"from": [75.797999, 11.2487488], "to": [75.79603117340068, 11.249703834006734], "type": "intra-zone"}}, {"type": "Feature", "geometry": {"type": "LineString", "coordinates": [[75.795892, 11.245544], [75.79545, 11.244171]]}, "properties": {"from": [75.795892, 11.2455442], "to": [75.79545017109974, 11.244170827109974], "type": "intra-zone"}}, {"type": "Feature", "geometry": {"type": "LineString", "coordinates": [[75.787775, 11.251812], [75.78776, 11.251788]]}, "properties": {"from": [75.7877604, 11.2517883], "to": [75.787775, 11.2518116], "type": "secondary"}}, {"type": "Feature", "geometry": {"type": "LineString", "coordinates": [[75.777533, 11.254179], [75.777415, 11.254607]]}, "properties": {"from": [75.7775327, 11.2541786], "to": [75.7774145, 11.2546074], "type": "residential"}}, {"type": "Feature", "geometry": {"type": "LineString", "coordinates": [[75.776967, 11.257437], [75.776641, 11.251004]]}, "properties": {"from": [75.7769667, 11.2574365], "to": [75.77664119651972, 11.251004005336426], "type": "intra-zone"}}, {"type": "Feature", "geometry": {"type": "LineString", "coordinates": [[75.795976, 11.246388], [75.795936, 11.246385]]}, "properties": {"from": [75.7959759, 11.246388], "to": [75.7959357, 11.2463854], "type": "residential"}}, {"type": "Feature", "geometry": {"type": "LineString", "coordinates": [[75.781774, 11.254184], [75.786427, 11.252457]]}, "properties": {"from": [75.7817737, 11.2541842], "to": [75.78642719263158, 11.25245679894737], "type": "intra-zone"}}, {"type": "Feature", "geometry": {"type": "LineString", "coordinates": [[75.797127, 11.248818], [75.797167, 11.248837]]}, "properties": {"from": [75.7971267, 11.2488183], "to": [75.7971669, 11.2488367], "type": "residential"}}, {"type": "Feature", "geometry": {"type": "LineString", "coordinates": [[75.783139, 11.245821], [75.783134, 11.245664]]}, "properties": {"from": [75.783139, 11.2458205], "to": [75.7831335, 11.2456642], "type": "residential"}}, {"type": "Feature", "geometry": {"type": "LineString", "coordinates": [[75.795741, 11.247776], [75.796031, 11.249704]]}, "properties": {"from": [75.7957409, 11.2477763], "to": [75.79603117340068, 11.249703834006734], "type": "intra-zone"}}, {"type": "Feature", "geometry": {"type": "LineString", "coordinates": [[75.775922, 11.241664], [75.776554, 11.243155]]}, "properties": {"from": [75.7759221, 11.241664], "to": [75.7765542862963, 11.243154998148148], "type": "intra-zone"}}, {"type": "Feature", "geometry": {"type": "LineString", "coordinates": [[75.783595, 11.249949], [75.786427, 11.252457]]}, "properties": {"from": [75.7835947, 11.2499492], "to": [75.78642719263158, 11.25245679894737], "type": "intra-zone"}}, {"type": "Feature", "geometry": {"type": "LineString", "coordinates": [[75.773757, 11.250181], [75.77358, 11.250102]]}, "properties": {"from": [75.7737567, 11.2501808], "to": [75.7735797, 11.2501019], "type": "residential"}}, {"type": "Feature", "geometry": {"type": "LineString", "coordinates": [[75.789568, 11.250719], [75.786427, 11.252457]]}, "properties": {"from": [75.7895682, 11.2507186], "to": [75.78642719263158, 11.25245679894737], "type": "intra-zone"}}, {"type": "Feature", "geometry": {"type": "LineString", "coordinates": [[75.796054, 11.254067], [75.796031, 11.249704]]}, "properties": {"from": [75.7960538, 11.2540667], "to": [75.79603117340068, 11.249703834006734], "type": "intra-zone"}}, {"type": "Feature", "geometry": {"type": "LineString", "coordinates": [[75.777131, 11.245119], [75.777111, 11.245047]]}, "properties": {"from": [75.7771311, 11.2451185], "to": [75.7771106, 11.2450467], "type": "residential"}}, {"type": "Feature", "geometry": {"type": "LineString", "coordinates": [[75.787205, 11.242976], [75.787322, 11.242965]]}, "properties": {"from": [75.7872052, 11.2429763], "to": [75.7873215, 11.2429653], "type": "secondary"}}, {"type": "Feature", "geometry": {"type": "LineString", "coordinates": [[75.786539, 11.25171], [75.786427, 11.252457]]}, "properties": {"from": [75.7865387, 11.2517101], "to": [75.78642719263158, 11.25245679894737], "type": "intra-zone"}}, {"type": "Feature", "geometry": {"type": "LineString", "coordinates": [[75.788312, 11.251842], [75.787989, 11.251816]]}, "properties": {"from": [75.7883124, 11.2518416], "to": [75.7879892, 11.2518158], "type": "tertiary"}}, {"type": "Feature", "geometry": {"type": "LineString", "coordinates": [[75.796149, 11.243955], [75.796168, 11.244123]]}, "properties": {"from": [75.7961494, 11.2439547], "to": [75.7961681, 11.2441231], "type": "residential"}}, {"type": "Feature", "geometry": {"type": "LineString", "coordinates": [[75.782697, 11.24196], [75.783016, 11.242108]]}, "properties": {"from": [75.7830156, 11.2421083], "to": [75.7826974, 11.2419598], "type": "residential"}}, {"type": "Feature", "geometry": {"type": "LineString", "coordinates": [[75.778673, 11.242525], [75.776554, 11.243155]]}, "properties": {"from": [75.7786735, 11.2425249], "to": [75.7765542862963, 11.243154998148148], "type": "intra-zone"}}, {"type": "Feature", "geometry": {"type": "LineString", "coordinates": [[75.787311, 11.252137], [75.787194, 11.252056]]}, "properties": {"from": [75.7873109, 11.2521374], "to": [75.7871935, 11.2520556], "type": "residential"}}, {"type": "Feature", "geometry": {"type": "LineString", "coordinates": [[75.77599, 11.246661], [75.776554, 11.243155]]}, "properties": {"from": [75.7759902, 11.2466608], "to": [75.7765542862963, 11.243154998148148], "type": "intra-zone"}}, {"type": "Feature", "geometry": {"type": "LineString", "coordinates": [[75.777562, 11.243303], [75.776554, 11.243155]]}, "properties": {"from": [75.7775615, 11.2433031], "to": [75.7765542862963, 11.243154998148148], "type": "intra-zone"}}, {"type": "Feature", "geometry": {"type": "LineString", "coordinates": [[75.788861, 11.24277], [75.789008, 11.242833]]}, "properties": {"from": [75.7888612, 11.2427703], "to": [75.789008, 11.2428332], "type": "secondary"}}, {"type": "Feature", "geometry": {"type": "LineString", "coordinates": [[75.79655, 11.24807], [75.796426, 11.248063]]}, "properties": {"from": [75.79655, 11.24807], "to": [75.7964265, 11.2480629], "type": "tertiary"}}, {"type": "Feature", "geometry": {"type": "LineString", "coordinates": [[75.786422, 11.255281], [75.786427, 11.252457]]}, "properties": {"from": [75.786422, 11.2552808], "to": [75.78642719263158, 11.25245679894737], "type": "intra-zone"}}, {"type": "Feature", "geometry": {"type": "LineString", "coordinates": [[75.77848, 11.247724], [75.776641, 11.251004]]}, "properties": {"from": [75.7784799, 11.2477238], "to": [75.77664119651972, 11.251004005336426], "type": "intra-zone"}}, {"type": "Feature", "geometry": {"type": "LineString", "coordinates": [[75.787071, 11.25312], [75.787102, 11.252965]]}, "properties": {"from": [75.7870709, 11.2531202], "to": [75.7871017, 11.252965], "type": "secondary"}}, {"type": "Feature", "geometry": {"type": "LineString", "coordinates": [[75.787281, 11.245177], [75.785033, 11.243796]]}, "properties": {"from": [75.7872813, 11.2451771], "to": [75.78503318388888, 11.2437957125], "type": "intra-zone"}}, {"type": "Feature", "geometry": {"type": "LineString", "coordinates": [[75.795821, 11.247616], [75.795854, 11.247616]]}, "properties": {"from": [75.7958214, 11.2476158], "to": [75.7958536, 11.2476158], "type": "residential"}}, {"type": "Feature", "geometry": {"type": "LineString", "coordinates": [[75.776618, 11.247505], [75.776749, 11.247507]]}, "properties": {"from": [75.7766181, 11.2475047], "to": [75.7767495, 11.2475073], "type": "residential"}}, {"type": "Feature", "geometry": {"type": "LineString", "coordinates": [[75.77848, 11.247724], [75.778504, 11.247773]]}, "properties": {"from": [75.7784799, 11.2477238], "to": [75.7785037, 11.247773], "type": "residential"}}, {"type": "Feature", "geometry": {"type": "LineString", "coordinates": [[75.775516, 11.248559], [75.776641, 11.251004]]}, "properties": {"from": [75.775516, 11.2485589], "to": [75.77664119651972, 11.251004005336426], "type": "intra-zone"}}, {"type": "Feature", "geometry": {"type": "LineString", "coordinates": [[75.772496, 11.254265], [75.772553, 11.254013]]}, "properties": {"from": [75.7724962, 11.2542652], "to": [75.7725533, 11.2540131], "type": "residential"}}, {"type": "Feature", "geometry": {"type": "LineString", "coordinates": [[75.796874, 11.243521], [75.79545, 11.244171]]}, "properties": {"from": [75.7968738, 11.2435211], "to": [75.79545017109974, 11.244170827109974], "type": "intra-zone"}}, {"type": "Feature", "geometry": {"type": "LineString", "coordinates": [[75.776771, 11.245682], [75.776662, 11.245466]]}, "properties": {"from": [75.7766623, 11.2454661], "to": [75.7767715, 11.2456824], "type": "residential"}}, {"type": "Feature", "geometry": {"type": "LineString", "coordinates": [[75.779261, 11.253547], [75.776641, 11.251004]]}, "properties": {"from": [75.7792605, 11.253547], "to": [75.77664119651972, 11.251004005336426], "type": "intra-zone"}}, {"type": "Feature", "geometry": {"type": "LineString", "coordinates": [[75.775082, 11.247035], [75.776554, 11.243155]]}, "properties": {"from": [75.7750816, 11.2470346], "to": [75.7765542862963, 11.243154998148148], "type": "intra-zone"}}, {"type": "Feature", "geometry": {"type": "LineString", "coordinates": [[75.77938, 11.251419], [75.779501, 11.251415]]}, "properties": {"from": [75.7793797, 11.2514188], "to": [75.779501, 11.2514148], "type": "tertiary"}}, {"type": "Feature", "geometry": {"type": "LineString", "coordinates": [[75.796709, 11.243125], [75.796711, 11.243104]]}, "properties": {"from": [75.7967087, 11.2431247], "to": [75.7967114, 11.2431036], "type": "tertiary"}}, {"type": "Feature", "geometry": {"type": "LineString", "coordinates": [[75.776423, 11.248963], [75.776641, 11.251004]]}, "properties": {"from": [75.7764228, 11.2489633], "to": [75.77664119651972, 11.251004005336426], "type": "intra-zone"}}, {"type": "Feature", "geometry": {"type": "LineString", "coordinates": [[75.773625, 11.254587], [75.77378, 11.254631]]}, "properties": {"from": [75.7736251, 11.2545872], "to": [75.7737803, 11.2546311], "type": "residential"}}, {"type": "Feature", "geometry": {"type": "LineString", "coordinates": [[75.785339, 11.250638], [75.786427, 11.252457]]}, "properties": {"from": [75.785339, 11.2506382], "to": [75.78642719263158, 11.25245679894737], "type": "intra-zone"}}, {"type": "Feature", "geometry": {"type": "LineString", "coordinates": [[75.776471, 11.244293], [75.776539, 11.244136]]}, "properties": {"from": [75.7764711, 11.2442933], "to": [75.7765387, 11.2441359], "type": "residential"}}, {"type": "Feature", "geometry": {"type": "LineString", "coordinates": [[75.785918, 11.25253], [75.786427, 11.252457]]}, "properties": {"from": [75.7859176, 11.25253], "to": [75.78642719263158, 11.25245679894737], "type": "intra-zone"}}, {"type": "Feature", "geometry": {"type": "LineString", "coordinates": [[75.785341, 11.252459], [75.785464, 11.252462]]}, "properties": {"from": [75.7853409, 11.252459], "to": [75.7854635, 11.2524624], "type": "residential"}}, {"type": "Feature", "geometry": {"type": "LineString", "coordinates": [[75.803168, 11.241054], [75.802527, 11.241498]]}, "properties": {"from": [75.8031676, 11.2410544], "to": [75.8025271, 11.2414982], "type": "primary"}}, {"type": "Feature", "geometry": {"type": "LineString", "coordinates": [[75.774394, 11.251638], [75.774571, 11.251526]]}, "properties": {"from": [75.7743943, 11.2516382], "to": [75.7745714, 11.2515259], "type": "secondary"}}, {"type": "Feature", "geometry": {"type": "LineString", "coordinates": [[75.784524, 11.251462], [75.786427, 11.252457]]}, "properties": {"from": [75.7845237, 11.2514619], "to": [75.78642719263158, 11.25245679894737], "type": "intra-zone"}}, {"type": "Feature", "geometry": {"type": "LineString", "coordinates": [[75.795549, 11.247454], [75.796031, 11.249704]]}, "properties": {"from": [75.7955491, 11.2474544], "to": [75.79603117340068, 11.249703834006734], "type": "intra-zone"}}, {"type": "Feature", "geometry": {"type": "LineString", "coordinates": [[75.782952, 11.246734], [75.783086, 11.246717]]}, "properties": {"from": [75.782952, 11.2467342], "to": [75.7830857, 11.2467166], "type": "tertiary"}}, {"type": "Feature", "geometry": {"type": "LineString", "coordinates": [[75.776401, 11.243856], [75.776554, 11.243155]]}, "properties": {"from": [75.7764013, 11.2438557], "to": [75.7765542862963, 11.243154998148148], "type": "intra-zone"}}, {"type": "Feature", "geometry": {"type": "LineString", "coordinates": [[75.796645, 11.248065], [75.796678, 11.247717]]}, "properties": {"from": [75.7966455, 11.2480649], "to": [75.7966778, 11.2477173], "type": "tertiary"}}, {"type": "Feature", "geometry": {"type": "LineString", "coordinates": [[75.791801, 11.255399], [75.791803, 11.255724]]}, "properties": {"from": [75.7918008, 11.2553986], "to": [75.791803, 11.255724], "type": "primary"}}, {"type": "Feature", "geometry": {"type": "LineString", "coordinates": [[75.783344, 11.25157], [75.786427, 11.252457]]}, "properties": {"from": [75.7833438, 11.2515695], "to": [75.78642719263158, 11.25245679894737], "type": "intra-zone"}}, {"type": "Feature", "geometry": {"type": "LineString", "coordinates": [[75.7773, 11.252277], [75.776641, 11.251004]]}, "properties": {"from": [75.7772998, 11.2522775], "to": [75.77664119651972, 11.251004005336426], "type": "intra-zone"}}, {"type": "Feature", "geometry": {"type": "LineString", "coordinates": [[75.779172, 11.253179], [75.779261, 11.253547]]}, "properties": {"from": [75.7791715, 11.2531795], "to": [75.7792605, 11.253547], "type": "secondary"}}, {"type": "Feature", "geometry": {"type": "LineString", "coordinates": [[75.790659, 11.246768], [75.79545, 11.244171]]}, "properties": {"from": [75.7906589, 11.2467681], "to": [75.79545017109974, 11.244170827109974], "type": "intra-zone"}}, {"type": "Feature", "geometry": {"type": "LineString", "coordinates": [[75.795746, 11.247732], [75.796031, 11.249704]]}, "properties": {"from": [75.7957463, 11.2477316], "to": [75.79603117340068, 11.249703834006734], "type": "intra-zone"}}, {"type": "Feature", "geometry": {"type": "LineString", "coordinates": [[75.790709, 11.249682], [75.790732, 11.250349]]}, "properties": {"from": [75.7907089, 11.2496818], "to": [75.7907323, 11.2503486], "type": "residential"}}, {"type": "Feature", "geometry": {"type": "LineString", "coordinates": [[75.778418, 11.24735], [75.776641, 11.251004]]}, "properties": {"from": [75.7784182, 11.2473502], "to": [75.77664119651972, 11.251004005336426], "type": "intra-zone"}}, {"type": "Feature", "geometry": {"type": "LineString", "coordinates": [[75.773793, 11.24378], [75.773867, 11.243778]]}, "properties": {"from": [75.7737932, 11.2437798], "to": [75.7738675, 11.2437777], "type": "residential"}}, {"type": "Feature", "geometry": {"type": "LineString", "coordinates": [[75.786493, 11.253911], [75.78654, 11.253773]]}, "properties": {"from": [75.7864929, 11.2539112], "to": [75.7865401, 11.2537728], "type": "residential"}}, {"type": "Feature", "geometry": {"type": "LineString", "coordinates": [[75.796127, 11.25234], [75.796031, 11.249704]]}, "properties": {"from": [75.7961272, 11.2523396], "to": [75.79603117340068, 11.249703834006734], "type": "intra-zone"}}, {"type": "Feature", "geometry": {"type": "LineString", "coordinates": [[75.792825, 11.252273], [75.792871, 11.252401]]}, "properties": {"from": [75.7928251, 11.252273], "to": [75.7928713, 11.252401], "type": "tertiary"}}, {"type": "Feature", "geometry": {"type": "LineString", "coordinates": [[75.781638, 11.245256], [75.781524, 11.24595]]}, "properties": {"from": [75.7816383, 11.2452564], "to": [75.7815238, 11.2459505], "type": "tertiary"}}, {"type": "Feature", "geometry": {"type": "LineString", "coordinates": [[75.781656, 11.25434], [75.786427, 11.252457]]}, "properties": {"from": [75.7816563, 11.2543398], "to": [75.78642719263158, 11.25245679894737], "type": "intra-zone"}}, {"type": "Feature", "geometry": {"type": "LineString", "coordinates": [[75.791148, 11.243651], [75.790955, 11.243995]]}, "properties": {"from": [75.7911478, 11.2436507], "to": [75.7909546, 11.2439954], "type": "residential"}}, {"type": "Feature", "geometry": {"type": "LineString", "coordinates": [[75.79089, 11.249387], [75.796031, 11.249704]]}, "properties": {"from": [75.7908904, 11.2493869], "to": [75.79603117340068, 11.249703834006734], "type": "intra-zone"}}, {"type": "Feature", "geometry": {"type": "LineString", "coordinates": [[75.793346, 11.241826], [75.79545, 11.244171]]}, "properties": {"from": [75.7933465, 11.2418263], "to": [75.79545017109974, 11.244170827109974], "type": "intra-zone"}}, {"type": "Feature", "geometry": {"type": "LineString", "coordinates": [[75.782709, 11.240306], [75.782652, 11.240139]]}, "properties": {"from": [75.7827095, 11.240306], "to": [75.7826515, 11.2401394], "type": "residential"}}, {"type": "Feature", "geometry": {"type": "LineString", "coordinates": [[75.795493, 11.246593], [75.79545, 11.244171]]}, "properties": {"from": [75.7954931, 11.2465932], "to": [75.79545017109974, 11.244170827109974], "type": "intra-zone"}}, {"type": "Feature", "geometry": {"type": "LineString", "coordinates": [[75.775801, 11.243936], [75.776165, 11.244027]]}, "properties": {"from": [75.7758005, 11.2439356], "to": [75.7761648, 11.2440269], "type": "residential"}}, {"type": "Feature", "geometry": {"type": "LineString", "coordinates": [[75.785471, 11.254226], [75.786427, 11.252457]]}, "properties": {"from": [75.7854705, 11.2542257], "to": [75.78642719263158, 11.25245679894737], "type": "intra-zone"}}, {"type": "Feature", "geometry": {"type": "LineString", "coordinates": [[75.786933, 11.253786], [75.786427, 11.252457]]}, "properties": {"from": [75.7869325, 11.2537858], "to": [75.78642719263158, 11.25245679894737], "type": "intra-zone"}}, {"type": "Feature", "geometry": {"type": "LineString", "coordinates": [[75.792681, 11.245125], [75.79302, 11.24508]]}, "properties": {"from": [75.7926806, 11.2451249], "to": [75.7930205, 11.2450802], "type": "residential"}}, {"type": "Feature", "geometry": {"type": "LineString", "coordinates": [[75.786443, 11.239413], [75.786565, 11.23923]]}, "properties": {"from": [75.7864429, 11.2394134], "to": [75.7865647, 11.23923], "type": "primary"}}, {"type": "Feature", "geometry": {"type": "LineString", "coordinates": [[75.775041, 11.247047], [75.774864, 11.247134]]}, "properties": {"from": [75.7750409, 11.2470469], "to": [75.7748643, 11.2471345], "type": "residential"}}, {"type": "Feature", "geometry": {"type": "LineString", "coordinates": [[75.799634, 11.243911], [75.79545, 11.244171]]}, "properties": {"from": [75.7996345, 11.2439107], "to": [75.79545017109974, 11.244170827109974], "type": "intra-zone"}}, {"type": "Feature", "geometry": {"type": "LineString", "coordinates": [[75.774041, 11.245021], [75.776554, 11.243155]]}, "properties": {"from": [75.7740415, 11.2450208], "to": [75.7765542862963, 11.243154998148148], "type": "intra-zone"}}, {"type": "Feature", "geometry": {"type": "LineString", "coordinates": [[75.791354, 11.252188], [75.790979, 11.252157]]}, "properties": {"from": [75.7913536, 11.2521879], "to": [75.7909794, 11.2521572], "type": "tertiary"}}, {"type": "Feature", "geometry": {"type": "LineString", "coordinates": [[75.775432, 11.241532], [75.775605, 11.241556]]}, "properties": {"from": [75.7754316, 11.2415324], "to": [75.7756046, 11.241556], "type": "residential"}}, {"type": "Feature", "geometry": {"type": "LineString", "coordinates": [[75.775439, 11.237625], [75.776554, 11.243155]]}, "properties": {"from": [75.7754388, 11.2376247], "to": [75.7765542862963, 11.243154998148148], "type": "intra-zone"}}, {"type": "Feature", "geometry": {"type": "LineString", "coordinates": [[75.775518, 11.239453], [75.775965, 11.239552]]}, "properties": {"from": [75.7759651, 11.239552], "to": [75.7755182, 11.2394531], "type": "secondary"}}, {"type": "Feature", "geometry": {"type": "LineString", "coordinates": [[75.789088, 11.244064], [75.785033, 11.243796]]}, "properties": {"from": [75.7890876, 11.2440637], "to": [75.78503318388888, 11.2437957125], "type": "intra-zone"}}, {"type": "Feature", "geometry": {"type": "LineString", "coordinates": [[75.795716, 11.248022], [75.795406, 11.248004]]}, "properties": {"from": [75.7957162, 11.2480219], "to": [75.7954055, 11.248004], "type": "tertiary"}}, {"type": "Feature", "geometry": {"type": "LineString", "coordinates": [[75.778241, 11.246567], [75.778267, 11.246788]]}, "properties": {"from": [75.7782407, 11.2465668], "to": [75.7782675, 11.2467878], "type": "residential"}}, {"type": "Feature", "geometry": {"type": "LineString", "coordinates": [[75.789531, 11.251374], [75.786427, 11.252457]]}, "properties": {"from": [75.7895306, 11.2513736], "to": [75.78642719263158, 11.25245679894737], "type": "intra-zone"}}, {"type": "Feature", "geometry": {"type": "LineString", "coordinates": [[75.79246, 11.24139], [75.79545, 11.244171]]}, "properties": {"from": [75.7924597, 11.2413903], "to": [75.79545017109974, 11.244170827109974], "type": "intra-zone"}}, {"type": "Feature", "geometry": {"type": "LineString", "coordinates": [[75.797419, 11.248432], [75.797406, 11.248479]]}, "properties": {"from": [75.797419, 11.2484315], "to": [75.7974056, 11.2484789], "type": "residential"}}, {"type": "Feature", "geometry": {"type": "LineString", "coordinates": [[75.789084, 11.252872], [75.789162, 11.252651]]}, "properties": {"from": [75.7890837, 11.2528723], "to": [75.7891615, 11.2526506], "type": "residential"}}, {"type": "Feature", "geometry": {"type": "LineString", "coordinates": [[75.792659, 11.241859], [75.79545, 11.244171]]}, "properties": {"from": [75.7926595, 11.2418587], "to": [75.79545017109974, 11.244170827109974], "type": "intra-zone"}}, {"type": "Feature", "geometry": {"type": "LineString", "coordinates": [[75.77914, 11.25295], [75.776641, 11.251004]]}, "properties": {"from": [75.77914, 11.25295], "to": [75.77664119651972, 11.251004005336426], "type": "intra-zone"}}, {"type": "Feature", "geometry": {"type": "LineString", "coordinates": [[75.784579, 11.252398], [75.786427, 11.252457]]}, "properties": {"from": [75.7845791, 11.2523985], "to": [75.78642719263158, 11.25245679894737], "type": "intra-zone"}}, {"type": "Feature", "geometry": {"type": "LineString", "coordinates": [[75.785795, 11.251534], [75.785697, 11.251448]]}, "properties": {"from": [75.7857952, 11.2515336], "to": [75.785697, 11.2514483], "type": "residential"}}, {"type": "Feature", "geometry": {"type": "LineString", "coordinates": [[75.779219, 11.248886], [75.776641, 11.251004]]}, "properties": {"from": [75.7792189, 11.2488856], "to": [75.77664119651972, 11.251004005336426], "type": "intra-zone"}}, {"type": "Feature", "geometry": {"type": "LineString", "coordinates": [[75.785047, 11.2429], [75.785033, 11.243796]]}, "properties": {"from": [75.7850473, 11.2428997], "to": [75.78503318388888, 11.2437957125], "type": "intra-zone"}}, {"type": "Feature", "geometry": {"type": "LineString", "coordinates": [[75.79566, 11.246982], [75.796031, 11.249704]]}, "properties": {"from": [75.7956604, 11.2469818], "to": [75.79603117340068, 11.249703834006734], "type": "intra-zone"}}, {"type": "Feature", "geometry": {"type": "LineString", "coordinates": [[75.796234, 11.253539], [75.796031, 11.249704]]}, "properties": {"from": [75.7962336, 11.2535392], "to": [75.79603117340068, 11.249703834006734], "type": "intra-zone"}}, {"type": "Feature", "geometry": {"type": "LineString", "coordinates": [[75.798365, 11.249681], [75.796031, 11.249704]]}, "properties": {"from": [75.7983654, 11.2496805], "to": [75.79603117340068, 11.249703834006734], "type": "intra-zone"}}, {"type": "Feature", "geometry": {"type": "LineString", "coordinates": [[75.77117, 11.252842], [75.776641, 11.251004]]}, "properties": {"from": [75.7711705, 11.2528423], "to": [75.77664119651972, 11.251004005336426], "type": "intra-zone"}}, {"type": "Feature", "geometry": {"type": "LineString", "coordinates": [[75.782351, 11.243071], [75.782294, 11.243298]]}, "properties": {"from": [75.7823511, 11.2430715], "to": [75.7822938, 11.2432977], "type": "tertiary"}}, {"type": "Feature", "geometry": {"type": "LineString", "coordinates": [[75.784621, 11.246733], [75.784653, 11.246579]]}, "properties": {"from": [75.7846212, 11.2467334], "to": [75.784653, 11.2465787], "type": "primary"}}, {"type": "Feature", "geometry": {"type": "LineString", "coordinates": [[75.776249, 11.249752], [75.776224, 11.249976]]}, "properties": {"from": [75.7762486, 11.2497515], "to": [75.7762243, 11.2499757], "type": "residential"}}, {"type": "Feature", "geometry": {"type": "LineString", "coordinates": [[75.794427, 11.240305], [75.79441, 11.240377]]}, "properties": {"from": [75.7944265, 11.2403048], "to": [75.7944102, 11.2403769], "type": "tertiary"}}, {"type": "Feature", "geometry": {"type": "LineString", "coordinates": [[75.793578, 11.245945], [75.79391, 11.245966]]}, "properties": {"from": [75.7935783, 11.2459452], "to": [75.79391, 11.2459663], "type": "residential"}}, {"type": "Feature", "geometry": {"type": "LineString", "coordinates": [[75.79495, 11.240104], [75.794527, 11.240242]]}, "properties": {"from": [75.7949496, 11.2401044], "to": [75.7945266, 11.240242], "type": "tertiary"}}, {"type": "Feature", "geometry": {"type": "LineString", "coordinates": [[75.797959, 11.249001], [75.796031, 11.249704]]}, "properties": {"from": [75.7979588, 11.2490013], "to": [75.79603117340068, 11.249703834006734], "type": "intra-zone"}}, {"type": "Feature", "geometry": {"type": "LineString", "coordinates": [[75.792289, 11.253527], [75.791965, 11.254476]]}, "properties": {"from": [75.7922895, 11.253527], "to": [75.7919645, 11.2544763], "type": "primary"}}, {"type": "Feature", "geometry": {"type": "LineString", "coordinates": [[75.776202, 11.24514], [75.776299, 11.244588]]}, "properties": {"from": [75.7762018, 11.2451405], "to": [75.7762994, 11.244588], "type": "residential"}}, {"type": "Feature", "geometry": {"type": "LineString", "coordinates": [[75.774697, 11.253187], [75.775009, 11.253236]]}, "properties": {"from": [75.7746969, 11.2531873], "to": [75.7750091, 11.2532363], "type": "residential"}}, {"type": "Feature", "geometry": {"type": "LineString", "coordinates": [[75.783863, 11.237792], [75.783571, 11.238114]]}, "properties": {"from": [75.7838634, 11.2377919], "to": [75.7835706, 11.238114], "type": "residential"}}, {"type": "Feature", "geometry": {"type": "LineString", "coordinates": [[75.793171, 11.241807], [75.793168, 11.241584]]}, "properties": {"from": [75.7931715, 11.2418071], "to": [75.7931677, 11.2415836], "type": "residential"}}, {"type": "Feature", "geometry": {"type": "LineString", "coordinates": [[75.783889, 11.245484], [75.785033, 11.243796]]}, "properties": {"from": [75.7838885, 11.2454839], "to": [75.78503318388888, 11.2437957125], "type": "intra-zone"}}, {"type": "Feature", "geometry": {"type": "LineString", "coordinates": [[75.791505, 11.258379], [75.791518, 11.258614]]}, "properties": {"from": [75.7915047, 11.2583793], "to": [75.791518, 11.2586143], "type": "primary"}}, {"type": "Feature", "geometry": {"type": "LineString", "coordinates": [[75.80199, 11.241856], [75.79545, 11.244171]]}, "properties": {"from": [75.8019896, 11.2418562], "to": [75.79545017109974, 11.244170827109974], "type": "intra-zone"}}, {"type": "Feature", "geometry": {"type": "LineString", "coordinates": [[75.775589, 11.253231], [75.775788, 11.253252]]}, "properties": {"from": [75.7755888, 11.2532308], "to": [75.7757877, 11.2532524], "type": "residential"}}, {"type": "Feature", "geometry": {"type": "LineString", "coordinates": [[75.785479, 11.250817], [75.786427, 11.252457]]}, "properties": {"from": [75.7854791, 11.2508168], "to": [75.78642719263158, 11.25245679894737], "type": "intra-zone"}}, {"type": "Feature", "geometry": {"type": "LineString", "coordinates": [[75.775424, 11.25318], [75.775426, 11.25297]]}, "properties": {"from": [75.7754243, 11.2531803], "to": [75.7754258, 11.2529703], "type": "residential"}}, {"type": "Feature", "geometry": {"type": "LineString", "coordinates": [[75.795677, 11.240806], [75.79545, 11.244171]]}, "properties": {"from": [75.7956767, 11.2408063], "to": [75.79545017109974, 11.244170827109974], "type": "intra-zone"}}, {"type": "Feature", "geometry": {"type": "LineString", "coordinates": [[75.784841, 11.250559], [75.785311, 11.250526]]}, "properties": {"from": [75.7853111, 11.2505264], "to": [75.7848407, 11.2505586], "type": "residential"}}, {"type": "Feature", "geometry": {"type": "LineString", "coordinates": [[75.797481, 11.248077], [75.796775, 11.248072]]}, "properties": {"from": [75.7967752, 11.2480716], "to": [75.7974808, 11.2480767], "type": "tertiary"}}, {"type": "Feature", "geometry": {"type": "LineString", "coordinates": [[75.782517, 11.254612], [75.782731, 11.254665]]}, "properties": {"from": [75.7825168, 11.2546116], "to": [75.7827312, 11.2546654], "type": "primary"}}, {"type": "Feature", "geometry": {"type": "LineString", "coordinates": [[75.777214, 11.252443], [75.777192, 11.252666]]}, "properties": {"from": [75.7772139, 11.2524432], "to": [75.7771921, 11.252666], "type": "residential"}}, {"type": "Feature", "geometry": {"type": "LineString", "coordinates": [[75.774684, 11.254689], [75.774816, 11.254642]]}, "properties": {"from": [75.7746842, 11.254689], "to": [75.774816, 11.2546424], "type": "residential"}}, {"type": "Feature", "geometry": {"type": "LineString", "coordinates": [[75.796274, 11.246327], [75.79545, 11.244171]]}, "properties": {"from": [75.7962736, 11.2463275], "to": [75.79545017109974, 11.244170827109974], "type": "intra-zone"}}, {"type": "Feature", "geometry": {"type": "LineString", "coordinates": [[75.794427, 11.240305], [75.79545, 11.244171]]}, "properties": {"from": [75.7944265, 11.2403048], "to": [75.79545017109974, 11.244170827109974], "type": "intra-zone"}}, {"type": "Feature", "geometry": {"type": "LineString", "coordinates": [[75.773999, 11.245219], [75.776554, 11.243155]]}, "properties": {"from": [75.7739987, 11.2452188], "to": [75.7765542862963, 11.243154998148148], "type": "intra-zone"}}, {"type": "Feature", "geometry": {"type": "LineString", "coordinates": [[75.798105, 11.250472], [75.797769, 11.251274]]}, "properties": {"from": [75.7981048, 11.2504718], "to": [75.797769, 11.2512736], "type": "primary"}}, {"type": "Feature", "geometry": {"type": "LineString", "coordinates": [[75.788237, 11.243929], [75.788325, 11.243934]]}, "properties": {"from": [75.7882367, 11.243929], "to": [75.7883245, 11.2439345], "type": "residential"}}, {"type": "Feature", "geometry": {"type": "LineString", "coordinates": [[75.792034, 11.241846], [75.792144, 11.24183]]}, "properties": {"from": [75.7920344, 11.2418455], "to": [75.7921444, 11.2418297], "type": "secondary"}}, {"type": "Feature", "geometry": {"type": "LineString", "coordinates": [[75.773204, 11.252325], [75.773259, 11.25212]]}, "properties": {"from": [75.773204, 11.2523248], "to": [75.7732593, 11.2521204], "type": "residential"}}, {"type": "Feature", "geometry": {"type": "LineString", "coordinates": [[75.790741, 11.246068], [75.790538, 11.246014]]}, "properties": {"from": [75.7907414, 11.2460676], "to": [75.7905382, 11.2460141], "type": "residential"}}, {"type": "Feature", "geometry": {"type": "LineString", "coordinates": [[75.795854, 11.24724], [75.795829, 11.247208]]}, "properties": {"from": [75.7958536, 11.2472396], "to": [75.7958294, 11.2472081], "type": "residential"}}, {"type": "Feature", "geometry": {"type": "LineString", "coordinates": [[75.777238, 11.253719], [75.776641, 11.251004]]}, "properties": {"from": [75.7772381, 11.2537191], "to": [75.77664119651972, 11.251004005336426], "type": "intra-zone"}}, {"type": "Feature", "geometry": {"type": "LineString", "coordinates": [[75.776415, 11.245664], [75.77644, 11.2456]]}, "properties": {"from": [75.7764148, 11.2456639], "to": [75.7764398, 11.2456001], "type": "residential"}}, {"type": "Feature", "geometry": {"type": "LineString", "coordinates": [[75.7795, 11.253716], [75.779479, 11.253721]]}, "properties": {"from": [75.7795005, 11.2537163], "to": [75.7794787, 11.2537206], "type": "primary"}}, {"type": "Feature", "geometry": {"type": "LineString", "coordinates": [[75.782749, 11.240492], [75.785033, 11.243796]]}, "properties": {"from": [75.7827492, 11.240492], "to": [75.78503318388888, 11.2437957125], "type": "intra-zone"}}, {"type": "Feature", "geometry": {"type": "LineString", "coordinates": [[75.795909, 11.246404], [75.79545, 11.244171]]}, "properties": {"from": [75.7959089, 11.2464038], "to": [75.79545017109974, 11.244170827109974], "type": "intra-zone"}}, {"type": "Feature", "geometry": {"type": "LineString", "coordinates": [[75.795754, 11.247637], [75.795749, 11.247611]]}, "properties": {"from": [75.7957543, 11.2476369], "to": [75.795749, 11.2476106], "type": "residential"}}, {"type": "Feature", "geometry": {"type": "LineString", "coordinates": [[75.782682, 11.248822], [75.78188, 11.248834]]}, "properties": {"from": [75.7826824, 11.2488216], "to": [75.7818795, 11.2488343], "type": "secondary"}}, {"type": "Feature", "geometry": {"type": "LineString", "coordinates": [[75.781211, 11.241307], [75.785033, 11.243796]]}, "properties": {"from": [75.7812112, 11.2413075], "to": [75.78503318388888, 11.2437957125], "type": "intra-zone"}}, {"type": "Feature", "geometry": {"type": "LineString", "coordinates": [[75.772844, 11.253228], [75.776641, 11.251004]]}, "properties": {"from": [75.7728441, 11.2532277], "to": [75.77664119651972, 11.251004005336426], "type": "intra-zone"}}, {"type": "Feature", "geometry": {"type": "LineString", "coordinates": [[75.791894, 11.254847], [75.786427, 11.252457]]}, "properties": {"from": [75.7918945, 11.2548467], "to": [75.78642719263158, 11.25245679894737], "type": "intra-zone"}}, {"type": "Feature", "geometry": {"type": "LineString", "coordinates": [[75.797349, 11.249108], [75.797331, 11.249155]]}, "properties": {"from": [75.7973493, 11.2491076], "to": [75.7973305, 11.249155], "type": "residential"}}, {"type": "Feature", "geometry": {"type": "LineString", "coordinates": [[75.776016, 11.245262], [75.776554, 11.243155]]}, "properties": {"from": [75.776016, 11.245262], "to": [75.7765542862963, 11.243154998148148], "type": "intra-zone"}}, {"type": "Feature", "geometry": {"type": "LineString", "coordinates": [[75.77622, 11.253295], [75.77623, 11.253213]]}, "properties": {"from": [75.7762203, 11.2532954], "to": [75.7762301, 11.2532129], "type": "secondary"}}, {"type": "Feature", "geometry": {"type": "LineString", "coordinates": [[75.785333, 11.243121], [75.785033, 11.243796]]}, "properties": {"from": [75.7853327, 11.2431207], "to": [75.78503318388888, 11.2437957125], "type": "intra-zone"}}, {"type": "Feature", "geometry": {"type": "LineString", "coordinates": [[75.795139, 11.243777], [75.795126, 11.243698]]}, "properties": {"from": [75.7951393, 11.2437767], "to": [75.7951259, 11.2436978], "type": "residential"}}, {"type": "Feature", "geometry": {"type": "LineString", "coordinates": [[75.782251, 11.25456], [75.786427, 11.252457]]}, "properties": {"from": [75.7822507, 11.2545604], "to": [75.78642719263158, 11.25245679894737], "type": "intra-zone"}}, {"type": "Feature", "geometry": {"type": "LineString", "coordinates": [[75.776047, 11.24169], [75.776554, 11.243155]]}, "properties": {"from": [75.7760472, 11.2416904], "to": [75.7765542862963, 11.243154998148148], "type": "intra-zone"}}, {"type": "Feature", "geometry": {"type": "LineString", "coordinates": [[75.77848, 11.245555], [75.778487, 11.245829]]}, "properties": {"from": [75.7784795, 11.2455552], "to": [75.7784874, 11.2458295], "type": "residential"}}, {"type": "Feature", "geometry": {"type": "LineString", "coordinates": [[75.773955, 11.255387], [75.77397, 11.255038]]}, "properties": {"from": [75.7739546, 11.2553873], "to": [75.7739696, 11.2550379], "type": "tertiary"}}, {"type": "Feature", "geometry": {"type": "LineString", "coordinates": [[75.790166, 11.249294], [75.79012, 11.249177]]}, "properties": {"from": [75.7901664, 11.2492942], "to": [75.7901197, 11.2491771], "type": "residential"}}, {"type": "Feature", "geometry": {"type": "LineString", "coordinates": [[75.789143, 11.242891], [75.789431, 11.24302]]}, "properties": {"from": [75.7891426, 11.2428908], "to": [75.7894306, 11.2430201], "type": "secondary"}}, {"type": "Feature", "geometry": {"type": "LineString", "coordinates": [[75.793203, 11.252335], [75.792933, 11.252286]]}, "properties": {"from": [75.7932025, 11.2523352], "to": [75.7929328, 11.2522856], "type": "residential"}}, {"type": "Feature", "geometry": {"type": "LineString", "coordinates": [[75.775275, 11.241879], [75.776554, 11.243155]]}, "properties": {"from": [75.7752754, 11.2418791], "to": [75.7765542862963, 11.243154998148148], "type": "intra-zone"}}, {"type": "Feature", "geometry": {"type": "LineString", "coordinates": [[75.78654, 11.253773], [75.786266, 11.253679]]}, "properties": {"from": [75.7865401, 11.2537728], "to": [75.7862664, 11.2536794], "type": "residential"}}, {"type": "Feature", "geometry": {"type": "LineString", "coordinates": [[75.787467, 11.244549], [75.787435, 11.244657]]}, "properties": {"from": [75.7874674, 11.244549], "to": [75.7874353, 11.2446574], "type": "residential"}}, {"type": "Feature", "geometry": {"type": "LineString", "coordinates": [[75.779788, 11.246817], [75.776554, 11.243155]]}, "properties": {"from": [75.7797879, 11.2468174], "to": [75.7765542862963, 11.243154998148148], "type": "intra-zone"}}, {"type": "Feature", "geometry": {"type": "LineString", "coordinates": [[75.783295, 11.243861], [75.785033, 11.243796]]}, "properties": {"from": [75.7832949, 11.2438612], "to": [75.78503318388888, 11.2437957125], "type": "intra-zone"}}, {"type": "Feature", "geometry": {"type": "LineString", "coordinates": [[75.781207, 11.240699], [75.785033, 11.243796]]}, "properties": {"from": [75.7812071, 11.2406987], "to": [75.78503318388888, 11.2437957125], "type": "intra-zone"}}, {"type": "Feature", "geometry": {"type": "LineString", "coordinates": [[75.78366, 11.24667], [75.785033, 11.243796]]}, "properties": {"from": [75.7836599, 11.2466696], "to": [75.78503318388888, 11.2437957125], "type": "intra-zone"}}, {"type": "Feature", "geometry": {"type": "LineString", "coordinates": [[75.784549, 11.247085], [75.784582, 11.246926]]}, "properties": {"from": [75.784549, 11.2470851], "to": [75.7845817, 11.2469259], "type": "primary"}}, {"type": "Feature", "geometry": {"type": "LineString", "coordinates": [[75.786807, 11.251897], [75.786703, 11.251795]]}, "properties": {"from": [75.7868074, 11.2518969], "to": [75.7867031, 11.2517946], "type": "residential"}}, {"type": "Feature", "geometry": {"type": "LineString", "coordinates": [[75.781145, 11.247981], [75.776641, 11.251004]]}, "properties": {"from": [75.7811447, 11.2479811], "to": [75.77664119651972, 11.251004005336426], "type": "intra-zone"}}, {"type": "Feature", "geometry": {"type": "LineString", "coordinates": [[75.792473, 11.246677], [75.792317, 11.246671]]}, "properties": {"from": [75.7923175, 11.2466715], "to": [75.7924731, 11.2466767], "type": "residential"}}, {"type": "Feature", "geometry": {"type": "LineString", "coordinates": [[75.789084, 11.252872], [75.786427, 11.252457]]}, "properties": {"from": [75.7890837, 11.2528723], "to": [75.78642719263158, 11.25245679894737], "type": "intra-zone"}}, {"type": "Feature", "geometry": {"type": "LineString", "coordinates": [[75.782044, 11.244141], [75.785033, 11.243796]]}, "properties": {"from": [75.7820439, 11.2441413], "to": [75.78503318388888, 11.2437957125], "type": "intra-zone"}}, {"type": "Feature", "geometry": {"type": "LineString", "coordinates": [[75.787989, 11.251816], [75.787781, 11.251838]]}, "properties": {"from": [75.7877812, 11.2518382], "to": [75.7879892, 11.2518158], "type": "tertiary"}}, {"type": "Feature", "geometry": {"type": "LineString", "coordinates": [[75.777361, 11.246209], [75.776554, 11.243155]]}, "properties": {"from": [75.7773609, 11.2462091], "to": [75.7765542862963, 11.243154998148148], "type": "intra-zone"}}, {"type": "Feature", "geometry": {"type": "LineString", "coordinates": [[75.795998, 11.245876], [75.796005, 11.245909]]}, "properties": {"from": [75.7959979, 11.2458761], "to": [75.7960052, 11.2459087], "type": "residential"}}, {"type": "Feature", "geometry": {"type": "LineString", "coordinates": [[75.789071, 11.24398], [75.785033, 11.243796]]}, "properties": {"from": [75.789071, 11.2439803], "to": [75.78503318388888, 11.2437957125], "type": "intra-zone"}}, {"type": "Feature", "geometry": {"type": "LineString", "coordinates": [[75.790378, 11.250658], [75.789836, 11.250667]]}, "properties": {"from": [75.7903784, 11.2506582], "to": [75.7898364, 11.2506672], "type": "residential"}}, {"type": "Feature", "geometry": {"type": "LineString", "coordinates": [[75.792731, 11.252716], [75.796031, 11.249704]]}, "properties": {"from": [75.7927308, 11.2527155], "to": [75.79603117340068, 11.249703834006734], "type": "intra-zone"}}, {"type": "Feature", "geometry": {"type": "LineString", "coordinates": [[75.773254, 11.248317], [75.773367, 11.247773]]}, "properties": {"from": [75.7732542, 11.2483168], "to": [75.7733672, 11.247773], "type": "residential"}}, {"type": "Feature", "geometry": {"type": "LineString", "coordinates": [[75.785311, 11.250526], [75.785283, 11.250414]]}, "properties": {"from": [75.7853111, 11.2505264], "to": [75.785283, 11.2504137], "type": "residential"}}, {"type": "Feature", "geometry": {"type": "LineString", "coordinates": [[75.774798, 11.24512], [75.776554, 11.243155]]}, "properties": {"from": [75.7747982, 11.2451199], "to": [75.7765542862963, 11.243154998148148], "type": "intra-zone"}}, {"type": "Feature", "geometry": {"type": "LineString", "coordinates": [[75.778946, 11.242059], [75.776554, 11.243155]]}, "properties": {"from": [75.7789463, 11.2420588], "to": [75.7765542862963, 11.243154998148148], "type": "intra-zone"}}, {"type": "Feature", "geometry": {"type": "LineString", "coordinates": [[75.782357, 11.238936], [75.785033, 11.243796]]}, "properties": {"from": [75.7823565, 11.2389356], "to": [75.78503318388888, 11.2437957125], "type": "intra-zone"}}, {"type": "Feature", "geometry": {"type": "LineString", "coordinates": [[75.785315, 11.251285], [75.786427, 11.252457]]}, "properties": {"from": [75.7853147, 11.2512851], "to": [75.78642719263158, 11.25245679894737], "type": "intra-zone"}}, {"type": "Feature", "geometry": {"type": "LineString", "coordinates": [[75.773367, 11.247773], [75.773429, 11.2477]]}, "properties": {"from": [75.7733672, 11.247773], "to": [75.7734293, 11.2477001], "type": "residential"}}, {"type": "Feature", "geometry": {"type": "LineString", "coordinates": [[75.789836, 11.250667], [75.789611, 11.250669]]}, "properties": {"from": [75.7898364, 11.2506672], "to": [75.7896111, 11.2506686], "type": "residential"}}, {"type": "Feature", "geometry": {"type": "LineString", "coordinates": [[75.80097, 11.242524], [75.79545, 11.244171]]}, "properties": {"from": [75.8009701, 11.2425242], "to": [75.79545017109974, 11.244170827109974], "type": "intra-zone"}}, {"type": "Feature", "geometry": {"type": "LineString", "coordinates": [[75.796088, 11.253949], [75.796031, 11.249704]]}, "properties": {"from": [75.7960881, 11.2539495], "to": [75.79603117340068, 11.249703834006734], "type": "intra-zone"}}, {"type": "Feature", "geometry": {"type": "LineString", "coordinates": [[75.78038, 11.24861], [75.776641, 11.251004]]}, "properties": {"from": [75.78038, 11.2486095], "to": [75.77664119651972, 11.251004005336426], "type": "intra-zone"}}, {"type": "Feature", "geometry": {"type": "LineString", "coordinates": [[75.78038, 11.24861], [75.780138, 11.24857]]}, "properties": {"from": [75.7801377, 11.2485697], "to": [75.78038, 11.2486095], "type": "secondary"}}, {"type": "Feature", "geometry": {"type": "LineString", "coordinates": [[75.776658, 11.243806], [75.776554, 11.243155]]}, "properties": {"from": [75.7766583, 11.2438059], "to": [75.7765542862963, 11.243154998148148], "type": "intra-zone"}}, {"type": "Feature", "geometry": {"type": "LineString", "coordinates": [[75.786746, 11.238891], [75.785033, 11.243796]]}, "properties": {"from": [75.7867458, 11.2388908], "to": [75.78503318388888, 11.2437957125], "type": "intra-zone"}}, {"type": "Feature", "geometry": {"type": "LineString", "coordinates": [[75.774095, 11.250207], [75.773921, 11.250197]]}, "properties": {"from": [75.7740946, 11.2502072], "to": [75.7739208, 11.2501969], "type": "residential"}}, {"type": "Feature", "geometry": {"type": "LineString", "coordinates": [[75.777085, 11.233573], [75.777172, 11.233386]]}, "properties": {"from": [75.777085, 11.2335732], "to": [75.7771718, 11.233386], "type": "secondary"}}, {"type": "Feature", "geometry": {"type": "LineString", "coordinates": [[75.774735, 11.248444], [75.776641, 11.251004]]}, "properties": {"from": [75.774735, 11.2484438], "to": [75.77664119651972, 11.251004005336426], "type": "intra-zone"}}, {"type": "Feature", "geometry": {"type": "LineString", "coordinates": [[75.788705, 11.24074], [75.788646, 11.240532]]}, "properties": {"from": [75.7887053, 11.2407397], "to": [75.788646, 11.2405319], "type": "residential"}}, {"type": "Feature", "geometry": {"type": "LineString", "coordinates": [[75.785694, 11.250286], [75.785804, 11.249712]]}, "properties": {"from": [75.7858043, 11.2497121], "to": [75.7856939, 11.2502855], "type": "residential"}}, {"type": "Feature", "geometry": {"type": "LineString", "coordinates": [[75.774824, 11.249004], [75.774813, 11.249033]]}, "properties": {"from": [75.7748245, 11.2490038], "to": [75.7748131, 11.2490327], "type": "residential"}}, {"type": "Feature", "geometry": {"type": "LineString", "coordinates": [[75.772504, 11.253168], [75.776641, 11.251004]]}, "properties": {"from": [75.7725036, 11.2531685], "to": [75.77664119651972, 11.251004005336426], "type": "intra-zone"}}, {"type": "Feature", "geometry": {"type": "LineString", "coordinates": [[75.773437, 11.251584], [75.773496, 11.251589]]}, "properties": {"from": [75.7734368, 11.251584], "to": [75.7734957, 11.2515894], "type": "secondary"}}, {"type": "Feature", "geometry": {"type": "LineString", "coordinates": [[75.792388, 11.241675], [75.79545, 11.244171]]}, "properties": {"from": [75.7923878, 11.2416747], "to": [75.79545017109974, 11.244170827109974], "type": "intra-zone"}}, {"type": "Feature", "geometry": {"type": "LineString", "coordinates": [[75.775924, 11.24181], [75.776554, 11.243155]]}, "properties": {"from": [75.7759238, 11.2418099], "to": [75.7765542862963, 11.243154998148148], "type": "intra-zone"}}, {"type": "Feature", "geometry": {"type": "LineString", "coordinates": [[75.775489, 11.244535], [75.776554, 11.243155]]}, "properties": {"from": [75.7754892, 11.2445345], "to": [75.7765542862963, 11.243154998148148], "type": "intra-zone"}}, {"type": "Feature", "geometry": {"type": "LineString", "coordinates": [[75.796776, 11.246613], [75.796819, 11.246608]]}, "properties": {"from": [75.7967758, 11.246613], "to": [75.7968187, 11.2466077], "type": "tertiary"}}, {"type": "Feature", "geometry": {"type": "LineString", "coordinates": [[75.774743, 11.239534], [75.774781, 11.239417]]}, "properties": {"from": [75.7747432, 11.2395335], "to": [75.7747813, 11.2394172], "type": "secondary"}}, {"type": "Feature", "geometry": {"type": "LineString", "coordinates": [[75.796725, 11.243072], [75.796741, 11.243048]]}, "properties": {"from": [75.7967248, 11.2430721], "to": [75.7967409, 11.2430484], "type": "tertiary"}}, {"type": "Feature", "geometry": {"type": "LineString", "coordinates": [[75.798031, 11.248644], [75.796031, 11.249704]]}, "properties": {"from": [75.7980312, 11.2486436], "to": [75.79603117340068, 11.249703834006734], "type": "intra-zone"}}, {"type": "Feature", "geometry": {"type": "LineString", "coordinates": [[75.774824, 11.249004], [75.776641, 11.251004]]}, "properties": {"from": [75.7748245, 11.2490038], "to": [75.77664119651972, 11.251004005336426], "type": "intra-zone"}}, {"type": "Feature", "geometry": {"type": "LineString", "coordinates": [[75.774009, 11.245168], [75.776554, 11.243155]]}, "properties": {"from": [75.7740091, 11.2451683], "to": [75.7765542862963, 11.243154998148148], "type": "intra-zone"}}, {"type": "Feature", "geometry": {"type": "LineString", "coordinates": [[75.803939, 11.240651], [75.8037, 11.240823]]}, "properties": {"from": [75.8039391, 11.2406506], "to": [75.8037001, 11.2408229], "type": "primary"}}, {"type": "Feature", "geometry": {"type": "LineString", "coordinates": [[75.778948, 11.243664], [75.776554, 11.243155]]}, "properties": {"from": [75.7789481, 11.2436642], "to": [75.7765542862963, 11.243154998148148], "type": "intra-zone"}}, {"type": "Feature", "geometry": {"type": "LineString", "coordinates": [[75.772678, 11.248734], [75.776641, 11.251004]]}, "properties": {"from": [75.7726784, 11.248734], "to": [75.77664119651972, 11.251004005336426], "type": "intra-zone"}}, {"type": "Feature", "geometry": {"type": "LineString", "coordinates": [[75.797594, 11.248683], [75.796031, 11.249704]]}, "properties": {"from": [75.797594, 11.248683], "to": [75.79603117340068, 11.249703834006734], "type": "intra-zone"}}, {"type": "Feature", "geometry": {"type": "LineString", "coordinates": [[75.78314, 11.245435], [75.783144, 11.24539]]}, "properties": {"from": [75.7831398, 11.2454352], "to": [75.7831437, 11.2453898], "type": "residential"}}, {"type": "Feature", "geometry": {"type": "LineString", "coordinates": [[75.796996, 11.252225], [75.796031, 11.249704]]}, "properties": {"from": [75.7969963, 11.2522249], "to": [75.79603117340068, 11.249703834006734], "type": "intra-zone"}}, {"type": "Feature", "geometry": {"type": "LineString", "coordinates": [[75.77998, 11.241938], [75.776554, 11.243155]]}, "properties": {"from": [75.7799803, 11.2419382], "to": [75.7765542862963, 11.243154998148148], "type": "intra-zone"}}, {"type": "Feature", "geometry": {"type": "LineString", "coordinates": [[75.794707, 11.241159], [75.794774, 11.241139]]}, "properties": {"from": [75.7947068, 11.2411591], "to": [75.7947735, 11.2411395], "type": "secondary"}}, {"type": "Feature", "geometry": {"type": "LineString", "coordinates": [[75.777629, 11.246477], [75.776554, 11.243155]]}, "properties": {"from": [75.7776291, 11.2464774], "to": [75.7765542862963, 11.243154998148148], "type": "intra-zone"}}, {"type": "Feature", "geometry": {"type": "LineString", "coordinates": [[75.796422, 11.245776], [75.796419, 11.245737]]}, "properties": {"from": [75.7964216, 11.2457759], "to": [75.7964192, 11.245737], "type": "residential"}}, {"type": "Feature", "geometry": {"type": "LineString", "coordinates": [[75.781826, 11.254288], [75.78181, 11.254266]]}, "properties": {"from": [75.7818257, 11.2542877], "to": [75.7818098, 11.2542658], "type": "primary"}}, {"type": "Feature", "geometry": {"type": "LineString", "coordinates": [[75.777046, 11.233657], [75.777059, 11.23363]]}, "properties": {"from": [75.777046, 11.2336574], "to": [75.7770587, 11.2336299], "type": "secondary"}}, {"type": "Feature", "geometry": {"type": "LineString", "coordinates": [[75.790459, 11.245125], [75.790641, 11.245187]]}, "properties": {"from": [75.7904593, 11.2451249], "to": [75.7906414, 11.2451874], "type": "residential"}}, {"type": "Feature", "geometry": {"type": "LineString", "coordinates": [[75.7912, 11.247091], [75.791023, 11.247073]]}, "properties": {"from": [75.7912003, 11.2470907], "to": [75.7910226, 11.2470727], "type": "residential"}}, {"type": "Feature", "geometry": {"type": "LineString", "coordinates": [[75.797392, 11.248892], [75.796031, 11.249704]]}, "properties": {"from": [75.7973922, 11.2488919], "to": [75.79603117340068, 11.249703834006734], "type": "intra-zone"}}, {"type": "Feature", "geometry": {"type": "LineString", "coordinates": [[75.780923, 11.253046], [75.776641, 11.251004]]}, "properties": {"from": [75.7809227, 11.2530455], "to": [75.77664119651972, 11.251004005336426], "type": "intra-zone"}}, {"type": "Feature", "geometry": {"type": "LineString", "coordinates": [[75.782183, 11.243722], [75.782044, 11.244141]]}, "properties": {"from": [75.7821831, 11.243722], "to": [75.7820439, 11.2441413], "type": "tertiary"}}, {"type": "Feature", "geometry": {"type": "LineString", "coordinates": [[75.783041, 11.246406], [75.783042, 11.246292]]}, "properties": {"from": [75.783041, 11.2464057], "to": [75.7830425, 11.2462922], "type": "residential"}}, {"type": "Feature", "geometry": {"type": "LineString", "coordinates": [[75.787572, 11.244206], [75.788093, 11.244209]]}, "properties": {"from": [75.7875723, 11.2442059], "to": [75.788093, 11.2442093], "type": "residential"}}, {"type": "Feature", "geometry": {"type": "LineString", "coordinates": [[75.78339, 11.251095], [75.786427, 11.252457]]}, "properties": {"from": [75.7833898, 11.251095], "to": [75.78642719263158, 11.25245679894737], "type": "intra-zone"}}, {"type": "Feature", "geometry": {"type": "LineString", "coordinates": [[75.783141, 11.242034], [75.783016, 11.242108]]}, "properties": {"from": [75.7831408, 11.242034], "to": [75.7830156, 11.2421083], "type": "residential"}}, {"type": "Feature", "geometry": {"type": "LineString", "coordinates": [[75.787514, 11.247356], [75.787458, 11.247356]]}, "properties": {"from": [75.7875139, 11.2473562], "to": [75.7874576, 11.2473562], "type": "residential"}}, {"type": "Feature", "geometry": {"type": "LineString", "coordinates": [[75.776187, 11.250225], [75.776171, 11.250365]]}, "properties": {"from": [75.7761869, 11.2502252], "to": [75.7761707, 11.250365], "type": "residential"}}, {"type": "Feature", "geometry": {"type": "LineString", "coordinates": [[75.778867, 11.243664], [75.778239, 11.24348]]}, "properties": {"from": [75.7788673, 11.2436637], "to": [75.7782388, 11.2434797], "type": "residential"}}, {"type": "Feature", "geometry": {"type": "LineString", "coordinates": [[75.798149, 11.251497], [75.798176, 11.252121]]}, "properties": {"from": [75.7981489, 11.251497], "to": [75.7981756, 11.2521208], "type": "residential"}}, {"type": "Feature", "geometry": {"type": "LineString", "coordinates": [[75.789162, 11.252651], [75.786427, 11.252457]]}, "properties": {"from": [75.7891615, 11.2526506], "to": [75.78642719263158, 11.25245679894737], "type": "intra-zone"}}, {"type": "Feature", "geometry": {"type": "LineString", "coordinates": [[75.777629, 11.24633], [75.776554, 11.243155]]}, "properties": {"from": [75.7776291, 11.2463301], "to": [75.7765542862963, 11.243154998148148], "type": "intra-zone"}}, {"type": "Feature", "geometry": {"type": "LineString", "coordinates": [[75.778185, 11.248916], [75.779146, 11.248883]]}, "properties": {"from": [75.7781849, 11.2489162], "to": [75.7791456, 11.2488835], "type": "tertiary"}}, {"type": "Feature", "geometry": {"type": "LineString", "coordinates": [[75.775346, 11.241514], [75.775467, 11.241219]]}, "properties": {"from": [75.7753456, 11.2415142], "to": [75.7754673, 11.2412189], "type": "residential"}}, {"type": "Feature", "geometry": {"type": "LineString", "coordinates": [[75.776554, 11.243155], [75.786427, 11.252457]]}, "properties": {"from": [75.78642719263158, 11.25245679894737], "to": [75.7765542862963, 11.243154998148148], "type": "inter-zone"}}, {"type": "Feature", "geometry": {"type": "LineString", "coordinates": [[75.776702, 11.253132], [75.776641, 11.251004]]}, "properties": {"from": [75.7767016, 11.2531324], "to": [75.77664119651972, 11.251004005336426], "type": "intra-zone"}}, {"type": "Feature", "geometry": {"type": "LineString", "coordinates": [[75.788766, 11.241998], [75.785033, 11.243796]]}, "properties": {"from": [75.7887661, 11.2419985], "to": [75.78503318388888, 11.2437957125], "type": "intra-zone"}}, {"type": "Feature", "geometry": {"type": "LineString", "coordinates": [[75.773811, 11.245976], [75.776554, 11.243155]]}, "properties": {"from": [75.7738109, 11.2459764], "to": [75.7765542862963, 11.243154998148148], "type": "intra-zone"}}, {"type": "Feature", "geometry": {"type": "LineString", "coordinates": [[75.786975, 11.247351], [75.785033, 11.243796]]}, "properties": {"from": [75.7869748, 11.2473509], "to": [75.78503318388888, 11.2437957125], "type": "intra-zone"}}, {"type": "Feature", "geometry": {"type": "LineString", "coordinates": [[75.776015, 11.24585], [75.776554, 11.243155]]}, "properties": {"from": [75.776015, 11.2458498], "to": [75.7765542862963, 11.243154998148148], "type": "intra-zone"}}, {"type": "Feature", "geometry": {"type": "LineString", "coordinates": [[75.776451, 11.250599], [75.776482, 11.250456]]}, "properties": {"from": [75.776482, 11.2504563], "to": [75.7764511, 11.2505988], "type": "tertiary"}}, {"type": "Feature", "geometry": {"type": "LineString", "coordinates": [[75.774389, 11.250248], [75.776641, 11.251004]]}, "properties": {"from": [75.7743894, 11.2502476], "to": [75.77664119651972, 11.251004005336426], "type": "intra-zone"}}, {"type": "Feature", "geometry": {"type": "LineString", "coordinates": [[75.790311, 11.253438], [75.79039, 11.253576]]}, "properties": {"from": [75.7903108, 11.2534379], "to": [75.7903895, 11.2535759], "type": "residential"}}, {"type": "Feature", "geometry": {"type": "LineString", "coordinates": [[75.783137, 11.246035], [75.783139, 11.245821]]}, "properties": {"from": [75.7831375, 11.2460345], "to": [75.783139, 11.2458205], "type": "residential"}}, {"type": "Feature", "geometry": {"type": "LineString", "coordinates": [[75.796519, 11.252331], [75.796127, 11.25234]]}, "properties": {"from": [75.7965185, 11.2523309], "to": [75.7961272, 11.2523396], "type": "primary"}}, {"type": "Feature", "geometry": {"type": "LineString", "coordinates": [[75.777565, 11.246267], [75.776554, 11.243155]]}, "properties": {"from": [75.7775648, 11.2462669], "to": [75.7765542862963, 11.243154998148148], "type": "intra-zone"}}, {"type": "Feature", "geometry": {"type": "LineString", "coordinates": [[75.779501, 11.251415], [75.779542, 11.251416]]}, "properties": {"from": [75.779501, 11.2514148], "to": [75.7795417, 11.2514165], "type": "tertiary"}}, {"type": "Feature", "geometry": {"type": "LineString", "coordinates": [[75.786083, 11.249931], [75.785916, 11.249794]]}, "properties": {"from": [75.7860831, 11.2499313], "to": [75.7859156, 11.2497938], "type": "secondary"}}, {"type": "Feature", "geometry": {"type": "LineString", "coordinates": [[75.787925, 11.243322], [75.78787, 11.243423]]}, "properties": {"from": [75.7879254, 11.2433219], "to": [75.78787, 11.2434226], "type": "residential"}}, {"type": "Feature", "geometry": {"type": "LineString", "coordinates": [[75.779143, 11.247964], [75.778852, 11.247911]]}, "properties": {"from": [75.7791426, 11.2479644], "to": [75.7788522, 11.2479113], "type": "residential"}}, {"type": "Feature", "geometry": {"type": "LineString", "coordinates": [[75.795444, 11.246741], [75.795417, 11.246678]]}, "properties": {"from": [75.7954441, 11.2467412], "to": [75.7954173, 11.2466781], "type": "residential"}}, {"type": "Feature", "geometry": {"type": "LineString", "coordinates": [[75.778777, 11.247568], [75.776641, 11.251004]]}, "properties": {"from": [75.7787772, 11.2475678], "to": [75.77664119651972, 11.251004005336426], "type": "intra-zone"}}, {"type": "Feature", "geometry": {"type": "LineString", "coordinates": [[75.785183, 11.252436], [75.785212, 11.251829]]}, "properties": {"from": [75.7851832, 11.2524362], "to": [75.7852122, 11.2518287], "type": "residential"}}, {"type": "Feature", "geometry": {"type": "LineString", "coordinates": [[75.782846, 11.23873], [75.785033, 11.243796]]}, "properties": {"from": [75.7828457, 11.2387304], "to": [75.78503318388888, 11.2437957125], "type": "intra-zone"}}, {"type": "Feature", "geometry": {"type": "LineString", "coordinates": [[75.777412, 11.253109], [75.776641, 11.251004]]}, "properties": {"from": [75.7774124, 11.2531088], "to": [75.77664119651972, 11.251004005336426], "type": "intra-zone"}}, {"type": "Feature", "geometry": {"type": "LineString", "coordinates": [[75.778323, 11.25422], [75.778549, 11.253669]]}, "properties": {"from": [75.7783226, 11.2542203], "to": [75.7785487, 11.2536688], "type": "tertiary"}}, {"type": "Feature", "geometry": {"type": "LineString", "coordinates": [[75.778284, 11.24713], [75.778284, 11.247214]]}, "properties": {"from": [75.7782836, 11.2471298], "to": [75.7782836, 11.247214], "type": "residential"}}, {"type": "Feature", "geometry": {"type": "LineString", "coordinates": [[75.778267, 11.246788], [75.776554, 11.243155]]}, "properties": {"from": [75.7782675, 11.2467878], "to": [75.7765542862963, 11.243154998148148], "type": "intra-zone"}}, {"type": "Feature", "geometry": {"type": "LineString", "coordinates": [[75.778448, 11.246016], [75.778466, 11.24594]]}, "properties": {"from": [75.778466, 11.24594], "to": [75.7784484, 11.2460165], "type": "residential"}}, {"type": "Feature", "geometry": {"type": "LineString", "coordinates": [[75.787713, 11.255109], [75.786427, 11.252457]]}, "properties": {"from": [75.787713, 11.2551088], "to": [75.78642719263158, 11.25245679894737], "type": "intra-zone"}}, {"type": "Feature", "geometry": {"type": "LineString", "coordinates": [[75.786723, 11.252343], [75.786985, 11.252372]]}, "properties": {"from": [75.7867233, 11.2523429], "to": [75.7869851, 11.2523722], "type": "residential"}}, {"type": "Feature", "geometry": {"type": "LineString", "coordinates": [[75.775516, 11.248559], [75.775414, 11.248544]]}, "properties": {"from": [75.775516, 11.2485589], "to": [75.775414, 11.2485445], "type": "residential"}}, {"type": "Feature", "geometry": {"type": "LineString", "coordinates": [[75.78664, 11.254283], [75.786539, 11.25442]]}, "properties": {"from": [75.7865385, 11.2544204], "to": [75.78664, 11.2542826], "type": "secondary"}}, {"type": "Feature", "geometry": {"type": "LineString", "coordinates": [[75.775793, 11.240023], [75.776554, 11.243155]]}, "properties": {"from": [75.7757934, 11.2400235], "to": [75.7765542862963, 11.243154998148148], "type": "intra-zone"}}, {"type": "Feature", "geometry": {"type": "LineString", "coordinates": [[75.773623, 11.250902], [75.773682, 11.25066]]}, "properties": {"from": [75.7736226, 11.2509017], "to": [75.7736816, 11.2506596], "type": "residential"}}, {"type": "Feature", "geometry": {"type": "LineString", "coordinates": [[75.787109, 11.247351], [75.785033, 11.243796]]}, "properties": {"from": [75.7871089, 11.2473509], "to": [75.78503318388888, 11.2437957125], "type": "intra-zone"}}, {"type": "Feature", "geometry": {"type": "LineString", "coordinates": [[75.787989, 11.251816], [75.786427, 11.252457]]}, "properties": {"from": [75.7879892, 11.2518158], "to": [75.78642719263158, 11.25245679894737], "type": "intra-zone"}}, {"type": "Feature", "geometry": {"type": "LineString", "coordinates": [[75.773964, 11.245587], [75.773942, 11.245714]]}, "properties": {"from": [75.7739641, 11.2455872], "to": [75.7739424, 11.2457135], "type": "residential"}}, {"type": "Feature", "geometry": {"type": "LineString", "coordinates": [[75.773389, 11.247605], [75.773244, 11.247584]]}, "properties": {"from": [75.7733891, 11.2476054], "to": [75.7732443, 11.2475844], "type": "residential"}}, {"type": "Feature", "geometry": {"type": "LineString", "coordinates": [[75.780714, 11.250179], [75.780711, 11.250284]]}, "properties": {"from": [75.7807142, 11.2501791], "to": [75.7807115, 11.2502843], "type": "residential"}}, {"type": "Feature", "geometry": {"type": "LineString", "coordinates": [[75.785153, 11.244271], [75.785173, 11.244099]]}, "properties": {"from": [75.7851526, 11.2442712], "to": [75.7851735, 11.2440993], "type": "primary"}}, {"type": "Feature", "geometry": {"type": "LineString", "coordinates": [[75.79572, 11.247984], [75.796031, 11.249704]]}, "properties": {"from": [75.7957195, 11.2479841], "to": [75.79603117340068, 11.249703834006734], "type": "intra-zone"}}, {"type": "Feature", "geometry": {"type": "LineString", "coordinates": [[75.790811, 11.252143], [75.790518, 11.253649]]}, "properties": {"from": [75.7908106, 11.2521433], "to": [75.7905183, 11.2536495], "type": "residential"}}, {"type": "Feature", "geometry": {"type": "LineString", "coordinates": [[75.797446, 11.248282], [75.797438, 11.248334]]}, "properties": {"from": [75.7974459, 11.2482816], "to": [75.7974378, 11.2483342], "type": "residential"}}, {"type": "Feature", "geometry": {"type": "LineString", "coordinates": [[75.782661, 11.238808], [75.782357, 11.238936]]}, "properties": {"from": [75.782661, 11.2388079], "to": [75.7823565, 11.2389356], "type": "residential"}}, {"type": "Feature", "geometry": {"type": "LineString", "coordinates": [[75.78664, 11.254283], [75.786427, 11.252457]]}, "properties": {"from": [75.78664, 11.2542826], "to": [75.78642719263158, 11.25245679894737], "type": "intra-zone"}}, {"type": "Feature", "geometry": {"type": "LineString", "coordinates": [[75.790706, 11.248043], [75.796031, 11.249704]]}, "properties": {"from": [75.7907058, 11.2480434], "to": [75.79603117340068, 11.249703834006734], "type": "intra-zone"}}, {"type": "Feature", "geometry": {"type": "LineString", "coordinates": [[75.775793, 11.240023], [75.775965, 11.239552]]}, "properties": {"from": [75.7757934, 11.2400235], "to": [75.7759651, 11.239552], "type": "residential"}}, {"type": "Feature", "geometry": {"type": "LineString", "coordinates": [[75.796236, 11.246343], [75.79545, 11.244171]]}, "properties": {"from": [75.7962361, 11.2463433], "to": [75.79545017109974, 11.244170827109974], "type": "intra-zone"}}, {"type": "Feature", "geometry": {"type": "LineString", "coordinates": [[75.783144, 11.246279], [75.785033, 11.243796]]}, "properties": {"from": [75.7831436, 11.2462787], "to": [75.78503318388888, 11.2437957125], "type": "intra-zone"}}, {"type": "Feature", "geometry": {"type": "LineString", "coordinates": [[75.793926, 11.246383], [75.79545, 11.244171]]}, "properties": {"from": [75.7939256, 11.2463827], "to": [75.79545017109974, 11.244170827109974], "type": "intra-zone"}}, {"type": "Feature", "geometry": {"type": "LineString", "coordinates": [[75.7975, 11.247726], [75.796031, 11.249704]]}, "properties": {"from": [75.7974995, 11.2477257], "to": [75.79603117340068, 11.249703834006734], "type": "intra-zone"}}, {"type": "Feature", "geometry": {"type": "LineString", "coordinates": [[75.788048, 11.250974], [75.787963, 11.251526]]}, "properties": {"from": [75.7880483, 11.2509743], "to": [75.7879634, 11.251526], "type": "residential"}}, {"type": "Feature", "geometry": {"type": "LineString", "coordinates": [[75.795126, 11.243698], [75.795158, 11.24364]]}, "properties": {"from": [75.7951259, 11.2436978], "to": [75.7951581, 11.2436399], "type": "residential"}}, {"type": "Feature", "geometry": {"type": "LineString", "coordinates": [[75.782879, 11.251886], [75.783069, 11.251903]]}, "properties": {"from": [75.7828793, 11.2518858], "to": [75.7830693, 11.2519029], "type": "residential"}}, {"type": "Feature", "geometry": {"type": "LineString", "coordinates": [[75.794361, 11.241299], [75.794615, 11.241202]]}, "properties": {"from": [75.7943606, 11.2412992], "to": [75.7946147, 11.2412018], "type": "secondary"}}, {"type": "Feature", "geometry": {"type": "LineString", "coordinates": [[75.779228, 11.239313], [75.779394, 11.238967]]}, "properties": {"from": [75.7792279, 11.2393125], "to": [75.7793937, 11.2389665], "type": "residential"}}, {"type": "Feature", "geometry": {"type": "LineString", "coordinates": [[75.781787, 11.254221], [75.786427, 11.252457]]}, "properties": {"from": [75.7817871, 11.2542214], "to": [75.78642719263158, 11.25245679894737], "type": "intra-zone"}}, {"type": "Feature", "geometry": {"type": "LineString", "coordinates": [[75.795888, 11.247616], [75.795918, 11.247621]]}, "properties": {"from": [75.7958884, 11.2476158], "to": [75.7959179, 11.2476211], "type": "residential"}}, {"type": "Feature", "geometry": {"type": "LineString", "coordinates": [[75.775346, 11.241514], [75.776554, 11.243155]]}, "properties": {"from": [75.7753456, 11.2415142], "to": [75.7765542862963, 11.243154998148148], "type": "intra-zone"}}, {"type": "Feature", "geometry": {"type": "LineString", "coordinates": [[75.780958, 11.252942], [75.780937, 11.252988]]}, "properties": {"from": [75.7809576, 11.2529423], "to": [75.7809368, 11.2529876], "type": "primary"}}, {"type": "Feature", "geometry": {"type": "LineString", "coordinates": [[75.773972, 11.254978], [75.776641, 11.251004]]}, "properties": {"from": [75.7739722, 11.2549785], "to": [75.77664119651972, 11.251004005336426], "type": "intra-zone"}}, {"type": "Feature", "geometry": {"type": "LineString", "coordinates": [[75.78872, 11.240792], [75.785033, 11.243796]]}, "properties": {"from": [75.7887202, 11.2407918], "to": [75.78503318388888, 11.2437957125], "type": "intra-zone"}}, {"type": "Feature", "geometry": {"type": "LineString", "coordinates": [[75.784565, 11.246712], [75.785033, 11.243796]]}, "properties": {"from": [75.7845653, 11.2467119], "to": [75.78503318388888, 11.2437957125], "type": "intra-zone"}}, {"type": "Feature", "geometry": {"type": "LineString", "coordinates": [[75.80481, 11.237833], [75.79545, 11.244171]]}, "properties": {"from": [75.8048095, 11.2378333], "to": [75.79545017109974, 11.244170827109974], "type": "intra-zone"}}, {"type": "Feature", "geometry": {"type": "LineString", "coordinates": [[75.796746, 11.243188], [75.796722, 11.243159]]}, "properties": {"from": [75.7967463, 11.2431878], "to": [75.7967222, 11.2431589], "type": "tertiary"}}, {"type": "Feature", "geometry": {"type": "LineString", "coordinates": [[75.796741, 11.245658], [75.79545, 11.244171]]}, "properties": {"from": [75.7967409, 11.2456581], "to": [75.79545017109974, 11.244170827109974], "type": "intra-zone"}}, {"type": "Feature", "geometry": {"type": "LineString", "coordinates": [[75.780717, 11.2499], [75.776641, 11.251004]]}, "properties": {"from": [75.7807169, 11.2499002], "to": [75.77664119651972, 11.251004005336426], "type": "intra-zone"}}, {"type": "Feature", "geometry": {"type": "LineString", "coordinates": [[75.784888, 11.245543], [75.784985, 11.245172]]}, "properties": {"from": [75.7848883, 11.245543], "to": [75.784985, 11.2451717], "type": "primary"}}, {"type": "Feature", "geometry": {"type": "LineString", "coordinates": [[75.795727, 11.246548], [75.795689, 11.246548]]}, "properties": {"from": [75.7957265, 11.2465485], "to": [75.7956889, 11.2465485], "type": "residential"}}, {"type": "Feature", "geometry": {"type": "LineString", "coordinates": [[75.777807, 11.24866], [75.777494, 11.248668]]}, "properties": {"from": [75.7778068, 11.2486603], "to": [75.7774941, 11.2486677], "type": "residential"}}, {"type": "Feature", "geometry": {"type": "LineString", "coordinates": [[75.789426, 11.255361], [75.789426, 11.254737]]}, "properties": {"from": [75.7894263, 11.2553611], "to": [75.7894261, 11.2547371], "type": "residential"}}, {"type": "Feature", "geometry": {"type": "LineString", "coordinates": [[75.776771, 11.245682], [75.776554, 11.243155]]}, "properties": {"from": [75.7767715, 11.2456824], "to": [75.7765542862963, 11.243154998148148], "type": "intra-zone"}}, {"type": "Feature", "geometry": {"type": "LineString", "coordinates": [[75.772646, 11.247947], [75.776641, 11.251004]]}, "properties": {"from": [75.7726457, 11.2479466], "to": [75.77664119651972, 11.251004005336426], "type": "intra-zone"}}, {"type": "Feature", "geometry": {"type": "LineString", "coordinates": [[75.779364, 11.248719], [75.779219, 11.248886]]}, "properties": {"from": [75.7792189, 11.2488856], "to": [75.7793635, 11.2487194], "type": "secondary"}}, {"type": "Feature", "geometry": {"type": "LineString", "coordinates": [[75.797505, 11.247442], [75.797521, 11.247357]]}, "properties": {"from": [75.7975049, 11.2474416], "to": [75.797521, 11.2473574], "type": "residential"}}, {"type": "Feature", "geometry": {"type": "LineString", "coordinates": [[75.786116, 11.25158], [75.785897, 11.251546]]}, "properties": {"from": [75.7861161, 11.2515796], "to": [75.7858969, 11.2515464], "type": "residential"}}, {"type": "Feature", "geometry": {"type": "LineString", "coordinates": [[75.771895, 11.253076], [75.772214, 11.253132]]}, "properties": {"from": [75.7718947, 11.2530764], "to": [75.7722139, 11.2531317], "type": "residential"}}, {"type": "Feature", "geometry": {"type": "LineString", "coordinates": [[75.782731, 11.254665], [75.786427, 11.252457]]}, "properties": {"from": [75.7827312, 11.2546654], "to": [75.78642719263158, 11.25245679894737], "type": "intra-zone"}}, {"type": "Feature", "geometry": {"type": "LineString", "coordinates": [[75.783134, 11.245664], [75.783136, 11.24553]]}, "properties": {"from": [75.7831335, 11.2456642], "to": [75.7831363, 11.2455299], "type": "residential"}}, {"type": "Feature", "geometry": {"type": "LineString", "coordinates": [[75.774283, 11.248974], [75.776641, 11.251004]]}, "properties": {"from": [75.7742832, 11.2489738], "to": [75.77664119651972, 11.251004005336426], "type": "intra-zone"}}, {"type": "Feature", "geometry": {"type": "LineString", "coordinates": [[75.783069, 11.251903], [75.783244, 11.2519]]}, "properties": {"from": [75.7830693, 11.2519029], "to": [75.7832441, 11.2519005], "type": "residential"}}, {"type": "Feature", "geometry": {"type": "LineString", "coordinates": [[75.789485, 11.247356], [75.789425, 11.247712]]}, "properties": {"from": [75.7894255, 11.247712], "to": [75.7894845, 11.2473556], "type": "residential"}}, {"type": "Feature", "geometry": {"type": "LineString", "coordinates": [[75.782839, 11.242798], [75.785033, 11.243796]]}, "properties": {"from": [75.7828388, 11.2427982], "to": [75.78503318388888, 11.2437957125], "type": "intra-zone"}}, {"type": "Feature", "geometry": {"type": "LineString", "coordinates": [[75.777013, 11.248629], [75.776641, 11.251004]]}, "properties": {"from": [75.7770129, 11.2486287], "to": [75.77664119651972, 11.251004005336426], "type": "intra-zone"}}, {"type": "Feature", "geometry": {"type": "LineString", "coordinates": [[75.798031, 11.248644], [75.798021, 11.248693]]}, "properties": {"from": [75.7980312, 11.2486436], "to": [75.7980205, 11.2486935], "type": "residential"}}, {"type": "Feature", "geometry": {"type": "LineString", "coordinates": [[75.787361, 11.252438], [75.787598, 11.252081]]}, "properties": {"from": [75.7873608, 11.252438], "to": [75.7875975, 11.2520811], "type": "secondary"}}, {"type": "Feature", "geometry": {"type": "LineString", "coordinates": [[75.776519, 11.240573], [75.776554, 11.243155]]}, "properties": {"from": [75.7765194, 11.2405735], "to": [75.7765542862963, 11.243154998148148], "type": "intra-zone"}}, {"type": "Feature", "geometry": {"type": "LineString", "coordinates": [[75.777494, 11.248668], [75.777291, 11.248655]]}, "properties": {"from": [75.7774941, 11.2486677], "to": [75.7772911, 11.2486555], "type": "residential"}}, {"type": "Feature", "geometry": {"type": "LineString", "coordinates": [[75.774138, 11.241584], [75.774276, 11.24119]]}, "properties": {"from": [75.7741376, 11.2415837], "to": [75.7742758, 11.2411896], "type": "secondary"}}, {"type": "Feature", "geometry": {"type": "LineString", "coordinates": [[75.783202, 11.246666], [75.783115, 11.246668]]}, "properties": {"from": [75.783202, 11.2466664], "to": [75.7831146, 11.2466684], "type": "tertiary"}}, {"type": "Feature", "geometry": {"type": "LineString", "coordinates": [[75.796846, 11.243009], [75.79545, 11.244171]]}, "properties": {"from": [75.7968455, 11.2430089], "to": [75.79545017109974, 11.244170827109974], "type": "intra-zone"}}, {"type": "Feature", "geometry": {"type": "LineString", "coordinates": [[75.775603, 11.237214], [75.776658, 11.234593]]}, "properties": {"from": [75.7756027, 11.2372136], "to": [75.7766583, 11.2345929], "type": "secondary"}}, {"type": "Feature", "geometry": {"type": "LineString", "coordinates": [[75.782952, 11.246734], [75.785033, 11.243796]]}, "properties": {"from": [75.782952, 11.2467342], "to": [75.78503318388888, 11.2437957125], "type": "intra-zone"}}, {"type": "Feature", "geometry": {"type": "LineString", "coordinates": [[75.795725, 11.2479], [75.795727, 11.247863]]}, "properties": {"from": [75.7957248, 11.2478999], "to": [75.7957275, 11.2478631], "type": "residential"}}, {"type": "Feature", "geometry": {"type": "LineString", "coordinates": [[75.791199, 11.246214], [75.790958, 11.246137]]}, "properties": {"from": [75.7911994, 11.2462141], "to": [75.7909579, 11.2461369], "type": "residential"}}, {"type": "Feature", "geometry": {"type": "LineString", "coordinates": [[75.795923, 11.247574], [75.796031, 11.249704]]}, "properties": {"from": [75.7959233, 11.2475737], "to": [75.79603117340068, 11.249703834006734], "type": "intra-zone"}}, {"type": "Feature", "geometry": {"type": "LineString", "coordinates": [[75.790203, 11.243118], [75.785033, 11.243796]]}, "properties": {"from": [75.7902029, 11.2431175], "to": [75.78503318388888, 11.2437957125], "type": "intra-zone"}}, {"type": "Feature", "geometry": {"type": "LineString", "coordinates": [[75.785333, 11.243121], [75.785375, 11.243072]]}, "properties": {"from": [75.7853327, 11.2431207], "to": [75.7853752, 11.2430721], "type": "secondary"}}, {"type": "Feature", "geometry": {"type": "LineString", "coordinates": [[75.776482, 11.243225], [75.775817, 11.24321]]}, "properties": {"from": [75.7764818, 11.2432253], "to": [75.7758166, 11.2432095], "type": "residential"}}, {"type": "Feature", "geometry": {"type": "LineString", "coordinates": [[75.780783, 11.248645], [75.78038, 11.24861]]}, "properties": {"from": [75.7807825, 11.2486451], "to": [75.78038, 11.2486095], "type": "secondary"}}, {"type": "Feature", "geometry": {"type": "LineString", "coordinates": [[75.796645, 11.248065], [75.79655, 11.24807]]}, "properties": {"from": [75.7966455, 11.2480649], "to": [75.79655, 11.24807], "type": "tertiary"}}, {"type": "Feature", "geometry": {"type": "LineString", "coordinates": [[75.787562, 11.247359], [75.787514, 11.247356]]}, "properties": {"from": [75.7875622, 11.2473588], "to": [75.7875139, 11.2473562], "type": "residential"}}, {"type": "Feature", "geometry": {"type": "LineString", "coordinates": [[75.777219, 11.248476], [75.777241, 11.248255]]}, "properties": {"from": [75.7772193, 11.2484762], "to": [75.7772407, 11.2482552], "type": "residential"}}, {"type": "Feature", "geometry": {"type": "LineString", "coordinates": [[75.776451, 11.250599], [75.776641, 11.251004]]}, "properties": {"from": [75.7764511, 11.2505988], "to": [75.77664119651972, 11.251004005336426], "type": "intra-zone"}}, {"type": "Feature", "geometry": {"type": "LineString", "coordinates": [[75.78196, 11.246718], [75.781883, 11.246718]]}, "properties": {"from": [75.78196, 11.2467183], "to": [75.7818827, 11.2467183], "type": "tertiary"}}, {"type": "Feature", "geometry": {"type": "LineString", "coordinates": [[75.783129, 11.241989], [75.785033, 11.243796]]}, "properties": {"from": [75.7831292, 11.2419887], "to": [75.78503318388888, 11.2437957125], "type": "intra-zone"}}, {"type": "Feature", "geometry": {"type": "LineString", "coordinates": [[75.7814, 11.248695], [75.78137, 11.248656]]}, "properties": {"from": [75.7814003, 11.2486947], "to": [75.7813705, 11.2486558], "type": "secondary"}}, {"type": "Feature", "geometry": {"type": "LineString", "coordinates": [[75.788291, 11.249583], [75.788641, 11.24965]]}, "properties": {"from": [75.7882906, 11.2495832], "to": [75.7886409, 11.2496504], "type": "residential"}}, {"type": "Feature", "geometry": {"type": "LineString", "coordinates": [[75.786773, 11.252792], [75.786427, 11.252457]]}, "properties": {"from": [75.7867728, 11.2527917], "to": [75.78642719263158, 11.25245679894737], "type": "intra-zone"}}, {"type": "Feature", "geometry": {"type": "LineString", "coordinates": [[75.788984, 11.254013], [75.786427, 11.252457]]}, "properties": {"from": [75.7889845, 11.2540126], "to": [75.78642719263158, 11.25245679894737], "type": "intra-zone"}}, {"type": "Feature", "geometry": {"type": "LineString", "coordinates": [[75.795289, 11.249312], [75.795546, 11.249312]]}, "properties": {"from": [75.7952889, 11.2493122], "to": [75.7955464, 11.2493122], "type": "residential"}}, {"type": "Feature", "geometry": {"type": "LineString", "coordinates": [[75.78122, 11.24059], [75.781207, 11.240699]]}, "properties": {"from": [75.7812198, 11.2405904], "to": [75.7812071, 11.2406987], "type": "residential"}}, {"type": "Feature", "geometry": {"type": "LineString", "coordinates": [[75.788116, 11.254123], [75.786427, 11.252457]]}, "properties": {"from": [75.7881161, 11.2541226], "to": [75.78642719263158, 11.25245679894737], "type": "intra-zone"}}, {"type": "Feature", "geometry": {"type": "LineString", "coordinates": [[75.785047, 11.2429], [75.785315, 11.242963]]}, "properties": {"from": [75.7850473, 11.2428997], "to": [75.7853149, 11.2429628], "type": "secondary"}}, {"type": "Feature", "geometry": {"type": "LineString", "coordinates": [[75.796633, 11.249374], [75.796031, 11.249704]]}, "properties": {"from": [75.7966331, 11.2493736], "to": [75.79603117340068, 11.249703834006734], "type": "intra-zone"}}, {"type": "Feature", "geometry": {"type": "LineString", "coordinates": [[75.776702, 11.253522], [75.776641, 11.251004]]}, "properties": {"from": [75.7767016, 11.2535218], "to": [75.77664119651972, 11.251004005336426], "type": "intra-zone"}}, {"type": "Feature", "geometry": {"type": "LineString", "coordinates": [[75.774651, 11.253018], [75.776641, 11.251004]]}, "properties": {"from": [75.7746506, 11.2530185], "to": [75.77664119651972, 11.251004005336426], "type": "intra-zone"}}, {"type": "Feature", "geometry": {"type": "LineString", "coordinates": [[75.781737, 11.239778], [75.781668, 11.239902]]}, "properties": {"from": [75.7817369, 11.2397781], "to": [75.7816681, 11.2399018], "type": "residential"}}, {"type": "Feature", "geometry": {"type": "LineString", "coordinates": [[75.774325, 11.250618], [75.774395, 11.250718]]}, "properties": {"from": [75.7743253, 11.2506175], "to": [75.7743951, 11.2507175], "type": "residential"}}, {"type": "Feature", "geometry": {"type": "LineString", "coordinates": [[75.774757, 11.248242], [75.774717, 11.248168]]}, "properties": {"from": [75.774757, 11.248242], "to": [75.7747168, 11.2481684], "type": "residential"}}, {"type": "Feature", "geometry": {"type": "LineString", "coordinates": [[75.796158, 11.251024], [75.796176, 11.250758]]}, "properties": {"from": [75.7961577, 11.2510244], "to": [75.7961762, 11.2507585], "type": "residential"}}, {"type": "Feature", "geometry": {"type": "LineString", "coordinates": [[75.794077, 11.250689], [75.79397, 11.251649]]}, "properties": {"from": [75.7940765, 11.2506892], "to": [75.7939695, 11.251649], "type": "residential"}}, {"type": "Feature", "geometry": {"type": "LineString", "coordinates": [[75.777205, 11.25294], [75.777216, 11.252971]]}, "properties": {"from": [75.7772055, 11.2529396], "to": [75.7772162, 11.2529712], "type": "residential"}}, {"type": "Feature", "geometry": {"type": "LineString", "coordinates": [[75.773682, 11.243783], [75.773749, 11.243375]]}, "properties": {"from": [75.7736816, 11.243783], "to": [75.7737494, 11.2433746], "type": "secondary"}}, {"type": "Feature", "geometry": {"type": "LineString", "coordinates": [[75.789425, 11.247712], [75.786427, 11.252457]]}, "properties": {"from": [75.7894255, 11.247712], "to": [75.78642719263158, 11.25245679894737], "type": "intra-zone"}}, {"type": "Feature", "geometry": {"type": "LineString", "coordinates": [[75.775746, 11.245481], [75.776554, 11.243155]]}, "properties": {"from": [75.7757458, 11.2454808], "to": [75.7765542862963, 11.243154998148148], "type": "intra-zone"}}, {"type": "Feature", "geometry": {"type": "LineString", "coordinates": [[75.797881, 11.25254], [75.797606, 11.252537]]}, "properties": {"from": [75.7978813, 11.25254], "to": [75.7976058, 11.2525374], "type": "residential"}}, {"type": "Feature", "geometry": {"type": "LineString", "coordinates": [[75.788149, 11.243924], [75.785033, 11.243796]]}, "properties": {"from": [75.788149, 11.2439236], "to": [75.78503318388888, 11.2437957125], "type": "intra-zone"}}, {"type": "Feature", "geometry": {"type": "LineString", "coordinates": [[75.788059, 11.253889], [75.788703, 11.253915]]}, "properties": {"from": [75.7880586, 11.2538889], "to": [75.7887034, 11.2539147], "type": "residential"}}, {"type": "Feature", "geometry": {"type": "LineString", "coordinates": [[75.78954, 11.243049], [75.789702, 11.243092]]}, "properties": {"from": [75.7895398, 11.2430489], "to": [75.7897017, 11.2430917], "type": "secondary"}}, {"type": "Feature", "geometry": {"type": "LineString", "coordinates": [[75.796193, 11.246075], [75.796266, 11.246077]]}, "properties": {"from": [75.7961928, 11.2460753], "to": [75.7962655, 11.2460774], "type": "residential"}}, {"type": "Feature", "geometry": {"type": "LineString", "coordinates": [[75.798147, 11.242491], [75.79545, 11.244171]]}, "properties": {"from": [75.7981466, 11.242491], "to": [75.79545017109974, 11.244170827109974], "type": "intra-zone"}}, {"type": "Feature", "geometry": {"type": "LineString", "coordinates": [[75.800393, 11.243048], [75.799804, 11.243666]]}, "properties": {"from": [75.8003932, 11.2430479], "to": [75.7998043, 11.243666], "type": "primary"}}, {"type": "Feature", "geometry": {"type": "LineString", "coordinates": [[75.785202, 11.251223], [75.786427, 11.252457]]}, "properties": {"from": [75.7852025, 11.2512226], "to": [75.78642719263158, 11.25245679894737], "type": "intra-zone"}}, {"type": "Feature", "geometry": {"type": "LineString", "coordinates": [[75.804522, 11.236711], [75.804736, 11.237428]]}, "properties": {"from": [75.8045216, 11.2367113], "to": [75.8047359, 11.2374279], "type": "primary"}}, {"type": "Feature", "geometry": {"type": "LineString", "coordinates": [[75.789425, 11.247712], [75.788761, 11.247696]]}, "properties": {"from": [75.7887607, 11.2476956], "to": [75.7894255, 11.247712], "type": "tertiary"}}, {"type": "Feature", "geometry": {"type": "LineString", "coordinates": [[75.784653, 11.246579], [75.784734, 11.246183]]}, "properties": {"from": [75.784653, 11.2465787], "to": [75.7847343, 11.2461832], "type": "primary"}}, {"type": "Feature", "geometry": {"type": "LineString", "coordinates": [[75.776299, 11.244588], [75.776363, 11.244495]]}, "properties": {"from": [75.7762994, 11.244588], "to": [75.7763633, 11.2444951], "type": "residential"}}, {"type": "Feature", "geometry": {"type": "LineString", "coordinates": [[75.773921, 11.250197], [75.773784, 11.250184]]}, "properties": {"from": [75.7739208, 11.2501969], "to": [75.7737839, 11.2501835], "type": "residential"}}, {"type": "Feature", "geometry": {"type": "LineString", "coordinates": [[75.796292, 11.24864], [75.796031, 11.249704]]}, "properties": {"from": [75.7962924, 11.2486397], "to": [75.79603117340068, 11.249703834006734], "type": "intra-zone"}}, {"type": "Feature", "geometry": {"type": "LineString", "coordinates": [[75.77863, 11.250614], [75.776641, 11.251004]]}, "properties": {"from": [75.7786297, 11.2506141], "to": [75.77664119651972, 11.251004005336426], "type": "intra-zone"}}, {"type": "Feature", "geometry": {"type": "LineString", "coordinates": [[75.781417, 11.254459], [75.786427, 11.252457]]}, "properties": {"from": [75.7814169, 11.2544595], "to": [75.78642719263158, 11.25245679894737], "type": "intra-zone"}}, {"type": "Feature", "geometry": {"type": "LineString", "coordinates": [[75.785464, 11.252462], [75.785534, 11.252464]]}, "properties": {"from": [75.7854635, 11.2524624], "to": [75.785534, 11.2524643], "type": "residential"}}, {"type": "Feature", "geometry": {"type": "LineString", "coordinates": [[75.777169, 11.245161], [75.776554, 11.243155]]}, "properties": {"from": [75.7771686, 11.2451606], "to": [75.7765542862963, 11.243154998148148], "type": "intra-zone"}}, {"type": "Feature", "geometry": {"type": "LineString", "coordinates": [[75.796709, 11.243125], [75.79545, 11.244171]]}, "properties": {"from": [75.7967087, 11.2431247], "to": [75.79545017109974, 11.244170827109974], "type": "intra-zone"}}, {"type": "Feature", "geometry": {"type": "LineString", "coordinates": [[75.792055, 11.254484], [75.786427, 11.252457]]}, "properties": {"from": [75.7920549, 11.254484], "to": [75.78642719263158, 11.25245679894737], "type": "intra-zone"}}, {"type": "Feature", "geometry": {"type": "LineString", "coordinates": [[75.783429, 11.251137], [75.783538, 11.250527]]}, "properties": {"from": [75.7834294, 11.2511371], "to": [75.7835376, 11.250527], "type": "primary"}}, {"type": "Feature", "geometry": {"type": "LineString", "coordinates": [[75.777926, 11.254654], [75.777975, 11.255049]]}, "properties": {"from": [75.7779751, 11.2550494], "to": [75.7779256, 11.2546541], "type": "residential"}}, {"type": "Feature", "geometry": {"type": "LineString", "coordinates": [[75.786584, 11.241621], [75.787349, 11.241723]]}, "properties": {"from": [75.7873488, 11.2417229], "to": [75.7865844, 11.2416214], "type": "residential"}}, {"type": "Feature", "geometry": {"type": "LineString", "coordinates": [[75.79569, 11.24704], [75.79566, 11.246982]]}, "properties": {"from": [75.79569, 11.2470397], "to": [75.7956604, 11.2469818], "type": "residential"}}, {"type": "Feature", "geometry": {"type": "LineString", "coordinates": [[75.796633, 11.249374], [75.796617, 11.249153]]}, "properties": {"from": [75.7966331, 11.2493736], "to": [75.7966175, 11.249153], "type": "residential"}}, {"type": "Feature", "geometry": {"type": "LineString", "coordinates": [[75.779545, 11.245567], [75.779191, 11.245514]]}, "properties": {"from": [75.7795449, 11.2455666], "to": [75.7791908, 11.245514], "type": "residential"}}, {"type": "Feature", "geometry": {"type": "LineString", "coordinates": [[75.77388, 11.256258], [75.776641, 11.251004]]}, "properties": {"from": [75.7738798, 11.2562583], "to": [75.77664119651972, 11.251004005336426], "type": "intra-zone"}}, {"type": "Feature", "geometry": {"type": "LineString", "coordinates": [[75.787556, 11.241492], [75.78762, 11.241366]]}, "properties": {"from": [75.7875561, 11.2414921], "to": [75.7876203, 11.2413662], "type": "residential"}}, {"type": "Feature", "geometry": {"type": "LineString", "coordinates": [[75.783687, 11.249469], [75.786427, 11.252457]]}, "properties": {"from": [75.7836868, 11.2494686], "to": [75.78642719263158, 11.25245679894737], "type": "intra-zone"}}, {"type": "Feature", "geometry": {"type": "LineString", "coordinates": [[75.783343, 11.252394], [75.786427, 11.252457]]}, "properties": {"from": [75.7833428, 11.2523945], "to": [75.78642719263158, 11.25245679894737], "type": "intra-zone"}}, {"type": "Feature", "geometry": {"type": "LineString", "coordinates": [[75.78272, 11.255026], [75.786427, 11.252457]]}, "properties": {"from": [75.7827197, 11.2550256], "to": [75.78642719263158, 11.25245679894737], "type": "intra-zone"}}, {"type": "Feature", "geometry": {"type": "LineString", "coordinates": [[75.776004, 11.247123], [75.775972, 11.246886]]}, "properties": {"from": [75.7760043, 11.2471231], "to": [75.7759721, 11.2468864], "type": "residential"}}, {"type": "Feature", "geometry": {"type": "LineString", "coordinates": [[75.787089, 11.243635], [75.785033, 11.243796]]}, "properties": {"from": [75.7870894, 11.2436347], "to": [75.78503318388888, 11.2437957125], "type": "intra-zone"}}, {"type": "Feature", "geometry": {"type": "LineString", "coordinates": [[75.788283, 11.241735], [75.785033, 11.243796]]}, "properties": {"from": [75.7882833, 11.2417354], "to": [75.78503318388888, 11.2437957125], "type": "intra-zone"}}, {"type": "Feature", "geometry": {"type": "LineString", "coordinates": [[75.776857, 11.251455], [75.776641, 11.251004]]}, "properties": {"from": [75.7768568, 11.2514551], "to": [75.77664119651972, 11.251004005336426], "type": "intra-zone"}}, {"type": "Feature", "geometry": {"type": "LineString", "coordinates": [[75.78278, 11.243803], [75.782796, 11.243567]]}, "properties": {"from": [75.7827798, 11.2438033], "to": [75.7827959, 11.2435665], "type": "residential"}}, {"type": "Feature", "geometry": {"type": "LineString", "coordinates": [[75.783553, 11.241233], [75.785033, 11.243796]]}, "properties": {"from": [75.7835527, 11.2412329], "to": [75.78503318388888, 11.2437957125], "type": "intra-zone"}}, {"type": "Feature", "geometry": {"type": "LineString", "coordinates": [[75.77797, 11.253451], [75.778236, 11.253552]]}, "properties": {"from": [75.7779703, 11.2534508], "to": [75.7782361, 11.2535523], "type": "residential"}}, {"type": "Feature", "geometry": {"type": "LineString", "coordinates": [[75.775041, 11.243801], [75.776554, 11.243155]]}, "properties": {"from": [75.7750406, 11.2438013], "to": [75.7765542862963, 11.243154998148148], "type": "intra-zone"}}, {"type": "Feature", "geometry": {"type": "LineString", "coordinates": [[75.774457, 11.25351], [75.774593, 11.253153]]}, "properties": {"from": [75.7745934, 11.2531533], "to": [75.7744573, 11.2535097], "type": "tertiary"}}, {"type": "Feature", "geometry": {"type": "LineString", "coordinates": [[75.788971, 11.24363], [75.788815, 11.244056]]}, "properties": {"from": [75.7889705, 11.2436297], "to": [75.7888149, 11.2440559], "type": "residential"}}, {"type": "Feature", "geometry": {"type": "LineString", "coordinates": [[75.771395, 11.251214], [75.776641, 11.251004]]}, "properties": {"from": [75.771395, 11.2512144], "to": [75.77664119651972, 11.251004005336426], "type": "intra-zone"}}, {"type": "Feature", "geometry": {"type": "LineString", "coordinates": [[75.801641, 11.242085], [75.801064, 11.242463]]}, "properties": {"from": [75.8016407, 11.2420848], "to": [75.8010641, 11.2424626], "type": "primary"}}, {"type": "Feature", "geometry": {"type": "LineString", "coordinates": [[75.78509, 11.251632], [75.784928, 11.251566]]}, "properties": {"from": [75.7850902, 11.251632], "to": [75.7849276, 11.2515656], "type": "residential"}}, {"type": "Feature", "geometry": {"type": "LineString", "coordinates": [[75.781347, 11.252878], [75.7811, 11.252886]]}, "properties": {"from": [75.7813472, 11.2528785], "to": [75.7810997, 11.2528857], "type": "primary"}}, {"type": "Feature", "geometry": {"type": "LineString", "coordinates": [[75.792933, 11.252286], [75.792825, 11.252273]]}, "properties": {"from": [75.7928251, 11.252273], "to": [75.7929328, 11.2522856], "type": "residential"}}, {"type": "Feature", "geometry": {"type": "LineString", "coordinates": [[75.781524, 11.24595], [75.781426, 11.246546]]}, "properties": {"from": [75.7815238, 11.2459505], "to": [75.7814256, 11.2465463], "type": "tertiary"}}, {"type": "Feature", "geometry": {"type": "LineString", "coordinates": [[75.783134, 11.245664], [75.785033, 11.243796]]}, "properties": {"from": [75.7831335, 11.2456642], "to": [75.78503318388888, 11.2437957125], "type": "intra-zone"}}, {"type": "Feature", "geometry": {"type": "LineString", "coordinates": [[75.796671, 11.248726], [75.796031, 11.249704]]}, "properties": {"from": [75.7966711, 11.2487256], "to": [75.79603117340068, 11.249703834006734], "type": "intra-zone"}}, {"type": "Feature", "geometry": {"type": "LineString", "coordinates": [[75.775473, 11.25057], [75.775457, 11.251049]]}, "properties": {"from": [75.7754733, 11.2505702], "to": [75.7754572, 11.251049], "type": "residential"}}, {"type": "Feature", "geometry": {"type": "LineString", "coordinates": [[75.783359, 11.241724], [75.783366, 11.241655]]}, "properties": {"from": [75.7833591, 11.2417238], "to": [75.7833658, 11.2416551], "type": "residential"}}, {"type": "Feature", "geometry": {"type": "LineString", "coordinates": [[75.793452, 11.242597], [75.793475, 11.242888]]}, "properties": {"from": [75.7934518, 11.2425972], "to": [75.7934746, 11.2428876], "type": "residential"}}, {"type": "Feature", "geometry": {"type": "LineString", "coordinates": [[75.781976, 11.239182], [75.785033, 11.243796]]}, "properties": {"from": [75.7819763, 11.2391823], "to": [75.78503318388888, 11.2437957125], "type": "intra-zone"}}, {"type": "Feature", "geometry": {"type": "LineString", "coordinates": [[75.796406, 11.246334], [75.796359, 11.246333]]}, "properties": {"from": [75.7964057, 11.2463343], "to": [75.7963595, 11.2463328], "type": "residential"}}, {"type": "Feature", "geometry": {"type": "LineString", "coordinates": [[75.790634, 11.246836], [75.790659, 11.246768]]}, "properties": {"from": [75.7906344, 11.2468362], "to": [75.7906589, 11.2467681], "type": "residential"}}, {"type": "Feature", "geometry": {"type": "LineString", "coordinates": [[75.796206, 11.251259], [75.796031, 11.249704]]}, "properties": {"from": [75.7962064, 11.2512593], "to": [75.79603117340068, 11.249703834006734], "type": "intra-zone"}}, {"type": "Feature", "geometry": {"type": "LineString", "coordinates": [[75.783381, 11.242998], [75.78337, 11.243367]]}, "properties": {"from": [75.7833807, 11.2429982], "to": [75.78337, 11.2433665], "type": "residential"}}, {"type": "Feature", "geometry": {"type": "LineString", "coordinates": [[75.782103, 11.245264], [75.785033, 11.243796]]}, "properties": {"from": [75.7821033, 11.2452644], "to": [75.78503318388888, 11.2437957125], "type": "intra-zone"}}, {"type": "Feature", "geometry": {"type": "LineString", "coordinates": [[75.786268, 11.24003], [75.785033, 11.243796]]}, "properties": {"from": [75.7862681, 11.2400298], "to": [75.78503318388888, 11.2437957125], "type": "intra-zone"}}, {"type": "Feature", "geometry": {"type": "LineString", "coordinates": [[75.77712, 11.242122], [75.777176, 11.242031]]}, "properties": {"from": [75.7771196, 11.2421222], "to": [75.7771757, 11.2420313], "type": "residential"}}, {"type": "Feature", "geometry": {"type": "LineString", "coordinates": [[75.784834, 11.252217], [75.786427, 11.252457]]}, "properties": {"from": [75.7848336, 11.2522171], "to": [75.78642719263158, 11.25245679894737], "type": "intra-zone"}}, {"type": "Feature", "geometry": {"type": "LineString", "coordinates": [[75.797521, 11.247357], [75.796031, 11.249704]]}, "properties": {"from": [75.797521, 11.2473574], "to": [75.79603117340068, 11.249703834006734], "type": "intra-zone"}}, {"type": "Feature", "geometry": {"type": "LineString", "coordinates": [[75.772553, 11.254013], [75.772628, 11.253888]]}, "properties": {"from": [75.7725533, 11.2540131], "to": [75.7726284, 11.2538883], "type": "residential"}}, {"type": "Feature", "geometry": {"type": "LineString", "coordinates": [[75.782327, 11.246757], [75.785033, 11.243796]]}, "properties": {"from": [75.7823272, 11.2467573], "to": [75.78503318388888, 11.2437957125], "type": "intra-zone"}}, {"type": "Feature", "geometry": {"type": "LineString", "coordinates": [[75.796979, 11.248784], [75.796031, 11.249704]]}, "properties": {"from": [75.7969792, 11.2487841], "to": [75.79603117340068, 11.249703834006734], "type": "intra-zone"}}, {"type": "Feature", "geometry": {"type": "LineString", "coordinates": [[75.775695, 11.245866], [75.776015, 11.24585]]}, "properties": {"from": [75.7756951, 11.2458665], "to": [75.776015, 11.2458498], "type": "residential"}}, {"type": "Feature", "geometry": {"type": "LineString", "coordinates": [[75.789464, 11.251505], [75.786427, 11.252457]]}, "properties": {"from": [75.7894636, 11.2515051], "to": [75.78642719263158, 11.25245679894737], "type": "intra-zone"}}, {"type": "Feature", "geometry": {"type": "LineString", "coordinates": [[75.789611, 11.250669], [75.789576, 11.250684]]}, "properties": {"from": [75.7896111, 11.2506686], "to": [75.7895762, 11.2506844], "type": "residential"}}, {"type": "Feature", "geometry": {"type": "LineString", "coordinates": [[75.776249, 11.252997], [75.776641, 11.251004]]}, "properties": {"from": [75.7762491, 11.2529965], "to": [75.77664119651972, 11.251004005336426], "type": "intra-zone"}}, {"type": "Feature", "geometry": {"type": "LineString", "coordinates": [[75.787678, 11.24171], [75.785033, 11.243796]]}, "properties": {"from": [75.7876784, 11.2417102], "to": [75.78503318388888, 11.2437957125], "type": "intra-zone"}}, {"type": "Feature", "geometry": {"type": "LineString", "coordinates": [[75.77267, 11.248562], [75.773048, 11.248596]]}, "properties": {"from": [75.7726704, 11.2485617], "to": [75.7730479, 11.2485958], "type": "tertiary"}}, {"type": "Feature", "geometry": {"type": "LineString", "coordinates": [[75.781545, 11.246728], [75.781482, 11.246722]]}, "properties": {"from": [75.7815453, 11.2467282], "to": [75.7814823, 11.2467223], "type": "tertiary"}}, {"type": "Feature", "geometry": {"type": "LineString", "coordinates": [[75.776626, 11.247988], [75.776641, 11.251004]]}, "properties": {"from": [75.776626, 11.2479875], "to": [75.77664119651972, 11.251004005336426], "type": "intra-zone"}}, {"type": "Feature", "geometry": {"type": "LineString", "coordinates": [[75.775208, 11.24761], [75.775479, 11.247662]]}, "properties": {"from": [75.7752079, 11.2476097], "to": [75.7754792, 11.2476624], "type": "residential"}}, {"type": "Feature", "geometry": {"type": "LineString", "coordinates": [[75.775827, 11.247775], [75.776641, 11.251004]]}, "properties": {"from": [75.7758272, 11.2477755], "to": [75.77664119651972, 11.251004005336426], "type": "intra-zone"}}, {"type": "Feature", "geometry": {"type": "LineString", "coordinates": [[75.796797, 11.246043], [75.79545, 11.244171]]}, "properties": {"from": [75.7967967, 11.2460434], "to": [75.79545017109974, 11.244170827109974], "type": "intra-zone"}}, {"type": "Feature", "geometry": {"type": "LineString", "coordinates": [[75.783876, 11.246682], [75.78366, 11.24667]]}, "properties": {"from": [75.7838758, 11.2466817], "to": [75.7836599, 11.2466696], "type": "tertiary"}}, {"type": "Feature", "geometry": {"type": "LineString", "coordinates": [[75.786741, 11.248697], [75.786427, 11.252457]]}, "properties": {"from": [75.786741, 11.2486971], "to": [75.78642719263158, 11.25245679894737], "type": "intra-zone"}}, {"type": "Feature", "geometry": {"type": "LineString", "coordinates": [[75.785377, 11.255402], [75.786427, 11.252457]]}, "properties": {"from": [75.7853775, 11.2554016], "to": [75.78642719263158, 11.25245679894737], "type": "intra-zone"}}, {"type": "Feature", "geometry": {"type": "LineString", "coordinates": [[75.783554, 11.25159], [75.783919, 11.251604]]}, "properties": {"from": [75.7835543, 11.2515901], "to": [75.7839193, 11.251604], "type": "residential"}}, {"type": "Feature", "geometry": {"type": "LineString", "coordinates": [[75.798105, 11.250472], [75.798191, 11.25062]]}, "properties": {"from": [75.7981048, 11.2504718], "to": [75.798191, 11.2506195], "type": "residential"}}, {"type": "Feature", "geometry": {"type": "LineString", "coordinates": [[75.780704, 11.249835], [75.780717, 11.2499]]}, "properties": {"from": [75.7807035, 11.2498345], "to": [75.7807169, 11.2499002], "type": "residential"}}, {"type": "Feature", "geometry": {"type": "LineString", "coordinates": [[75.77902, 11.250556], [75.77866, 11.250591]]}, "properties": {"from": [75.7790202, 11.2505561], "to": [75.7786596, 11.2505912], "type": "residential"}}, {"type": "Feature", "geometry": {"type": "LineString", "coordinates": [[75.784579, 11.252398], [75.784678, 11.252435]]}, "properties": {"from": [75.7845791, 11.2523985], "to": [75.7846784, 11.2524353], "type": "residential"}}, {"type": "Feature", "geometry": {"type": "LineString", "coordinates": [[75.784263, 11.243014], [75.785033, 11.243796]]}, "properties": {"from": [75.7842631, 11.2430144], "to": [75.78503318388888, 11.2437957125], "type": "intra-zone"}}, {"type": "Feature", "geometry": {"type": "LineString", "coordinates": [[75.787651, 11.251869], [75.787665, 11.251887]]}, "properties": {"from": [75.7876514, 11.2518695], "to": [75.7876645, 11.2518874], "type": "secondary"}}, {"type": "Feature", "geometry": {"type": "LineString", "coordinates": [[75.792145, 11.246197], [75.79545, 11.244171]]}, "properties": {"from": [75.7921448, 11.2461967], "to": [75.79545017109974, 11.244170827109974], "type": "intra-zone"}}, {"type": "Feature", "geometry": {"type": "LineString", "coordinates": [[75.786614, 11.242224], [75.786632, 11.241829]]}, "properties": {"from": [75.7866138, 11.2422238], "to": [75.7866322, 11.2418285], "type": "residential"}}, {"type": "Feature", "geometry": {"type": "LineString", "coordinates": [[75.783237, 11.245332], [75.785033, 11.243796]]}, "properties": {"from": [75.7832372, 11.2453322], "to": [75.78503318388888, 11.2437957125], "type": "intra-zone"}}, {"type": "Feature", "geometry": {"type": "LineString", "coordinates": [[75.774828, 11.2393], [75.774889, 11.239128]]}, "properties": {"from": [75.7748275, 11.2393002], "to": [75.7748893, 11.2391285], "type": "secondary"}}, {"type": "Feature", "geometry": {"type": "LineString", "coordinates": [[75.780758, 11.251237], [75.776641, 11.251004]]}, "properties": {"from": [75.7807584, 11.2512366], "to": [75.77664119651972, 11.251004005336426], "type": "intra-zone"}}, {"type": "Feature", "geometry": {"type": "LineString", "coordinates": [[75.783115, 11.246668], [75.785033, 11.243796]]}, "properties": {"from": [75.7831146, 11.2466684], "to": [75.78503318388888, 11.2437957125], "type": "intra-zone"}}, {"type": "Feature", "geometry": {"type": "LineString", "coordinates": [[75.773757, 11.243331], [75.77384, 11.242898]]}, "properties": {"from": [75.7737567, 11.2433305], "to": [75.77384, 11.2428982], "type": "secondary"}}, {"type": "Feature", "geometry": {"type": "LineString", "coordinates": [[75.778818, 11.229998], [75.776554, 11.243155]]}, "properties": {"from": [75.778818, 11.2299976], "to": [75.7765542862963, 11.243154998148148], "type": "intra-zone"}}, {"type": "Feature", "geometry": {"type": "LineString", "coordinates": [[75.795405, 11.246596], [75.795407, 11.246643]]}, "properties": {"from": [75.7954073, 11.2466435], "to": [75.7954046, 11.2465958], "type": "residential"}}, {"type": "Feature", "geometry": {"type": "LineString", "coordinates": [[75.79684, 11.246042], [75.796813, 11.246042]]}, "properties": {"from": [75.7968402, 11.2460421], "to": [75.7968133, 11.2460421], "type": "tertiary"}}, {"type": "Feature", "geometry": {"type": "LineString", "coordinates": [[75.772496, 11.254265], [75.776641, 11.251004]]}, "properties": {"from": [75.7724962, 11.2542652], "to": [75.77664119651972, 11.251004005336426], "type": "intra-zone"}}, {"type": "Feature", "geometry": {"type": "LineString", "coordinates": [[75.773821, 11.246383], [75.773779, 11.246548]]}, "properties": {"from": [75.7738211, 11.2463834], "to": [75.7737793, 11.2465481], "type": "residential"}}, {"type": "Feature", "geometry": {"type": "LineString", "coordinates": [[75.792078, 11.247838], [75.791726, 11.247811]]}, "properties": {"from": [75.7920782, 11.2478383], "to": [75.7917261, 11.2478111], "type": "tertiary"}}, {"type": "Feature", "geometry": {"type": "LineString", "coordinates": [[75.779191, 11.255433], [75.776641, 11.251004]]}, "properties": {"from": [75.7791907, 11.2554328], "to": [75.77664119651972, 11.251004005336426], "type": "intra-zone"}}, {"type": "Feature", "geometry": {"type": "LineString", "coordinates": [[75.796902, 11.242737], [75.79545, 11.244171]]}, "properties": {"from": [75.7969016, 11.2427366], "to": [75.79545017109974, 11.244170827109974], "type": "intra-zone"}}, {"type": "Feature", "geometry": {"type": "LineString", "coordinates": [[75.778933, 11.246735], [75.778777, 11.247568]]}, "properties": {"from": [75.7789334, 11.2467347], "to": [75.7787772, 11.2475678], "type": "residential"}}, {"type": "Feature", "geometry": {"type": "LineString", "coordinates": [[75.774738, 11.248781], [75.776641, 11.251004]]}, "properties": {"from": [75.7747382, 11.2487813], "to": [75.77664119651972, 11.251004005336426], "type": "intra-zone"}}, {"type": "Feature", "geometry": {"type": "LineString", "coordinates": [[75.784985, 11.245172], [75.785107, 11.244575]]}, "properties": {"from": [75.784985, 11.2451717], "to": [75.7851068, 11.2445753], "type": "primary"}}, {"type": "Feature", "geometry": {"type": "LineString", "coordinates": [[75.776086, 11.25586], [75.776104, 11.255629]]}, "properties": {"from": [75.7760861, 11.2558597], "to": [75.7761039, 11.2556288], "type": "secondary"}}, {"type": "Feature", "geometry": {"type": "LineString", "coordinates": [[75.796786, 11.245895], [75.79545, 11.244171]]}, "properties": {"from": [75.7967865, 11.2458948], "to": [75.79545017109974, 11.244170827109974], "type": "intra-zone"}}, {"type": "Feature", "geometry": {"type": "LineString", "coordinates": [[75.774786, 11.242047], [75.774867, 11.241926]]}, "properties": {"from": [75.7747861, 11.2420466], "to": [75.7748666, 11.2419255], "type": "residential"}}, {"type": "Feature", "geometry": {"type": "LineString", "coordinates": [[75.782679, 11.251881], [75.786427, 11.252457]]}, "properties": {"from": [75.7826785, 11.2518805], "to": [75.78642719263158, 11.25245679894737], "type": "intra-zone"}}, {"type": "Feature", "geometry": {"type": "LineString", "coordinates": [[75.771536, 11.250928], [75.771582, 11.250829]]}, "properties": {"from": [75.7715358, 11.250928], "to": [75.7715823, 11.2508292], "type": "secondary"}}, {"type": "Feature", "geometry": {"type": "LineString", "coordinates": [[75.797489, 11.247978], [75.796031, 11.249704]]}, "properties": {"from": [75.7974888, 11.2479782], "to": [75.79603117340068, 11.249703834006734], "type": "intra-zone"}}, {"type": "Feature", "geometry": {"type": "LineString", "coordinates": [[75.787071, 11.25312], [75.786427, 11.252457]]}, "properties": {"from": [75.7870709, 11.2531202], "to": [75.78642719263158, 11.25245679894737], "type": "intra-zone"}}, {"type": "Feature", "geometry": {"type": "LineString", "coordinates": [[75.785339, 11.250638], [75.785311, 11.250526]]}, "properties": {"from": [75.785339, 11.2506382], "to": [75.7853111, 11.2505264], "type": "residential"}}, {"type": "Feature", "geometry": {"type": "LineString", "coordinates": [[75.795937, 11.247403], [75.796031, 11.249704]]}, "properties": {"from": [75.7959367, 11.2474027], "to": [75.79603117340068, 11.249703834006734], "type": "intra-zone"}}, {"type": "Feature", "geometry": {"type": "LineString", "coordinates": [[75.780744, 11.250824], [75.780744, 11.250913]]}, "properties": {"from": [75.7807437, 11.2508236], "to": [75.7807437, 11.250913], "type": "residential"}}, {"type": "Feature", "geometry": {"type": "LineString", "coordinates": [[75.79244, 11.241496], [75.792446, 11.24145]]}, "properties": {"from": [75.7924395, 11.2414962], "to": [75.7924462, 11.2414499], "type": "residential"}}, {"type": "Feature", "geometry": {"type": "LineString", "coordinates": [[75.777988, 11.241796], [75.778075, 11.241487]]}, "properties": {"from": [75.7779878, 11.2417957], "to": [75.778075, 11.2414873], "type": "residential"}}, {"type": "Feature", "geometry": {"type": "LineString", "coordinates": [[75.776618, 11.247505], [75.776641, 11.251004]]}, "properties": {"from": [75.7766181, 11.2475047], "to": [75.77664119651972, 11.251004005336426], "type": "intra-zone"}}, {"type": "Feature", "geometry": {"type": "LineString", "coordinates": [[75.778867, 11.243664], [75.776554, 11.243155]]}, "properties": {"from": [75.7788673, 11.2436637], "to": [75.7765542862963, 11.243154998148148], "type": "intra-zone"}}, {"type": "Feature", "geometry": {"type": "LineString", "coordinates": [[75.79441, 11.240377], [75.79439, 11.240533]]}, "properties": {"from": [75.7944102, 11.2403769], "to": [75.7943901, 11.2405334], "type": "tertiary"}}, {"type": "Feature", "geometry": {"type": "LineString", "coordinates": [[75.787683, 11.251779], [75.787653, 11.251806]]}, "properties": {"from": [75.7876532, 11.2518063], "to": [75.7876825, 11.2517793], "type": "secondary"}}, {"type": "Feature", "geometry": {"type": "LineString", "coordinates": [[75.792903, 11.252456], [75.796031, 11.249704]]}, "properties": {"from": [75.7929035, 11.2524562], "to": [75.79603117340068, 11.249703834006734], "type": "intra-zone"}}, {"type": "Feature", "geometry": {"type": "LineString", "coordinates": [[75.775268, 11.241951], [75.776554, 11.243155]]}, "properties": {"from": [75.7752676, 11.2419512], "to": [75.7765542862963, 11.243154998148148], "type": "intra-zone"}}, {"type": "Feature", "geometry": {"type": "LineString", "coordinates": [[75.782225, 11.252124], [75.786427, 11.252457]]}, "properties": {"from": [75.782225, 11.2521243], "to": [75.78642719263158, 11.25245679894737], "type": "intra-zone"}}, {"type": "Feature", "geometry": {"type": "LineString", "coordinates": [[75.784806, 11.254947], [75.786427, 11.252457]]}, "properties": {"from": [75.7848055, 11.2549474], "to": [75.78642719263158, 11.25245679894737], "type": "intra-zone"}}, {"type": "Feature", "geometry": {"type": "LineString", "coordinates": [[75.775516, 11.248559], [75.775516, 11.248175]]}, "properties": {"from": [75.775516, 11.2485589], "to": [75.775516, 11.2481754], "type": "residential"}}, {"type": "Feature", "geometry": {"type": "LineString", "coordinates": [[75.773259, 11.25212], [75.776641, 11.251004]]}, "properties": {"from": [75.7732593, 11.2521204], "to": [75.77664119651972, 11.251004005336426], "type": "intra-zone"}}, {"type": "Feature", "geometry": {"type": "LineString", "coordinates": [[75.795754, 11.247637], [75.796031, 11.249704]]}, "properties": {"from": [75.7957543, 11.2476369], "to": [75.79603117340068, 11.249703834006734], "type": "intra-zone"}}, {"type": "Feature", "geometry": {"type": "LineString", "coordinates": [[75.787655, 11.255396], [75.787713, 11.255109]]}, "properties": {"from": [75.7876549, 11.2553956], "to": [75.787713, 11.2551088], "type": "residential"}}, {"type": "Feature", "geometry": {"type": "LineString", "coordinates": [[75.790979, 11.252157], [75.786427, 11.252457]]}, "properties": {"from": [75.7909794, 11.2521572], "to": [75.78642719263158, 11.25245679894737], "type": "intra-zone"}}, {"type": "Feature", "geometry": {"type": "LineString", "coordinates": [[75.783069, 11.251903], [75.786427, 11.252457]]}, "properties": {"from": [75.7830693, 11.2519029], "to": [75.78642719263158, 11.25245679894737], "type": "intra-zone"}}, {"type": "Feature", "geometry": {"type": "LineString", "coordinates": [[75.772011, 11.250326], [75.776641, 11.251004]]}, "properties": {"from": [75.772011, 11.2503257], "to": [75.77664119651972, 11.251004005336426], "type": "intra-zone"}}, {"type": "Feature", "geometry": {"type": "LineString", "coordinates": [[75.796759, 11.252313], [75.796866, 11.252441]]}, "properties": {"from": [75.7967589, 11.2523132], "to": [75.7968664, 11.252441], "type": "residential"}}, {"type": "Feature", "geometry": {"type": "LineString", "coordinates": [[75.785756, 11.248336], [75.786427, 11.252457]]}, "properties": {"from": [75.7857562, 11.2483361], "to": [75.78642719263158, 11.25245679894737], "type": "intra-zone"}}, {"type": "Feature", "geometry": {"type": "LineString", "coordinates": [[75.796791, 11.245564], [75.79545, 11.244171]]}, "properties": {"from": [75.7967913, 11.2455644], "to": [75.79545017109974, 11.244170827109974], "type": "intra-zone"}}, {"type": "Feature", "geometry": {"type": "LineString", "coordinates": [[75.796908, 11.252883], [75.796031, 11.249704]]}, "properties": {"from": [75.7969075, 11.2528834], "to": [75.79603117340068, 11.249703834006734], "type": "intra-zone"}}, {"type": "Feature", "geometry": {"type": "LineString", "coordinates": [[75.793571, 11.241684], [75.793748, 11.241573]]}, "properties": {"from": [75.7935713, 11.2416837], "to": [75.7937478, 11.2415728], "type": "secondary"}}, {"type": "Feature", "geometry": {"type": "LineString", "coordinates": [[75.779276, 11.242509], [75.776554, 11.243155]]}, "properties": {"from": [75.7792764, 11.2425088], "to": [75.7765542862963, 11.243154998148148], "type": "intra-zone"}}, {"type": "Feature", "geometry": {"type": "LineString", "coordinates": [[75.775586, 11.243915], [75.776554, 11.243155]]}, "properties": {"from": [75.775586, 11.2439145], "to": [75.7765542862963, 11.243154998148148], "type": "intra-zone"}}, {"type": "Feature", "geometry": {"type": "LineString", "coordinates": [[75.776363, 11.244495], [75.776471, 11.244293]]}, "properties": {"from": [75.7763633, 11.2444951], "to": [75.7764711, 11.2442933], "type": "residential"}}, {"type": "Feature", "geometry": {"type": "LineString", "coordinates": [[75.774968, 11.241847], [75.775275, 11.241879]]}, "properties": {"from": [75.7752754, 11.2418791], "to": [75.7749685, 11.2418466], "type": "residential"}}, {"type": "Feature", "geometry": {"type": "LineString", "coordinates": [[75.804736, 11.237428], [75.79545, 11.244171]]}, "properties": {"from": [75.8047359, 11.2374279], "to": [75.79545017109974, 11.244170827109974], "type": "intra-zone"}}, {"type": "Feature", "geometry": {"type": "LineString", "coordinates": [[75.798077, 11.248173], [75.796031, 11.249704]]}, "properties": {"from": [75.7980768, 11.2481727], "to": [75.79603117340068, 11.249703834006734], "type": "intra-zone"}}, {"type": "Feature", "geometry": {"type": "LineString", "coordinates": [[75.792392, 11.245143], [75.792681, 11.245125]]}, "properties": {"from": [75.7923924, 11.2451427], "to": [75.7926806, 11.2451249], "type": "residential"}}, {"type": "Feature", "geometry": {"type": "LineString", "coordinates": [[75.780373, 11.24975], [75.780465, 11.249774]]}, "properties": {"from": [75.7803735, 11.2497503], "to": [75.7804647, 11.249774], "type": "residential"}}, {"type": "Feature", "geometry": {"type": "LineString", "coordinates": [[75.796526, 11.246264], [75.79545, 11.244171]]}, "properties": {"from": [75.7965258, 11.2462644], "to": [75.79545017109974, 11.244170827109974], "type": "intra-zone"}}, {"type": "Feature", "geometry": {"type": "LineString", "coordinates": [[75.777209, 11.248642], [75.776641, 11.251004]]}, "properties": {"from": [75.7772086, 11.2486419], "to": [75.77664119651972, 11.251004005336426], "type": "intra-zone"}}, {"type": "Feature", "geometry": {"type": "LineString", "coordinates": [[75.792388, 11.241675], [75.792401, 11.241617]]}, "properties": {"from": [75.7923878, 11.2416747], "to": [75.7924012, 11.2416174], "type": "residential"}}, {"type": "Feature", "geometry": {"type": "LineString", "coordinates": [[75.778948, 11.243664], [75.778867, 11.243664]]}, "properties": {"from": [75.7789481, 11.2436642], "to": [75.7788673, 11.2436637], "type": "residential"}}, {"type": "Feature", "geometry": {"type": "LineString", "coordinates": [[75.781482, 11.240137], [75.781304, 11.240407]]}, "properties": {"from": [75.7814825, 11.2401372], "to": [75.781304, 11.2404074], "type": "residential"}}, {"type": "Feature", "geometry": {"type": "LineString", "coordinates": [[75.789437, 11.251558], [75.789413, 11.251629]]}, "properties": {"from": [75.7894367, 11.2515577], "to": [75.7894132, 11.2516289], "type": "residential"}}, {"type": "Feature", "geometry": {"type": "LineString", "coordinates": [[75.773515, 11.247658], [75.776641, 11.251004]]}, "properties": {"from": [75.7735152, 11.247658], "to": [75.77664119651972, 11.251004005336426], "type": "intra-zone"}}, {"type": "Feature", "geometry": {"type": "LineString", "coordinates": [[75.793124, 11.247932], [75.796031, 11.249704]]}, "properties": {"from": [75.7931237, 11.2479325], "to": [75.79603117340068, 11.249703834006734], "type": "intra-zone"}}, {"type": "Feature", "geometry": {"type": "LineString", "coordinates": [[75.776249, 11.252997], [75.776302, 11.252211]]}, "properties": {"from": [75.7762491, 11.2529965], "to": [75.7763016, 11.2522109], "type": "secondary"}}, {"type": "Feature", "geometry": {"type": "LineString", "coordinates": [[75.787565, 11.246329], [75.787294, 11.246099]]}, "properties": {"from": [75.7875654, 11.246329], "to": [75.7872942, 11.2460994], "type": "residential"}}, {"type": "Feature", "geometry": {"type": "LineString", "coordinates": [[75.775414, 11.248544], [75.776641, 11.251004]]}, "properties": {"from": [75.775414, 11.2485445], "to": [75.77664119651972, 11.251004005336426], "type": "intra-zone"}}, {"type": "Feature", "geometry": {"type": "LineString", "coordinates": [[75.792317, 11.246671], [75.79545, 11.244171]]}, "properties": {"from": [75.7923175, 11.2466715], "to": [75.79545017109974, 11.244170827109974], "type": "intra-zone"}}, {"type": "Feature", "geometry": {"type": "LineString", "coordinates": [[75.785421, 11.253036], [75.785196, 11.253673]]}, "properties": {"from": [75.7854209, 11.2530362], "to": [75.7851955, 11.2536734], "type": "residential"}}, {"type": "Feature", "geometry": {"type": "LineString", "coordinates": [[75.796835, 11.241703], [75.796866, 11.241877]]}, "properties": {"from": [75.7968347, 11.2417034], "to": [75.7968665, 11.2418766], "type": "tertiary"}}, {"type": "Feature", "geometry": {"type": "LineString", "coordinates": [[75.774684, 11.254689], [75.776641, 11.251004]]}, "properties": {"from": [75.7746842, 11.254689], "to": [75.77664119651972, 11.251004005336426], "type": "intra-zone"}}, {"type": "Feature", "geometry": {"type": "LineString", "coordinates": [[75.786807, 11.251897], [75.786427, 11.252457]]}, "properties": {"from": [75.7868074, 11.2518969], "to": [75.78642719263158, 11.25245679894737], "type": "intra-zone"}}, {"type": "Feature", "geometry": {"type": "LineString", "coordinates": [[75.792892, 11.246261], [75.792675, 11.246236]]}, "properties": {"from": [75.7928916, 11.2462612], "to": [75.792675, 11.2462357], "type": "residential"}}, {"type": "Feature", "geometry": {"type": "LineString", "coordinates": [[75.773757, 11.250181], [75.776641, 11.251004]]}, "properties": {"from": [75.7737567, 11.2501808], "to": [75.77664119651972, 11.251004005336426], "type": "intra-zone"}}, {"type": "Feature", "geometry": {"type": "LineString", "coordinates": [[75.781721, 11.254338], [75.781785, 11.254339]]}, "properties": {"from": [75.7817207, 11.2543378], "to": [75.781785, 11.2543391], "type": "primary"}}, {"type": "Feature", "geometry": {"type": "LineString", "coordinates": [[75.787176, 11.247348], [75.787109, 11.247351]]}, "properties": {"from": [75.787176, 11.2473483], "to": [75.7871089, 11.2473509], "type": "residential"}}, {"type": "Feature", "geometry": {"type": "LineString", "coordinates": [[75.783976, 11.242941], [75.784263, 11.243014]]}, "properties": {"from": [75.7839756, 11.2429412], "to": [75.7842631, 11.2430144], "type": "residential"}}, {"type": "Feature", "geometry": {"type": "LineString", "coordinates": [[75.787629, 11.246761], [75.787624, 11.246477]]}, "properties": {"from": [75.7876288, 11.246761], "to": [75.7876239, 11.2464771], "type": "residential"}}, {"type": "Feature", "geometry": {"type": "LineString", "coordinates": [[75.788383, 11.254219], [75.786427, 11.252457]]}, "properties": {"from": [75.7883831, 11.2542193], "to": [75.78642719263158, 11.25245679894737], "type": "intra-zone"}}, {"type": "Feature", "geometry": {"type": "LineString", "coordinates": [[75.797288, 11.249305], [75.797277, 11.249352]]}, "properties": {"from": [75.7972876, 11.2493049], "to": [75.7972769, 11.2493523], "type": "residential"}}, {"type": "Feature", "geometry": {"type": "LineString", "coordinates": [[75.796265, 11.249012], [75.796031, 11.249704]]}, "properties": {"from": [75.7962654, 11.2490123], "to": [75.79603117340068, 11.249703834006734], "type": "intra-zone"}}, {"type": "Feature", "geometry": {"type": "LineString", "coordinates": [[75.77692, 11.244663], [75.777107, 11.244591]]}, "properties": {"from": [75.7769199, 11.2446632], "to": [75.777107, 11.2445913], "type": "residential"}}, {"type": "Feature", "geometry": {"type": "LineString", "coordinates": [[75.786837, 11.253867], [75.78654, 11.253773]]}, "properties": {"from": [75.7868372, 11.2538669], "to": [75.7865401, 11.2537728], "type": "residential"}}, {"type": "Feature", "geometry": {"type": "LineString", "coordinates": [[75.795354, 11.245427], [75.79545, 11.244171]]}, "properties": {"from": [75.795354, 11.2454272], "to": [75.79545017109974, 11.244170827109974], "type": "intra-zone"}}, {"type": "Feature", "geometry": {"type": "LineString", "coordinates": [[75.773749, 11.243375], [75.776554, 11.243155]]}, "properties": {"from": [75.7737494, 11.2433746], "to": [75.7765542862963, 11.243154998148148], "type": "intra-zone"}}, {"type": "Feature", "geometry": {"type": "LineString", "coordinates": [[75.77579, 11.246617], [75.775549, 11.246547]]}, "properties": {"from": [75.77579, 11.2466168], "to": [75.7755489, 11.2465466], "type": "residential"}}, {"type": "Feature", "geometry": {"type": "LineString", "coordinates": [[75.778777, 11.247568], [75.778842, 11.247676]]}, "properties": {"from": [75.7787772, 11.2475678], "to": [75.7788422, 11.2476764], "type": "residential"}}, {"type": "Feature", "geometry": {"type": "LineString", "coordinates": [[75.78324, 11.246711], [75.785033, 11.243796]]}, "properties": {"from": [75.7832399, 11.2467105], "to": [75.78503318388888, 11.2437957125], "type": "intra-zone"}}, {"type": "Feature", "geometry": {"type": "LineString", "coordinates": [[75.784928, 11.251566], [75.786427, 11.252457]]}, "properties": {"from": [75.7849276, 11.2515656], "to": [75.78642719263158, 11.25245679894737], "type": "intra-zone"}}, {"type": "Feature", "geometry": {"type": "LineString", "coordinates": [[75.797318, 11.254011], [75.796031, 11.249704]]}, "properties": {"from": [75.7973175, 11.2540108], "to": [75.79603117340068, 11.249703834006734], "type": "intra-zone"}}, {"type": "Feature", "geometry": {"type": "LineString", "coordinates": [[75.783616, 11.254755], [75.786427, 11.252457]]}, "properties": {"from": [75.7836162, 11.2547555], "to": [75.78642719263158, 11.25245679894737], "type": "intra-zone"}}, {"type": "Feature", "geometry": {"type": "LineString", "coordinates": [[75.788048, 11.250974], [75.786427, 11.252457]]}, "properties": {"from": [75.7880483, 11.2509743], "to": [75.78642719263158, 11.25245679894737], "type": "intra-zone"}}, {"type": "Feature", "geometry": {"type": "LineString", "coordinates": [[75.795164, 11.244111], [75.79545, 11.244171]]}, "properties": {"from": [75.7951642, 11.2441109], "to": [75.79545017109974, 11.244170827109974], "type": "intra-zone"}}, {"type": "Feature", "geometry": {"type": "LineString", "coordinates": [[75.798152, 11.250329], [75.797706, 11.250323]]}, "properties": {"from": [75.7981519, 11.2503287], "to": [75.7977059, 11.2503233], "type": "residential"}}, {"type": "Feature", "geometry": {"type": "LineString", "coordinates": [[75.776626, 11.247988], [75.776611, 11.247799]]}, "properties": {"from": [75.776626, 11.2479875], "to": [75.7766105, 11.2477985], "type": "residential"}}, {"type": "Feature", "geometry": {"type": "LineString", "coordinates": [[75.779691, 11.248558], [75.779508, 11.248642]]}, "properties": {"from": [75.7796905, 11.2485581], "to": [75.7795084, 11.2486418], "type": "secondary"}}, {"type": "Feature", "geometry": {"type": "LineString", "coordinates": [[75.783963, 11.246683], [75.783876, 11.246682]]}, "properties": {"from": [75.7839625, 11.2466835], "to": [75.7838758, 11.2466817], "type": "tertiary"}}, {"type": "Feature", "geometry": {"type": "LineString", "coordinates": [[75.79682, 11.243245], [75.79545, 11.244171]]}, "properties": {"from": [75.7968201, 11.2432449], "to": [75.79545017109974, 11.244170827109974], "type": "intra-zone"}}, {"type": "Feature", "geometry": {"type": "LineString", "coordinates": [[75.7764, 11.23964], [75.776554, 11.243155]]}, "properties": {"from": [75.7764, 11.23964], "to": [75.7765542862963, 11.243154998148148], "type": "intra-zone"}}, {"type": "Feature", "geometry": {"type": "LineString", "coordinates": [[75.796175, 11.250691], [75.795536, 11.250607]]}, "properties": {"from": [75.7961745, 11.2506907], "to": [75.7955365, 11.2506075], "type": "residential"}}, {"type": "Feature", "geometry": {"type": "LineString", "coordinates": [[75.795977, 11.254474], [75.796054, 11.254067]]}, "properties": {"from": [75.7959772, 11.2544737], "to": [75.7960538, 11.2540667], "type": "residential"}}, {"type": "Feature", "geometry": {"type": "LineString", "coordinates": [[75.787727, 11.251905], [75.787755, 11.251892]]}, "properties": {"from": [75.787727, 11.2519053], "to": [75.7877553, 11.2518923], "type": "secondary"}}, {"type": "Feature", "geometry": {"type": "LineString", "coordinates": [[75.774738, 11.246779], [75.776554, 11.243155]]}, "properties": {"from": [75.7747382, 11.2467794], "to": [75.7765542862963, 11.243154998148148], "type": "intra-zone"}}, {"type": "Feature", "geometry": {"type": "LineString", "coordinates": [[75.796292, 11.24864], [75.7964, 11.248392]]}, "properties": {"from": [75.7962924, 11.2486397], "to": [75.7963997, 11.2483924], "type": "residential"}}, {"type": "Feature", "geometry": {"type": "LineString", "coordinates": [[75.778243, 11.230907], [75.77838, 11.230591]]}, "properties": {"from": [75.778243, 11.2309074], "to": [75.7783804, 11.2305911], "type": "secondary"}}, {"type": "Feature", "geometry": {"type": "LineString", "coordinates": [[75.777422, 11.256402], [75.777727, 11.255642]]}, "properties": {"from": [75.7774223, 11.2564022], "to": [75.7777268, 11.2556418], "type": "tertiary"}}, {"type": "Feature", "geometry": {"type": "LineString", "coordinates": [[75.780758, 11.251326], [75.776641, 11.251004]]}, "properties": {"from": [75.7807584, 11.2513261], "to": [75.77664119651972, 11.251004005336426], "type": "intra-zone"}}, {"type": "Feature", "geometry": {"type": "LineString", "coordinates": [[75.77742, 11.244071], [75.776554, 11.243155]]}, "properties": {"from": [75.7774197, 11.2440713], "to": [75.7765542862963, 11.243154998148148], "type": "intra-zone"}}, {"type": "Feature", "geometry": {"type": "LineString", "coordinates": [[75.787248, 11.247348], [75.787176, 11.247348]]}, "properties": {"from": [75.7872484, 11.2473483], "to": [75.787176, 11.2473483], "type": "residential"}}, {"type": "Feature", "geometry": {"type": "LineString", "coordinates": [[75.782517, 11.254612], [75.786427, 11.252457]]}, "properties": {"from": [75.7825168, 11.2546116], "to": [75.78642719263158, 11.25245679894737], "type": "intra-zone"}}, {"type": "Feature", "geometry": {"type": "LineString", "coordinates": [[75.786462, 11.252677], [75.786518, 11.252693]]}, "properties": {"from": [75.7864618, 11.2526766], "to": [75.7865179, 11.252693], "type": "residential"}}, {"type": "Feature", "geometry": {"type": "LineString", "coordinates": [[75.797769, 11.251274], [75.796031, 11.249704]]}, "properties": {"from": [75.797769, 11.2512736], "to": [75.79603117340068, 11.249703834006734], "type": "intra-zone"}}, {"type": "Feature", "geometry": {"type": "LineString", "coordinates": [[75.793452, 11.242597], [75.79545, 11.244171]]}, "properties": {"from": [75.7934518, 11.2425972], "to": [75.79545017109974, 11.244170827109974], "type": "intra-zone"}}, {"type": "Feature", "geometry": {"type": "LineString", "coordinates": [[75.789903, 11.252007], [75.78953, 11.251974]]}, "properties": {"from": [75.789903, 11.2520067], "to": [75.78953, 11.2519736], "type": "tertiary"}}, {"type": "Feature", "geometry": {"type": "LineString", "coordinates": [[75.789405, 11.254584], [75.789421, 11.254406]]}, "properties": {"from": [75.7894046, 11.2545845], "to": [75.7894207, 11.2544057], "type": "residential"}}, {"type": "Feature", "geometry": {"type": "LineString", "coordinates": [[75.792598, 11.252844], [75.796031, 11.249704]]}, "properties": {"from": [75.7925984, 11.252844], "to": [75.79603117340068, 11.249703834006734], "type": "intra-zone"}}, {"type": "Feature", "geometry": {"type": "LineString", "coordinates": [[75.793171, 11.241868], [75.79327, 11.241856]]}, "properties": {"from": [75.7931713, 11.2418682], "to": [75.7932699, 11.2418557], "type": "secondary"}}, {"type": "Feature", "geometry": {"type": "LineString", "coordinates": [[75.78181, 11.254266], [75.786427, 11.252457]]}, "properties": {"from": [75.7818098, 11.2542658], "to": [75.78642719263158, 11.25245679894737], "type": "intra-zone"}}, {"type": "Feature", "geometry": {"type": "LineString", "coordinates": [[75.783943, 11.242537], [75.785033, 11.243796]]}, "properties": {"from": [75.7839434, 11.2425374], "to": [75.78503318388888, 11.2437957125], "type": "intra-zone"}}, {"type": "Feature", "geometry": {"type": "LineString", "coordinates": [[75.791228, 11.243261], [75.791008, 11.243166]]}, "properties": {"from": [75.7912276, 11.2432612], "to": [75.7910078, 11.2431665], "type": "residential"}}, {"type": "Feature", "geometry": {"type": "LineString", "coordinates": [[75.790385, 11.250366], [75.790378, 11.250658]]}, "properties": {"from": [75.7903784, 11.2506582], "to": [75.7903855, 11.250366], "type": "residential"}}, {"type": "Feature", "geometry": {"type": "LineString", "coordinates": [[75.7876, 11.241713], [75.785033, 11.243796]]}, "properties": {"from": [75.7875997, 11.2417132], "to": [75.78503318388888, 11.2437957125], "type": "intra-zone"}}, {"type": "Feature", "geometry": {"type": "LineString", "coordinates": [[75.787569, 11.252046], [75.786427, 11.252457]]}, "properties": {"from": [75.7875691, 11.2520459], "to": [75.78642719263158, 11.25245679894737], "type": "intra-zone"}}, {"type": "Feature", "geometry": {"type": "LineString", "coordinates": [[75.791864, 11.241967], [75.791968, 11.241866]]}, "properties": {"from": [75.7918643, 11.2419665], "to": [75.7919677, 11.2418664], "type": "secondary"}}, {"type": "Feature", "geometry": {"type": "LineString", "coordinates": [[75.773146, 11.252655], [75.773204, 11.252325]]}, "properties": {"from": [75.7731462, 11.2526555], "to": [75.773204, 11.2523248], "type": "residential"}}, {"type": "Feature", "geometry": {"type": "LineString", "coordinates": [[75.778214, 11.247361], [75.776641, 11.251004]]}, "properties": {"from": [75.7782144, 11.2473608], "to": [75.77664119651972, 11.251004005336426], "type": "intra-zone"}}, {"type": "Feature", "geometry": {"type": "LineString", "coordinates": [[75.794527, 11.240242], [75.794427, 11.240305]]}, "properties": {"from": [75.7945266, 11.240242], "to": [75.7944265, 11.2403048], "type": "tertiary"}}, {"type": "Feature", "geometry": {"type": "LineString", "coordinates": [[75.77495, 11.244118], [75.775041, 11.243801]]}, "properties": {"from": [75.7749497, 11.2441181], "to": [75.7750406, 11.2438013], "type": "residential"}}, {"type": "Feature", "geometry": {"type": "LineString", "coordinates": [[75.786789, 11.248064], [75.786154, 11.248087]]}, "properties": {"from": [75.786789, 11.2480639], "to": [75.7861536, 11.2480871], "type": "tertiary"}}, {"type": "Feature", "geometry": {"type": "LineString", "coordinates": [[75.781045, 11.248479], [75.776641, 11.251004]]}, "properties": {"from": [75.7810449, 11.2484788], "to": [75.77664119651972, 11.251004005336426], "type": "intra-zone"}}, {"type": "Feature", "geometry": {"type": "LineString", "coordinates": [[75.788423, 11.246456], [75.785033, 11.243796]]}, "properties": {"from": [75.7884232, 11.2464557], "to": [75.78503318388888, 11.2437957125], "type": "intra-zone"}}, {"type": "Feature", "geometry": {"type": "LineString", "coordinates": [[75.795821, 11.247616], [75.796031, 11.249704]]}, "properties": {"from": [75.7958214, 11.2476158], "to": [75.79603117340068, 11.249703834006734], "type": "intra-zone"}}, {"type": "Feature", "geometry": {"type": "LineString", "coordinates": [[75.793113, 11.248106], [75.793077, 11.248166]]}, "properties": {"from": [75.793113, 11.2481061], "to": [75.7930771, 11.2481658], "type": "residential"}}, {"type": "Feature", "geometry": {"type": "LineString", "coordinates": [[75.788116, 11.254123], [75.788383, 11.254219]]}, "properties": {"from": [75.7881161, 11.2541226], "to": [75.7883831, 11.2542193], "type": "residential"}}, {"type": "Feature", "geometry": {"type": "LineString", "coordinates": [[75.792473, 11.246677], [75.79545, 11.244171]]}, "properties": {"from": [75.7924731, 11.2466767], "to": [75.79545017109974, 11.244170827109974], "type": "intra-zone"}}, {"type": "Feature", "geometry": {"type": "LineString", "coordinates": [[75.78833, 11.2465], [75.785033, 11.243796]]}, "properties": {"from": [75.78833, 11.2465], "to": [75.78503318388888, 11.2437957125], "type": "intra-zone"}}, {"type": "Feature", "geometry": {"type": "LineString", "coordinates": [[75.787452, 11.252207], [75.787321, 11.252428]]}, "properties": {"from": [75.7874523, 11.2522074], "to": [75.7873208, 11.2524283], "type": "secondary"}}, {"type": "Feature", "geometry": {"type": "LineString", "coordinates": [[75.785398, 11.24284], [75.785033, 11.243796]]}, "properties": {"from": [75.7853982, 11.2428395], "to": [75.78503318388888, 11.2437957125], "type": "intra-zone"}}, {"type": "Feature", "geometry": {"type": "LineString", "coordinates": [[75.777971, 11.246019], [75.776554, 11.243155]]}, "properties": {"from": [75.7779709, 11.2460192], "to": [75.7765542862963, 11.243154998148148], "type": "intra-zone"}}, {"type": "Feature", "geometry": {"type": "LineString", "coordinates": [[75.78169, 11.242801], [75.785033, 11.243796]]}, "properties": {"from": [75.7816905, 11.242801], "to": [75.78503318388888, 11.2437957125], "type": "intra-zone"}}, {"type": "Feature", "geometry": {"type": "LineString", "coordinates": [[75.791488, 11.245229], [75.791682, 11.245202]]}, "properties": {"from": [75.7914881, 11.245229], "to": [75.7916823, 11.2452022], "type": "residential"}}, {"type": "Feature", "geometry": {"type": "LineString", "coordinates": [[75.785445, 11.252895], [75.785421, 11.253036]]}, "properties": {"from": [75.7854448, 11.2528946], "to": [75.7854209, 11.2530362], "type": "residential"}}, {"type": "Feature", "geometry": {"type": "LineString", "coordinates": [[75.790432, 11.252081], [75.789903, 11.252007]]}, "properties": {"from": [75.790432, 11.2520809], "to": [75.789903, 11.2520067], "type": "tertiary"}}, {"type": "Feature", "geometry": {"type": "LineString", "coordinates": [[75.772606, 11.248208], [75.776641, 11.251004]]}, "properties": {"from": [75.7726058, 11.2482081], "to": [75.77664119651972, 11.251004005336426], "type": "intra-zone"}}, {"type": "Feature", "geometry": {"type": "LineString", "coordinates": [[75.787321, 11.252428], [75.787181, 11.25268]]}, "properties": {"from": [75.7873208, 11.2524283], "to": [75.787181, 11.2526798], "type": "secondary"}}, {"type": "Feature", "geometry": {"type": "LineString", "coordinates": [[75.804522, 11.236711], [75.79545, 11.244171]]}, "properties": {"from": [75.8045216, 11.2367113], "to": [75.79545017109974, 11.244170827109974], "type": "intra-zone"}}, {"type": "Feature", "geometry": {"type": "LineString", "coordinates": [[75.780819, 11.255146], [75.776641, 11.251004]]}, "properties": {"from": [75.780819, 11.2551462], "to": [75.77664119651972, 11.251004005336426], "type": "intra-zone"}}, {"type": "Feature", "geometry": {"type": "LineString", "coordinates": [[75.778282, 11.246009], [75.778448, 11.246016]]}, "properties": {"from": [75.7782821, 11.2460087], "to": [75.7784484, 11.2460165], "type": "residential"}}, {"type": "Feature", "geometry": {"type": "LineString", "coordinates": [[75.796803, 11.246], [75.7968, 11.24594]]}, "properties": {"from": [75.7968026, 11.246], "to": [75.7967999, 11.2459395], "type": "tertiary"}}, {"type": "Feature", "geometry": {"type": "LineString", "coordinates": [[75.781754, 11.254133], [75.786427, 11.252457]]}, "properties": {"from": [75.7817544, 11.2541329], "to": [75.78642719263158, 11.25245679894737], "type": "intra-zone"}}, {"type": "Feature", "geometry": {"type": "LineString", "coordinates": [[75.801064, 11.242463], [75.79545, 11.244171]]}, "properties": {"from": [75.8010641, 11.2424626], "to": [75.79545017109974, 11.244170827109974], "type": "intra-zone"}}, {"type": "Feature", "geometry": {"type": "LineString", "coordinates": [[75.781199, 11.240766], [75.785033, 11.243796]]}, "properties": {"from": [75.7811992, 11.2407665], "to": [75.78503318388888, 11.2437957125], "type": "intra-zone"}}, {"type": "Feature", "geometry": {"type": "LineString", "coordinates": [[75.782952, 11.254308], [75.78299, 11.254345]]}, "properties": {"from": [75.7829522, 11.2543082], "to": [75.7829898, 11.2543451], "type": "residential"}}, {"type": "Feature", "geometry": {"type": "LineString", "coordinates": [[75.782645, 11.246694], [75.782523, 11.2467]]}, "properties": {"from": [75.782645, 11.2466944], "to": [75.782523, 11.2467003], "type": "tertiary"}}, {"type": "Feature", "geometry": {"type": "LineString", "coordinates": [[75.777085, 11.233573], [75.776554, 11.243155]]}, "properties": {"from": [75.777085, 11.2335732], "to": [75.7765542862963, 11.243154998148148], "type": "intra-zone"}}, {"type": "Feature", "geometry": {"type": "LineString", "coordinates": [[75.773373, 11.25158], [75.773437, 11.251584]]}, "properties": {"from": [75.7733734, 11.2515801], "to": [75.7734368, 11.251584], "type": "secondary"}}, {"type": "Feature", "geometry": {"type": "LineString", "coordinates": [[75.785664, 11.243004], [75.785729, 11.242987]]}, "properties": {"from": [75.7857291, 11.2429873], "to": [75.7856636, 11.2430044], "type": "secondary"}}, {"type": "Feature", "geometry": {"type": "LineString", "coordinates": [[75.783141, 11.242034], [75.785033, 11.243796]]}, "properties": {"from": [75.7831408, 11.242034], "to": [75.78503318388888, 11.2437957125], "type": "intra-zone"}}, {"type": "Feature", "geometry": {"type": "LineString", "coordinates": [[75.799035, 11.245701], [75.79545, 11.244171]]}, "properties": {"from": [75.7990346, 11.2457015], "to": [75.79545017109974, 11.244170827109974], "type": "intra-zone"}}, {"type": "Feature", "geometry": {"type": "LineString", "coordinates": [[75.781723, 11.253067], [75.786427, 11.252457]]}, "properties": {"from": [75.7817227, 11.2530666], "to": [75.78642719263158, 11.25245679894737], "type": "intra-zone"}}, {"type": "Feature", "geometry": {"type": "LineString", "coordinates": [[75.79574, 11.249808], [75.795441, 11.249729]]}, "properties": {"from": [75.7957399, 11.2498077], "to": [75.7954407, 11.2497291], "type": "residential"}}, {"type": "Feature", "geometry": {"type": "LineString", "coordinates": [[75.779002, 11.252498], [75.779001, 11.252282]]}, "properties": {"from": [75.7790016, 11.2524983], "to": [75.7790011, 11.2522819], "type": "tertiary"}}, {"type": "Feature", "geometry": {"type": "LineString", "coordinates": [[75.779394, 11.238967], [75.776554, 11.243155]]}, "properties": {"from": [75.7793937, 11.2389665], "to": [75.7765542862963, 11.243154998148148], "type": "intra-zone"}}, {"type": "Feature", "geometry": {"type": "LineString", "coordinates": [[75.796923, 11.249492], [75.796031, 11.249704]]}, "properties": {"from": [75.7969227, 11.249492], "to": [75.79603117340068, 11.249703834006734], "type": "intra-zone"}}, {"type": "Feature", "geometry": {"type": "LineString", "coordinates": [[75.796963, 11.242561], [75.79545, 11.244171]]}, "properties": {"from": [75.796963, 11.2425612], "to": [75.79545017109974, 11.244170827109974], "type": "intra-zone"}}, {"type": "Feature", "geometry": {"type": "LineString", "coordinates": [[75.795456, 11.246591], [75.79545, 11.244171]]}, "properties": {"from": [75.7954556, 11.2465906], "to": [75.79545017109974, 11.244170827109974], "type": "intra-zone"}}, {"type": "Feature", "geometry": {"type": "LineString", "coordinates": [[75.788984, 11.254013], [75.789028, 11.253569]]}, "properties": {"from": [75.7889845, 11.2540126], "to": [75.789028, 11.2535687], "type": "residential"}}, {"type": "Feature", "geometry": {"type": "LineString", "coordinates": [[75.782682, 11.248822], [75.786427, 11.252457]]}, "properties": {"from": [75.7826824, 11.2488216], "to": [75.78642719263158, 11.25245679894737], "type": "intra-zone"}}, {"type": "Feature", "geometry": {"type": "LineString", "coordinates": [[75.796846, 11.243009], [75.796872, 11.242998]]}, "properties": {"from": [75.7968455, 11.2430089], "to": [75.7968724, 11.2429984], "type": "tertiary"}}, {"type": "Feature", "geometry": {"type": "LineString", "coordinates": [[75.776412, 11.249328], [75.776641, 11.251004]]}, "properties": {"from": [75.7764121, 11.2493279], "to": [75.77664119651972, 11.251004005336426], "type": "intra-zone"}}, {"type": "Feature", "geometry": {"type": "LineString", "coordinates": [[75.777913, 11.247414], [75.776641, 11.251004]]}, "properties": {"from": [75.7779128, 11.2474144], "to": [75.77664119651972, 11.251004005336426], "type": "intra-zone"}}, {"type": "Feature", "geometry": {"type": "LineString", "coordinates": [[75.781721, 11.241486], [75.782629, 11.241795]]}, "properties": {"from": [75.7826286, 11.2417948], "to": [75.781721, 11.2414862], "type": "residential"}}, {"type": "Feature", "geometry": {"type": "LineString", "coordinates": [[75.785464, 11.252462], [75.785445, 11.252895]]}, "properties": {"from": [75.7854635, 11.2524624], "to": [75.7854448, 11.2528946], "type": "residential"}}, {"type": "Feature", "geometry": {"type": "LineString", "coordinates": [[75.782839, 11.242798], [75.782773, 11.242732]]}, "properties": {"from": [75.7828388, 11.2427982], "to": [75.7827732, 11.2427316], "type": "residential"}}, {"type": "Feature", "geometry": {"type": "LineString", "coordinates": [[75.78953, 11.251974], [75.789363, 11.251958]]}, "properties": {"from": [75.78953, 11.2519736], "to": [75.7893633, 11.2519579], "type": "tertiary"}}, {"type": "Feature", "geometry": {"type": "LineString", "coordinates": [[75.781304, 11.240407], [75.785033, 11.243796]]}, "properties": {"from": [75.781304, 11.2404074], "to": [75.78503318388888, 11.2437957125], "type": "intra-zone"}}, {"type": "Feature", "geometry": {"type": "LineString", "coordinates": [[75.792296, 11.246635], [75.792275, 11.246498]]}, "properties": {"from": [75.792296, 11.2466346], "to": [75.7922745, 11.2464978], "type": "residential"}}, {"type": "Feature", "geometry": {"type": "LineString", "coordinates": [[75.788883, 11.254402], [75.788911, 11.254293]]}, "properties": {"from": [75.788883, 11.2544022], "to": [75.7889113, 11.2542934], "type": "residential"}}, {"type": "Feature", "geometry": {"type": "LineString", "coordinates": [[75.793983, 11.247922], [75.793124, 11.247872]]}, "properties": {"from": [75.7939832, 11.247922], "to": [75.793124, 11.2478716], "type": "tertiary"}}, {"type": "Feature", "geometry": {"type": "LineString", "coordinates": [[75.793475, 11.242888], [75.79545, 11.244171]]}, "properties": {"from": [75.7934746, 11.2428876], "to": [75.79545017109974, 11.244170827109974], "type": "intra-zone"}}, {"type": "Feature", "geometry": {"type": "LineString", "coordinates": [[75.796526, 11.246264], [75.796492, 11.246297]]}, "properties": {"from": [75.7965258, 11.2462644], "to": [75.7964925, 11.2462972], "type": "residential"}}, {"type": "Feature", "geometry": {"type": "LineString", "coordinates": [[75.785624, 11.242977], [75.785033, 11.243796]]}, "properties": {"from": [75.7856236, 11.2429766], "to": [75.78503318388888, 11.2437957125], "type": "intra-zone"}}, {"type": "Feature", "geometry": {"type": "LineString", "coordinates": [[75.787925, 11.243322], [75.785033, 11.243796]]}, "properties": {"from": [75.7879254, 11.2433219], "to": [75.78503318388888, 11.2437957125], "type": "intra-zone"}}, {"type": "Feature", "geometry": {"type": "LineString", "coordinates": [[75.785186, 11.244013], [75.785033, 11.243796]]}, "properties": {"from": [75.785186, 11.2440126], "to": [75.78503318388888, 11.2437957125], "type": "intra-zone"}}, {"type": "Feature", "geometry": {"type": "LineString", "coordinates": [[75.782855, 11.253206], [75.786427, 11.252457]]}, "properties": {"from": [75.7828547, 11.2532063], "to": [75.78642719263158, 11.25245679894737], "type": "intra-zone"}}, {"type": "Feature", "geometry": {"type": "LineString", "coordinates": [[75.783044, 11.246671], [75.782958, 11.246678]]}, "properties": {"from": [75.7830436, 11.246671], "to": [75.7829582, 11.2466784], "type": "tertiary"}}, {"type": "Feature", "geometry": {"type": "LineString", "coordinates": [[75.792145, 11.246197], [75.791668, 11.246214]]}, "properties": {"from": [75.7921448, 11.2461967], "to": [75.7916677, 11.2462141], "type": "residential"}}, {"type": "Feature", "geometry": {"type": "LineString", "coordinates": [[75.782342, 11.246696], [75.782263, 11.246706]]}, "properties": {"from": [75.7823421, 11.2466963], "to": [75.7822629, 11.2467063], "type": "tertiary"}}, {"type": "Feature", "geometry": {"type": "LineString", "coordinates": [[75.778617, 11.242562], [75.776554, 11.243155]]}, "properties": {"from": [75.7786172, 11.2425618], "to": [75.7765542862963, 11.243154998148148], "type": "intra-zone"}}, {"type": "Feature", "geometry": {"type": "LineString", "coordinates": [[75.79495, 11.240104], [75.79545, 11.244171]]}, "properties": {"from": [75.7949496, 11.2401044], "to": [75.79545017109974, 11.244170827109974], "type": "intra-zone"}}, {"type": "Feature", "geometry": {"type": "LineString", "coordinates": [[75.799223, 11.244615], [75.79545, 11.244171]]}, "properties": {"from": [75.7992232, 11.2446154], "to": [75.79545017109974, 11.244170827109974], "type": "intra-zone"}}, {"type": "Feature", "geometry": {"type": "LineString", "coordinates": [[75.798152, 11.250329], [75.796031, 11.249704]]}, "properties": {"from": [75.7981519, 11.2503287], "to": [75.79603117340068, 11.249703834006734], "type": "intra-zone"}}, {"type": "Feature", "geometry": {"type": "LineString", "coordinates": [[75.784414, 11.243051], [75.785033, 11.243796]]}, "properties": {"from": [75.7844139, 11.2430506], "to": [75.78503318388888, 11.2437957125], "type": "intra-zone"}}, {"type": "Feature", "geometry": {"type": "LineString", "coordinates": [[75.784752, 11.255206], [75.786427, 11.252457]]}, "properties": {"from": [75.7847518, 11.2552056], "to": [75.78642719263158, 11.25245679894737], "type": "intra-zone"}}, {"type": "Feature", "geometry": {"type": "LineString", "coordinates": [[75.785897, 11.251546], [75.786427, 11.252457]]}, "properties": {"from": [75.7858969, 11.2515464], "to": [75.78642719263158, 11.25245679894737], "type": "intra-zone"}}, {"type": "Feature", "geometry": {"type": "LineString", "coordinates": [[75.797384, 11.248952], [75.796031, 11.249704]]}, "properties": {"from": [75.7973842, 11.2489524], "to": [75.79603117340068, 11.249703834006734], "type": "intra-zone"}}, {"type": "Feature", "geometry": {"type": "LineString", "coordinates": [[75.792874, 11.252518], [75.792889, 11.252575]]}, "properties": {"from": [75.7928739, 11.2525181], "to": [75.7928887, 11.2525746], "type": "tertiary"}}, {"type": "Feature", "geometry": {"type": "LineString", "coordinates": [[75.774639, 11.249502], [75.776641, 11.251004]]}, "properties": {"from": [75.7746394, 11.2495018], "to": [75.77664119651972, 11.251004005336426], "type": "intra-zone"}}, {"type": "Feature", "geometry": {"type": "LineString", "coordinates": [[75.775472, 11.248985], [75.776641, 11.251004]]}, "properties": {"from": [75.7754721, 11.2489848], "to": [75.77664119651972, 11.251004005336426], "type": "intra-zone"}}, {"type": "Feature", "geometry": {"type": "LineString", "coordinates": [[75.786703, 11.251795], [75.786539, 11.25171]]}, "properties": {"from": [75.7867031, 11.2517946], "to": [75.7865387, 11.2517101], "type": "residential"}}, {"type": "Feature", "geometry": {"type": "LineString", "coordinates": [[75.787008, 11.253092], [75.786963, 11.253419]]}, "properties": {"from": [75.7870077, 11.2530917], "to": [75.7869634, 11.2534188], "type": "secondary"}}, {"type": "Feature", "geometry": {"type": "LineString", "coordinates": [[75.786985, 11.252372], [75.787321, 11.252428]]}, "properties": {"from": [75.7873208, 11.2524283], "to": [75.7869851, 11.2523722], "type": "residential"}}, {"type": "Feature", "geometry": {"type": "LineString", "coordinates": [[75.777727, 11.255642], [75.776641, 11.251004]]}, "properties": {"from": [75.7777268, 11.2556418], "to": [75.77664119651972, 11.251004005336426], "type": "intra-zone"}}, {"type": "Feature", "geometry": {"type": "LineString", "coordinates": [[75.779172, 11.253179], [75.776641, 11.251004]]}, "properties": {"from": [75.7791715, 11.2531795], "to": [75.77664119651972, 11.251004005336426], "type": "intra-zone"}}, {"type": "Feature", "geometry": {"type": "LineString", "coordinates": [[75.786586, 11.253615], [75.786579, 11.253708]]}, "properties": {"from": [75.7865865, 11.2536147], "to": [75.7865785, 11.2537078], "type": "residential"}}, {"type": "Feature", "geometry": {"type": "LineString", "coordinates": [[75.782652, 11.240139], [75.782643, 11.240102]]}, "properties": {"from": [75.7826515, 11.2401394], "to": [75.7826433, 11.2401021], "type": "residential"}}, {"type": "Feature", "geometry": {"type": "LineString", "coordinates": [[75.775009, 11.253236], [75.776641, 11.251004]]}, "properties": {"from": [75.7750091, 11.2532363], "to": [75.77664119651972, 11.251004005336426], "type": "intra-zone"}}, {"type": "Feature", "geometry": {"type": "LineString", "coordinates": [[75.787319, 11.242289], [75.785033, 11.243796]]}, "properties": {"from": [75.7873192, 11.2422894], "to": [75.78503318388888, 11.2437957125], "type": "intra-zone"}}, {"type": "Feature", "geometry": {"type": "LineString", "coordinates": [[75.780819, 11.252643], [75.780985, 11.252912]]}, "properties": {"from": [75.7808188, 11.2526429], "to": [75.7809846, 11.2529118], "type": "tertiary"}}, {"type": "Feature", "geometry": {"type": "LineString", "coordinates": [[75.77432, 11.250518], [75.776641, 11.251004]]}, "properties": {"from": [75.77432, 11.2505176], "to": [75.77664119651972, 11.251004005336426], "type": "intra-zone"}}, {"type": "Feature", "geometry": {"type": "LineString", "coordinates": [[75.781976, 11.239182], [75.781911, 11.239465]]}, "properties": {"from": [75.7819763, 11.2391823], "to": [75.7819111, 11.2394648], "type": "residential"}}, {"type": "Feature", "geometry": {"type": "LineString", "coordinates": [[75.785283, 11.250414], [75.785353, 11.250221]]}, "properties": {"from": [75.785283, 11.2504137], "to": [75.785353, 11.2502214], "type": "residential"}}, {"type": "Feature", "geometry": {"type": "LineString", "coordinates": [[75.774588, 11.249618], [75.7744, 11.250202]]}, "properties": {"from": [75.7745882, 11.2496179], "to": [75.7744004, 11.2502019], "type": "residential"}}, {"type": "Feature", "geometry": {"type": "LineString", "coordinates": [[75.781721, 11.254338], [75.786427, 11.252457]]}, "properties": {"from": [75.7817207, 11.2543378], "to": [75.78642719263158, 11.25245679894737], "type": "intra-zone"}}, {"type": "Feature", "geometry": {"type": "LineString", "coordinates": [[75.790632, 11.246918], [75.790634, 11.246836]]}, "properties": {"from": [75.7906323, 11.2469184], "to": [75.7906344, 11.2468362], "type": "residential"}}, {"type": "Feature", "geometry": {"type": "LineString", "coordinates": [[75.775208, 11.24761], [75.775221, 11.247539]]}, "properties": {"from": [75.7752079, 11.2476097], "to": [75.775221, 11.2475391], "type": "residential"}}, {"type": "Feature", "geometry": {"type": "LineString", "coordinates": [[75.795903, 11.246459], [75.795901, 11.246504]]}, "properties": {"from": [75.7959035, 11.246459], "to": [75.7959008, 11.2465038], "type": "residential"}}, {"type": "Feature", "geometry": {"type": "LineString", "coordinates": [[75.797475, 11.248126], [75.797467, 11.248171]]}, "properties": {"from": [75.7974754, 11.2481264], "to": [75.7974673, 11.2481711], "type": "residential"}}, {"type": "Feature", "geometry": {"type": "LineString", "coordinates": [[75.798947, 11.244547], [75.79545, 11.244171]]}, "properties": {"from": [75.7989473, 11.2445472], "to": [75.79545017109974, 11.244170827109974], "type": "intra-zone"}}, {"type": "Feature", "geometry": {"type": "LineString", "coordinates": [[75.77653, 11.252208], [75.77686, 11.252204]]}, "properties": {"from": [75.7765296, 11.2522083], "to": [75.7768599, 11.2522038], "type": "residential"}}, {"type": "Feature", "geometry": {"type": "LineString", "coordinates": [[75.773955, 11.255387], [75.776641, 11.251004]]}, "properties": {"from": [75.7739546, 11.2553873], "to": [75.77664119651972, 11.251004005336426], "type": "intra-zone"}}, {"type": "Feature", "geometry": {"type": "LineString", "coordinates": [[75.795702, 11.2471], [75.795698, 11.247084]]}, "properties": {"from": [75.7957017, 11.2471001], "to": [75.795698, 11.2470844], "type": "residential"}}, {"type": "Feature", "geometry": {"type": "LineString", "coordinates": [[75.787767, 11.25481], [75.786427, 11.252457]]}, "properties": {"from": [75.7877671, 11.2548104], "to": [75.78642719263158, 11.25245679894737], "type": "intra-zone"}}, {"type": "Feature", "geometry": {"type": "LineString", "coordinates": [[75.774276, 11.24119], [75.774368, 11.240926]]}, "properties": {"from": [75.7742758, 11.2411896], "to": [75.7743682, 11.240926], "type": "secondary"}}, {"type": "Feature", "geometry": {"type": "LineString", "coordinates": [[75.775739, 11.255271], [75.776641, 11.251004]]}, "properties": {"from": [75.7757387, 11.2552711], "to": [75.77664119651972, 11.251004005336426], "type": "intra-zone"}}, {"type": "Feature", "geometry": {"type": "LineString", "coordinates": [[75.798875, 11.242554], [75.79545, 11.244171]]}, "properties": {"from": [75.7988749, 11.2425536], "to": [75.79545017109974, 11.244170827109974], "type": "intra-zone"}}, {"type": "Feature", "geometry": {"type": "LineString", "coordinates": [[75.77644, 11.2456], [75.776554, 11.243155]]}, "properties": {"from": [75.7764398, 11.2456001], "to": [75.7765542862963, 11.243154998148148], "type": "intra-zone"}}, {"type": "Feature", "geometry": {"type": "LineString", "coordinates": [[75.782857, 11.242596], [75.785033, 11.243796]]}, "properties": {"from": [75.7828571, 11.2425955], "to": [75.78503318388888, 11.2437957125], "type": "intra-zone"}}, {"type": "Feature", "geometry": {"type": "LineString", "coordinates": [[75.784324, 11.252077], [75.786427, 11.252457]]}, "properties": {"from": [75.7843241, 11.2520768], "to": [75.78642719263158, 11.25245679894737], "type": "intra-zone"}}, {"type": "Feature", "geometry": {"type": "LineString", "coordinates": [[75.788093, 11.244209], [75.78822, 11.244228]]}, "properties": {"from": [75.788093, 11.2442093], "to": [75.7882199, 11.2442276], "type": "residential"}}, {"type": "Feature", "geometry": {"type": "LineString", "coordinates": [[75.7964, 11.248392], [75.796031, 11.249704]]}, "properties": {"from": [75.7963997, 11.2483924], "to": [75.79603117340068, 11.249703834006734], "type": "intra-zone"}}, {"type": "Feature", "geometry": {"type": "LineString", "coordinates": [[75.79545, 11.244171], [75.796031, 11.249704]]}, "properties": {"from": [75.79603117340068, 11.249703834006734], "to": [75.79545017109974, 11.244170827109974], "type": "inter-zone"}}, {"type": "Feature", "geometry": {"type": "LineString", "coordinates": [[75.781826, 11.254288], [75.786427, 11.252457]]}, "properties": {"from": [75.7818257, 11.2542877], "to": [75.78642719263158, 11.25245679894737], "type": "intra-zone"}}, {"type": "Feature", "geometry": {"type": "LineString", "coordinates": [[75.77517, 11.243151], [75.776554, 11.243155]]}, "properties": {"from": [75.7751698, 11.2431507], "to": [75.7765542862963, 11.243154998148148], "type": "intra-zone"}}, {"type": "Feature", "geometry": {"type": "LineString", "coordinates": [[75.782427, 11.254595], [75.782517, 11.254612]]}, "properties": {"from": [75.7824271, 11.254595], "to": [75.7825168, 11.2546116], "type": "primary"}}, {"type": "Feature", "geometry": {"type": "LineString", "coordinates": [[75.785927, 11.251096], [75.786427, 11.252457]]}, "properties": {"from": [75.7859274, 11.2510962], "to": [75.78642719263158, 11.25245679894737], "type": "intra-zone"}}, {"type": "Feature", "geometry": {"type": "LineString", "coordinates": [[75.796819, 11.246552], [75.79545, 11.244171]]}, "properties": {"from": [75.7968187, 11.2465525], "to": [75.79545017109974, 11.244170827109974], "type": "intra-zone"}}, {"type": "Feature", "geometry": {"type": "LineString", "coordinates": [[75.796617, 11.249153], [75.796606, 11.248995]]}, "properties": {"from": [75.7966175, 11.249153], "to": [75.7966062, 11.2489948], "type": "residential"}}, {"type": "Feature", "geometry": {"type": "LineString", "coordinates": [[75.796759, 11.252313], [75.796519, 11.252331]]}, "properties": {"from": [75.7967589, 11.2523132], "to": [75.7965185, 11.2523309], "type": "primary"}}, {"type": "Feature", "geometry": {"type": "LineString", "coordinates": [[75.7964, 11.25], [75.796633, 11.249374]]}, "properties": {"from": [75.7963996, 11.25], "to": [75.7966331, 11.2493736], "type": "residential"}}, {"type": "Feature", "geometry": {"type": "LineString", "coordinates": [[75.795913, 11.247369], [75.796031, 11.249704]]}, "properties": {"from": [75.7959126, 11.2473685], "to": [75.79603117340068, 11.249703834006734], "type": "intra-zone"}}, {"type": "Feature", "geometry": {"type": "LineString", "coordinates": [[75.796196, 11.246354], [75.79545, 11.244171]]}, "properties": {"from": [75.7961959, 11.2463538], "to": [75.79545017109974, 11.244170827109974], "type": "intra-zone"}}, {"type": "Feature", "geometry": {"type": "LineString", "coordinates": [[75.789576, 11.250684], [75.786427, 11.252457]]}, "properties": {"from": [75.7895762, 11.2506844], "to": [75.78642719263158, 11.25245679894737], "type": "intra-zone"}}, {"type": "Feature", "geometry": {"type": "LineString", "coordinates": [[75.777913, 11.248261], [75.777946, 11.247891]]}, "properties": {"from": [75.777913, 11.2482612], "to": [75.7779461, 11.2478908], "type": "residential"}}, {"type": "Feature", "geometry": {"type": "LineString", "coordinates": [[75.775472, 11.248985], [75.775916, 11.248975]]}, "properties": {"from": [75.7754721, 11.2489848], "to": [75.7759158, 11.2489748], "type": "tertiary"}}, {"type": "Feature", "geometry": {"type": "LineString", "coordinates": [[75.795805, 11.245397], [75.79545, 11.244171]]}, "properties": {"from": [75.7958054, 11.2453972], "to": [75.79545017109974, 11.244170827109974], "type": "intra-zone"}}, {"type": "Feature", "geometry": {"type": "LineString", "coordinates": [[75.795764, 11.246543], [75.795727, 11.246548]]}, "properties": {"from": [75.795764, 11.2465432], "to": [75.7957265, 11.2465485], "type": "residential"}}, {"type": "Feature", "geometry": {"type": "LineString", "coordinates": [[75.786078, 11.25259], [75.786427, 11.252457]]}, "properties": {"from": [75.7860782, 11.2525897], "to": [75.78642719263158, 11.25245679894737], "type": "intra-zone"}}, {"type": "Feature", "geometry": {"type": "LineString", "coordinates": [[75.804736, 11.237428], [75.80481, 11.237833]]}, "properties": {"from": [75.8047359, 11.2374279], "to": [75.8048095, 11.2378333], "type": "primary"}}, {"type": "Feature", "geometry": {"type": "LineString", "coordinates": [[75.782661, 11.238808], [75.785033, 11.243796]]}, "properties": {"from": [75.782661, 11.2388079], "to": [75.78503318388888, 11.2437957125], "type": "intra-zone"}}, {"type": "Feature", "geometry": {"type": "LineString", "coordinates": [[75.787021, 11.242994], [75.785033, 11.243796]]}, "properties": {"from": [75.7870212, 11.2429936], "to": [75.78503318388888, 11.2437957125], "type": "intra-zone"}}, {"type": "Feature", "geometry": {"type": "LineString", "coordinates": [[75.796811, 11.246437], [75.79545, 11.244171]]}, "properties": {"from": [75.7968107, 11.2464367], "to": [75.79545017109974, 11.244170827109974], "type": "intra-zone"}}, {"type": "Feature", "geometry": {"type": "LineString", "coordinates": [[75.793346, 11.241826], [75.793413, 11.242373]]}, "properties": {"from": [75.7933465, 11.2418263], "to": [75.7934131, 11.2423728], "type": "residential"}}, {"type": "Feature", "geometry": {"type": "LineString", "coordinates": [[75.795986, 11.249876], [75.796121, 11.249497]]}, "properties": {"from": [75.7959865, 11.2498765], "to": [75.7961207, 11.2494973], "type": "residential"}}, {"type": "Feature", "geometry": {"type": "LineString", "coordinates": [[75.773751, 11.250401], [75.773784, 11.250349]]}, "properties": {"from": [75.7737511, 11.2504011], "to": [75.7737838, 11.250349], "type": "residential"}}, {"type": "Feature", "geometry": {"type": "LineString", "coordinates": [[75.778118, 11.240123], [75.778518, 11.240269]]}, "properties": {"from": [75.7781177, 11.2401234], "to": [75.7785176, 11.2402689], "type": "secondary"}}, {"type": "Feature", "geometry": {"type": "LineString", "coordinates": [[75.796108, 11.246037], [75.796193, 11.246075]]}, "properties": {"from": [75.7961078, 11.2460371], "to": [75.7961928, 11.2460753], "type": "residential"}}, {"type": "Feature", "geometry": {"type": "LineString", "coordinates": [[75.797959, 11.249001], [75.798023, 11.249017]]}, "properties": {"from": [75.7979588, 11.2490013], "to": [75.7980232, 11.2490171], "type": "residential"}}, {"type": "Feature", "geometry": {"type": "LineString", "coordinates": [[75.796226, 11.250279], [75.796031, 11.249704]]}, "properties": {"from": [75.7962259, 11.2502794], "to": [75.79603117340068, 11.249703834006734], "type": "intra-zone"}}, {"type": "Feature", "geometry": {"type": "LineString", "coordinates": [[75.797416, 11.252459], [75.796031, 11.249704]]}, "properties": {"from": [75.7974163, 11.2524589], "to": [75.79603117340068, 11.249703834006734], "type": "intra-zone"}}, {"type": "Feature", "geometry": {"type": "LineString", "coordinates": [[75.798029, 11.248391], [75.796031, 11.249704]]}, "properties": {"from": [75.7980286, 11.248391], "to": [75.79603117340068, 11.249703834006734], "type": "intra-zone"}}, {"type": "Feature", "geometry": {"type": "LineString", "coordinates": [[75.795119, 11.244842], [75.79545, 11.244171]]}, "properties": {"from": [75.7951191, 11.244842], "to": [75.79545017109974, 11.244170827109974], "type": "intra-zone"}}, {"type": "Feature", "geometry": {"type": "LineString", "coordinates": [[75.783876, 11.246682], [75.785033, 11.243796]]}, "properties": {"from": [75.7838758, 11.2466817], "to": [75.78503318388888, 11.2437957125], "type": "intra-zone"}}, {"type": "Feature", "geometry": {"type": "LineString", "coordinates": [[75.782329, 11.242518], [75.782213, 11.242611]]}, "properties": {"from": [75.7823294, 11.2425182], "to": [75.7822134, 11.2426111], "type": "residential"}}, {"type": "Feature", "geometry": {"type": "LineString", "coordinates": [[75.778418, 11.24735], [75.778461, 11.247518]]}, "properties": {"from": [75.7784182, 11.2473502], "to": [75.7784607, 11.2475178], "type": "residential"}}, {"type": "Feature", "geometry": {"type": "LineString", "coordinates": [[75.792871, 11.252401], [75.796031, 11.249704]]}, "properties": {"from": [75.7928713, 11.252401], "to": [75.79603117340068, 11.249703834006734], "type": "intra-zone"}}, {"type": "Feature", "geometry": {"type": "LineString", "coordinates": [[75.774968, 11.241847], [75.776554, 11.243155]]}, "properties": {"from": [75.7749685, 11.2418466], "to": [75.7765542862963, 11.243154998148148], "type": "intra-zone"}}, {"type": "Feature", "geometry": {"type": "LineString", "coordinates": [[75.771895, 11.253076], [75.776641, 11.251004]]}, "properties": {"from": [75.7718947, 11.2530764], "to": [75.77664119651972, 11.251004005336426], "type": "intra-zone"}}, {"type": "Feature", "geometry": {"type": "LineString", "coordinates": [[75.789587, 11.2511], [75.789576, 11.251266]]}, "properties": {"from": [75.7895871, 11.2511004], "to": [75.7895759, 11.2512663], "type": "residential"}}, {"type": "Feature", "geometry": {"type": "LineString", "coordinates": [[75.787727, 11.251905], [75.786427, 11.252457]]}, "properties": {"from": [75.787727, 11.2519053], "to": [75.78642719263158, 11.25245679894737], "type": "intra-zone"}}, {"type": "Feature", "geometry": {"type": "LineString", "coordinates": [[75.781429, 11.248852], [75.776641, 11.251004]]}, "properties": {"from": [75.7814293, 11.2488524], "to": [75.77664119651972, 11.251004005336426], "type": "intra-zone"}}, {"type": "Feature", "geometry": {"type": "LineString", "coordinates": [[75.774448, 11.24899], [75.774824, 11.249004]]}, "properties": {"from": [75.7744476, 11.2489905], "to": [75.7748245, 11.2490038], "type": "tertiary"}}, {"type": "Feature", "geometry": {"type": "LineString", "coordinates": [[75.775398, 11.245204], [75.774824, 11.245125]]}, "properties": {"from": [75.7748236, 11.245125], "to": [75.775398, 11.2452044], "type": "residential"}}, {"type": "Feature", "geometry": {"type": "LineString", "coordinates": [[75.773907, 11.246574], [75.773779, 11.246548]]}, "properties": {"from": [75.7737793, 11.2465481], "to": [75.7739068, 11.2465742], "type": "residential"}}, {"type": "Feature", "geometry": {"type": "LineString", "coordinates": [[75.787775, 11.251812], [75.786427, 11.252457]]}, "properties": {"from": [75.787775, 11.2518116], "to": [75.78642719263158, 11.25245679894737], "type": "intra-zone"}}, {"type": "Feature", "geometry": {"type": "LineString", "coordinates": [[75.775766, 11.254934], [75.776641, 11.251004]]}, "properties": {"from": [75.7757655, 11.2549344], "to": [75.77664119651972, 11.251004005336426], "type": "intra-zone"}}, {"type": "Feature", "geometry": {"type": "LineString", "coordinates": [[75.773048, 11.254429], [75.776641, 11.251004]]}, "properties": {"from": [75.773048, 11.2544286], "to": [75.77664119651972, 11.251004005336426], "type": "intra-zone"}}, {"type": "Feature", "geometry": {"type": "LineString", "coordinates": [[75.780346, 11.248874], [75.780328, 11.249002]]}, "properties": {"from": [75.7803462, 11.2488738], "to": [75.7803283, 11.2490016], "type": "secondary"}}, {"type": "Feature", "geometry": {"type": "LineString", "coordinates": [[75.781426, 11.246546], [75.781395, 11.246734]]}, "properties": {"from": [75.7814256, 11.2465463], "to": [75.7813947, 11.2467336], "type": "tertiary"}}, {"type": "Feature", "geometry": {"type": "LineString", "coordinates": [[75.79615, 11.248871], [75.79619, 11.248732]]}, "properties": {"from": [75.7961503, 11.2488712], "to": [75.7961905, 11.2487317], "type": "residential"}}, {"type": "Feature", "geometry": {"type": "LineString", "coordinates": [[75.779404, 11.254079], [75.776641, 11.251004]]}, "properties": {"from": [75.7794039, 11.2540793], "to": [75.77664119651972, 11.251004005336426], "type": "intra-zone"}}, {"type": "Feature", "geometry": {"type": "LineString", "coordinates": [[75.778616, 11.251416], [75.776641, 11.251004]]}, "properties": {"from": [75.7786165, 11.2514164], "to": [75.77664119651972, 11.251004005336426], "type": "intra-zone"}}, {"type": "Feature", "geometry": {"type": "LineString", "coordinates": [[75.776731, 11.248283], [75.776641, 11.251004]]}, "properties": {"from": [75.7767308, 11.2482833], "to": [75.77664119651972, 11.251004005336426], "type": "intra-zone"}}, {"type": "Feature", "geometry": {"type": "LineString", "coordinates": [[75.772214, 11.253132], [75.772504, 11.253168]]}, "properties": {"from": [75.7722139, 11.2531317], "to": [75.7725036, 11.2531685], "type": "residential"}}, {"type": "Feature", "geometry": {"type": "LineString", "coordinates": [[75.77108, 11.252077], [75.771203, 11.251686]]}, "properties": {"from": [75.7710801, 11.2520772], "to": [75.7712032, 11.2516856], "type": "secondary"}}, {"type": "Feature", "geometry": {"type": "LineString", "coordinates": [[75.776412, 11.249328], [75.776407, 11.249207]]}, "properties": {"from": [75.7764121, 11.2493279], "to": [75.7764067, 11.2492069], "type": "residential"}}, {"type": "Feature", "geometry": {"type": "LineString", "coordinates": [[75.782182, 11.24671], [75.782183, 11.246675]]}, "properties": {"from": [75.7821816, 11.2467096], "to": [75.7821825, 11.2466748], "type": "residential"}}, {"type": "Feature", "geometry": {"type": "LineString", "coordinates": [[75.787102, 11.252965], [75.787213, 11.25269]]}, "properties": {"from": [75.7871017, 11.252965], "to": [75.7872131, 11.2526901], "type": "secondary"}}, {"type": "Feature", "geometry": {"type": "LineString", "coordinates": [[75.776546, 11.247249], [75.776641, 11.251004]]}, "properties": {"from": [75.7765462, 11.2472494], "to": [75.77664119651972, 11.251004005336426], "type": "intra-zone"}}, {"type": "Feature", "geometry": {"type": "LineString", "coordinates": [[75.791898, 11.255391], [75.786427, 11.252457]]}, "properties": {"from": [75.7918982, 11.2553909], "to": [75.78642719263158, 11.25245679894737], "type": "intra-zone"}}, {"type": "Feature", "geometry": {"type": "LineString", "coordinates": [[75.785305, 11.242815], [75.785033, 11.243796]]}, "properties": {"from": [75.7853051, 11.2428153], "to": [75.78503318388888, 11.2437957125], "type": "intra-zone"}}, {"type": "Feature", "geometry": {"type": "LineString", "coordinates": [[75.782751, 11.253238], [75.786427, 11.252457]]}, "properties": {"from": [75.7827514, 11.2532382], "to": [75.78642719263158, 11.25245679894737], "type": "intra-zone"}}, {"type": "Feature", "geometry": {"type": "LineString", "coordinates": [[75.781911, 11.239465], [75.785033, 11.243796]]}, "properties": {"from": [75.7819111, 11.2394648], "to": [75.78503318388888, 11.2437957125], "type": "intra-zone"}}, {"type": "Feature", "geometry": {"type": "LineString", "coordinates": [[75.786549, 11.242991], [75.786589, 11.242628]]}, "properties": {"from": [75.7865491, 11.2429914], "to": [75.7865891, 11.2426282], "type": "residential"}}, {"type": "Feature", "geometry": {"type": "LineString", "coordinates": [[75.797153, 11.249471], [75.796031, 11.249704]]}, "properties": {"from": [75.7971534, 11.249471], "to": [75.79603117340068, 11.249703834006734], "type": "intra-zone"}}, {"type": "Feature", "geometry": {"type": "LineString", "coordinates": [[75.791878, 11.256629], [75.791898, 11.255391]]}, "properties": {"from": [75.7918776, 11.2566293], "to": [75.7918982, 11.2553909], "type": "primary"}}, {"type": "Feature", "geometry": {"type": "LineString", "coordinates": [[75.772628, 11.253888], [75.772844, 11.253228]]}, "properties": {"from": [75.7726284, 11.2538883], "to": [75.7728441, 11.2532277], "type": "residential"}}, {"type": "Feature", "geometry": {"type": "LineString", "coordinates": [[75.794077, 11.250689], [75.796031, 11.249704]]}, "properties": {"from": [75.7940765, 11.2506892], "to": [75.79603117340068, 11.249703834006734], "type": "intra-zone"}}, {"type": "Feature", "geometry": {"type": "LineString", "coordinates": [[75.78447, 11.249008], [75.784272, 11.248939]]}, "properties": {"from": [75.7844701, 11.2490078], "to": [75.7842717, 11.248939], "type": "secondary"}}, {"type": "Feature", "geometry": {"type": "LineString", "coordinates": [[75.792229, 11.252221], [75.796031, 11.249704]]}, "properties": {"from": [75.7922286, 11.2522211], "to": [75.79603117340068, 11.249703834006734], "type": "intra-zone"}}, {"type": "Feature", "geometry": {"type": "LineString", "coordinates": [[75.773048, 11.254429], [75.773625, 11.254587]]}, "properties": {"from": [75.773048, 11.2544286], "to": [75.7736251, 11.2545872], "type": "residential"}}, {"type": "Feature", "geometry": {"type": "LineString", "coordinates": [[75.797459, 11.248226], [75.796031, 11.249704]]}, "properties": {"from": [75.7974593, 11.2482264], "to": [75.79603117340068, 11.249703834006734], "type": "intra-zone"}}, {"type": "Feature", "geometry": {"type": "LineString", "coordinates": [[75.796196, 11.246354], [75.796148, 11.246359]]}, "properties": {"from": [75.7961959, 11.2463538], "to": [75.7961476, 11.2463591], "type": "residential"}}, {"type": "Feature", "geometry": {"type": "LineString", "coordinates": [[75.788312, 11.251842], [75.786427, 11.252457]]}, "properties": {"from": [75.7883124, 11.2518416], "to": [75.78642719263158, 11.25245679894737], "type": "intra-zone"}}, {"type": "Feature", "geometry": {"type": "LineString", "coordinates": [[75.785202, 11.251223], [75.785117, 11.251181]]}, "properties": {"from": [75.7852025, 11.2512226], "to": [75.7851175, 11.251181], "type": "residential"}}, {"type": "Feature", "geometry": {"type": "LineString", "coordinates": [[75.774961, 11.246353], [75.776554, 11.243155]]}, "properties": {"from": [75.7749609, 11.2463532], "to": [75.7765542862963, 11.243154998148148], "type": "intra-zone"}}, {"type": "Feature", "geometry": {"type": "LineString", "coordinates": [[75.772608, 11.248362], [75.772606, 11.248208]]}, "properties": {"from": [75.7726082, 11.2483623], "to": [75.7726058, 11.2482081], "type": "secondary"}}, {"type": "Feature", "geometry": {"type": "LineString", "coordinates": [[75.780633, 11.255777], [75.780647, 11.255398]]}, "properties": {"from": [75.7806327, 11.2557767], "to": [75.7806471, 11.2553982], "type": "primary"}}, {"type": "Feature", "geometry": {"type": "LineString", "coordinates": [[75.797969, 11.24883], [75.796031, 11.249704]]}, "properties": {"from": [75.7979695, 11.2488303], "to": [75.79603117340068, 11.249703834006734], "type": "intra-zone"}}, {"type": "Feature", "geometry": {"type": "LineString", "coordinates": [[75.786565, 11.23923], [75.785033, 11.243796]]}, "properties": {"from": [75.7865647, 11.23923], "to": [75.78503318388888, 11.2437957125], "type": "intra-zone"}}, {"type": "Feature", "geometry": {"type": "LineString", "coordinates": [[75.776691, 11.25338], [75.776704, 11.253243]]}, "properties": {"from": [75.7766909, 11.2533797], "to": [75.7767043, 11.2532435], "type": "residential"}}, {"type": "Feature", "geometry": {"type": "LineString", "coordinates": [[75.774395, 11.250718], [75.776641, 11.251004]]}, "properties": {"from": [75.7743951, 11.2507175], "to": [75.77664119651972, 11.251004005336426], "type": "intra-zone"}}, {"type": "Feature", "geometry": {"type": "LineString", "coordinates": [[75.795792, 11.24719], [75.795754, 11.247171]]}, "properties": {"from": [75.7957919, 11.2471897], "to": [75.7957543, 11.2471712], "type": "residential"}}, {"type": "Feature", "geometry": {"type": "LineString", "coordinates": [[75.774188, 11.254104], [75.776641, 11.251004]]}, "properties": {"from": [75.7741884, 11.2541038], "to": [75.77664119651972, 11.251004005336426], "type": "intra-zone"}}, {"type": "Feature", "geometry": {"type": "LineString", "coordinates": [[75.783549, 11.246714], [75.785033, 11.243796]]}, "properties": {"from": [75.7835493, 11.2467139], "to": [75.78503318388888, 11.2437957125], "type": "intra-zone"}}, {"type": "Feature", "geometry": {"type": "LineString", "coordinates": [[75.791864, 11.241967], [75.79545, 11.244171]]}, "properties": {"from": [75.7918643, 11.2419665], "to": [75.79545017109974, 11.244170827109974], "type": "intra-zone"}}, {"type": "Feature", "geometry": {"type": "LineString", "coordinates": [[75.777396, 11.247504], [75.777913, 11.247414]]}, "properties": {"from": [75.7779128, 11.2474144], "to": [75.7773965, 11.2475038], "type": "residential"}}, {"type": "Feature", "geometry": {"type": "LineString", "coordinates": [[75.79341, 11.241457], [75.79545, 11.244171]]}, "properties": {"from": [75.7934102, 11.2414566], "to": [75.79545017109974, 11.244170827109974], "type": "intra-zone"}}, {"type": "Feature", "geometry": {"type": "LineString", "coordinates": [[75.778842, 11.247676], [75.776641, 11.251004]]}, "properties": {"from": [75.7788422, 11.2476764], "to": [75.77664119651972, 11.251004005336426], "type": "intra-zone"}}, {"type": "Feature", "geometry": {"type": "LineString", "coordinates": [[75.781188, 11.241444], [75.781209, 11.241386]]}, "properties": {"from": [75.7812087, 11.2413863], "to": [75.7811878, 11.2414443], "type": "residential"}}, {"type": "Feature", "geometry": {"type": "LineString", "coordinates": [[75.777915, 11.248347], [75.777911, 11.248315]]}, "properties": {"from": [75.7779153, 11.2483469], "to": [75.7779112, 11.2483146], "type": "residential"}}, {"type": "Feature", "geometry": {"type": "LineString", "coordinates": [[75.774639, 11.249502], [75.77543, 11.249772]]}, "properties": {"from": [75.7754304, 11.2497724], "to": [75.7746394, 11.2495018], "type": "residential"}}, {"type": "Feature", "geometry": {"type": "LineString", "coordinates": [[75.788762, 11.251932], [75.788739, 11.251059]]}, "properties": {"from": [75.7887624, 11.2519316], "to": [75.7887392, 11.2510593], "type": "residential"}}, {"type": "Feature", "geometry": {"type": "LineString", "coordinates": [[75.775779, 11.248175], [75.776641, 11.251004]]}, "properties": {"from": [75.775779, 11.2481754], "to": [75.77664119651972, 11.251004005336426], "type": "intra-zone"}}, {"type": "Feature", "geometry": {"type": "LineString", "coordinates": [[75.787248, 11.247348], [75.785033, 11.243796]]}, "properties": {"from": [75.7872484, 11.2473483], "to": [75.78503318388888, 11.2437957125], "type": "intra-zone"}}, {"type": "Feature", "geometry": {"type": "LineString", "coordinates": [[75.788093, 11.244209], [75.785033, 11.243796]]}, "properties": {"from": [75.788093, 11.2442093], "to": [75.78503318388888, 11.2437957125], "type": "intra-zone"}}, {"type": "Feature", "geometry": {"type": "LineString", "coordinates": [[75.796887, 11.246116], [75.796886, 11.246087]]}, "properties": {"from": [75.7968872, 11.2461157], "to": [75.7968858, 11.2460869], "type": "tertiary"}}, {"type": "Feature", "geometry": {"type": "LineString", "coordinates": [[75.795445, 11.251617], [75.796211, 11.251615]]}, "properties": {"from": [75.7954445, 11.2516171], "to": [75.7962106, 11.2516155], "type": "residential"}}, {"type": "Feature", "geometry": {"type": "LineString", "coordinates": [[75.790889, 11.249664], [75.79089, 11.249387]]}, "properties": {"from": [75.7908904, 11.2493869], "to": [75.7908892, 11.2496641], "type": "residential"}}, {"type": "Feature", "geometry": {"type": "LineString", "coordinates": [[75.774171, 11.24679], [75.776554, 11.243155]]}, "properties": {"from": [75.7741707, 11.2467903], "to": [75.7765542862963, 11.243154998148148], "type": "intra-zone"}}, {"type": "Feature", "geometry": {"type": "LineString", "coordinates": [[75.79437, 11.240828], [75.794361, 11.241299]]}, "properties": {"from": [75.7943606, 11.2412992], "to": [75.79437, 11.2408281], "type": "tertiary"}}, {"type": "Feature", "geometry": {"type": "LineString", "coordinates": [[75.782937, 11.241974], [75.785033, 11.243796]]}, "properties": {"from": [75.7829368, 11.2419744], "to": [75.78503318388888, 11.2437957125], "type": "intra-zone"}}, {"type": "Feature", "geometry": {"type": "LineString", "coordinates": [[75.7872, 11.243346], [75.787205, 11.243051]]}, "properties": {"from": [75.7871999, 11.2433462], "to": [75.7872052, 11.2430508], "type": "residential"}}, {"type": "Feature", "geometry": {"type": "LineString", "coordinates": [[75.786493, 11.253911], [75.786321, 11.253859]]}, "properties": {"from": [75.7864929, 11.2539112], "to": [75.7863213, 11.2538594], "type": "residential"}}, {"type": "Feature", "geometry": {"type": "LineString", "coordinates": [[75.787313, 11.247348], [75.787248, 11.247348]]}, "properties": {"from": [75.7873128, 11.2473483], "to": [75.7872484, 11.2473483], "type": "residential"}}, {"type": "Feature", "geometry": {"type": "LineString", "coordinates": [[75.787644, 11.251838], [75.786427, 11.252457]]}, "properties": {"from": [75.7876442, 11.2518377], "to": [75.78642719263158, 11.25245679894737], "type": "intra-zone"}}, {"type": "Feature", "geometry": {"type": "LineString", "coordinates": [[75.791443, 11.258924], [75.791403, 11.259089]]}, "properties": {"from": [75.7914434, 11.2589236], "to": [75.7914031, 11.2590888], "type": "primary"}}, {"type": "Feature", "geometry": {"type": "LineString", "coordinates": [[75.778882, 11.242436], [75.776554, 11.243155]]}, "properties": {"from": [75.7788825, 11.2424361], "to": [75.7765542862963, 11.243154998148148], "type": "intra-zone"}}, {"type": "Feature", "geometry": {"type": "LineString", "coordinates": [[75.786539, 11.25442], [75.786007, 11.254341]]}, "properties": {"from": [75.7865385, 11.2544204], "to": [75.7860071, 11.2543413], "type": "residential"}}, {"type": "Feature", "geometry": {"type": "LineString", "coordinates": [[75.795058, 11.245493], [75.79545, 11.244171]]}, "properties": {"from": [75.7950576, 11.2454934], "to": [75.79545017109974, 11.244170827109974], "type": "intra-zone"}}, {"type": "Feature", "geometry": {"type": "LineString", "coordinates": [[75.794342, 11.247943], [75.793983, 11.247922]]}, "properties": {"from": [75.7939832, 11.247922], "to": [75.7943425, 11.2479427], "type": "tertiary"}}, {"type": "Feature", "geometry": {"type": "LineString", "coordinates": [[75.774972, 11.24685], [75.776554, 11.243155]]}, "properties": {"from": [75.7749716, 11.2468504], "to": [75.7765542862963, 11.243154998148148], "type": "intra-zone"}}, {"type": "Feature", "geometry": {"type": "LineString", "coordinates": [[75.777216, 11.252971], [75.777281, 11.253004]]}, "properties": {"from": [75.7772162, 11.2529712], "to": [75.777281, 11.2530035], "type": "residential"}}, {"type": "Feature", "geometry": {"type": "LineString", "coordinates": [[75.786363, 11.239687], [75.785033, 11.243796]]}, "properties": {"from": [75.7863631, 11.2396871], "to": [75.78503318388888, 11.2437957125], "type": "intra-zone"}}, {"type": "Feature", "geometry": {"type": "LineString", "coordinates": [[75.790634, 11.246836], [75.79545, 11.244171]]}, "properties": {"from": [75.7906344, 11.2468362], "to": [75.79545017109974, 11.244170827109974], "type": "intra-zone"}}, {"type": "Feature", "geometry": {"type": "LineString", "coordinates": [[75.782889, 11.246684], [75.785033, 11.243796]]}, "properties": {"from": [75.7828889, 11.2466844], "to": [75.78503318388888, 11.2437957125], "type": "intra-zone"}}, {"type": "Feature", "geometry": {"type": "LineString", "coordinates": [[75.785063, 11.249261], [75.78487, 11.249162]]}, "properties": {"from": [75.7850628, 11.2492605], "to": [75.78487, 11.2491624], "type": "secondary"}}, {"type": "Feature", "geometry": {"type": "LineString", "coordinates": [[75.772636, 11.249044], [75.772678, 11.248734]]}, "properties": {"from": [75.7726355, 11.2490444], "to": [75.7726784, 11.248734], "type": "secondary"}}, {"type": "Feature", "geometry": {"type": "LineString", "coordinates": [[75.793439, 11.24178], [75.79545, 11.244171]]}, "properties": {"from": [75.7934393, 11.2417796], "to": [75.79545017109974, 11.244170827109974], "type": "intra-zone"}}, {"type": "Feature", "geometry": {"type": "LineString", "coordinates": [[75.796894, 11.246234], [75.796891, 11.246197]]}, "properties": {"from": [75.7968938, 11.2462342], "to": [75.7968911, 11.2461974], "type": "tertiary"}}, {"type": "Feature", "geometry": {"type": "LineString", "coordinates": [[75.779727, 11.242952], [75.776554, 11.243155]]}, "properties": {"from": [75.7797271, 11.242952], "to": [75.7765542862963, 11.243154998148148], "type": "intra-zone"}}, {"type": "Feature", "geometry": {"type": "LineString", "coordinates": [[75.773273, 11.252079], [75.776641, 11.251004]]}, "properties": {"from": [75.7732729, 11.2520787], "to": [75.77664119651972, 11.251004005336426], "type": "intra-zone"}}, {"type": "Feature", "geometry": {"type": "LineString", "coordinates": [[75.792401, 11.241617], [75.792412, 11.241578]]}, "properties": {"from": [75.7924012, 11.2416174], "to": [75.7924125, 11.2415777], "type": "residential"}}, {"type": "Feature", "geometry": {"type": "LineString", "coordinates": [[75.773789, 11.248935], [75.776641, 11.251004]]}, "properties": {"from": [75.7737886, 11.2489352], "to": [75.77664119651972, 11.251004005336426], "type": "intra-zone"}}, {"type": "Feature", "geometry": {"type": "LineString", "coordinates": [[75.796939, 11.242304], [75.796963, 11.242561]]}, "properties": {"from": [75.7969394, 11.2423035], "to": [75.796963, 11.2425612], "type": "tertiary"}}, {"type": "Feature", "geometry": {"type": "LineString", "coordinates": [[75.796907, 11.252809], [75.796031, 11.249704]]}, "properties": {"from": [75.7969072, 11.2528093], "to": [75.79603117340068, 11.249703834006734], "type": "intra-zone"}}, {"type": "Feature", "geometry": {"type": "LineString", "coordinates": [[75.779219, 11.248886], [75.779159, 11.249135]]}, "properties": {"from": [75.7792189, 11.2488856], "to": [75.7791593, 11.2491348], "type": "secondary"}}, {"type": "Feature", "geometry": {"type": "LineString", "coordinates": [[75.797365, 11.253784], [75.796031, 11.249704]]}, "properties": {"from": [75.7973649, 11.2537835], "to": [75.79603117340068, 11.249703834006734], "type": "intra-zone"}}, {"type": "Feature", "geometry": {"type": "LineString", "coordinates": [[75.780985, 11.252912], [75.780958, 11.252942]]}, "properties": {"from": [75.7809846, 11.2529118], "to": [75.7809576, 11.2529423], "type": "primary"}}, {"type": "Feature", "geometry": {"type": "LineString", "coordinates": [[75.774034, 11.254655], [75.776641, 11.251004]]}, "properties": {"from": [75.7740337, 11.2546551], "to": [75.77664119651972, 11.251004005336426], "type": "intra-zone"}}, {"type": "Feature", "geometry": {"type": "LineString", "coordinates": [[75.796236, 11.246343], [75.796196, 11.246354]]}, "properties": {"from": [75.7962361, 11.2463433], "to": [75.7961959, 11.2463538], "type": "residential"}}, {"type": "Feature", "geometry": {"type": "LineString", "coordinates": [[75.780937, 11.252988], [75.780923, 11.253046]]}, "properties": {"from": [75.7809368, 11.2529876], "to": [75.7809227, 11.2530455], "type": "primary"}}, {"type": "Feature", "geometry": {"type": "LineString", "coordinates": [[75.78077, 11.252549], [75.780819, 11.252643]]}, "properties": {"from": [75.78077, 11.2525486], "to": [75.7808188, 11.2526429], "type": "tertiary"}}, {"type": "Feature", "geometry": {"type": "LineString", "coordinates": [[75.786982, 11.250891], [75.786427, 11.252457]]}, "properties": {"from": [75.7869819, 11.2508911], "to": [75.78642719263158, 11.25245679894737], "type": "intra-zone"}}, {"type": "Feature", "geometry": {"type": "LineString", "coordinates": [[75.773783, 11.248397], [75.776641, 11.251004]]}, "properties": {"from": [75.7737834, 11.2483972], "to": [75.77664119651972, 11.251004005336426], "type": "intra-zone"}}, {"type": "Feature", "geometry": {"type": "LineString", "coordinates": [[75.779083, 11.240979], [75.776554, 11.243155]]}, "properties": {"from": [75.7790833, 11.2409795], "to": [75.7765542862963, 11.243154998148148], "type": "intra-zone"}}, {"type": "Feature", "geometry": {"type": "LineString", "coordinates": [[75.783538, 11.250527], [75.786427, 11.252457]]}, "properties": {"from": [75.7835376, 11.250527], "to": [75.78642719263158, 11.25245679894737], "type": "intra-zone"}}, {"type": "Feature", "geometry": {"type": "LineString", "coordinates": [[75.802527, 11.241498], [75.802357, 11.241644]]}, "properties": {"from": [75.8025271, 11.2414982], "to": [75.8023568, 11.2416442], "type": "primary"}}, {"type": "Feature", "geometry": {"type": "LineString", "coordinates": [[75.790547, 11.254714], [75.790565, 11.255378]]}, "properties": {"from": [75.7905469, 11.2547143], "to": [75.7905654, 11.2553779], "type": "residential"}}, {"type": "Feature", "geometry": {"type": "LineString", "coordinates": [[75.782716, 11.240337], [75.782709, 11.240306]]}, "properties": {"from": [75.7827162, 11.2403374], "to": [75.7827095, 11.240306], "type": "residential"}}, {"type": "Feature", "geometry": {"type": "LineString", "coordinates": [[75.776746, 11.245076], [75.776554, 11.243155]]}, "properties": {"from": [75.7767458, 11.2450755], "to": [75.7765542862963, 11.243154998148148], "type": "intra-zone"}}, {"type": "Feature", "geometry": {"type": "LineString", "coordinates": [[75.783963, 11.246683], [75.785033, 11.243796]]}, "properties": {"from": [75.7839625, 11.2466835], "to": [75.78503318388888, 11.2437957125], "type": "intra-zone"}}, {"type": "Feature", "geometry": {"type": "LineString", "coordinates": [[75.77378, 11.254631], [75.776641, 11.251004]]}, "properties": {"from": [75.7737803, 11.2546311], "to": [75.77664119651972, 11.251004005336426], "type": "intra-zone"}}, {"type": "Feature", "geometry": {"type": "LineString", "coordinates": [[75.774643, 11.252323], [75.77459, 11.252171]]}, "properties": {"from": [75.7745903, 11.2521705], "to": [75.7746426, 11.2523234], "type": "tertiary"}}, {"type": "Feature", "geometry": {"type": "LineString", "coordinates": [[75.785144, 11.252431], [75.786427, 11.252457]]}, "properties": {"from": [75.7851441, 11.2524306], "to": [75.78642719263158, 11.25245679894737], "type": "intra-zone"}}, {"type": "Feature", "geometry": {"type": "LineString", "coordinates": [[75.775398, 11.245204], [75.775489, 11.244535]]}, "properties": {"from": [75.775398, 11.2452044], "to": [75.7754892, 11.2445345], "type": "residential"}}, {"type": "Feature", "geometry": {"type": "LineString", "coordinates": [[75.79677, 11.245577], [75.796791, 11.245564]]}, "properties": {"from": [75.7967913, 11.2455644], "to": [75.7967704, 11.2455765], "type": "tertiary"}}, {"type": "Feature", "geometry": {"type": "LineString", "coordinates": [[75.77938, 11.251419], [75.779973, 11.249163]]}, "properties": {"from": [75.7799728, 11.2491633], "to": [75.7793797, 11.2514188], "type": "residential"}}, {"type": "Feature", "geometry": {"type": "LineString", "coordinates": [[75.782015, 11.253383], [75.781961, 11.25332]]}, "properties": {"from": [75.782015, 11.2533829], "to": [75.7819614, 11.2533204], "type": "primary"}}, {"type": "Feature", "geometry": {"type": "LineString", "coordinates": [[75.7761, 11.245234], [75.776158, 11.245214]]}, "properties": {"from": [75.7761003, 11.2452337], "to": [75.7761581, 11.2452142], "type": "residential"}}, {"type": "Feature", "geometry": {"type": "LineString", "coordinates": [[75.782234, 11.243531], [75.782183, 11.243722]]}, "properties": {"from": [75.7822343, 11.2435308], "to": [75.7821831, 11.243722], "type": "tertiary"}}, {"type": "Feature", "geometry": {"type": "LineString", "coordinates": [[75.784533, 11.246708], [75.784483, 11.246704]]}, "properties": {"from": [75.7845328, 11.2467084], "to": [75.7844828, 11.2467043], "type": "tertiary"}}, {"type": "Feature", "geometry": {"type": "LineString", "coordinates": [[75.776186, 11.253798], [75.77622, 11.253295]]}, "properties": {"from": [75.7761864, 11.2537981], "to": [75.7762203, 11.2532954], "type": "secondary"}}, {"type": "Feature", "geometry": {"type": "LineString", "coordinates": [[75.776302, 11.252211], [75.77653, 11.252208]]}, "properties": {"from": [75.7763016, 11.2522109], "to": [75.7765296, 11.2522083], "type": "residential"}}, {"type": "Feature", "geometry": {"type": "LineString", "coordinates": [[75.782629, 11.241795], [75.782732, 11.241517]]}, "properties": {"from": [75.7826286, 11.2417948], "to": [75.7827322, 11.2415168], "type": "residential"}}, {"type": "Feature", "geometry": {"type": "LineString", "coordinates": [[75.781737, 11.239778], [75.785033, 11.243796]]}, "properties": {"from": [75.7817369, 11.2397781], "to": [75.78503318388888, 11.2437957125], "type": "intra-zone"}}, {"type": "Feature", "geometry": {"type": "LineString", "coordinates": [[75.797266, 11.249397], [75.796031, 11.249704]]}, "properties": {"from": [75.7972662, 11.249397], "to": [75.79603117340068, 11.249703834006734], "type": "intra-zone"}}, {"type": "Feature", "geometry": {"type": "LineString", "coordinates": [[75.779479, 11.253721], [75.779464, 11.25373]]}, "properties": {"from": [75.7794787, 11.2537206], "to": [75.7794642, 11.2537305], "type": "primary"}}, {"type": "Feature", "geometry": {"type": "LineString", "coordinates": [[75.775815, 11.251472], [75.77618, 11.2515]]}, "properties": {"from": [75.7758149, 11.2514724], "to": [75.7761805, 11.2515], "type": "secondary"}}, {"type": "Feature", "geometry": {"type": "LineString", "coordinates": [[75.777946, 11.247891], [75.777907, 11.247573]]}, "properties": {"from": [75.7779461, 11.2478908], "to": [75.7779074, 11.2475733], "type": "residential"}}, {"type": "Feature", "geometry": {"type": "LineString", "coordinates": [[75.793536, 11.244988], [75.79545, 11.244171]]}, "properties": {"from": [75.7935364, 11.244988], "to": [75.79545017109974, 11.244170827109974], "type": "intra-zone"}}, {"type": "Feature", "geometry": {"type": "LineString", "coordinates": [[75.790696, 11.247003], [75.79545, 11.244171]]}, "properties": {"from": [75.7906957, 11.2470025], "to": [75.79545017109974, 11.244170827109974], "type": "intra-zone"}}, {"type": "Feature", "geometry": {"type": "LineString", "coordinates": [[75.78169, 11.242801], [75.781496, 11.242678]]}, "properties": {"from": [75.7816905, 11.242801], "to": [75.7814963, 11.2426778], "type": "residential"}}, {"type": "Feature", "geometry": {"type": "LineString", "coordinates": [[75.77517, 11.243151], [75.775268, 11.241951]]}, "properties": {"from": [75.7751698, 11.2431507], "to": [75.7752676, 11.2419512], "type": "residential"}}, {"type": "Feature", "geometry": {"type": "LineString", "coordinates": [[75.795854, 11.24724], [75.796031, 11.249704]]}, "properties": {"from": [75.7958536, 11.2472396], "to": [75.79603117340068, 11.249703834006734], "type": "intra-zone"}}, {"type": "Feature", "geometry": {"type": "LineString", "coordinates": [[75.780758, 11.251326], [75.78076, 11.251399]]}, "properties": {"from": [75.7807584, 11.2513261], "to": [75.7807598, 11.2513992], "type": "residential"}}, {"type": "Feature", "geometry": {"type": "LineString", "coordinates": [[75.791505, 11.258379], [75.786427, 11.252457]]}, "properties": {"from": [75.7915047, 11.2583793], "to": [75.78642719263158, 11.25245679894737], "type": "intra-zone"}}, {"type": "Feature", "geometry": {"type": "LineString", "coordinates": [[75.775693, 11.240393], [75.776554, 11.243155]]}, "properties": {"from": [75.7756925, 11.2403934], "to": [75.7765542862963, 11.243154998148148], "type": "intra-zone"}}, {"type": "Feature", "geometry": {"type": "LineString", "coordinates": [[75.775259, 11.247255], [75.775624, 11.247234]]}, "properties": {"from": [75.7752592, 11.2472548], "to": [75.775624, 11.2472336], "type": "residential"}}, {"type": "Feature", "geometry": {"type": "LineString", "coordinates": [[75.781911, 11.239465], [75.78181, 11.239646]]}, "properties": {"from": [75.7819111, 11.2394648], "to": [75.7818104, 11.2396459], "type": "residential"}}, {"type": "Feature", "geometry": {"type": "LineString", "coordinates": [[75.780799, 11.24215], [75.776554, 11.243155]]}, "properties": {"from": [75.7807987, 11.2421497], "to": [75.7765542862963, 11.243154998148148], "type": "intra-zone"}}, {"type": "Feature", "geometry": {"type": "LineString", "coordinates": [[75.782037, 11.253428], [75.786427, 11.252457]]}, "properties": {"from": [75.7820372, 11.2534283], "to": [75.78642719263158, 11.25245679894737], "type": "intra-zone"}}, {"type": "Feature", "geometry": {"type": "LineString", "coordinates": [[75.787683, 11.2519], [75.787705, 11.251906]]}, "properties": {"from": [75.7876829, 11.2519001], "to": [75.7877045, 11.2519063], "type": "secondary"}}, {"type": "Feature", "geometry": {"type": "LineString", "coordinates": [[75.781395, 11.246734], [75.785033, 11.243796]]}, "properties": {"from": [75.7813947, 11.2467336], "to": [75.78503318388888, 11.2437957125], "type": "intra-zone"}}, {"type": "Feature", "geometry": {"type": "LineString", "coordinates": [[75.790518, 11.253649], [75.790553, 11.254289]]}, "properties": {"from": [75.7905183, 11.2536495], "to": [75.7905532, 11.2542893], "type": "residential"}}, {"type": "Feature", "geometry": {"type": "LineString", "coordinates": [[75.792825, 11.252273], [75.796031, 11.249704]]}, "properties": {"from": [75.7928251, 11.252273], "to": [75.79603117340068, 11.249703834006734], "type": "intra-zone"}}, {"type": "Feature", "geometry": {"type": "LineString", "coordinates": [[75.792859, 11.246626], [75.79272, 11.246645]]}, "properties": {"from": [75.7927199, 11.2466452], "to": [75.7928594, 11.2466264], "type": "residential"}}, {"type": "Feature", "geometry": {"type": "LineString", "coordinates": [[75.774742, 11.246242], [75.776554, 11.243155]]}, "properties": {"from": [75.7747416, 11.2462415], "to": [75.7765542862963, 11.243154998148148], "type": "intra-zone"}}, {"type": "Feature", "geometry": {"type": "LineString", "coordinates": [[75.79684, 11.246042], [75.79545, 11.244171]]}, "properties": {"from": [75.7968402, 11.2460421], "to": [75.79545017109974, 11.244170827109974], "type": "intra-zone"}}, {"type": "Feature", "geometry": {"type": "LineString", "coordinates": [[75.782994, 11.253011], [75.782751, 11.253238]]}, "properties": {"from": [75.7827514, 11.2532382], "to": [75.7829935, 11.2530112], "type": "primary"}}, {"type": "Feature", "geometry": {"type": "LineString", "coordinates": [[75.795752, 11.247676], [75.795754, 11.247637]]}, "properties": {"from": [75.7957516, 11.2476763], "to": [75.7957543, 11.2476369], "type": "residential"}}, {"type": "Feature", "geometry": {"type": "LineString", "coordinates": [[75.799305, 11.244432], [75.799223, 11.244615]]}, "properties": {"from": [75.7993053, 11.2444322], "to": [75.7992232, 11.2446154], "type": "primary"}}, {"type": "Feature", "geometry": {"type": "LineString", "coordinates": [[75.782857, 11.242596], [75.782731, 11.242689]]}, "properties": {"from": [75.7828571, 11.2425955], "to": [75.7827315, 11.2426892], "type": "tertiary"}}, {"type": "Feature", "geometry": {"type": "LineString", "coordinates": [[75.784257, 11.251867], [75.784284, 11.251899]]}, "properties": {"from": [75.7842573, 11.2518671], "to": [75.7842841, 11.2518987], "type": "residential"}}, {"type": "Feature", "geometry": {"type": "LineString", "coordinates": [[75.790547, 11.2521], [75.790432, 11.252081]]}, "properties": {"from": [75.7905473, 11.2520999], "to": [75.790432, 11.2520809], "type": "tertiary"}}, {"type": "Feature", "geometry": {"type": "LineString", "coordinates": [[75.781422, 11.252876], [75.786427, 11.252457]]}, "properties": {"from": [75.7814223, 11.2528758], "to": [75.78642719263158, 11.25245679894737], "type": "intra-zone"}}, {"type": "Feature", "geometry": {"type": "LineString", "coordinates": [[75.795405, 11.246596], [75.79545, 11.244171]]}, "properties": {"from": [75.7954046, 11.2465958], "to": [75.79545017109974, 11.244170827109974], "type": "intra-zone"}}, {"type": "Feature", "geometry": {"type": "LineString", "coordinates": [[75.796211, 11.251615], [75.796206, 11.251259]]}, "properties": {"from": [75.7962106, 11.2516155], "to": [75.7962064, 11.2512593], "type": "residential"}}, {"type": "Feature", "geometry": {"type": "LineString", "coordinates": [[75.776232, 11.254552], [75.776249, 11.254313]]}, "properties": {"from": [75.776232, 11.2545524], "to": [75.7762487, 11.254313], "type": "secondary"}}, {"type": "Feature", "geometry": {"type": "LineString", "coordinates": [[75.795733, 11.247821], [75.796031, 11.249704]]}, "properties": {"from": [75.7957329, 11.247821], "to": [75.79603117340068, 11.249703834006734], "type": "intra-zone"}}, {"type": "Feature", "geometry": {"type": "LineString", "coordinates": [[75.787572, 11.244206], [75.787467, 11.244549]]}, "properties": {"from": [75.7875723, 11.2442059], "to": [75.7874674, 11.244549], "type": "residential"}}, {"type": "Feature", "geometry": {"type": "LineString", "coordinates": [[75.796722, 11.248737], [75.796031, 11.249704]]}, "properties": {"from": [75.7967217, 11.2487367], "to": [75.79603117340068, 11.249703834006734], "type": "intra-zone"}}, {"type": "Feature", "geometry": {"type": "LineString", "coordinates": [[75.785377, 11.255402], [75.785795, 11.255467]]}, "properties": {"from": [75.7853775, 11.2554016], "to": [75.7857951, 11.2554673], "type": "primary"}}, {"type": "Feature", "geometry": {"type": "LineString", "coordinates": [[75.776782, 11.246724], [75.776851, 11.246342]]}, "properties": {"from": [75.7767822, 11.2467241], "to": [75.7768514, 11.2463419], "type": "residential"}}, {"type": "Feature", "geometry": {"type": "LineString", "coordinates": [[75.797229, 11.252055], [75.796996, 11.252225]]}, "properties": {"from": [75.7972286, 11.2520548], "to": [75.7969963, 11.2522249], "type": "primary"}}, {"type": "Feature", "geometry": {"type": "LineString", "coordinates": [[75.797336, 11.248797], [75.796031, 11.249704]]}, "properties": {"from": [75.7973359, 11.2487972], "to": [75.79603117340068, 11.249703834006734], "type": "intra-zone"}}, {"type": "Feature", "geometry": {"type": "LineString", "coordinates": [[75.795672, 11.245416], [75.79545, 11.244171]]}, "properties": {"from": [75.7956725, 11.2454158], "to": [75.79545017109974, 11.244170827109974], "type": "intra-zone"}}, {"type": "Feature", "geometry": {"type": "LineString", "coordinates": [[75.795998, 11.245876], [75.79545, 11.244171]]}, "properties": {"from": [75.7959979, 11.2458761], "to": [75.79545017109974, 11.244170827109974], "type": "intra-zone"}}, {"type": "Feature", "geometry": {"type": "LineString", "coordinates": [[75.778284, 11.24713], [75.776641, 11.251004]]}, "properties": {"from": [75.7782836, 11.2471298], "to": [75.77664119651972, 11.251004005336426], "type": "intra-zone"}}, {"type": "Feature", "geometry": {"type": "LineString", "coordinates": [[75.781426, 11.246546], [75.785033, 11.243796]]}, "properties": {"from": [75.7814256, 11.2465463], "to": [75.78503318388888, 11.2437957125], "type": "intra-zone"}}, {"type": "Feature", "geometry": {"type": "LineString", "coordinates": [[75.777988, 11.241796], [75.776554, 11.243155]]}, "properties": {"from": [75.7779878, 11.2417957], "to": [75.7765542862963, 11.243154998148148], "type": "intra-zone"}}, {"type": "Feature", "geometry": {"type": "LineString", "coordinates": [[75.779037, 11.250129], [75.77902, 11.250556]]}, "properties": {"from": [75.7790366, 11.2501295], "to": [75.7790202, 11.2505561], "type": "secondary"}}, {"type": "Feature", "geometry": {"type": "LineString", "coordinates": [[75.775364, 11.251363], [75.775425, 11.251382]]}, "properties": {"from": [75.7753642, 11.2513625], "to": [75.7754249, 11.2513824], "type": "secondary"}}, {"type": "Feature", "geometry": {"type": "LineString", "coordinates": [[75.783044, 11.246671], [75.785033, 11.243796]]}, "properties": {"from": [75.7830436, 11.246671], "to": [75.78503318388888, 11.2437957125], "type": "intra-zone"}}, {"type": "Feature", "geometry": {"type": "LineString", "coordinates": [[75.793171, 11.241868], [75.79545, 11.244171]]}, "properties": {"from": [75.7931713, 11.2418682], "to": [75.79545017109974, 11.244170827109974], "type": "intra-zone"}}, {"type": "Feature", "geometry": {"type": "LineString", "coordinates": [[75.783954, 11.251635], [75.786427, 11.252457]]}, "properties": {"from": [75.7839539, 11.2516348], "to": [75.78642719263158, 11.25245679894737], "type": "intra-zone"}}, {"type": "Feature", "geometry": {"type": "LineString", "coordinates": [[75.77709, 11.242193], [75.776554, 11.243155]]}, "properties": {"from": [75.7770896, 11.242193], "to": [75.7765542862963, 11.243154998148148], "type": "intra-zone"}}, {"type": "Feature", "geometry": {"type": "LineString", "coordinates": [[75.783295, 11.243861], [75.783279, 11.243948]]}, "properties": {"from": [75.7832949, 11.2438612], "to": [75.7832788, 11.2439483], "type": "residential"}}, {"type": "Feature", "geometry": {"type": "LineString", "coordinates": [[75.779811, 11.248538], [75.779691, 11.248558]]}, "properties": {"from": [75.7798115, 11.2485377], "to": [75.7796905, 11.2485581], "type": "secondary"}}, {"type": "Feature", "geometry": {"type": "LineString", "coordinates": [[75.7744, 11.250202], [75.776641, 11.251004]]}, "properties": {"from": [75.7744004, 11.2502019], "to": [75.77664119651972, 11.251004005336426], "type": "intra-zone"}}, {"type": "Feature", "geometry": {"type": "LineString", "coordinates": [[75.803168, 11.241054], [75.79545, 11.244171]]}, "properties": {"from": [75.8031676, 11.2410544], "to": [75.79545017109974, 11.244170827109974], "type": "intra-zone"}}, {"type": "Feature", "geometry": {"type": "LineString", "coordinates": [[75.787311, 11.252137], [75.786427, 11.252457]]}, "properties": {"from": [75.7873109, 11.2521374], "to": [75.78642719263158, 11.25245679894737], "type": "intra-zone"}}, {"type": "Feature", "geometry": {"type": "LineString", "coordinates": [[75.80481, 11.237833], [75.804824, 11.238095]]}, "properties": {"from": [75.8048095, 11.2378333], "to": [75.8048245, 11.2380952], "type": "primary"}}, {"type": "Feature", "geometry": {"type": "LineString", "coordinates": [[75.796759, 11.247374], [75.796738, 11.246611]]}, "properties": {"from": [75.7967591, 11.2473743], "to": [75.7967377, 11.2466114], "type": "tertiary"}}, {"type": "Feature", "geometry": {"type": "LineString", "coordinates": [[75.781004, 11.242451], [75.78075, 11.242356]]}, "properties": {"from": [75.7807497, 11.2423559], "to": [75.781004, 11.2424512], "type": "residential"}}, {"type": "Feature", "geometry": {"type": "LineString", "coordinates": [[75.796765, 11.243033], [75.79545, 11.244171]]}, "properties": {"from": [75.7967651, 11.2430326], "to": [75.79545017109974, 11.244170827109974], "type": "intra-zone"}}, {"type": "Feature", "geometry": {"type": "LineString", "coordinates": [[75.78122, 11.24059], [75.785033, 11.243796]]}, "properties": {"from": [75.7812198, 11.2405904], "to": [75.78503318388888, 11.2437957125], "type": "intra-zone"}}, {"type": "Feature", "geometry": {"type": "LineString", "coordinates": [[75.777114, 11.246016], [75.776554, 11.243155]]}, "properties": {"from": [75.7771143, 11.2460157], "to": [75.7765542862963, 11.243154998148148], "type": "intra-zone"}}, {"type": "Feature", "geometry": {"type": "LineString", "coordinates": [[75.79302, 11.24508], [75.79545, 11.244171]]}, "properties": {"from": [75.7930205, 11.2450802], "to": [75.79545017109974, 11.244170827109974], "type": "intra-zone"}}, {"type": "Feature", "geometry": {"type": "LineString", "coordinates": [[75.77623, 11.253213], [75.776249, 11.252997]]}, "properties": {"from": [75.7762301, 11.2532129], "to": [75.7762491, 11.2529965], "type": "secondary"}}, {"type": "Feature", "geometry": {"type": "LineString", "coordinates": [[75.781145, 11.247981], [75.781045, 11.248479]]}, "properties": {"from": [75.7811447, 11.2479811], "to": [75.7810449, 11.2484788], "type": "tertiary"}}, {"type": "Feature", "geometry": {"type": "LineString", "coordinates": [[75.775467, 11.241219], [75.775693, 11.240393]]}, "properties": {"from": [75.7754673, 11.2412189], "to": [75.7756925, 11.2403934], "type": "residential"}}, {"type": "Feature", "geometry": {"type": "LineString", "coordinates": [[75.777013, 11.248629], [75.776828, 11.248573]]}, "properties": {"from": [75.7770129, 11.2486287], "to": [75.7768278, 11.2485735], "type": "residential"}}, {"type": "Feature", "geometry": {"type": "LineString", "coordinates": [[75.77661, 11.247305], [75.776641, 11.251004]]}, "properties": {"from": [75.77661, 11.2473047], "to": [75.77664119651972, 11.251004005336426], "type": "intra-zone"}}, {"type": "Feature", "geometry": {"type": "LineString", "coordinates": [[75.795949, 11.245675], [75.795977, 11.245763]]}, "properties": {"from": [75.7959487, 11.2456749], "to": [75.7959769, 11.2457629], "type": "residential"}}, {"type": "Feature", "geometry": {"type": "LineString", "coordinates": [[75.796245, 11.252932], [75.796178, 11.252639]]}, "properties": {"from": [75.7962452, 11.2529323], "to": [75.7961784, 11.2526388], "type": "residential"}}, {"type": "Feature", "geometry": {"type": "LineString", "coordinates": [[75.778999, 11.243581], [75.776554, 11.243155]]}, "properties": {"from": [75.7789988, 11.2435814], "to": [75.7765542862963, 11.243154998148148], "type": "intra-zone"}}, {"type": "Feature", "geometry": {"type": "LineString", "coordinates": [[75.78506, 11.251056], [75.785017, 11.250923]]}, "properties": {"from": [75.7850599, 11.251056], "to": [75.7850169, 11.2509227], "type": "residential"}}, {"type": "Feature", "geometry": {"type": "LineString", "coordinates": [[75.785107, 11.244575], [75.785153, 11.244271]]}, "properties": {"from": [75.7851068, 11.2445753], "to": [75.7851526, 11.2442712], "type": "primary"}}, {"type": "Feature", "geometry": {"type": "LineString", "coordinates": [[75.787066, 11.252954], [75.786427, 11.252457]]}, "properties": {"from": [75.7870659, 11.2529543], "to": [75.78642719263158, 11.25245679894737], "type": "intra-zone"}}, {"type": "Feature", "geometry": {"type": "LineString", "coordinates": [[75.782629, 11.241795], [75.785033, 11.243796]]}, "properties": {"from": [75.7826286, 11.2417948], "to": [75.78503318388888, 11.2437957125], "type": "intra-zone"}}, {"type": "Feature", "geometry": {"type": "LineString", "coordinates": [[75.783137, 11.246035], [75.785033, 11.243796]]}, "properties": {"from": [75.7831375, 11.2460345], "to": [75.78503318388888, 11.2437957125], "type": "intra-zone"}}, {"type": "Feature", "geometry": {"type": "LineString", "coordinates": [[75.788059, 11.253889], [75.788063, 11.254038]]}, "properties": {"from": [75.7880586, 11.2538889], "to": [75.7880627, 11.254038], "type": "residential"}}, {"type": "Feature", "geometry": {"type": "LineString", "coordinates": [[75.791518, 11.258614], [75.791443, 11.258924]]}, "properties": {"from": [75.791518, 11.2586143], "to": [75.7914434, 11.2589236], "type": "primary"}}, {"type": "Feature", "geometry": {"type": "LineString", "coordinates": [[75.772553, 11.254013], [75.776641, 11.251004]]}, "properties": {"from": [75.7725533, 11.2540131], "to": [75.77664119651972, 11.251004005336426], "type": "intra-zone"}}, {"type": "Feature", "geometry": {"type": "LineString", "coordinates": [[75.797179, 11.244442], [75.797434, 11.244437]]}, "properties": {"from": [75.7971795, 11.2444419], "to": [75.7974344, 11.2444366], "type": "tertiary"}}, {"type": "Feature", "geometry": {"type": "LineString", "coordinates": [[75.778882, 11.242436], [75.779276, 11.242509]]}, "properties": {"from": [75.7788825, 11.2424361], "to": [75.7792764, 11.2425088], "type": "residential"}}, {"type": "Feature", "geometry": {"type": "LineString", "coordinates": [[75.776407, 11.249207], [75.776641, 11.251004]]}, "properties": {"from": [75.7764067, 11.2492069], "to": [75.77664119651972, 11.251004005336426], "type": "intra-zone"}}, {"type": "Feature", "geometry": {"type": "LineString", "coordinates": [[75.785624, 11.242977], [75.785547, 11.242958]]}, "properties": {"from": [75.7856236, 11.2429766], "to": [75.7855468, 11.2429576], "type": "secondary"}}, {"type": "Feature", "geometry": {"type": "LineString", "coordinates": [[75.797459, 11.248226], [75.797446, 11.248282]]}, "properties": {"from": [75.7974593, 11.2482264], "to": [75.7974459, 11.2482816], "type": "residential"}}, {"type": "Feature", "geometry": {"type": "LineString", "coordinates": [[75.775059, 11.238588], [75.776554, 11.243155]]}, "properties": {"from": [75.775059, 11.2385882], "to": [75.7765542862963, 11.243154998148148], "type": "intra-zone"}}, {"type": "Feature", "geometry": {"type": "LineString", "coordinates": [[75.796176, 11.250758], [75.796175, 11.250691]]}, "properties": {"from": [75.7961762, 11.2507585], "to": [75.7961745, 11.2506907], "type": "residential"}}, {"type": "Feature", "geometry": {"type": "LineString", "coordinates": [[75.786963, 11.253419], [75.786684, 11.253337]]}, "properties": {"from": [75.7869634, 11.2534188], "to": [75.7866844, 11.2533366], "type": "residential"}}, {"type": "Feature", "geometry": {"type": "LineString", "coordinates": [[75.795497, 11.245438], [75.79545, 11.244171]]}, "properties": {"from": [75.7954966, 11.2454384], "to": [75.79545017109974, 11.244170827109974], "type": "intra-zone"}}, {"type": "Feature", "geometry": {"type": "LineString", "coordinates": [[75.796813, 11.246042], [75.796803, 11.246]]}, "properties": {"from": [75.7968133, 11.2460421], "to": [75.7968026, 11.246], "type": "tertiary"}}, {"type": "Feature", "geometry": {"type": "LineString", "coordinates": [[75.782297, 11.253499], [75.786427, 11.252457]]}, "properties": {"from": [75.7822971, 11.2534989], "to": [75.78642719263158, 11.25245679894737], "type": "intra-zone"}}, {"type": "Feature", "geometry": {"type": "LineString", "coordinates": [[75.773784, 11.250349], [75.776641, 11.251004]]}, "properties": {"from": [75.7737838, 11.250349], "to": [75.77664119651972, 11.251004005336426], "type": "intra-zone"}}, {"type": "Feature", "geometry": {"type": "LineString", "coordinates": [[75.78075, 11.242356], [75.776554, 11.243155]]}, "properties": {"from": [75.7807497, 11.2423559], "to": [75.7765542862963, 11.243154998148148], "type": "intra-zone"}}, {"type": "Feature", "geometry": {"type": "LineString", "coordinates": [[75.778999, 11.243581], [75.778948, 11.243664]]}, "properties": {"from": [75.7789988, 11.2435814], "to": [75.7789481, 11.2436642], "type": "residential"}}, {"type": "Feature", "geometry": {"type": "LineString", "coordinates": [[75.797406, 11.248479], [75.797395, 11.248532]]}, "properties": {"from": [75.7974056, 11.2484789], "to": [75.7973949, 11.2485315], "type": "residential"}}, {"type": "Feature", "geometry": {"type": "LineString", "coordinates": [[75.78877, 11.253859], [75.788827, 11.25378]]}, "properties": {"from": [75.7887702, 11.2538591], "to": [75.7888269, 11.2537805], "type": "residential"}}, {"type": "Feature", "geometry": {"type": "LineString", "coordinates": [[75.795727, 11.246548], [75.79545, 11.244171]]}, "properties": {"from": [75.7957265, 11.2465485], "to": [75.79545017109974, 11.244170827109974], "type": "intra-zone"}}, {"type": "Feature", "geometry": {"type": "LineString", "coordinates": [[75.787066, 11.252954], [75.787008, 11.253092]]}, "properties": {"from": [75.7870659, 11.2529543], "to": [75.7870077, 11.2530917], "type": "secondary"}}, {"type": "Feature", "geometry": {"type": "LineString", "coordinates": [[75.782816, 11.241136], [75.782899, 11.240773]]}, "properties": {"from": [75.7828157, 11.2411363], "to": [75.7828985, 11.2407729], "type": "residential"}}, {"type": "Feature", "geometry": {"type": "LineString", "coordinates": [[75.776662, 11.246723], [75.776442, 11.246709]]}, "properties": {"from": [75.7766624, 11.246723], "to": [75.7764417, 11.2467089], "type": "residential"}}, {"type": "Feature", "geometry": {"type": "LineString", "coordinates": [[75.796811, 11.24636], [75.79545, 11.244171]]}, "properties": {"from": [75.7968107, 11.2463605], "to": [75.79545017109974, 11.244170827109974], "type": "intra-zone"}}, {"type": "Feature", "geometry": {"type": "LineString", "coordinates": [[75.798055, 11.248583], [75.798031, 11.248644]]}, "properties": {"from": [75.7980554, 11.248583], "to": [75.7980312, 11.2486436], "type": "residential"}}, {"type": "Feature", "geometry": {"type": "LineString", "coordinates": [[75.773781, 11.253837], [75.776641, 11.251004]]}, "properties": {"from": [75.7737807, 11.2538375], "to": [75.77664119651972, 11.251004005336426], "type": "intra-zone"}}, {"type": "Feature", "geometry": {"type": "LineString", "coordinates": [[75.773783, 11.248397], [75.773254, 11.248317]]}, "properties": {"from": [75.7732542, 11.2483168], "to": [75.7737834, 11.2483972], "type": "residential"}}, {"type": "Feature", "geometry": {"type": "LineString", "coordinates": [[75.775604, 11.246102], [75.776554, 11.243155]]}, "properties": {"from": [75.7756041, 11.2461024], "to": [75.7765542862963, 11.243154998148148], "type": "intra-zone"}}, {"type": "Feature", "geometry": {"type": "LineString", "coordinates": [[75.790979, 11.252157], [75.790811, 11.252143]]}, "properties": {"from": [75.7908106, 11.2521433], "to": [75.7909794, 11.2521572], "type": "tertiary"}}, {"type": "Feature", "geometry": {"type": "LineString", "coordinates": [[75.785244, 11.242879], [75.785126, 11.242883]]}, "properties": {"from": [75.7852441, 11.2428791], "to": [75.7851262, 11.2428831], "type": "secondary"}}, {"type": "Feature", "geometry": {"type": "LineString", "coordinates": [[75.785173, 11.244099], [75.785033, 11.243796]]}, "properties": {"from": [75.7851735, 11.2440993], "to": [75.78503318388888, 11.2437957125], "type": "intra-zone"}}, {"type": "Feature", "geometry": {"type": "LineString", "coordinates": [[75.78366, 11.24667], [75.783591, 11.246666]]}, "properties": {"from": [75.7836599, 11.2466696], "to": [75.7835909, 11.2466661], "type": "tertiary"}}, {"type": "Feature", "geometry": {"type": "LineString", "coordinates": [[75.796419, 11.245737], [75.79545, 11.244171]]}, "properties": {"from": [75.7964192, 11.245737], "to": [75.79545017109974, 11.244170827109974], "type": "intra-zone"}}, {"type": "Feature", "geometry": {"type": "LineString", "coordinates": [[75.779071, 11.249728], [75.779037, 11.250129]]}, "properties": {"from": [75.7790711, 11.2497279], "to": [75.7790366, 11.2501295], "type": "secondary"}}, {"type": "Feature", "geometry": {"type": "LineString", "coordinates": [[75.79089, 11.249387], [75.790943, 11.249061]]}, "properties": {"from": [75.7908904, 11.2493869], "to": [75.7909435, 11.2490607], "type": "residential"}}, {"type": "Feature", "geometry": {"type": "LineString", "coordinates": [[75.780711, 11.250284], [75.780711, 11.250376]]}, "properties": {"from": [75.7807115, 11.2502843], "to": [75.7807115, 11.2503764], "type": "residential"}}, {"type": "Feature", "geometry": {"type": "LineString", "coordinates": [[75.779147, 11.243332], [75.778999, 11.243581]]}, "properties": {"from": [75.779147, 11.2433317], "to": [75.7789988, 11.2435814], "type": "residential"}}, {"type": "Feature", "geometry": {"type": "LineString", "coordinates": [[75.782816, 11.241136], [75.785033, 11.243796]]}, "properties": {"from": [75.7828157, 11.2411363], "to": [75.78503318388888, 11.2437957125], "type": "intra-zone"}}, {"type": "Feature", "geometry": {"type": "LineString", "coordinates": [[75.795172, 11.244046], [75.79545, 11.244171]]}, "properties": {"from": [75.7951716, 11.2440455], "to": [75.79545017109974, 11.244170827109974], "type": "intra-zone"}}, {"type": "Feature", "geometry": {"type": "LineString", "coordinates": [[75.787667, 11.248033], [75.7876, 11.24807]]}, "properties": {"from": [75.7876674, 11.2480329], "to": [75.7876, 11.24807], "type": "tertiary"}}, {"type": "Feature", "geometry": {"type": "LineString", "coordinates": [[75.792731, 11.252716], [75.792774, 11.252674]]}, "properties": {"from": [75.7927308, 11.2527155], "to": [75.7927745, 11.2526736], "type": "tertiary"}}, {"type": "Feature", "geometry": {"type": "LineString", "coordinates": [[75.786462, 11.252677], [75.786427, 11.252457]]}, "properties": {"from": [75.7864618, 11.2526766], "to": [75.78642719263158, 11.25245679894737], "type": "intra-zone"}}, {"type": "Feature", "geometry": {"type": "LineString", "coordinates": [[75.774041, 11.245021], [75.773395, 11.244965]]}, "properties": {"from": [75.7740415, 11.2450208], "to": [75.7733951, 11.2449655], "type": "residential"}}, {"type": "Feature", "geometry": {"type": "LineString", "coordinates": [[75.79012, 11.249177], [75.79013, 11.249106]]}, "properties": {"from": [75.7901197, 11.2491771], "to": [75.7901301, 11.2491059], "type": "residential"}}, {"type": "Feature", "geometry": {"type": "LineString", "coordinates": [[75.785783, 11.252495], [75.785918, 11.25253]]}, "properties": {"from": [75.7857832, 11.252495], "to": [75.7859176, 11.25253], "type": "residential"}}, {"type": "Feature", "geometry": {"type": "LineString", "coordinates": [[75.787836, 11.247735], [75.787708, 11.24801]]}, "properties": {"from": [75.787836, 11.2477352], "to": [75.7877084, 11.2480104], "type": "tertiary"}}, {"type": "Feature", "geometry": {"type": "LineString", "coordinates": [[75.796963, 11.242655], [75.79545, 11.244171]]}, "properties": {"from": [75.796963, 11.2426548], "to": [75.79545017109974, 11.244170827109974], "type": "intra-zone"}}, {"type": "Feature", "geometry": {"type": "LineString", "coordinates": [[75.77903, 11.239617], [75.779075, 11.239547]]}, "properties": {"from": [75.7790297, 11.2396168], "to": [75.7790749, 11.2395473], "type": "residential"}}, {"type": "Feature", "geometry": {"type": "LineString", "coordinates": [[75.782834, 11.246686], [75.785033, 11.243796]]}, "properties": {"from": [75.7828341, 11.2466864], "to": [75.78503318388888, 11.2437957125], "type": "intra-zone"}}, {"type": "Feature", "geometry": {"type": "LineString", "coordinates": [[75.783144, 11.24539], [75.783164, 11.245327]]}, "properties": {"from": [75.7831637, 11.2453266], "to": [75.7831437, 11.2453898], "type": "residential"}}, {"type": "Feature", "geometry": {"type": "LineString", "coordinates": [[75.797379, 11.248658], [75.797347, 11.24875]]}, "properties": {"from": [75.7973788, 11.2486578], "to": [75.7973466, 11.2487499], "type": "residential"}}, {"type": "Feature", "geometry": {"type": "LineString", "coordinates": [[75.774566, 11.240128], [75.774636, 11.239893]]}, "properties": {"from": [75.7745662, 11.2401281], "to": [75.7746362, 11.239893], "type": "secondary"}}, {"type": "Feature", "geometry": {"type": "LineString", "coordinates": [[75.779159, 11.249135], [75.776641, 11.251004]]}, "properties": {"from": [75.7791593, 11.2491348], "to": [75.77664119651972, 11.251004005336426], "type": "intra-zone"}}, {"type": "Feature", "geometry": {"type": "LineString", "coordinates": [[75.776712, 11.245282], [75.776746, 11.245076]]}, "properties": {"from": [75.7767119, 11.2452817], "to": [75.7767458, 11.2450755], "type": "residential"}}, {"type": "Feature", "geometry": {"type": "LineString", "coordinates": [[75.789243, 11.251947], [75.786427, 11.252457]]}, "properties": {"from": [75.7892432, 11.2519466], "to": [75.78642719263158, 11.25245679894737], "type": "intra-zone"}}, {"type": "Feature", "geometry": {"type": "LineString", "coordinates": [[75.787624, 11.246477], [75.787618, 11.246408]]}, "properties": {"from": [75.7876239, 11.2464771], "to": [75.7876177, 11.2464076], "type": "residential"}}, {"type": "Feature", "geometry": {"type": "LineString", "coordinates": [[75.796206, 11.251259], [75.796158, 11.251024]]}, "properties": {"from": [75.7962064, 11.2512593], "to": [75.7961577, 11.2510244], "type": "residential"}}, {"type": "Feature", "geometry": {"type": "LineString", "coordinates": [[75.78818, 11.25012], [75.786427, 11.252457]]}, "properties": {"from": [75.7881797, 11.25012], "to": [75.78642719263158, 11.25245679894737], "type": "intra-zone"}}, {"type": "Feature", "geometry": {"type": "LineString", "coordinates": [[75.79911, 11.245298], [75.79545, 11.244171]]}, "properties": {"from": [75.7991103, 11.2452978], "to": [75.79545017109974, 11.244170827109974], "type": "intra-zone"}}, {"type": "Feature", "geometry": {"type": "LineString", "coordinates": [[75.785307, 11.250944], [75.786427, 11.252457]]}, "properties": {"from": [75.7853069, 11.250944], "to": [75.78642719263158, 11.25245679894737], "type": "intra-zone"}}, {"type": "Feature", "geometry": {"type": "LineString", "coordinates": [[75.777974, 11.246051], [75.776554, 11.243155]]}, "properties": {"from": [75.7779736, 11.2460507], "to": [75.7765542862963, 11.243154998148148], "type": "intra-zone"}}, {"type": "Feature", "geometry": {"type": "LineString", "coordinates": [[75.782183, 11.246765], [75.782327, 11.246757]]}, "properties": {"from": [75.7821825, 11.246765], "to": [75.7823272, 11.2467573], "type": "tertiary"}}, {"type": "Feature", "geometry": {"type": "LineString", "coordinates": [[75.781599, 11.254351], [75.781656, 11.25434]]}, "properties": {"from": [75.7815993, 11.254351], "to": [75.7816563, 11.2543398], "type": "primary"}}, {"type": "Feature", "geometry": {"type": "LineString", "coordinates": [[75.787514, 11.247356], [75.785033, 11.243796]]}, "properties": {"from": [75.7875139, 11.2473562], "to": [75.78503318388888, 11.2437957125], "type": "intra-zone"}}, {"type": "Feature", "geometry": {"type": "LineString", "coordinates": [[75.797837, 11.242462], [75.796963, 11.242561]]}, "properties": {"from": [75.796963, 11.2425612], "to": [75.7978373, 11.2424617], "type": "tertiary"}}, {"type": "Feature", "geometry": {"type": "LineString", "coordinates": [[75.783042, 11.246292], [75.785033, 11.243796]]}, "properties": {"from": [75.7830425, 11.2462922], "to": [75.78503318388888, 11.2437957125], "type": "intra-zone"}}, {"type": "Feature", "geometry": {"type": "LineString", "coordinates": [[75.788514, 11.242488], [75.788556, 11.242704]]}, "properties": {"from": [75.7885559, 11.2427038], "to": [75.788514, 11.2424878], "type": "residential"}}, {"type": "Feature", "geometry": {"type": "LineString", "coordinates": [[75.781221, 11.241018], [75.781211, 11.241307]]}, "properties": {"from": [75.7812205, 11.2410178], "to": [75.7812112, 11.2413075], "type": "residential"}}, {"type": "Feature", "geometry": {"type": "LineString", "coordinates": [[75.780861, 11.248646], [75.780783, 11.248645]]}, "properties": {"from": [75.7807825, 11.2486451], "to": [75.780861, 11.2486462], "type": "secondary"}}, {"type": "Feature", "geometry": {"type": "LineString", "coordinates": [[75.795584, 11.247631], [75.795535, 11.247512]]}, "properties": {"from": [75.7955841, 11.2476307], "to": [75.7955351, 11.2475116], "type": "residential"}}, {"type": "Feature", "geometry": {"type": "LineString", "coordinates": [[75.795126, 11.243698], [75.79545, 11.244171]]}, "properties": {"from": [75.7951259, 11.2436978], "to": [75.79545017109974, 11.244170827109974], "type": "intra-zone"}}, {"type": "Feature", "geometry": {"type": "LineString", "coordinates": [[75.795909, 11.246404], [75.795903, 11.246459]]}, "properties": {"from": [75.7959089, 11.2464038], "to": [75.7959035, 11.246459], "type": "residential"}}, {"type": "Feature", "geometry": {"type": "LineString", "coordinates": [[75.79336, 11.24505], [75.793464, 11.245056]]}, "properties": {"from": [75.7933604, 11.2450505], "to": [75.7934636, 11.2450564], "type": "residential"}}, {"type": "Feature", "geometry": {"type": "LineString", "coordinates": [[75.793124, 11.247898], [75.796031, 11.249704]]}, "properties": {"from": [75.7931237, 11.2478983], "to": [75.79603117340068, 11.249703834006734], "type": "intra-zone"}}, {"type": "Feature", "geometry": {"type": "LineString", "coordinates": [[75.773389, 11.247605], [75.776641, 11.251004]]}, "properties": {"from": [75.7733891, 11.2476054], "to": [75.77664119651972, 11.251004005336426], "type": "intra-zone"}}, {"type": "Feature", "geometry": {"type": "LineString", "coordinates": [[75.775909, 11.241602], [75.775922, 11.241664]]}, "properties": {"from": [75.775909, 11.2416021], "to": [75.7759221, 11.241664], "type": "residential"}}, {"type": "Feature", "geometry": {"type": "LineString", "coordinates": [[75.776026, 11.24717], [75.775838, 11.247433]]}, "properties": {"from": [75.7760258, 11.2471705], "to": [75.775838, 11.2474335], "type": "residential"}}, {"type": "Feature", "geometry": {"type": "LineString", "coordinates": [[75.795874, 11.245451], [75.795892, 11.245544]]}, "properties": {"from": [75.7958743, 11.2454505], "to": [75.795892, 11.2455442], "type": "residential"}}, {"type": "Feature", "geometry": {"type": "LineString", "coordinates": [[75.795877, 11.255197], [75.795934, 11.25482]]}, "properties": {"from": [75.7958768, 11.2551972], "to": [75.7959344, 11.25482], "type": "residential"}}, {"type": "Feature", "geometry": {"type": "LineString", "coordinates": [[75.780138, 11.24857], [75.776641, 11.251004]]}, "properties": {"from": [75.7801377, 11.2485697], "to": [75.77664119651972, 11.251004005336426], "type": "intra-zone"}}, {"type": "Feature", "geometry": {"type": "LineString", "coordinates": [[75.796925, 11.243664], [75.79545, 11.244171]]}, "properties": {"from": [75.7969248, 11.2436645], "to": [75.79545017109974, 11.244170827109974], "type": "intra-zone"}}, {"type": "Feature", "geometry": {"type": "LineString", "coordinates": [[75.795581, 11.240811], [75.795677, 11.240806]]}, "properties": {"from": [75.795581, 11.2408111], "to": [75.7956767, 11.2408063], "type": "secondary"}}, {"type": "Feature", "geometry": {"type": "LineString", "coordinates": [[75.795412, 11.25235], [75.796031, 11.249704]]}, "properties": {"from": [75.7954123, 11.25235], "to": [75.79603117340068, 11.249703834006734], "type": "intra-zone"}}, {"type": "Feature", "geometry": {"type": "LineString", "coordinates": [[75.779191, 11.255433], [75.779176, 11.25547]]}, "properties": {"from": [75.7791907, 11.2554328], "to": [75.7791759, 11.2554696], "type": "primary"}}, {"type": "Feature", "geometry": {"type": "LineString", "coordinates": [[75.774604, 11.246148], [75.774744, 11.246053]]}, "properties": {"from": [75.7746043, 11.2461477], "to": [75.7747436, 11.2460533], "type": "residential"}}, {"type": "Feature", "geometry": {"type": "LineString", "coordinates": [[75.77599, 11.246661], [75.77579, 11.246617]]}, "properties": {"from": [75.7759902, 11.2466608], "to": [75.77579, 11.2466168], "type": "residential"}}, {"type": "Feature", "geometry": {"type": "LineString", "coordinates": [[75.796722, 11.243159], [75.79545, 11.244171]]}, "properties": {"from": [75.7967222, 11.2431589], "to": [75.79545017109974, 11.244170827109974], "type": "intra-zone"}}, {"type": "Feature", "geometry": {"type": "LineString", "coordinates": [[75.797022, 11.250221], [75.796031, 11.249704]]}, "properties": {"from": [75.7970224, 11.2502212], "to": [75.79603117340068, 11.249703834006734], "type": "intra-zone"}}, {"type": "Feature", "geometry": {"type": "LineString", "coordinates": [[75.797102, 11.245535], [75.79545, 11.244171]]}, "properties": {"from": [75.7971024, 11.2455354], "to": [75.79545017109974, 11.244170827109974], "type": "intra-zone"}}, {"type": "Feature", "geometry": {"type": "LineString", "coordinates": [[75.77838, 11.230591], [75.778597, 11.230239]]}, "properties": {"from": [75.7783804, 11.2305911], "to": [75.7785971, 11.2302394], "type": "secondary"}}, {"type": "Feature", "geometry": {"type": "LineString", "coordinates": [[75.775424, 11.25318], [75.775589, 11.253231]]}, "properties": {"from": [75.7754243, 11.2531803], "to": [75.7755888, 11.2532308], "type": "residential"}}, {"type": "Feature", "geometry": {"type": "LineString", "coordinates": [[75.793124, 11.247898], [75.793124, 11.247932]]}, "properties": {"from": [75.7931237, 11.2478983], "to": [75.7931237, 11.2479325], "type": "residential"}}, {"type": "Feature", "geometry": {"type": "LineString", "coordinates": [[75.776938, 11.242552], [75.77709, 11.242193]]}, "properties": {"from": [75.7769378, 11.2425518], "to": [75.7770896, 11.242193], "type": "residential"}}, {"type": "Feature", "geometry": {"type": "LineString", "coordinates": [[75.783359, 11.242248], [75.785033, 11.243796]]}, "properties": {"from": [75.7833587, 11.2422483], "to": [75.78503318388888, 11.2437957125], "type": "intra-zone"}}, {"type": "Feature", "geometry": {"type": "LineString", "coordinates": [[75.796662, 11.245644], [75.79677, 11.245577]]}, "properties": {"from": [75.7967704, 11.2455765], "to": [75.7966618, 11.2456442], "type": "residential"}}, {"type": "Feature", "geometry": {"type": "LineString", "coordinates": [[75.797705, 11.244452], [75.797907, 11.244518]]}, "properties": {"from": [75.7977053, 11.2444524], "to": [75.7979066, 11.2445182], "type": "tertiary"}}, {"type": "Feature", "geometry": {"type": "LineString", "coordinates": [[75.782607, 11.241855], [75.782777, 11.241914]]}, "properties": {"from": [75.7826071, 11.2418553], "to": [75.7827766, 11.2419137], "type": "secondary"}}, {"type": "Feature", "geometry": {"type": "LineString", "coordinates": [[75.804304, 11.236294], [75.79545, 11.244171]]}, "properties": {"from": [75.8043041, 11.2362941], "to": [75.79545017109974, 11.244170827109974], "type": "intra-zone"}}, {"type": "Feature", "geometry": {"type": "LineString", "coordinates": [[75.797336, 11.248797], [75.797331, 11.248868]]}, "properties": {"from": [75.7973359, 11.2487972], "to": [75.7973305, 11.2488682], "type": "residential"}}, {"type": "Feature", "geometry": {"type": "LineString", "coordinates": [[75.796031, 11.249704], [75.785033, 11.243796]]}, "properties": {"from": [75.79603117340068, 11.249703834006734], "to": [75.78503318388888, 11.2437957125], "type": "inter-zone"}}, {"type": "Feature", "geometry": {"type": "LineString", "coordinates": [[75.780752, 11.251055], [75.780757, 11.251155]]}, "properties": {"from": [75.7807517, 11.2510551], "to": [75.7807571, 11.2511551], "type": "residential"}}, {"type": "Feature", "geometry": {"type": "LineString", "coordinates": [[75.796741, 11.245695], [75.796741, 11.245658]]}, "properties": {"from": [75.7967409, 11.2456949], "to": [75.7967409, 11.2456581], "type": "tertiary"}}, {"type": "Feature", "geometry": {"type": "LineString", "coordinates": [[75.79391, 11.245966], [75.79545, 11.244171]]}, "properties": {"from": [75.79391, 11.2459663], "to": [75.79545017109974, 11.244170827109974], "type": "intra-zone"}}, {"type": "Feature", "geometry": {"type": "LineString", "coordinates": [[75.792924, 11.252629], [75.796031, 11.249704]]}, "properties": {"from": [75.7929236, 11.2526286], "to": [75.79603117340068, 11.249703834006734], "type": "intra-zone"}}, {"type": "Feature", "geometry": {"type": "LineString", "coordinates": [[75.781562, 11.246782], [75.785033, 11.243796]]}, "properties": {"from": [75.7815624, 11.2467821], "to": [75.78503318388888, 11.2437957125], "type": "intra-zone"}}, {"type": "Feature", "geometry": {"type": "LineString", "coordinates": [[75.796878, 11.246047], [75.79545, 11.244171]]}, "properties": {"from": [75.7968777, 11.2460474], "to": [75.79545017109974, 11.244170827109974], "type": "intra-zone"}}, {"type": "Feature", "geometry": {"type": "LineString", "coordinates": [[75.796167, 11.243757], [75.79545, 11.244171]]}, "properties": {"from": [75.796167, 11.243757], "to": [75.79545017109974, 11.244170827109974], "type": "intra-zone"}}, {"type": "Feature", "geometry": {"type": "LineString", "coordinates": [[75.776385, 11.251486], [75.776641, 11.251004]]}, "properties": {"from": [75.7763848, 11.2514861], "to": [75.77664119651972, 11.251004005336426], "type": "intra-zone"}}, {"type": "Feature", "geometry": {"type": "LineString", "coordinates": [[75.786777, 11.250612], [75.786427, 11.252457]]}, "properties": {"from": [75.7867772, 11.250612], "to": [75.78642719263158, 11.25245679894737], "type": "intra-zone"}}, {"type": "Feature", "geometry": {"type": "LineString", "coordinates": [[75.788703, 11.253915], [75.78877, 11.253859]]}, "properties": {"from": [75.7887034, 11.2539147], "to": [75.7887702, 11.2538591], "type": "residential"}}, {"type": "Feature", "geometry": {"type": "LineString", "coordinates": [[75.780373, 11.24975], [75.776641, 11.251004]]}, "properties": {"from": [75.7803735, 11.2497503], "to": [75.77664119651972, 11.251004005336426], "type": "intra-zone"}}, {"type": "Feature", "geometry": {"type": "LineString", "coordinates": [[75.784182, 11.246692], [75.785033, 11.243796]]}, "properties": {"from": [75.7841819, 11.2466921], "to": [75.78503318388888, 11.2437957125], "type": "intra-zone"}}, {"type": "Feature", "geometry": {"type": "LineString", "coordinates": [[75.787895, 11.25092], [75.787989, 11.25094]]}, "properties": {"from": [75.7878947, 11.2509202], "to": [75.7879888, 11.2509398], "type": "residential"}}, {"type": "Feature", "geometry": {"type": "LineString", "coordinates": [[75.786154, 11.248087], [75.786053, 11.248091]]}, "properties": {"from": [75.7861536, 11.2480871], "to": [75.7860535, 11.2480907], "type": "tertiary"}}, {"type": "Feature", "geometry": {"type": "LineString", "coordinates": [[75.780007, 11.252249], [75.780692, 11.252497]]}, "properties": {"from": [75.7800073, 11.2522485], "to": [75.7806915, 11.2524974], "type": "tertiary"}}, {"type": "Feature", "geometry": {"type": "LineString", "coordinates": [[75.781336, 11.247025], [75.781145, 11.247981]]}, "properties": {"from": [75.7813362, 11.2470255], "to": [75.7811447, 11.2479811], "type": "tertiary"}}, {"type": "Feature", "geometry": {"type": "LineString", "coordinates": [[75.783948, 11.248816], [75.783706, 11.248769]]}, "properties": {"from": [75.7839484, 11.2488161], "to": [75.7837063, 11.2487695], "type": "secondary"}}, {"type": "Feature", "geometry": {"type": "LineString", "coordinates": [[75.779191, 11.245514], [75.776554, 11.243155]]}, "properties": {"from": [75.7791908, 11.245514], "to": [75.7765542862963, 11.243154998148148], "type": "intra-zone"}}, {"type": "Feature", "geometry": {"type": "LineString", "coordinates": [[75.776279, 11.2497], [75.776641, 11.251004]]}, "properties": {"from": [75.7762793, 11.2496998], "to": [75.77664119651972, 11.251004005336426], "type": "intra-zone"}}, {"type": "Feature", "geometry": {"type": "LineString", "coordinates": [[75.77797, 11.253451], [75.776641, 11.251004]]}, "properties": {"from": [75.7779703, 11.2534508], "to": [75.77664119651972, 11.251004005336426], "type": "intra-zone"}}, {"type": "Feature", "geometry": {"type": "LineString", "coordinates": [[75.790773, 11.246199], [75.79545, 11.244171]]}, "properties": {"from": [75.7907733, 11.246199], "to": [75.79545017109974, 11.244170827109974], "type": "intra-zone"}}, {"type": "Feature", "geometry": {"type": "LineString", "coordinates": [[75.796313, 11.245774], [75.796419, 11.245737]]}, "properties": {"from": [75.7964192, 11.245737], "to": [75.7963132, 11.2457741], "type": "residential"}}, {"type": "Feature", "geometry": {"type": "LineString", "coordinates": [[75.781221, 11.241018], [75.785033, 11.243796]]}, "properties": {"from": [75.7812205, 11.2410178], "to": [75.78503318388888, 11.2437957125], "type": "intra-zone"}}, {"type": "Feature", "geometry": {"type": "LineString", "coordinates": [[75.774234, 11.243767], [75.776554, 11.243155]]}, "properties": {"from": [75.7742341, 11.2437672], "to": [75.7765542862963, 11.243154998148148], "type": "intra-zone"}}, {"type": "Feature", "geometry": {"type": "LineString", "coordinates": [[75.797609, 11.251631], [75.796031, 11.249704]]}, "properties": {"from": [75.7976092, 11.2516307], "to": [75.79603117340068, 11.249703834006734], "type": "intra-zone"}}, {"type": "Feature", "geometry": {"type": "LineString", "coordinates": [[75.795445, 11.251617], [75.79545, 11.251838]]}, "properties": {"from": [75.7954445, 11.2516171], "to": [75.7954498, 11.2518382], "type": "residential"}}, {"type": "Feature", "geometry": {"type": "LineString", "coordinates": [[75.795877, 11.255197], [75.796031, 11.249704]]}, "properties": {"from": [75.7958768, 11.2551972], "to": [75.79603117340068, 11.249703834006734], "type": "intra-zone"}}, {"type": "Feature", "geometry": {"type": "LineString", "coordinates": [[75.795123, 11.244883], [75.795151, 11.244925]]}, "properties": {"from": [75.7951228, 11.2448833], "to": [75.7951513, 11.2449247], "type": "residential"}}, {"type": "Feature", "geometry": {"type": "LineString", "coordinates": [[75.786586, 11.253615], [75.786427, 11.252457]]}, "properties": {"from": [75.7865865, 11.2536147], "to": [75.78642719263158, 11.25245679894737], "type": "intra-zone"}}, {"type": "Feature", "geometry": {"type": "LineString", "coordinates": [[75.785795, 11.255467], [75.786427, 11.252457]]}, "properties": {"from": [75.7857951, 11.2554673], "to": [75.78642719263158, 11.25245679894737], "type": "intra-zone"}}, {"type": "Feature", "geometry": {"type": "LineString", "coordinates": [[75.782811, 11.240642], [75.785033, 11.243796]]}, "properties": {"from": [75.7828114, 11.2406424], "to": [75.78503318388888, 11.2437957125], "type": "intra-zone"}}, {"type": "Feature", "geometry": {"type": "LineString", "coordinates": [[75.783274, 11.252429], [75.786427, 11.252457]]}, "properties": {"from": [75.7832744, 11.2524288], "to": [75.78642719263158, 11.25245679894737], "type": "intra-zone"}}, {"type": "Feature", "geometry": {"type": "LineString", "coordinates": [[75.776165, 11.244027], [75.776554, 11.243155]]}, "properties": {"from": [75.7761648, 11.2440269], "to": [75.7765542862963, 11.243154998148148], "type": "intra-zone"}}, {"type": "Feature", "geometry": {"type": "LineString", "coordinates": [[75.783529, 11.254141], [75.783412, 11.254125]]}, "properties": {"from": [75.7835285, 11.2541414], "to": [75.7834118, 11.2541254], "type": "residential"}}, {"type": "Feature", "geometry": {"type": "LineString", "coordinates": [[75.776697, 11.248666], [75.776305, 11.248671]]}, "properties": {"from": [75.7766974, 11.2486663], "to": [75.7763048, 11.2486708], "type": "residential"}}, {"type": "Feature", "geometry": {"type": "LineString", "coordinates": [[75.778504, 11.247773], [75.776641, 11.251004]]}, "properties": {"from": [75.7785037, 11.247773], "to": [75.77664119651972, 11.251004005336426], "type": "intra-zone"}}, {"type": "Feature", "geometry": {"type": "LineString", "coordinates": [[75.797296, 11.249263], [75.796031, 11.249704]]}, "properties": {"from": [75.7972957, 11.2492628], "to": [75.79603117340068, 11.249703834006734], "type": "intra-zone"}}, {"type": "Feature", "geometry": {"type": "LineString", "coordinates": [[75.788586, 11.24444], [75.785033, 11.243796]]}, "properties": {"from": [75.7885859, 11.24444], "to": [75.78503318388888, 11.2437957125], "type": "intra-zone"}}, {"type": "Feature", "geometry": {"type": "LineString", "coordinates": [[75.796265, 11.249012], [75.796617, 11.249153]]}, "properties": {"from": [75.7966175, 11.249153], "to": [75.7962654, 11.2490123], "type": "residential"}}, {"type": "Feature", "geometry": {"type": "LineString", "coordinates": [[75.77692, 11.244663], [75.776554, 11.243155]]}, "properties": {"from": [75.7769199, 11.2446632], "to": [75.7765542862963, 11.243154998148148], "type": "intra-zone"}}, {"type": "Feature", "geometry": {"type": "LineString", "coordinates": [[75.792789, 11.25262], [75.796031, 11.249704]]}, "properties": {"from": [75.7927885, 11.2526204], "to": [75.79603117340068, 11.249703834006734], "type": "intra-zone"}}, {"type": "Feature", "geometry": {"type": "LineString", "coordinates": [[75.793124, 11.247983], [75.796031, 11.249704]]}, "properties": {"from": [75.7931237, 11.2479825], "to": [75.79603117340068, 11.249703834006734], "type": "intra-zone"}}, {"type": "Feature", "geometry": {"type": "LineString", "coordinates": [[75.780703, 11.253849], [75.776641, 11.251004]]}, "properties": {"from": [75.7807028, 11.2538492], "to": [75.77664119651972, 11.251004005336426], "type": "intra-zone"}}, {"type": "Feature", "geometry": {"type": "LineString", "coordinates": [[75.778518, 11.240269], [75.776554, 11.243155]]}, "properties": {"from": [75.7785176, 11.2402689], "to": [75.7765542862963, 11.243154998148148], "type": "intra-zone"}}, {"type": "Feature", "geometry": {"type": "LineString", "coordinates": [[75.779228, 11.239313], [75.776554, 11.243155]]}, "properties": {"from": [75.7792279, 11.2393125], "to": [75.7765542862963, 11.243154998148148], "type": "intra-zone"}}, {"type": "Feature", "geometry": {"type": "LineString", "coordinates": [[75.784986, 11.242891], [75.785047, 11.2429]]}, "properties": {"from": [75.7849856, 11.2428907], "to": [75.7850473, 11.2428997], "type": "secondary"}}, {"type": "Feature", "geometry": {"type": "LineString", "coordinates": [[75.790432, 11.252081], [75.786427, 11.252457]]}, "properties": {"from": [75.790432, 11.2520809], "to": [75.78642719263158, 11.25245679894737], "type": "intra-zone"}}, {"type": "Feature", "geometry": {"type": "LineString", "coordinates": [[75.788297, 11.247685], [75.787961, 11.247675]]}, "properties": {"from": [75.7882973, 11.2476852], "to": [75.7879608, 11.2476752], "type": "tertiary"}}, {"type": "Feature", "geometry": {"type": "LineString", "coordinates": [[75.7724, 11.249802], [75.776641, 11.251004]]}, "properties": {"from": [75.7723995, 11.249802], "to": [75.77664119651972, 11.251004005336426], "type": "intra-zone"}}, {"type": "Feature", "geometry": {"type": "LineString", "coordinates": [[75.793121, 11.248017], [75.796031, 11.249704]]}, "properties": {"from": [75.793121, 11.2480167], "to": [75.79603117340068, 11.249703834006734], "type": "intra-zone"}}, {"type": "Feature", "geometry": {"type": "LineString", "coordinates": [[75.784533, 11.246708], [75.785033, 11.243796]]}, "properties": {"from": [75.7845328, 11.2467084], "to": [75.78503318388888, 11.2437957125], "type": "intra-zone"}}, {"type": "Feature", "geometry": {"type": "LineString", "coordinates": [[75.795045, 11.242235], [75.79545, 11.244171]]}, "properties": {"from": [75.7950451, 11.2422352], "to": [75.79545017109974, 11.244170827109974], "type": "intra-zone"}}, {"type": "Feature", "geometry": {"type": "LineString", "coordinates": [[75.776844, 11.245936], [75.776841, 11.245879]]}, "properties": {"from": [75.7768439, 11.245936], "to": [75.7768407, 11.2458789], "type": "residential"}}, {"type": "Feature", "geometry": {"type": "LineString", "coordinates": [[75.776482, 11.250456], [75.776528, 11.250276]]}, "properties": {"from": [75.776482, 11.2504563], "to": [75.7765276, 11.2502761], "type": "tertiary"}}, {"type": "Feature", "geometry": {"type": "LineString", "coordinates": [[75.788883, 11.254402], [75.786427, 11.252457]]}, "properties": {"from": [75.788883, 11.2544022], "to": [75.78642719263158, 11.25245679894737], "type": "intra-zone"}}, {"type": "Feature", "geometry": {"type": "LineString", "coordinates": [[75.775249, 11.247389], [75.776641, 11.251004]]}, "properties": {"from": [75.7752488, 11.2473889], "to": [75.77664119651972, 11.251004005336426], "type": "intra-zone"}}, {"type": "Feature", "geometry": {"type": "LineString", "coordinates": [[75.776662, 11.246723], [75.776554, 11.243155]]}, "properties": {"from": [75.7766624, 11.246723], "to": [75.7765542862963, 11.243154998148148], "type": "intra-zone"}}, {"type": "Feature", "geometry": {"type": "LineString", "coordinates": [[75.776104, 11.255629], [75.776641, 11.251004]]}, "properties": {"from": [75.7761039, 11.2556288], "to": [75.77664119651972, 11.251004005336426], "type": "intra-zone"}}, {"type": "Feature", "geometry": {"type": "LineString", "coordinates": [[75.774368, 11.240926], [75.776554, 11.243155]]}, "properties": {"from": [75.7743682, 11.240926], "to": [75.7765542862963, 11.243154998148148], "type": "intra-zone"}}, {"type": "Feature", "geometry": {"type": "LineString", "coordinates": [[75.775275, 11.241879], [75.775304, 11.241615]]}, "properties": {"from": [75.7752754, 11.2418791], "to": [75.7753042, 11.2416145], "type": "residential"}}, {"type": "Feature", "geometry": {"type": "LineString", "coordinates": [[75.798069, 11.24852], [75.796031, 11.249704]]}, "properties": {"from": [75.7980688, 11.2485199], "to": [75.79603117340068, 11.249703834006734], "type": "intra-zone"}}, {"type": "Feature", "geometry": {"type": "LineString", "coordinates": [[75.779116, 11.24583], [75.778933, 11.246735]]}, "properties": {"from": [75.7791157, 11.2458297], "to": [75.7789334, 11.2467347], "type": "residential"}}, {"type": "Feature", "geometry": {"type": "LineString", "coordinates": [[75.775561, 11.246214], [75.775604, 11.246102]]}, "properties": {"from": [75.775561, 11.246214], "to": [75.7756041, 11.2461024], "type": "residential"}}, {"type": "Feature", "geometry": {"type": "LineString", "coordinates": [[75.781769, 11.246787], [75.782183, 11.246765]]}, "properties": {"from": [75.7817688, 11.2467868], "to": [75.7821825, 11.246765], "type": "tertiary"}}, {"type": "Feature", "geometry": {"type": "LineString", "coordinates": [[75.784137, 11.242556], [75.784486, 11.2427]]}, "properties": {"from": [75.7841368, 11.2425563], "to": [75.7844857, 11.2426997], "type": "secondary"}}, {"type": "Feature", "geometry": {"type": "LineString", "coordinates": [[75.782107, 11.254481], [75.782251, 11.25456]]}, "properties": {"from": [75.7821067, 11.2544808], "to": [75.7822507, 11.2545604], "type": "primary"}}, {"type": "Feature", "geometry": {"type": "LineString", "coordinates": [[75.785795, 11.251534], [75.786427, 11.252457]]}, "properties": {"from": [75.7857952, 11.2515336], "to": [75.78642719263158, 11.25245679894737], "type": "intra-zone"}}, {"type": "Feature", "geometry": {"type": "LineString", "coordinates": [[75.775479, 11.247662], [75.775509, 11.247649]]}, "properties": {"from": [75.7754792, 11.2476624], "to": [75.7755087, 11.2476492], "type": "residential"}}, {"type": "Feature", "geometry": {"type": "LineString", "coordinates": [[75.796536, 11.250047], [75.796031, 11.249704]]}, "properties": {"from": [75.7965356, 11.2500467], "to": [75.79603117340068, 11.249703834006734], "type": "intra-zone"}}, {"type": "Feature", "geometry": {"type": "LineString", "coordinates": [[75.786306, 11.24867], [75.786741, 11.248697]]}, "properties": {"from": [75.7863062, 11.2486701], "to": [75.786741, 11.2486971], "type": "residential"}}, {"type": "Feature", "geometry": {"type": "LineString", "coordinates": [[75.785212, 11.251829], [75.786427, 11.252457]]}, "properties": {"from": [75.7852122, 11.2518287], "to": [75.78642719263158, 11.25245679894737], "type": "intra-zone"}}, {"type": "Feature", "geometry": {"type": "LineString", "coordinates": [[75.797714, 11.247158], [75.797714, 11.247068]]}, "properties": {"from": [75.7977141, 11.2471575], "to": [75.7977141, 11.247068], "type": "residential"}}, {"type": "Feature", "geometry": {"type": "LineString", "coordinates": [[75.794361, 11.241299], [75.79545, 11.244171]]}, "properties": {"from": [75.7943606, 11.2412992], "to": [75.79545017109974, 11.244170827109974], "type": "intra-zone"}}, {"type": "Feature", "geometry": {"type": "LineString", "coordinates": [[75.788485, 11.243619], [75.788481, 11.243543]]}, "properties": {"from": [75.7884851, 11.2436195], "to": [75.7884814, 11.2435426], "type": "residential"}}, {"type": "Feature", "geometry": {"type": "LineString", "coordinates": [[75.79677, 11.248742], [75.796031, 11.249704]]}, "properties": {"from": [75.7967699, 11.248742], "to": [75.79603117340068, 11.249703834006734], "type": "intra-zone"}}, {"type": "Feature", "geometry": {"type": "LineString", "coordinates": [[75.781668, 11.239902], [75.781482, 11.240137]]}, "properties": {"from": [75.7816681, 11.2399018], "to": [75.7814825, 11.2401372], "type": "residential"}}, {"type": "Feature", "geometry": {"type": "LineString", "coordinates": [[75.797116, 11.24532], [75.79545, 11.244171]]}, "properties": {"from": [75.7971158, 11.2453197], "to": [75.79545017109974, 11.244170827109974], "type": "intra-zone"}}, {"type": "Feature", "geometry": {"type": "LineString", "coordinates": [[75.790632, 11.246918], [75.79545, 11.244171]]}, "properties": {"from": [75.7906323, 11.2469184], "to": [75.79545017109974, 11.244170827109974], "type": "intra-zone"}}, {"type": "Feature", "geometry": {"type": "LineString", "coordinates": [[75.775715, 11.249707], [75.776096, 11.249749]]}, "properties": {"from": [75.7757147, 11.2497073], "to": [75.7760956, 11.2497494], "type": "residential"}}, {"type": "Feature", "geometry": {"type": "LineString", "coordinates": [[75.778597, 11.230239], [75.778818, 11.229998]]}, "properties": {"from": [75.7785971, 11.2302394], "to": [75.778818, 11.2299976], "type": "secondary"}}, {"type": "Feature", "geometry": {"type": "LineString", "coordinates": [[75.788743, 11.244986], [75.788821, 11.245055]]}, "properties": {"from": [75.7887428, 11.2449858], "to": [75.7888212, 11.2450554], "type": "residential"}}, {"type": "Feature", "geometry": {"type": "LineString", "coordinates": [[75.797296, 11.249263], [75.797288, 11.249305]]}, "properties": {"from": [75.7972957, 11.2492628], "to": [75.7972876, 11.2493049], "type": "residential"}}, {"type": "Feature", "geometry": {"type": "LineString", "coordinates": [[75.783086, 11.246717], [75.785033, 11.243796]]}, "properties": {"from": [75.7830857, 11.2467166], "to": [75.78503318388888, 11.2437957125], "type": "intra-zone"}}, {"type": "Feature", "geometry": {"type": "LineString", "coordinates": [[75.795421, 11.244107], [75.79545, 11.244171]]}, "properties": {"from": [75.7954208, 11.2441068], "to": [75.79545017109974, 11.244170827109974], "type": "intra-zone"}}, {"type": "Feature", "geometry": {"type": "LineString", "coordinates": [[75.790943, 11.249061], [75.796031, 11.249704]]}, "properties": {"from": [75.7909435, 11.2490607], "to": [75.79603117340068, 11.249703834006734], "type": "intra-zone"}}, {"type": "Feature", "geometry": {"type": "LineString", "coordinates": [[75.787176, 11.247348], [75.785033, 11.243796]]}, "properties": {"from": [75.787176, 11.2473483], "to": [75.78503318388888, 11.2437957125], "type": "intra-zone"}}, {"type": "Feature", "geometry": {"type": "LineString", "coordinates": [[75.785033, 11.243796], [75.776554, 11.243155]]}, "properties": {"from": [75.7765542862963, 11.243154998148148], "to": [75.78503318388888, 11.2437957125], "type": "inter-zone"}}, {"type": "Feature", "geometry": {"type": "LineString", "coordinates": [[75.775473, 11.25057], [75.776641, 11.251004]]}, "properties": {"from": [75.7754733, 11.2505702], "to": [75.77664119651972, 11.251004005336426], "type": "intra-zone"}}, {"type": "Feature", "geometry": {"type": "LineString", "coordinates": [[75.77653, 11.252208], [75.776641, 11.251004]]}, "properties": {"from": [75.7765296, 11.2522083], "to": [75.77664119651972, 11.251004005336426], "type": "intra-zone"}}, {"type": "Feature", "geometry": {"type": "LineString", "coordinates": [[75.796168, 11.244205], [75.796168, 11.244123]]}, "properties": {"from": [75.7961681, 11.2441231], "to": [75.7961681, 11.2442046], "type": "residential"}}, {"type": "Feature", "geometry": {"type": "LineString", "coordinates": [[75.795151, 11.244925], [75.79545, 11.244171]]}, "properties": {"from": [75.7951513, 11.2449247], "to": [75.79545017109974, 11.244170827109974], "type": "intra-zone"}}, {"type": "Feature", "geometry": {"type": "LineString", "coordinates": [[75.788821, 11.245055], [75.788782, 11.245607]]}, "properties": {"from": [75.7888212, 11.2450554], "to": [75.7887819, 11.2456068], "type": "residential"}}, {"type": "Feature", "geometry": {"type": "LineString", "coordinates": [[75.780923, 11.253046], [75.780807, 11.253746]]}, "properties": {"from": [75.7809227, 11.2530455], "to": [75.7808067, 11.2537459], "type": "primary"}}, {"type": "Feature", "geometry": {"type": "LineString", "coordinates": [[75.776929, 11.247526], [75.777209, 11.247513]]}, "properties": {"from": [75.7769292, 11.2475257], "to": [75.7772086, 11.2475133], "type": "residential"}}, {"type": "Feature", "geometry": {"type": "LineString", "coordinates": [[75.776782, 11.246724], [75.776554, 11.243155]]}, "properties": {"from": [75.7767822, 11.2467241], "to": [75.7765542862963, 11.243154998148148], "type": "intra-zone"}}, {"type": "Feature", "geometry": {"type": "LineString", "coordinates": [[75.795129, 11.244122], [75.79545, 11.244171]]}, "properties": {"from": [75.7951286, 11.2441217], "to": [75.79545017109974, 11.244170827109974], "type": "intra-zone"}}, {"type": "Feature", "geometry": {"type": "LineString", "coordinates": [[75.772628, 11.253888], [75.776641, 11.251004]]}, "properties": {"from": [75.7726284, 11.2538883], "to": [75.77664119651972, 11.251004005336426], "type": "intra-zone"}}, {"type": "Feature", "geometry": {"type": "LineString", "coordinates": [[75.796562, 11.245695], [75.796662, 11.245644]]}, "properties": {"from": [75.7965622, 11.2456945], "to": [75.7966618, 11.2456442], "type": "residential"}}, {"type": "Feature", "geometry": {"type": "LineString", "coordinates": [[75.783595, 11.249949], [75.783669, 11.24964]]}, "properties": {"from": [75.7835947, 11.2499492], "to": [75.7836689, 11.2496396], "type": "primary"}}, {"type": "Feature", "geometry": {"type": "LineString", "coordinates": [[75.796759, 11.247374], [75.796031, 11.249704]]}, "properties": {"from": [75.7967591, 11.2473743], "to": [75.79603117340068, 11.249703834006734], "type": "intra-zone"}}, {"type": "Feature", "geometry": {"type": "LineString", "coordinates": [[75.782183, 11.243722], [75.785033, 11.243796]]}, "properties": {"from": [75.7821831, 11.243722], "to": [75.78503318388888, 11.2437957125], "type": "intra-zone"}}, {"type": "Feature", "geometry": {"type": "LineString", "coordinates": [[75.78646, 11.254552], [75.786427, 11.252457]]}, "properties": {"from": [75.7864595, 11.2545523], "to": [75.78642719263158, 11.25245679894737], "type": "intra-zone"}}, {"type": "Feature", "geometry": {"type": "LineString", "coordinates": [[75.78337, 11.243367], [75.785033, 11.243796]]}, "properties": {"from": [75.78337, 11.2433665], "to": [75.78503318388888, 11.2437957125], "type": "intra-zone"}}, {"type": "Feature", "geometry": {"type": "LineString", "coordinates": [[75.788283, 11.241735], [75.788493, 11.241714]]}, "properties": {"from": [75.7882833, 11.2417354], "to": [75.7884926, 11.2417144], "type": "residential"}}, {"type": "Feature", "geometry": {"type": "LineString", "coordinates": [[75.804507, 11.239306], [75.79545, 11.244171]]}, "properties": {"from": [75.8045074, 11.2393055], "to": [75.79545017109974, 11.244170827109974], "type": "intra-zone"}}, {"type": "Feature", "geometry": {"type": "LineString", "coordinates": [[75.790847, 11.24304], [75.791043, 11.242933]]}, "properties": {"from": [75.7908469, 11.2430395], "to": [75.7910434, 11.2429327], "type": "secondary"}}, {"type": "Feature", "geometry": {"type": "LineString", "coordinates": [[75.786789, 11.248064], [75.786427, 11.252457]]}, "properties": {"from": [75.786789, 11.2480639], "to": [75.78642719263158, 11.25245679894737], "type": "intra-zone"}}, {"type": "Feature", "geometry": {"type": "LineString", "coordinates": [[75.780711, 11.250534], [75.78073, 11.250624]]}, "properties": {"from": [75.7807115, 11.2505342], "to": [75.7807303, 11.2506237], "type": "residential"}}, {"type": "Feature", "geometry": {"type": "LineString", "coordinates": [[75.797937, 11.242467], [75.797837, 11.242462]]}, "properties": {"from": [75.7979367, 11.2424672], "to": [75.7978373, 11.2424617], "type": "tertiary"}}, {"type": "Feature", "geometry": {"type": "LineString", "coordinates": [[75.796193, 11.246075], [75.79545, 11.244171]]}, "properties": {"from": [75.7961928, 11.2460753], "to": [75.79545017109974, 11.244170827109974], "type": "intra-zone"}}, {"type": "Feature", "geometry": {"type": "LineString", "coordinates": [[75.773343, 11.246802], [75.776554, 11.243155]]}, "properties": {"from": [75.7733431, 11.2468023], "to": [75.7765542862963, 11.243154998148148], "type": "intra-zone"}}, {"type": "Feature", "geometry": {"type": "LineString", "coordinates": [[75.780137, 11.249628], [75.776641, 11.251004]]}, "properties": {"from": [75.7801368, 11.249628], "to": [75.77664119651972, 11.251004005336426], "type": "intra-zone"}}, {"type": "Feature", "geometry": {"type": "LineString", "coordinates": [[75.779118, 11.255546], [75.776641, 11.251004]]}, "properties": {"from": [75.7791182, 11.2555459], "to": [75.77664119651972, 11.251004005336426], "type": "intra-zone"}}, {"type": "Feature", "geometry": {"type": "LineString", "coordinates": [[75.780907, 11.248638], [75.780861, 11.248646]]}, "properties": {"from": [75.7809073, 11.2486379], "to": [75.780861, 11.2486462], "type": "secondary"}}, {"type": "Feature", "geometry": {"type": "LineString", "coordinates": [[75.782263, 11.246706], [75.785033, 11.243796]]}, "properties": {"from": [75.7822629, 11.2467063], "to": [75.78503318388888, 11.2437957125], "type": "intra-zone"}}, {"type": "Feature", "geometry": {"type": "LineString", "coordinates": [[75.787042, 11.247343], [75.786975, 11.247351]]}, "properties": {"from": [75.7870419, 11.247343], "to": [75.7869748, 11.2473509], "type": "residential"}}, {"type": "Feature", "geometry": {"type": "LineString", "coordinates": [[75.785315, 11.242963], [75.785624, 11.242977]]}, "properties": {"from": [75.7853149, 11.2429628], "to": [75.7856236, 11.2429766], "type": "secondary"}}, {"type": "Feature", "geometry": {"type": "LineString", "coordinates": [[75.786218, 11.240411], [75.785033, 11.243796]]}, "properties": {"from": [75.7862177, 11.2404112], "to": [75.78503318388888, 11.2437957125], "type": "intra-zone"}}, {"type": "Feature", "geometry": {"type": "LineString", "coordinates": [[75.796813, 11.246232], [75.796859, 11.246234]]}, "properties": {"from": [75.7968133, 11.2462316], "to": [75.7968589, 11.2462342], "type": "tertiary"}}, {"type": "Feature", "geometry": {"type": "LineString", "coordinates": [[75.77267, 11.252283], [75.772211, 11.252221]]}, "properties": {"from": [75.7726703, 11.2522827], "to": [75.7722106, 11.2522213], "type": "residential"}}, {"type": "Feature", "geometry": {"type": "LineString", "coordinates": [[75.795752, 11.247676], [75.796031, 11.249704]]}, "properties": {"from": [75.7957516, 11.2476763], "to": [75.79603117340068, 11.249703834006734], "type": "intra-zone"}}, {"type": "Feature", "geometry": {"type": "LineString", "coordinates": [[75.777219, 11.248476], [75.776641, 11.251004]]}, "properties": {"from": [75.7772193, 11.2484762], "to": [75.77664119651972, 11.251004005336426], "type": "intra-zone"}}, {"type": "Feature", "geometry": {"type": "LineString", "coordinates": [[75.791549, 11.24324], [75.79545, 11.244171]]}, "properties": {"from": [75.7915494, 11.2432401], "to": [75.79545017109974, 11.244170827109974], "type": "intra-zone"}}, {"type": "Feature", "geometry": {"type": "LineString", "coordinates": [[75.78529, 11.243172], [75.785333, 11.243121]]}, "properties": {"from": [75.78529, 11.2431717], "to": [75.7853327, 11.2431207], "type": "secondary"}}, {"type": "Feature", "geometry": {"type": "LineString", "coordinates": [[75.773625, 11.254587], [75.776641, 11.251004]]}, "properties": {"from": [75.7736251, 11.2545872], "to": [75.77664119651972, 11.251004005336426], "type": "intra-zone"}}, {"type": "Feature", "geometry": {"type": "LineString", "coordinates": [[75.787667, 11.248033], [75.786427, 11.252457]]}, "properties": {"from": [75.7876674, 11.2480329], "to": [75.78642719263158, 11.25245679894737], "type": "intra-zone"}}, {"type": "Feature", "geometry": {"type": "LineString", "coordinates": [[75.796813, 11.246042], [75.79545, 11.244171]]}, "properties": {"from": [75.7968133, 11.2460421], "to": [75.79545017109974, 11.244170827109974], "type": "intra-zone"}}, {"type": "Feature", "geometry": {"type": "LineString", "coordinates": [[75.776619, 11.24394], [75.776554, 11.243155]]}, "properties": {"from": [75.7766194, 11.2439399], "to": [75.7765542862963, 11.243154998148148], "type": "intra-zone"}}, {"type": "Feature", "geometry": {"type": "LineString", "coordinates": [[75.79296, 11.252517], [75.793023, 11.252556]]}, "properties": {"from": [75.7929598, 11.2525167], "to": [75.7930228, 11.2525562], "type": "tertiary"}}, {"type": "Feature", "geometry": {"type": "LineString", "coordinates": [[75.786453, 11.253256], [75.786427, 11.252457]]}, "properties": {"from": [75.7864528, 11.2532558], "to": [75.78642719263158, 11.25245679894737], "type": "intra-zone"}}, {"type": "Feature", "geometry": {"type": "LineString", "coordinates": [[75.788325, 11.243934], [75.788414, 11.243909]]}, "properties": {"from": [75.7883245, 11.2439345], "to": [75.7884141, 11.2439089], "type": "residential"}}, {"type": "Feature", "geometry": {"type": "LineString", "coordinates": [[75.783376, 11.25158], [75.783429, 11.251137]]}, "properties": {"from": [75.7833762, 11.2515798], "to": [75.7834294, 11.2511371], "type": "primary"}}, {"type": "Feature", "geometry": {"type": "LineString", "coordinates": [[75.795754, 11.247171], [75.796031, 11.249704]]}, "properties": {"from": [75.7957543, 11.2471712], "to": [75.79603117340068, 11.249703834006734], "type": "intra-zone"}}, {"type": "Feature", "geometry": {"type": "LineString", "coordinates": [[75.796054, 11.254067], [75.796088, 11.253949]]}, "properties": {"from": [75.7960538, 11.2540667], "to": [75.7960881, 11.2539495], "type": "residential"}}, {"type": "Feature", "geometry": {"type": "LineString", "coordinates": [[75.786539, 11.25442], [75.78646, 11.254552]]}, "properties": {"from": [75.7865385, 11.2544204], "to": [75.7864595, 11.2545523], "type": "secondary"}}, {"type": "Feature", "geometry": {"type": "LineString", "coordinates": [[75.771582, 11.250829], [75.771681, 11.250691]]}, "properties": {"from": [75.7715823, 11.2508292], "to": [75.7716807, 11.2506912], "type": "secondary"}}, {"type": "Feature", "geometry": {"type": "LineString", "coordinates": [[75.798063, 11.248244], [75.798038, 11.248296]]}, "properties": {"from": [75.7980634, 11.2482437], "to": [75.7980384, 11.2482964], "type": "residential"}}, {"type": "Feature", "geometry": {"type": "LineString", "coordinates": [[75.775695, 11.245866], [75.776554, 11.243155]]}, "properties": {"from": [75.7756951, 11.2458665], "to": [75.7765542862963, 11.243154998148148], "type": "intra-zone"}}, {"type": "Feature", "geometry": {"type": "LineString", "coordinates": [[75.782991, 11.254091], [75.782952, 11.254308]]}, "properties": {"from": [75.7829915, 11.254091], "to": [75.7829522, 11.2543082], "type": "residential"}}, {"type": "Feature", "geometry": {"type": "LineString", "coordinates": [[75.787767, 11.25481], [75.787773, 11.254626]]}, "properties": {"from": [75.7877671, 11.2548104], "to": [75.7877731, 11.2546259], "type": "residential"}}, {"type": "Feature", "geometry": {"type": "LineString", "coordinates": [[75.783381, 11.242998], [75.785033, 11.243796]]}, "properties": {"from": [75.7833807, 11.2429982], "to": [75.78503318388888, 11.2437957125], "type": "intra-zone"}}, {"type": "Feature", "geometry": {"type": "LineString", "coordinates": [[75.774644, 11.247605], [75.774599, 11.247298]]}, "properties": {"from": [75.7746444, 11.2476054], "to": [75.7745988, 11.2472976], "type": "residential"}}, {"type": "Feature", "geometry": {"type": "LineString", "coordinates": [[75.778946, 11.242059], [75.777988, 11.241796]]}, "properties": {"from": [75.7779878, 11.2417957], "to": [75.7789463, 11.2420588], "type": "residential"}}, {"type": "Feature", "geometry": {"type": "LineString", "coordinates": [[75.776731, 11.248283], [75.776704, 11.248138]]}, "properties": {"from": [75.7767308, 11.2482833], "to": [75.7767042, 11.2481383], "type": "residential"}}, {"type": "Feature", "geometry": {"type": "LineString", "coordinates": [[75.781883, 11.246718], [75.781749, 11.246732]]}, "properties": {"from": [75.7818827, 11.2467183], "to": [75.7817486, 11.2467322], "type": "tertiary"}}, {"type": "Feature", "geometry": {"type": "LineString", "coordinates": [[75.795537, 11.24685], [75.795513, 11.246824]]}, "properties": {"from": [75.7955371, 11.2468503], "to": [75.7955129, 11.246824], "type": "residential"}}, {"type": "Feature", "geometry": {"type": "LineString", "coordinates": [[75.794756, 11.245516], [75.79545, 11.244171]]}, "properties": {"from": [75.7947564, 11.2455163], "to": [75.79545017109974, 11.244170827109974], "type": "intra-zone"}}, {"type": "Feature", "geometry": {"type": "LineString", "coordinates": [[75.790732, 11.250349], [75.790385, 11.250366]]}, "properties": {"from": [75.7907323, 11.2503486], "to": [75.7903855, 11.250366], "type": "residential"}}, {"type": "Feature", "geometry": {"type": "LineString", "coordinates": [[75.786785, 11.254009], [75.786493, 11.253911]]}, "properties": {"from": [75.7867851, 11.2540088], "to": [75.7864929, 11.2539112], "type": "residential"}}, {"type": "Feature", "geometry": {"type": "LineString", "coordinates": [[75.775314, 11.246731], [75.776554, 11.243155]]}, "properties": {"from": [75.775314, 11.2467315], "to": [75.7765542862963, 11.243154998148148], "type": "intra-zone"}}, {"type": "Feature", "geometry": {"type": "LineString", "coordinates": [[75.792343, 11.241834], [75.792387, 11.241835]]}, "properties": {"from": [75.7923428, 11.241834], "to": [75.7923872, 11.241835], "type": "secondary"}}, {"type": "Feature", "geometry": {"type": "LineString", "coordinates": [[75.788291, 11.249583], [75.786427, 11.252457]]}, "properties": {"from": [75.7882906, 11.2495832], "to": [75.78642719263158, 11.25245679894737], "type": "intra-zone"}}, {"type": "Feature", "geometry": {"type": "LineString", "coordinates": [[75.792618, 11.243372], [75.79545, 11.244171]]}, "properties": {"from": [75.7926179, 11.2433718], "to": [75.79545017109974, 11.244170827109974], "type": "intra-zone"}}, {"type": "Feature", "geometry": {"type": "LineString", "coordinates": [[75.787282, 11.242645], [75.787319, 11.242289]]}, "properties": {"from": [75.7872822, 11.2426453], "to": [75.7873192, 11.2422894], "type": "residential"}}, {"type": "Feature", "geometry": {"type": "LineString", "coordinates": [[75.795523, 11.246543], [75.79545, 11.244171]]}, "properties": {"from": [75.7955226, 11.2465432], "to": [75.79545017109974, 11.244170827109974], "type": "intra-zone"}}, {"type": "Feature", "geometry": {"type": "LineString", "coordinates": [[75.775965, 11.239552], [75.776166, 11.2396]]}, "properties": {"from": [75.7759651, 11.239552], "to": [75.7761661, 11.2395997], "type": "secondary"}}, {"type": "Feature", "geometry": {"type": "LineString", "coordinates": [[75.779276, 11.242509], [75.779491, 11.242556]]}, "properties": {"from": [75.7792764, 11.2425088], "to": [75.779491, 11.2425561], "type": "residential"}}, {"type": "Feature", "geometry": {"type": "LineString", "coordinates": [[75.797089, 11.248808], [75.797127, 11.248818]]}, "properties": {"from": [75.7970891, 11.2488077], "to": [75.7971267, 11.2488183], "type": "residential"}}, {"type": "Feature", "geometry": {"type": "LineString", "coordinates": [[75.777876, 11.246546], [75.778026, 11.246514]]}, "properties": {"from": [75.7778759, 11.2465458], "to": [75.7780261, 11.2465142], "type": "residential"}}, {"type": "Feature", "geometry": {"type": "LineString", "coordinates": [[75.775323, 11.245987], [75.776554, 11.243155]]}, "properties": {"from": [75.7753229, 11.2459866], "to": [75.7765542862963, 11.243154998148148], "type": "intra-zone"}}, {"type": "Feature", "geometry": {"type": "LineString", "coordinates": [[75.787037, 11.251981], [75.786427, 11.252457]]}, "properties": {"from": [75.787037, 11.2519814], "to": [75.78642719263158, 11.25245679894737], "type": "intra-zone"}}, {"type": "Feature", "geometry": {"type": "LineString", "coordinates": [[75.782879, 11.251886], [75.786427, 11.252457]]}, "properties": {"from": [75.7828793, 11.2518858], "to": [75.78642719263158, 11.25245679894737], "type": "intra-zone"}}, {"type": "Feature", "geometry": {"type": "LineString", "coordinates": [[75.797494, 11.247536], [75.797505, 11.247442]]}, "properties": {"from": [75.7974942, 11.2475363], "to": [75.7975049, 11.2474416], "type": "residential"}}, {"type": "Feature", "geometry": {"type": "LineString", "coordinates": [[75.774095, 11.250207], [75.776641, 11.251004]]}, "properties": {"from": [75.7740946, 11.2502072], "to": [75.77664119651972, 11.251004005336426], "type": "intra-zone"}}, {"type": "Feature", "geometry": {"type": "LineString", "coordinates": [[75.786436, 11.250977], [75.786404, 11.251055]]}, "properties": {"from": [75.7864364, 11.2509771], "to": [75.7864038, 11.251055], "type": "residential"}}, {"type": "Feature", "geometry": {"type": "LineString", "coordinates": [[75.786772, 11.254103], [75.786427, 11.252457]]}, "properties": {"from": [75.7867723, 11.2541032], "to": [75.78642719263158, 11.25245679894737], "type": "intra-zone"}}, {"type": "Feature", "geometry": {"type": "LineString", "coordinates": [[75.774773, 11.251169], [75.775364, 11.251363]]}, "properties": {"from": [75.7747735, 11.2511687], "to": [75.7753642, 11.2513625], "type": "secondary"}}, {"type": "Feature", "geometry": {"type": "LineString", "coordinates": [[75.78012, 11.249683], [75.776641, 11.251004]]}, "properties": {"from": [75.7801198, 11.2496835], "to": [75.77664119651972, 11.251004005336426], "type": "intra-zone"}}, {"type": "Feature", "geometry": {"type": "LineString", "coordinates": [[75.796775, 11.248072], [75.796645, 11.248065]]}, "properties": {"from": [75.7967752, 11.2480716], "to": [75.7966455, 11.2480649], "type": "tertiary"}}, {"type": "Feature", "geometry": {"type": "LineString", "coordinates": [[75.778461, 11.247518], [75.776641, 11.251004]]}, "properties": {"from": [75.7784607, 11.2475178], "to": [75.77664119651972, 11.251004005336426], "type": "intra-zone"}}, {"type": "Feature", "geometry": {"type": "LineString", "coordinates": [[75.783006, 11.254663], [75.786427, 11.252457]]}, "properties": {"from": [75.7830064, 11.2546629], "to": [75.78642719263158, 11.25245679894737], "type": "intra-zone"}}, {"type": "Feature", "geometry": {"type": "LineString", "coordinates": [[75.796617, 11.246049], [75.79545, 11.244171]]}, "properties": {"from": [75.796617, 11.2460487], "to": [75.79545017109974, 11.244170827109974], "type": "intra-zone"}}, {"type": "Feature", "geometry": {"type": "LineString", "coordinates": [[75.783349, 11.242788], [75.785033, 11.243796]]}, "properties": {"from": [75.7833486, 11.2427877], "to": [75.78503318388888, 11.2437957125], "type": "intra-zone"}}, {"type": "Feature", "geometry": {"type": "LineString", "coordinates": [[75.796846, 11.242833], [75.796846, 11.242783]]}, "properties": {"from": [75.7968455, 11.2428327], "to": [75.7968455, 11.2427827], "type": "tertiary"}}, {"type": "Feature", "geometry": {"type": "LineString", "coordinates": [[75.777952, 11.252327], [75.776641, 11.251004]]}, "properties": {"from": [75.7779515, 11.2523275], "to": [75.77664119651972, 11.251004005336426], "type": "intra-zone"}}, {"type": "Feature", "geometry": {"type": "LineString", "coordinates": [[75.782335, 11.254586], [75.786427, 11.252457]]}, "properties": {"from": [75.7823349, 11.254586], "to": [75.78642719263158, 11.25245679894737], "type": "intra-zone"}}, {"type": "Feature", "geometry": {"type": "LineString", "coordinates": [[75.795872, 11.247282], [75.795854, 11.24724]]}, "properties": {"from": [75.7958723, 11.2472817], "to": [75.7958536, 11.2472396], "type": "residential"}}, {"type": "Feature", "geometry": {"type": "LineString", "coordinates": [[75.786579, 11.253708], [75.786427, 11.252457]]}, "properties": {"from": [75.7865785, 11.2537078], "to": [75.78642719263158, 11.25245679894737], "type": "intra-zone"}}, {"type": "Feature", "geometry": {"type": "LineString", "coordinates": [[75.795219, 11.245438], [75.79545, 11.244171]]}, "properties": {"from": [75.7952187, 11.2454384], "to": [75.79545017109974, 11.244170827109974], "type": "intra-zone"}}, {"type": "Feature", "geometry": {"type": "LineString", "coordinates": [[75.783643, 11.241145], [75.783703, 11.24101]]}, "properties": {"from": [75.7836428, 11.2411445], "to": [75.7837028, 11.2410104], "type": "residential"}}, {"type": "Feature", "geometry": {"type": "LineString", "coordinates": [[75.796148, 11.246359], [75.79545, 11.244171]]}, "properties": {"from": [75.7961476, 11.2463591], "to": [75.79545017109974, 11.244170827109974], "type": "intra-zone"}}, {"type": "Feature", "geometry": {"type": "LineString", "coordinates": [[75.781011, 11.24861], [75.776641, 11.251004]]}, "properties": {"from": [75.7810112, 11.2486095], "to": [75.77664119651972, 11.251004005336426], "type": "intra-zone"}}, {"type": "Feature", "geometry": {"type": "LineString", "coordinates": [[75.791854, 11.255294], [75.791801, 11.255399]]}, "properties": {"from": [75.7918544, 11.2552938], "to": [75.7918008, 11.2553986], "type": "primary"}}, {"type": "Feature", "geometry": {"type": "LineString", "coordinates": [[75.787361, 11.252438], [75.786427, 11.252457]]}, "properties": {"from": [75.7873608, 11.252438], "to": [75.78642719263158, 11.25245679894737], "type": "intra-zone"}}, {"type": "Feature", "geometry": {"type": "LineString", "coordinates": [[75.774571, 11.251526], [75.776641, 11.251004]]}, "properties": {"from": [75.7745714, 11.2515259], "to": [75.77664119651972, 11.251004005336426], "type": "intra-zone"}}, {"type": "Feature", "geometry": {"type": "LineString", "coordinates": [[75.785795, 11.255467], [75.785974, 11.255467]]}, "properties": {"from": [75.7857951, 11.2554673], "to": [75.7859737, 11.2554675], "type": "primary"}}, {"type": "Feature", "geometry": {"type": "LineString", "coordinates": [[75.795535, 11.247512], [75.795549, 11.247454]]}, "properties": {"from": [75.7955351, 11.2475116], "to": [75.7955491, 11.2474544], "type": "residential"}}, {"type": "Feature", "geometry": {"type": "LineString", "coordinates": [[75.79765, 11.247347], [75.797709, 11.247357]]}, "properties": {"from": [75.7976497, 11.2473469], "to": [75.7977087, 11.2473574], "type": "residential"}}, {"type": "Feature", "geometry": {"type": "LineString", "coordinates": [[75.797706, 11.250323], [75.796031, 11.249704]]}, "properties": {"from": [75.7977059, 11.2503233], "to": [75.79603117340068, 11.249703834006734], "type": "intra-zone"}}, {"type": "Feature", "geometry": {"type": "LineString", "coordinates": [[75.797494, 11.247536], [75.796031, 11.249704]]}, "properties": {"from": [75.7974942, 11.2475363], "to": [75.79603117340068, 11.249703834006734], "type": "intra-zone"}}, {"type": "Feature", "geometry": {"type": "LineString", "coordinates": [[75.793339, 11.243856], [75.792983, 11.243898]]}, "properties": {"from": [75.7933389, 11.2438559], "to": [75.7929828, 11.243898], "type": "residential"}}, {"type": "Feature", "geometry": {"type": "LineString", "coordinates": [[75.777975, 11.255049], [75.778323, 11.25422]]}, "properties": {"from": [75.7779751, 11.2550494], "to": [75.7783226, 11.2542203], "type": "tertiary"}}, {"type": "Feature", "geometry": {"type": "LineString", "coordinates": [[75.78337, 11.243367], [75.783295, 11.243861]]}, "properties": {"from": [75.78337, 11.2433665], "to": [75.7832949, 11.2438612], "type": "residential"}}, {"type": "Feature", "geometry": {"type": "LineString", "coordinates": [[75.780819, 11.255146], [75.781417, 11.254459]]}, "properties": {"from": [75.7814169, 11.2544595], "to": [75.780819, 11.2551462], "type": "primary"}}, {"type": "Feature", "geometry": {"type": "LineString", "coordinates": [[75.795888, 11.247616], [75.796031, 11.249704]]}, "properties": {"from": [75.7958884, 11.2476158], "to": [75.79603117340068, 11.249703834006734], "type": "intra-zone"}}, {"type": "Feature", "geometry": {"type": "LineString", "coordinates": [[75.795901, 11.246504], [75.795878, 11.246526]]}, "properties": {"from": [75.7959008, 11.2465038], "to": [75.7958777, 11.2465258], "type": "residential"}}, {"type": "Feature", "geometry": {"type": "LineString", "coordinates": [[75.789517, 11.254116], [75.78925, 11.254065]]}, "properties": {"from": [75.7895165, 11.2541163], "to": [75.7892505, 11.2540645], "type": "residential"}}, {"type": "Feature", "geometry": {"type": "LineString", "coordinates": [[75.776898, 11.245042], [75.776746, 11.245076]]}, "properties": {"from": [75.7767458, 11.2450755], "to": [75.7768982, 11.2450422], "type": "residential"}}, {"type": "Feature", "geometry": {"type": "LineString", "coordinates": [[75.790704, 11.246526], [75.790739, 11.246355]]}, "properties": {"from": [75.7907038, 11.2465256], "to": [75.7907386, 11.2463553], "type": "residential"}}, {"type": "Feature", "geometry": {"type": "LineString", "coordinates": [[75.795568, 11.246546], [75.795523, 11.246543]]}, "properties": {"from": [75.7955682, 11.2465459], "to": [75.7955226, 11.2465432], "type": "residential"}}, {"type": "Feature", "geometry": {"type": "LineString", "coordinates": [[75.781395, 11.246734], [75.781336, 11.247025]]}, "properties": {"from": [75.7813947, 11.2467336], "to": [75.7813362, 11.2470255], "type": "tertiary"}}, {"type": "Feature", "geometry": {"type": "LineString", "coordinates": [[75.779261, 11.253547], [75.779432, 11.253849]]}, "properties": {"from": [75.7794321, 11.2538492], "to": [75.7792605, 11.253547], "type": "secondary"}}, {"type": "Feature", "geometry": {"type": "LineString", "coordinates": [[75.782054, 11.241692], [75.782282, 11.241757]]}, "properties": {"from": [75.782054, 11.2416923], "to": [75.7822821, 11.2417568], "type": "secondary"}}, {"type": "Feature", "geometry": {"type": "LineString", "coordinates": [[75.788414, 11.243484], [75.785033, 11.243796]]}, "properties": {"from": [75.7884141, 11.243484], "to": [75.78503318388888, 11.2437957125], "type": "intra-zone"}}, {"type": "Feature", "geometry": {"type": "LineString", "coordinates": [[75.786078, 11.25259], [75.786231, 11.252613]]}, "properties": {"from": [75.7860782, 11.2525897], "to": [75.7862311, 11.2526134], "type": "residential"}}, {"type": "Feature", "geometry": {"type": "LineString", "coordinates": [[75.79545, 11.251838], [75.795412, 11.25235]]}, "properties": {"from": [75.7954123, 11.25235], "to": [75.7954498, 11.2518382], "type": "residential"}}, {"type": "Feature", "geometry": {"type": "LineString", "coordinates": [[75.796887, 11.246116], [75.79545, 11.244171]]}, "properties": {"from": [75.7968872, 11.2461157], "to": [75.79545017109974, 11.244170827109974], "type": "intra-zone"}}, {"type": "Feature", "geometry": {"type": "LineString", "coordinates": [[75.799133, 11.248143], [75.799108, 11.248387]]}, "properties": {"from": [75.7991327, 11.2481425], "to": [75.7991083, 11.2483872], "type": "primary"}}, {"type": "Feature", "geometry": {"type": "LineString", "coordinates": [[75.775605, 11.241556], [75.776554, 11.243155]]}, "properties": {"from": [75.7756046, 11.241556], "to": [75.7765542862963, 11.243154998148148], "type": "intra-zone"}}, {"type": "Feature", "geometry": {"type": "LineString", "coordinates": [[75.781908, 11.254373], [75.781826, 11.254288]]}, "properties": {"from": [75.7819078, 11.2543733], "to": [75.7818257, 11.2542877], "type": "primary"}}, {"type": "Feature", "geometry": {"type": "LineString", "coordinates": [[75.776611, 11.247799], [75.776641, 11.251004]]}, "properties": {"from": [75.7766105, 11.2477985], "to": [75.77664119651972, 11.251004005336426], "type": "intra-zone"}}, {"type": "Feature", "geometry": {"type": "LineString", "coordinates": [[75.796803, 11.246], [75.79545, 11.244171]]}, "properties": {"from": [75.7968026, 11.246], "to": [75.79545017109974, 11.244170827109974], "type": "intra-zone"}}, {"type": "Feature", "geometry": {"type": "LineString", "coordinates": [[75.796908, 11.242077], [75.796939, 11.242304]]}, "properties": {"from": [75.7969077, 11.2420774], "to": [75.7969394, 11.2423035], "type": "tertiary"}}, {"type": "Feature", "geometry": {"type": "LineString", "coordinates": [[75.795722, 11.247942], [75.796031, 11.249704]]}, "properties": {"from": [75.7957221, 11.247942], "to": [75.79603117340068, 11.249703834006734], "type": "intra-zone"}}, {"type": "Feature", "geometry": {"type": "LineString", "coordinates": [[75.790289, 11.253206], [75.786427, 11.252457]]}, "properties": {"from": [75.7902893, 11.2532064], "to": [75.78642719263158, 11.25245679894737], "type": "intra-zone"}}, {"type": "Feature", "geometry": {"type": "LineString", "coordinates": [[75.779394, 11.238967], [75.779635, 11.238667]]}, "properties": {"from": [75.7793937, 11.2389665], "to": [75.7796355, 11.2386667], "type": "residential"}}, {"type": "Feature", "geometry": {"type": "LineString", "coordinates": [[75.780643, 11.253846], [75.776641, 11.251004]]}, "properties": {"from": [75.7806431, 11.2538465], "to": [75.77664119651972, 11.251004005336426], "type": "intra-zone"}}, {"type": "Feature", "geometry": {"type": "LineString", "coordinates": [[75.785126, 11.242883], [75.784986, 11.242891]]}, "properties": {"from": [75.7849856, 11.2428907], "to": [75.7851262, 11.2428831], "type": "secondary"}}, {"type": "Feature", "geometry": {"type": "LineString", "coordinates": [[75.775837, 11.24746], [75.776641, 11.251004]]}, "properties": {"from": [75.7758372, 11.2474599], "to": [75.77664119651972, 11.251004005336426], "type": "intra-zone"}}, {"type": "Feature", "geometry": {"type": "LineString", "coordinates": [[75.791803, 11.255724], [75.786427, 11.252457]]}, "properties": {"from": [75.791803, 11.255724], "to": [75.78642719263158, 11.25245679894737], "type": "intra-zone"}}, {"type": "Feature", "geometry": {"type": "LineString", "coordinates": [[75.78314, 11.245435], [75.785033, 11.243796]]}, "properties": {"from": [75.7831398, 11.2454352], "to": [75.78503318388888, 11.2437957125], "type": "intra-zone"}}, {"type": "Feature", "geometry": {"type": "LineString", "coordinates": [[75.788762, 11.251932], [75.786427, 11.252457]]}, "properties": {"from": [75.7887624, 11.2519316], "to": [75.78642719263158, 11.25245679894737], "type": "intra-zone"}}, {"type": "Feature", "geometry": {"type": "LineString", "coordinates": [[75.792818, 11.25246], [75.792825, 11.252273]]}, "properties": {"from": [75.7928176, 11.2524602], "to": [75.7928251, 11.252273], "type": "tertiary"}}, {"type": "Feature", "geometry": {"type": "LineString", "coordinates": [[75.785466, 11.242358], [75.785033, 11.243796]]}, "properties": {"from": [75.7854659, 11.2423577], "to": [75.78503318388888, 11.2437957125], "type": "intra-zone"}}, {"type": "Feature", "geometry": {"type": "LineString", "coordinates": [[75.795804, 11.246535], [75.79545, 11.244171]]}, "properties": {"from": [75.7958043, 11.2465353], "to": [75.79545017109974, 11.244170827109974], "type": "intra-zone"}}, {"type": "Feature", "geometry": {"type": "LineString", "coordinates": [[75.789423, 11.244397], [75.785033, 11.243796]]}, "properties": {"from": [75.7894235, 11.2443972], "to": [75.78503318388888, 11.2437957125], "type": "intra-zone"}}, {"type": "Feature", "geometry": {"type": "LineString", "coordinates": [[75.774913, 11.246771], [75.776554, 11.243155]]}, "properties": {"from": [75.7749126, 11.2467715], "to": [75.7765542862963, 11.243154998148148], "type": "intra-zone"}}, {"type": "Feature", "geometry": {"type": "LineString", "coordinates": [[75.780643, 11.253846], [75.779534, 11.253716]]}, "properties": {"from": [75.7806431, 11.2538465], "to": [75.7795343, 11.2537163], "type": "primary"}}, {"type": "Feature", "geometry": {"type": "LineString", "coordinates": [[75.783486, 11.248789], [75.782682, 11.248822]]}, "properties": {"from": [75.7834861, 11.248789], "to": [75.7826824, 11.2488216], "type": "secondary"}}, {"type": "Feature", "geometry": {"type": "LineString", "coordinates": [[75.785534, 11.252464], [75.786427, 11.252457]]}, "properties": {"from": [75.785534, 11.2524643], "to": [75.78642719263158, 11.25245679894737], "type": "intra-zone"}}, {"type": "Feature", "geometry": {"type": "LineString", "coordinates": [[75.792517, 11.25297], [75.796031, 11.249704]]}, "properties": {"from": [75.7925171, 11.25297], "to": [75.79603117340068, 11.249703834006734], "type": "intra-zone"}}, {"type": "Feature", "geometry": {"type": "LineString", "coordinates": [[75.783323, 11.245339], [75.785033, 11.243796]]}, "properties": {"from": [75.7833228, 11.2453389], "to": [75.78503318388888, 11.2437957125], "type": "intra-zone"}}, {"type": "Feature", "geometry": {"type": "LineString", "coordinates": [[75.778547, 11.247801], [75.776641, 11.251004]]}, "properties": {"from": [75.7785465, 11.2478008], "to": [75.77664119651972, 11.251004005336426], "type": "intra-zone"}}, {"type": "Feature", "geometry": {"type": "LineString", "coordinates": [[75.77998, 11.241938], [75.779807, 11.242646]]}, "properties": {"from": [75.7799803, 11.2419382], "to": [75.7798069, 11.2426463], "type": "residential"}}, {"type": "Feature", "geometry": {"type": "LineString", "coordinates": [[75.778185, 11.248916], [75.778172, 11.248655]]}, "properties": {"from": [75.7781849, 11.2489162], "to": [75.7781716, 11.2486551], "type": "residential"}}, {"type": "Feature", "geometry": {"type": "LineString", "coordinates": [[75.795789, 11.247613], [75.795821, 11.247616]]}, "properties": {"from": [75.7957892, 11.2476132], "to": [75.7958214, 11.2476158], "type": "residential"}}, {"type": "Feature", "geometry": {"type": "LineString", "coordinates": [[75.77645, 11.243398], [75.776482, 11.243225]]}, "properties": {"from": [75.7764818, 11.2432253], "to": [75.7764496, 11.243398], "type": "residential"}}, {"type": "Feature", "geometry": {"type": "LineString", "coordinates": [[75.779176, 11.25547], [75.779151, 11.255507]]}, "properties": {"from": [75.7791759, 11.2554696], "to": [75.7791511, 11.2555071], "type": "primary"}}, {"type": "Feature", "geometry": {"type": "LineString", "coordinates": [[75.79504, 11.24223], [75.794424, 11.242198]]}, "properties": {"from": [75.7944238, 11.2421984], "to": [75.7950405, 11.24223], "type": "residential"}}, {"type": "Feature", "geometry": {"type": "LineString", "coordinates": [[75.77428, 11.253908], [75.776641, 11.251004]]}, "properties": {"from": [75.7742796, 11.2539085], "to": [75.77664119651972, 11.251004005336426], "type": "intra-zone"}}, {"type": "Feature", "geometry": {"type": "LineString", "coordinates": [[75.78776, 11.251788], [75.787722, 11.251773]]}, "properties": {"from": [75.7877604, 11.2517883], "to": [75.7877221, 11.2517731], "type": "secondary"}}, {"type": "Feature", "geometry": {"type": "LineString", "coordinates": [[75.786169, 11.251612], [75.786116, 11.25158]]}, "properties": {"from": [75.7861694, 11.2516119], "to": [75.7861161, 11.2515796], "type": "residential"}}, {"type": "Feature", "geometry": {"type": "LineString", "coordinates": [[75.797714, 11.247279], [75.797714, 11.247158]]}, "properties": {"from": [75.7977141, 11.2472785], "to": [75.7977141, 11.2471575], "type": "residential"}}, {"type": "Feature", "geometry": {"type": "LineString", "coordinates": [[75.775727, 11.241567], [75.775847, 11.241602]]}, "properties": {"from": [75.7757266, 11.2415666], "to": [75.7758473, 11.2416021], "type": "residential"}}, {"type": "Feature", "geometry": {"type": "LineString", "coordinates": [[75.795918, 11.247621], [75.796031, 11.249704]]}, "properties": {"from": [75.7959179, 11.2476211], "to": [75.79603117340068, 11.249703834006734], "type": "intra-zone"}}, {"type": "Feature", "geometry": {"type": "LineString", "coordinates": [[75.773343, 11.246802], [75.773719, 11.24682]]}, "properties": {"from": [75.7737192, 11.2468201], "to": [75.7733431, 11.2468023], "type": "residential"}}, {"type": "Feature", "geometry": {"type": "LineString", "coordinates": [[75.776578, 11.239629], [75.776783, 11.239638]]}, "properties": {"from": [75.7765785, 11.2396286], "to": [75.7767829, 11.2396379], "type": "secondary"}}, {"type": "Feature", "geometry": {"type": "LineString", "coordinates": [[75.782297, 11.253499], [75.782751, 11.253238]]}, "properties": {"from": [75.7822971, 11.2534989], "to": [75.7827514, 11.2532382], "type": "primary"}}, {"type": "Feature", "geometry": {"type": "LineString", "coordinates": [[75.786266, 11.253679], [75.786427, 11.252457]]}, "properties": {"from": [75.7862664, 11.2536794], "to": [75.78642719263158, 11.25245679894737], "type": "intra-zone"}}, {"type": "Feature", "geometry": {"type": "LineString", "coordinates": [[75.79831, 11.249872], [75.798195, 11.250198]]}, "properties": {"from": [75.7983104, 11.2498722], "to": [75.7981949, 11.2501981], "type": "primary"}}, {"type": "Feature", "geometry": {"type": "LineString", "coordinates": [[75.791898, 11.255391], [75.792055, 11.254484]]}, "properties": {"from": [75.7918982, 11.2553909], "to": [75.7920549, 11.254484], "type": "primary"}}, {"type": "Feature", "geometry": {"type": "LineString", "coordinates": [[75.796848, 11.242869], [75.79545, 11.244171]]}, "properties": {"from": [75.7968482, 11.2428695], "to": [75.79545017109974, 11.244170827109974], "type": "intra-zone"}}, {"type": "Feature", "geometry": {"type": "LineString", "coordinates": [[75.796288, 11.253318], [75.796031, 11.249704]]}, "properties": {"from": [75.7962879, 11.2533184], "to": [75.79603117340068, 11.249703834006734], "type": "intra-zone"}}, {"type": "Feature", "geometry": {"type": "LineString", "coordinates": [[75.795607, 11.246913], [75.79545, 11.244171]]}, "properties": {"from": [75.7956068, 11.2469134], "to": [75.79545017109974, 11.244170827109974], "type": "intra-zone"}}, {"type": "Feature", "geometry": {"type": "LineString", "coordinates": [[75.776047, 11.24169], [75.776492, 11.241777]]}, "properties": {"from": [75.7764919, 11.2417772], "to": [75.7760472, 11.2416904], "type": "residential"}}, {"type": "Feature", "geometry": {"type": "LineString", "coordinates": [[75.777214, 11.252443], [75.776641, 11.251004]]}, "properties": {"from": [75.7772139, 11.2524432], "to": [75.77664119651972, 11.251004005336426], "type": "intra-zone"}}, {"type": "Feature", "geometry": {"type": "LineString", "coordinates": [[75.773814, 11.246113], [75.776554, 11.243155]]}, "properties": {"from": [75.7738143, 11.2461135], "to": [75.7765542862963, 11.243154998148148], "type": "intra-zone"}}, {"type": "Feature", "geometry": {"type": "LineString", "coordinates": [[75.774449, 11.250802], [75.776641, 11.251004]]}, "properties": {"from": [75.7744487, 11.2508017], "to": [75.77664119651972, 11.251004005336426], "type": "intra-zone"}}, {"type": "Feature", "geometry": {"type": "LineString", "coordinates": [[75.782953, 11.245309], [75.785033, 11.243796]]}, "properties": {"from": [75.7829534, 11.2453091], "to": [75.78503318388888, 11.2437957125], "type": "intra-zone"}}, {"type": "Feature", "geometry": {"type": "LineString", "coordinates": [[75.777926, 11.254654], [75.776641, 11.251004]]}, "properties": {"from": [75.7779256, 11.2546541], "to": [75.77664119651972, 11.251004005336426], "type": "intra-zone"}}, {"type": "Feature", "geometry": {"type": "LineString", "coordinates": [[75.771395, 11.251214], [75.771536, 11.250928]]}, "properties": {"from": [75.771395, 11.2512144], "to": [75.7715358, 11.250928], "type": "secondary"}}, {"type": "Feature", "geometry": {"type": "LineString", "coordinates": [[75.77384, 11.242898], [75.776554, 11.243155]]}, "properties": {"from": [75.77384, 11.2428982], "to": [75.7765542862963, 11.243154998148148], "type": "intra-zone"}}, {"type": "Feature", "geometry": {"type": "LineString", "coordinates": [[75.797984, 11.248791], [75.796031, 11.249704]]}, "properties": {"from": [75.7979837, 11.2487911], "to": [75.79603117340068, 11.249703834006734], "type": "intra-zone"}}, {"type": "Feature", "geometry": {"type": "LineString", "coordinates": [[75.797347, 11.24875], [75.797336, 11.248797]]}, "properties": {"from": [75.7973466, 11.2487499], "to": [75.7973359, 11.2487972], "type": "residential"}}, {"type": "Feature", "geometry": {"type": "LineString", "coordinates": [[75.776186, 11.253798], [75.776641, 11.251004]]}, "properties": {"from": [75.7761864, 11.2537981], "to": [75.77664119651972, 11.251004005336426], "type": "intra-zone"}}, {"type": "Feature", "geometry": {"type": "LineString", "coordinates": [[75.791445, 11.242602], [75.791656, 11.242341]]}, "properties": {"from": [75.7914447, 11.2426016], "to": [75.7916556, 11.2423411], "type": "secondary"}}, {"type": "Feature", "geometry": {"type": "LineString", "coordinates": [[75.797434, 11.244437], [75.79545, 11.244171]]}, "properties": {"from": [75.7974344, 11.2444366], "to": [75.79545017109974, 11.244170827109974], "type": "intra-zone"}}, {"type": "Feature", "geometry": {"type": "LineString", "coordinates": [[75.797897, 11.248772], [75.797841, 11.248757]]}, "properties": {"from": [75.7978971, 11.2487725], "to": [75.7978408, 11.2487567], "type": "residential"}}, {"type": "Feature", "geometry": {"type": "LineString", "coordinates": [[75.777439, 11.243849], [75.776554, 11.243155]]}, "properties": {"from": [75.7774394, 11.2438488], "to": [75.7765542862963, 11.243154998148148], "type": "intra-zone"}}, {"type": "Feature", "geometry": {"type": "LineString", "coordinates": [[75.791682, 11.245202], [75.791974, 11.245155]]}, "properties": {"from": [75.7916823, 11.2452022], "to": [75.7919736, 11.2451546], "type": "residential"}}, {"type": "Feature", "geometry": {"type": "LineString", "coordinates": [[75.775277, 11.247021], [75.776554, 11.243155]]}, "properties": {"from": [75.7752774, 11.2470214], "to": [75.7765542862963, 11.243154998148148], "type": "intra-zone"}}, {"type": "Feature", "geometry": {"type": "LineString", "coordinates": [[75.788414, 11.243909], [75.785033, 11.243796]]}, "properties": {"from": [75.7884141, 11.2439089], "to": [75.78503318388888, 11.2437957125], "type": "intra-zone"}}, {"type": "Feature", "geometry": {"type": "LineString", "coordinates": [[75.772214, 11.253132], [75.776641, 11.251004]]}, "properties": {"from": [75.7722139, 11.2531317], "to": [75.77664119651972, 11.251004005336426], "type": "intra-zone"}}, {"type": "Feature", "geometry": {"type": "LineString", "coordinates": [[75.783476, 11.242236], [75.784137, 11.242556]]}, "properties": {"from": [75.7841368, 11.2425563], "to": [75.7834764, 11.2422362], "type": "secondary"}}, {"type": "Feature", "geometry": {"type": "LineString", "coordinates": [[75.795445, 11.251617], [75.796031, 11.249704]]}, "properties": {"from": [75.7954445, 11.2516171], "to": [75.79603117340068, 11.249703834006734], "type": "intra-zone"}}, {"type": "Feature", "geometry": {"type": "LineString", "coordinates": [[75.775259, 11.247255], [75.776641, 11.251004]]}, "properties": {"from": [75.7752592, 11.2472548], "to": [75.77664119651972, 11.251004005336426], "type": "intra-zone"}}, {"type": "Feature", "geometry": {"type": "LineString", "coordinates": [[75.786992, 11.253581], [75.787071, 11.25312]]}, "properties": {"from": [75.7869918, 11.2535806], "to": [75.7870709, 11.2531202], "type": "secondary"}}, {"type": "Feature", "geometry": {"type": "LineString", "coordinates": [[75.796725, 11.243072], [75.79545, 11.244171]]}, "properties": {"from": [75.7967248, 11.2430721], "to": [75.79545017109974, 11.244170827109974], "type": "intra-zone"}}, {"type": "Feature", "geometry": {"type": "LineString", "coordinates": [[75.78925, 11.254065], [75.786427, 11.252457]]}, "properties": {"from": [75.7892505, 11.2540645], "to": [75.78642719263158, 11.25245679894737], "type": "intra-zone"}}, {"type": "Feature", "geometry": {"type": "LineString", "coordinates": [[75.783643, 11.241145], [75.785033, 11.243796]]}, "properties": {"from": [75.7836428, 11.2411445], "to": [75.78503318388888, 11.2437957125], "type": "intra-zone"}}, {"type": "Feature", "geometry": {"type": "LineString", "coordinates": [[75.773683, 11.248882], [75.773789, 11.248935]]}, "properties": {"from": [75.7736828, 11.2488821], "to": [75.7737886, 11.2489352], "type": "tertiary"}}, {"type": "Feature", "geometry": {"type": "LineString", "coordinates": [[75.776442, 11.246709], [75.776554, 11.243155]]}, "properties": {"from": [75.7764417, 11.2467089], "to": [75.7765542862963, 11.243154998148148], "type": "intra-zone"}}, {"type": "Feature", "geometry": {"type": "LineString", "coordinates": [[75.798147, 11.242491], [75.797937, 11.242467]]}, "properties": {"from": [75.7981466, 11.242491], "to": [75.7979367, 11.2424672], "type": "tertiary"}}]}