{"type": "FeatureCollection", "features": [{"type": "Feature", "geometry": {"type": "LineString", "coordinates": [[75.791968, 11.241866], [75.791913, 11.24157]]}, "properties": {"type": "original", "weight": 0.0003009316367544541}}, {"type": "Feature", "geometry": {"type": "LineString", "coordinates": [[75.791968, 11.241866], [75.791864, 11.241967]]}, "properties": {"type": "original", "weight": 0.00014391514861290355}}, {"type": "Feature", "geometry": {"type": "LineString", "coordinates": [[75.791968, 11.241866], [75.792034, 11.241846]]}, "properties": {"type": "original", "weight": 6.989778251579672e-05}}, {"type": "Feature", "geometry": {"type": "LineString", "coordinates": [[75.791968, 11.241866], [75.791889, 11.241784]]}, "properties": {"type": "original", "weight": 0.00011372818472229195}}, {"type": "Feature", "geometry": {"type": "LineString", "coordinates": [[75.791913, 11.24157], [75.791802, 11.241131]]}, "properties": {"type": "original", "weight": 0.00045373720367779805}}, {"type": "Feature", "geometry": {"type": "LineString", "coordinates": [[75.791802, 11.241131], [75.791758, 11.240842]]}, "properties": {"type": "original", "weight": 0.00029224650553817997}}, {"type": "Feature", "geometry": {"type": "LineString", "coordinates": [[75.791802, 11.241131], [75.791718, 11.241143]]}, "properties": {"type": "original", "weight": 8.457008926557841e-05}}, {"type": "Feature", "geometry": {"type": "LineString", "coordinates": [[75.791758, 11.240842], [75.791722, 11.240607]]}, "properties": {"type": "original", "weight": 0.00023733092929561987}}, {"type": "Feature", "geometry": {"type": "LineString", "coordinates": [[75.791722, 11.240607], [75.791722, 11.240514]]}, "properties": {"type": "original", "weight": 9.290021528529296e-05}}, {"type": "Feature", "geometry": {"type": "LineString", "coordinates": [[75.791722, 11.240514], [75.791722, 11.240282]]}, "properties": {"type": "original", "weight": 0.00023170034527431304}}, {"type": "Feature", "geometry": {"type": "LineString", "coordinates": [[75.791722, 11.240282], [75.791723, 11.24012]]}, "properties": {"type": "original", "weight": 0.00016230012322804963}}, {"type": "Feature", "geometry": {"type": "LineString", "coordinates": [[75.791723, 11.24012], [75.791723, 11.23956]]}, "properties": {"type": "original", "weight": 0.0005602007229545037}}, {"type": "Feature", "geometry": {"type": "LineString", "coordinates": [[75.788761, 11.247696], [75.788773, 11.249095]]}, "properties": {"type": "optimized", "weight": 0.001399755814419381}}, {"type": "Feature", "geometry": {"type": "LineString", "coordinates": [[75.788761, 11.247696], [75.788297, 11.247685]]}, "properties": {"type": "optimized", "weight": 0.0004635166879422401}}, {"type": "Feature", "geometry": {"type": "LineString", "coordinates": [[75.788761, 11.247696], [75.789425, 11.247712]]}, "properties": {"type": "optimized", "weight": 0.0006650022556308489}}, {"type": "Feature", "geometry": {"type": "LineString", "coordinates": [[75.788773, 11.249095], [75.788291, 11.249583]]}, "properties": {"type": "optimized", "weight": 0.0006862573642574799}}, {"type": "Feature", "geometry": {"type": "LineString", "coordinates": [[75.788291, 11.249583], [75.788201, 11.249983]]}, "properties": {"type": "optimized", "weight": 0.00040985857316804637}}, {"type": "Feature", "geometry": {"type": "LineString", "coordinates": [[75.788291, 11.249583], [75.788641, 11.24965]]}, "properties": {"type": "optimized", "weight": 0.0003566874402129114}}, {"type": "Feature", "geometry": {"type": "LineString", "coordinates": [[75.788201, 11.249983], [75.78818, 11.25012]]}, "properties": {"type": "optimized", "weight": 0.0001385164972131967}}, {"type": "Feature", "geometry": {"type": "LineString", "coordinates": [[75.78818, 11.25012], [75.788052, 11.25095]]}, "properties": {"type": "optimized", "weight": 0.000839256820049626}}, {"type": "Feature", "geometry": {"type": "LineString", "coordinates": [[75.78818, 11.25012], [75.788292, 11.25013]]}, "properties": {"type": "original", "weight": 0.00011251888729891679}}, {"type": "Feature", "geometry": {"type": "LineString", "coordinates": [[75.788052, 11.25095], [75.788048, 11.250974]]}, "properties": {"type": "optimized", "weight": 2.5089440008472183e-05}}, {"type": "Feature", "geometry": {"type": "LineString", "coordinates": [[75.788052, 11.25095], [75.788443, 11.250976]]}, "properties": {"type": "original", "weight": 0.0003922098672943884}}, {"type": "Feature", "geometry": {"type": "LineString", "coordinates": [[75.788048, 11.250974], [75.787963, 11.251526]]}, "properties": {"type": "optimized", "weight": 0.0005581943210044949}}, {"type": "Feature", "geometry": {"type": "LineString", "coordinates": [[75.788048, 11.250974], [75.787989, 11.25094]]}, "properties": {"type": "original", "weight": 6.877863040742483e-05}}, {"type": "Feature", "geometry": {"type": "LineString", "coordinates": [[75.787963, 11.251526], [75.787867, 11.251672]]}, "properties": {"type": "optimized", "weight": 0.00017506444527142206}}, {"type": "Feature", "geometry": {"type": "LineString", "coordinates": [[75.787867, 11.251672], [75.78776, 11.251788]]}, "properties": {"type": "optimized", "weight": 0.00015762820179632674}}, {"type": "Feature", "geometry": {"type": "LineString", "coordinates": [[75.78776, 11.251788], [75.787775, 11.251812]]}, "properties": {"type": "optimized", "weight": 2.749636339638381e-05}}, {"type": "Feature", "geometry": {"type": "LineString", "coordinates": [[75.78776, 11.251788], [75.787722, 11.251773]]}, "properties": {"type": "optimized", "weight": 4.120594617278985e-05}}, {"type": "Feature", "geometry": {"type": "LineString", "coordinates": [[75.787651, 11.251869], [75.787569, 11.252046]]}, "properties": {"type": "optimized", "weight": 0.0001946541805374807}}, {"type": "Feature", "geometry": {"type": "LineString", "coordinates": [[75.787651, 11.251869], [75.787644, 11.251838]]}, "properties": {"type": "optimized", "weight": 3.2604907606166426e-05}}, {"type": "Feature", "geometry": {"type": "LineString", "coordinates": [[75.787651, 11.251869], [75.787665, 11.251887]]}, "properties": {"type": "optimized", "weight": 2.2181523844996298e-05}}, {"type": "Feature", "geometry": {"type": "LineString", "coordinates": [[75.787569, 11.252046], [75.787452, 11.252207]]}, "properties": {"type": "optimized", "weight": 0.0001993100348699263}}, {"type": "Feature", "geometry": {"type": "LineString", "coordinates": [[75.787452, 11.252207], [75.787321, 11.252428]]}, "properties": {"type": "optimized", "weight": 0.00025707792592680184}}, {"type": "Feature", "geometry": {"type": "LineString", "coordinates": [[75.787452, 11.252207], [75.787311, 11.252137]]}, "properties": {"type": "original", "weight": 0.00015777819875063907}}, {"type": "Feature", "geometry": {"type": "LineString", "coordinates": [[75.787321, 11.252428], [75.787181, 11.25268]]}, "properties": {"type": "original", "weight": 0.0002877434447549419}}, {"type": "Feature", "geometry": {"type": "LineString", "coordinates": [[75.787321, 11.252428], [75.786985, 11.252372]]}, "properties": {"type": "optimized", "weight": 0.00034035525558648083}}, {"type": "Feature", "geometry": {"type": "LineString", "coordinates": [[75.787181, 11.25268], [75.787082, 11.252915]]}, "properties": {"type": "original", "weight": 0.00025484693445325916}}, {"type": "Feature", "geometry": {"type": "LineString", "coordinates": [[75.787082, 11.252915], [75.787066, 11.252954]]}, "properties": {"type": "original", "weight": 4.280770958779007e-05}}, {"type": "Feature", "geometry": {"type": "LineString", "coordinates": [[75.787082, 11.252915], [75.786773, 11.252792]]}, "properties": {"type": "original", "weight": 0.0003331752842051254}}, {"type": "Feature", "geometry": {"type": "LineString", "coordinates": [[75.787066, 11.252954], [75.787008, 11.253092]]}, "properties": {"type": "original", "weight": 0.00014921796138443006}}, {"type": "Feature", "geometry": {"type": "LineString", "coordinates": [[75.787008, 11.253092], [75.786963, 11.253419]]}, "properties": {"type": "original", "weight": 0.0003300862008624142}}, {"type": "Feature", "geometry": {"type": "LineString", "coordinates": [[75.786963, 11.253419], [75.786933, 11.253567]]}, "properties": {"type": "original", "weight": 0.00015122582451484803}}, {"type": "Feature", "geometry": {"type": "LineString", "coordinates": [[75.786963, 11.253419], [75.786684, 11.253337]]}, "properties": {"type": "original", "weight": 0.0002908570783105611}}, {"type": "Feature", "geometry": {"type": "LineString", "coordinates": [[75.786933, 11.253567], [75.786892, 11.253711]]}, "properties": {"type": "original", "weight": 0.00014962690265958768}}, {"type": "Feature", "geometry": {"type": "LineString", "coordinates": [[75.786933, 11.253567], [75.786635, 11.253473]]}, "properties": {"type": "original", "weight": 0.00031305172096837203}}, {"type": "Feature", "geometry": {"type": "LineString", "coordinates": [[75.786892, 11.253711], [75.786837, 11.253867]]}, "properties": {"type": "original", "weight": 0.00016544488508691408}}, {"type": "Feature", "geometry": {"type": "LineString", "coordinates": [[75.786892, 11.253711], [75.786836, 11.253693]]}, "properties": {"type": "original", "weight": 5.860520455327344e-05}}, {"type": "Feature", "geometry": {"type": "LineString", "coordinates": [[75.786837, 11.253867], [75.786785, 11.254009]]}, "properties": {"type": "original", "weight": 0.00015116223072839357}}, {"type": "Feature", "geometry": {"type": "LineString", "coordinates": [[75.786837, 11.253867], [75.78654, 11.253773]]}, "properties": {"type": "original", "weight": 0.0003116459850510908}}, {"type": "Feature", "geometry": {"type": "LineString", "coordinates": [[75.786785, 11.254009], [75.786772, 11.254103]]}, "properties": {"type": "original", "weight": 9.526384413932056e-05}}, {"type": "Feature", "geometry": {"type": "LineString", "coordinates": [[75.786785, 11.254009], [75.786493, 11.253911]]}, "properties": {"type": "original", "weight": 0.0003080691480859577}}, {"type": "Feature", "geometry": {"type": "LineString", "coordinates": [[75.786772, 11.254103], [75.786835, 11.25404]]}, "properties": {"type": "original", "weight": 8.874418291496268e-05}}, {"type": "Feature", "geometry": {"type": "LineString", "coordinates": [[75.786772, 11.254103], [75.78664, 11.254283]]}, "properties": {"type": "original", "weight": 0.00022290726770898998}}, {"type": "Feature", "geometry": {"type": "LineString", "coordinates": [[75.774952, 11.248997], [75.775044, 11.248499]]}, "properties": {"type": "optimized", "weight": 0.0005064967225978786}}, {"type": "Feature", "geometry": {"type": "LineString", "coordinates": [[75.774952, 11.248997], [75.774824, 11.249004]]}, "properties": {"type": "original", "weight": 0.00012799156222323665}}, {"type": "Feature", "geometry": {"type": "LineString", "coordinates": [[75.774952, 11.248997], [75.775472, 11.248985]]}, "properties": {"type": "optimized", "weight": 0.0005199384963691855}}, {"type": "Feature", "geometry": {"type": "LineString", "coordinates": [[75.775044, 11.248499], [75.775208, 11.24761]]}, "properties": {"type": "optimized", "weight": 0.0009039566914391048}}, {"type": "Feature", "geometry": {"type": "LineString", "coordinates": [[75.775044, 11.248499], [75.775157, 11.248524]]}, "properties": {"type": "original", "weight": 0.00011590789446721365}}, {"type": "Feature", "geometry": {"type": "LineString", "coordinates": [[75.775044, 11.248499], [75.774735, 11.248444]]}, "properties": {"type": "original", "weight": 0.0003134278226289317}}, {"type": "Feature", "geometry": {"type": "LineString", "coordinates": [[75.775208, 11.24761], [75.775221, 11.247539]]}, "properties": {"type": "optimized", "weight": 7.180508338701177e-05}}, {"type": "Feature", "geometry": {"type": "LineString", "coordinates": [[75.775208, 11.24761], [75.775479, 11.247662]]}, "properties": {"type": "original", "weight": 0.0002763710911158543}}, {"type": "Feature", "geometry": {"type": "LineString", "coordinates": [[75.775221, 11.247539], [75.775249, 11.247389]]}, "properties": {"type": "optimized", "weight": 0.00015275103927443496}}, {"type": "Feature", "geometry": {"type": "LineString", "coordinates": [[75.775249, 11.247389], [75.775259, 11.247255]]}, "properties": {"type": "optimized", "weight": 0.00013450267655315984}}, {"type": "Feature", "geometry": {"type": "LineString", "coordinates": [[75.775259, 11.247255], [75.775277, 11.247021]]}, "properties": {"type": "optimized", "weight": 0.000234108521844825}}, {"type": "Feature", "geometry": {"type": "LineString", "coordinates": [[75.775259, 11.247255], [75.775624, 11.247234]]}, "properties": {"type": "original", "weight": 0.00036541548954568503}}, {"type": "Feature", "geometry": {"type": "LineString", "coordinates": [[75.775277, 11.247021], [75.775314, 11.246731]]}, "properties": {"type": "optimized", "weight": 0.00029220124914221}}, {"type": "Feature", "geometry": {"type": "LineString", "coordinates": [[75.775277, 11.247021], [75.775082, 11.247035]]}, "properties": {"type": "original", "weight": 0.000196244439411839}}, {"type": "Feature", "geometry": {"type": "LineString", "coordinates": [[75.775314, 11.246731], [75.775429, 11.246502]]}, "properties": {"type": "optimized", "weight": 0.0002565217339732188}}, {"type": "Feature", "geometry": {"type": "LineString", "coordinates": [[75.775429, 11.246502], [75.775561, 11.246214]]}, "properties": {"type": "optimized", "weight": 0.0003169833591834885}}, {"type": "Feature", "geometry": {"type": "LineString", "coordinates": [[75.775429, 11.246502], [75.775549, 11.246547]]}, "properties": {"type": "original", "weight": 0.00012807911617768506}}, {"type": "Feature", "geometry": {"type": "LineString", "coordinates": [[75.775429, 11.246502], [75.775325, 11.246482]]}, "properties": {"type": "original", "weight": 0.0001057885627079741}}, {"type": "Feature", "geometry": {"type": "LineString", "coordinates": [[75.775561, 11.246214], [75.775604, 11.246102]]}, "properties": {"type": "optimized", "weight": 0.00011963348193545893}}, {"type": "Feature", "geometry": {"type": "LineString", "coordinates": [[75.775561, 11.246214], [75.775604, 11.246102]]}, "properties": {"type": "optimized", "weight": 0.00011997082978943728}}, {"type": "Feature", "geometry": {"type": "LineString", "coordinates": [[75.775561, 11.246214], [75.775429, 11.246502]]}, "properties": {"type": "optimized", "weight": 0.00031680909077543825}}, {"type": "Feature", "geometry": {"type": "LineString", "coordinates": [[75.775604, 11.246102], [75.775695, 11.245866]]}, "properties": {"type": "optimized", "weight": 0.0002528434495878698}}, {"type": "Feature", "geometry": {"type": "LineString", "coordinates": [[75.775604, 11.246102], [75.775323, 11.245987]]}, "properties": {"type": "original", "weight": 0.0003041103089240082}}, {"type": "Feature", "geometry": {"type": "LineString", "coordinates": [[75.775695, 11.245866], [75.775746, 11.245481]]}, "properties": {"type": "optimized", "weight": 0.0003890179687377247}}, {"type": "Feature", "geometry": {"type": "LineString", "coordinates": [[75.775695, 11.245866], [75.776015, 11.24585]]}, "properties": {"type": "original", "weight": 0.0003203356052722388}}, {"type": "Feature", "geometry": {"type": "LineString", "coordinates": [[75.774824, 11.245125], [75.77495, 11.244118]]}, "properties": {"type": "original", "weight": 0.0010147654014585883}}, {"type": "Feature", "geometry": {"type": "LineString", "coordinates": [[75.774824, 11.245125], [75.775398, 11.245204]]}, "properties": {"type": "original", "weight": 0.000579861811114927}}, {"type": "Feature", "geometry": {"type": "LineString", "coordinates": [[75.774824, 11.245125], [75.774798, 11.24512]]}, "properties": {"type": "original", "weight": 2.5906948873044383e-05}}, {"type": "Feature", "geometry": {"type": "LineString", "coordinates": [[75.77495, 11.244118], [75.775041, 11.243801]]}, "properties": {"type": "original", "weight": 0.00032958314580814235}}, {"type": "Feature", "geometry": {"type": "LineString", "coordinates": [[75.775041, 11.243801], [75.775147, 11.243431]]}, "properties": {"type": "original", "weight": 0.00038525547367929396}}, {"type": "Feature", "geometry": {"type": "LineString", "coordinates": [[75.775041, 11.243801], [75.774728, 11.243778]]}, "properties": {"type": "original", "weight": 0.00031388845151505897}}, {"type": "Feature", "geometry": {"type": "LineString", "coordinates": [[75.775041, 11.243801], [75.775586, 11.243915]]}, "properties": {"type": "original", "weight": 0.0005570236978873224}}, {"type": "Feature", "geometry": {"type": "LineString", "coordinates": [[75.775147, 11.243431], [75.77517, 11.243151]]}, "properties": {"type": "original", "weight": 0.00028123388842780304}}, {"type": "Feature", "geometry": {"type": "LineString", "coordinates": [[75.77517, 11.243151], [75.775268, 11.241951]]}, "properties": {"type": "original", "weight": 0.0012034804069852982}}, {"type": "Feature", "geometry": {"type": "LineString", "coordinates": [[75.77517, 11.243151], [75.775167, 11.243145]]}, "properties": {"type": "original", "weight": 5.860034126687071e-06}}, {"type": "Feature", "geometry": {"type": "LineString", "coordinates": [[75.77517, 11.243151], [75.775817, 11.24321]]}, "properties": {"type": "original", "weight": 0.0006494672278091437}}, {"type": "Feature", "geometry": {"type": "LineString", "coordinates": [[75.775268, 11.241951], [75.775275, 11.241879]]}, "properties": {"type": "original", "weight": 7.252068670353983e-05}}, {"type": "Feature", "geometry": {"type": "LineString", "coordinates": [[75.775275, 11.241879], [75.775304, 11.241615]]}, "properties": {"type": "original", "weight": 0.0002661627321761601}}, {"type": "Feature", "geometry": {"type": "LineString", "coordinates": [[75.775275, 11.241879], [75.775601, 11.241937]]}, "properties": {"type": "original", "weight": 0.00033098587583864635}}, {"type": "Feature", "geometry": {"type": "LineString", "coordinates": [[75.775275, 11.241879], [75.774968, 11.241847]]}, "properties": {"type": "original", "weight": 0.00030861603976282037}}, {"type": "Feature", "geometry": {"type": "LineString", "coordinates": [[75.775304, 11.241615], [75.775346, 11.241514]]}, "properties": {"type": "original", "weight": 0.00010850829461544768}}, {"type": "Feature", "geometry": {"type": "LineString", "coordinates": [[75.775346, 11.241514], [75.775467, 11.241219]]}, "properties": {"type": "original", "weight": 0.00031939470878784366}}, {"type": "Feature", "geometry": {"type": "LineString", "coordinates": [[75.775346, 11.241514], [75.775432, 11.241532]]}, "properties": {"type": "original", "weight": 8.790472115767958e-05}}, {"type": "Feature", "geometry": {"type": "LineString", "coordinates": [[75.775346, 11.241514], [75.774276, 11.24119]]}, "properties": {"type": "original", "weight": 0.0011179611800019268}}, {"type": "Feature", "geometry": {"type": "LineString", "coordinates": [[75.775467, 11.241219], [75.775693, 11.240393]]}, "properties": {"type": "original", "weight": 0.0008556665764188508}}, {"type": "Feature", "geometry": {"type": "LineString", "coordinates": [[75.775693, 11.240393], [75.775793, 11.240023]]}, "properties": {"type": "original", "weight": 0.00038341468412032793}}, {"type": "Feature", "geometry": {"type": "LineString", "coordinates": [[75.775793, 11.240023], [75.775965, 11.239552]]}, "properties": {"type": "original", "weight": 0.0005017899361269247}}, {"type": "Feature", "geometry": {"type": "LineString", "coordinates": [[75.775965, 11.239552], [75.775518, 11.239453]]}, "properties": {"type": "original", "weight": 0.0004577125954132087}}, {"type": "Feature", "geometry": {"type": "LineString", "coordinates": [[75.775965, 11.239552], [75.776166, 11.2396]]}, "properties": {"type": "original", "weight": 0.0002065824048693904}}, {"type": "Feature", "geometry": {"type": "LineString", "coordinates": [[75.78013, 11.240969], [75.779992, 11.241224]]}, "properties": {"type": "optimized", "weight": 0.0002900136548511735}}, {"type": "Feature", "geometry": {"type": "LineString", "coordinates": [[75.78013, 11.240969], [75.779748, 11.240764]]}, "properties": {"type": "original", "weight": 0.00043334185119999277}}, {"type": "Feature", "geometry": {"type": "LineString", "coordinates": [[75.78013, 11.240969], [75.781209, 11.241386]]}, "properties": {"type": "optimized", "weight": 0.0011568478032911165}}, {"type": "Feature", "geometry": {"type": "LineString", "coordinates": [[75.779992, 11.241224], [75.77998, 11.241938]]}, "properties": {"type": "optimized", "weight": 0.0007138008755952086}}, {"type": "Feature", "geometry": {"type": "LineString", "coordinates": [[75.77998, 11.241938], [75.779807, 11.242646]]}, "properties": {"type": "optimized", "weight": 0.0007290220641406205}}, {"type": "Feature", "geometry": {"type": "LineString", "coordinates": [[75.779807, 11.242646], [75.779727, 11.242952]]}, "properties": {"type": "optimized", "weight": 0.00031594387159629726}}, {"type": "Feature", "geometry": {"type": "LineString", "coordinates": [[75.779807, 11.242646], [75.779491, 11.242556]]}, "properties": {"type": "original", "weight": 0.0003285252653946192}}, {"type": "Feature", "geometry": {"type": "LineString", "coordinates": [[75.779727, 11.242952], [75.77956, 11.243237]]}, "properties": {"type": "optimized", "weight": 0.00033077031306013796}}, {"type": "Feature", "geometry": {"type": "LineString", "coordinates": [[75.77956, 11.243237], [75.779257, 11.243244]]}, "properties": {"type": "optimized", "weight": 0.000303171848953455}}, {"type": "Feature", "geometry": {"type": "LineString", "coordinates": [[75.779257, 11.243244], [75.779147, 11.243332]]}, "properties": {"type": "optimized", "weight": 0.00014052519347397283}}, {"type": "Feature", "geometry": {"type": "LineString", "coordinates": [[75.779147, 11.243332], [75.778999, 11.243581]]}, "properties": {"type": "optimized", "weight": 0.0002903675773897383}}, {"type": "Feature", "geometry": {"type": "LineString", "coordinates": [[75.778999, 11.243581], [75.778948, 11.243664]]}, "properties": {"type": "optimized", "weight": 9.708928880259431e-05}}, {"type": "Feature", "geometry": {"type": "LineString", "coordinates": [[75.778948, 11.243664], [75.778867, 11.243664]]}, "properties": {"type": "optimized", "weight": 8.080154700699497e-05}}, {"type": "Feature", "geometry": {"type": "LineString", "coordinates": [[75.778867, 11.243664], [75.778239, 11.24348]]}, "properties": {"type": "optimized", "weight": 0.0006548803325847813}}, {"type": "Feature", "geometry": {"type": "LineString", "coordinates": [[75.778239, 11.24348], [75.777562, 11.243303]]}, "properties": {"type": "optimized", "weight": 0.0006999448906804267}}, {"type": "Feature", "geometry": {"type": "LineString", "coordinates": [[75.777562, 11.243303], [75.777439, 11.243849]]}, "properties": {"type": "optimized", "weight": 0.0005591930793560116}}, {"type": "Feature", "geometry": {"type": "LineString", "coordinates": [[75.777562, 11.243303], [75.777761, 11.242598]]}, "properties": {"type": "original", "weight": 0.0007331647154617748}}, {"type": "Feature", "geometry": {"type": "LineString", "coordinates": [[75.77267, 11.248562], [75.773048, 11.248596]]}, "properties": {"type": "original", "weight": 0.00037903701666104996}}, {"type": "Feature", "geometry": {"type": "LineString", "coordinates": [[75.77267, 11.248562], [75.772678, 11.248734]]}, "properties": {"type": "original", "weight": 0.0001724856225905293}}, {"type": "Feature", "geometry": {"type": "LineString", "coordinates": [[75.77267, 11.248562], [75.77263, 11.248497]]}, "properties": {"type": "original", "weight": 7.600190787171543e-05}}, {"type": "Feature", "geometry": {"type": "LineString", "coordinates": [[75.773048, 11.248596], [75.773602, 11.248794]]}, "properties": {"type": "original", "weight": 0.00058845438226696}}, {"type": "Feature", "geometry": {"type": "LineString", "coordinates": [[75.773602, 11.248794], [75.773683, 11.248882]]}, "properties": {"type": "original", "weight": 0.00011946221159778114}}, {"type": "Feature", "geometry": {"type": "LineString", "coordinates": [[75.773683, 11.248882], [75.773789, 11.248935]]}, "properties": {"type": "original", "weight": 0.00011837757388995353}}, {"type": "Feature", "geometry": {"type": "LineString", "coordinates": [[75.773683, 11.248882], [75.773702, 11.249037]]}, "properties": {"type": "original", "weight": 0.00015560157454237443}}, {"type": "Feature", "geometry": {"type": "LineString", "coordinates": [[75.773683, 11.248882], [75.773783, 11.248397]]}, "properties": {"type": "original", "weight": 0.0004952255748638488}}, {"type": "Feature", "geometry": {"type": "LineString", "coordinates": [[75.773789, 11.248935], [75.774283, 11.248974]]}, "properties": {"type": "original", "weight": 0.0004961039407182322}}, {"type": "Feature", "geometry": {"type": "LineString", "coordinates": [[75.774283, 11.248974], [75.774448, 11.24899]]}, "properties": {"type": "original", "weight": 0.00016524602869929806}}, {"type": "Feature", "geometry": {"type": "LineString", "coordinates": [[75.774283, 11.248974], [75.773921, 11.250197]]}, "properties": {"type": "original", "weight": 0.001275659582334511}}, {"type": "Feature", "geometry": {"type": "LineString", "coordinates": [[75.774448, 11.24899], [75.774824, 11.249004]]}, "properties": {"type": "original", "weight": 0.0003771345913516923}}, {"type": "Feature", "geometry": {"type": "LineString", "coordinates": [[75.774824, 11.249004], [75.774813, 11.249033]]}, "properties": {"type": "original", "weight": 3.106718525727935e-05}}, {"type": "Feature", "geometry": {"type": "LineString", "coordinates": [[75.775472, 11.248985], [75.775916, 11.248975]]}, "properties": {"type": "original", "weight": 0.0004438126744525217}}, {"type": "Feature", "geometry": {"type": "LineString", "coordinates": [[75.775472, 11.248985], [75.775473, 11.249197]]}, "properties": {"type": "optimized", "weight": 0.000212203392998316}}, {"type": "Feature", "geometry": {"type": "LineString", "coordinates": [[75.775916, 11.248975], [75.776109, 11.24897]]}, "properties": {"type": "original", "weight": 0.00019345004521767646}}, {"type": "Feature", "geometry": {"type": "LineString", "coordinates": [[75.776109, 11.24897], [75.776183, 11.248969]]}, "properties": {"type": "original", "weight": 7.411949811562007e-05}}, {"type": "Feature", "geometry": {"type": "LineString", "coordinates": [[75.776183, 11.248969], [75.776423, 11.248963]]}, "properties": {"type": "original", "weight": 0.0002395608690981681}}, {"type": "Feature", "geometry": {"type": "LineString", "coordinates": [[75.776423, 11.248963], [75.776745, 11.248956]]}, "properties": {"type": "original", "weight": 0.0003219827635026021}}, {"type": "Feature", "geometry": {"type": "LineString", "coordinates": [[75.776423, 11.248963], [75.776407, 11.249207]]}, "properties": {"type": "original", "weight": 0.00024413146048969263}}, {"type": "Feature", "geometry": {"type": "LineString", "coordinates": [[75.776745, 11.248956], [75.777303, 11.248941]]}, "properties": {"type": "optimized", "weight": 0.0005589122024066485}}, {"type": "Feature", "geometry": {"type": "LineString", "coordinates": [[75.776745, 11.248956], [75.776678, 11.249534]]}, "properties": {"type": "optimized", "weight": 0.0005815953318241397}}, {"type": "Feature", "geometry": {"type": "LineString", "coordinates": [[75.777303, 11.248941], [75.778185, 11.248916]]}, "properties": {"type": "optimized", "weight": 0.0008818376324526579}}, {"type": "Feature", "geometry": {"type": "LineString", "coordinates": [[75.777303, 11.248941], [75.777291, 11.248655]]}, "properties": {"type": "original", "weight": 0.0002853652046053336}}, {"type": "Feature", "geometry": {"type": "LineString", "coordinates": [[75.778185, 11.248916], [75.779146, 11.248883]]}, "properties": {"type": "optimized", "weight": 0.0009612563549928621}}, {"type": "Feature", "geometry": {"type": "LineString", "coordinates": [[75.778185, 11.248916], [75.778172, 11.248655]]}, "properties": {"type": "original", "weight": 0.00026143852049742534}}, {"type": "Feature", "geometry": {"type": "LineString", "coordinates": [[75.779146, 11.248883], [75.779219, 11.248886]]}, "properties": {"type": "optimized", "weight": 7.333007568204549e-05}}, {"type": "Feature", "geometry": {"type": "LineString", "coordinates": [[75.779146, 11.248883], [75.779161, 11.24875]]}, "properties": {"type": "optimized", "weight": 0.0001346070206182425}}, {"type": "Feature", "geometry": {"type": "LineString", "coordinates": [[75.779219, 11.248886], [75.779957, 11.248887]]}, "properties": {"type": "original", "weight": 0.0007380019579903344}}, {"type": "Feature", "geometry": {"type": "LineString", "coordinates": [[75.779219, 11.248886], [75.779364, 11.248719]]}, "properties": {"type": "optimized", "weight": 0.00022029888787568116}}, {"type": "Feature", "geometry": {"type": "LineString", "coordinates": [[75.779219, 11.248886], [75.779159, 11.249135]]}, "properties": {"type": "original", "weight": 0.0002562280234486095}}, {"type": "Feature", "geometry": {"type": "LineString", "coordinates": [[75.776226, 11.259118], [75.776967, 11.257437]]}, "properties": {"type": "original", "weight": 0.0018370045100644349}}, {"type": "Feature", "geometry": {"type": "LineString", "coordinates": [[75.776967, 11.257437], [75.777422, 11.256402]]}, "properties": {"type": "original", "weight": 0.0011301981463428382}}, {"type": "Feature", "geometry": {"type": "LineString", "coordinates": [[75.777422, 11.256402], [75.777727, 11.255642]]}, "properties": {"type": "original", "weight": 0.0008191021975311257}}, {"type": "Feature", "geometry": {"type": "LineString", "coordinates": [[75.777727, 11.255642], [75.777816, 11.255429]]}, "properties": {"type": "original", "weight": 0.00023083121539469657}}, {"type": "Feature", "geometry": {"type": "LineString", "coordinates": [[75.777816, 11.255429], [75.777975, 11.255049]]}, "properties": {"type": "original", "weight": 0.000411500984204152}}, {"type": "Feature", "geometry": {"type": "LineString", "coordinates": [[75.777975, 11.255049], [75.778323, 11.25422]]}, "properties": {"type": "original", "weight": 0.0008989788985253537}}, {"type": "Feature", "geometry": {"type": "LineString", "coordinates": [[75.777975, 11.255049], [75.777926, 11.254654]]}, "properties": {"type": "original", "weight": 0.00039838717348964593}}, {"type": "Feature", "geometry": {"type": "LineString", "coordinates": [[75.778323, 11.25422], [75.778549, 11.253669]]}, "properties": {"type": "original", "weight": 0.000596048202751297}}, {"type": "Feature", "geometry": {"type": "LineString", "coordinates": [[75.778549, 11.253669], [75.778653, 11.253404]]}, "properties": {"type": "original", "weight": 0.00028458392434974663}}, {"type": "Feature", "geometry": {"type": "LineString", "coordinates": [[75.778549, 11.253669], [75.778236, 11.253552]]}, "properties": {"type": "original", "weight": 0.00033360307252828424}}, {"type": "Feature", "geometry": {"type": "LineString", "coordinates": [[75.778653, 11.253404], [75.779002, 11.252498]]}, "properties": {"type": "original", "weight": 0.0009704857392080622}}, {"type": "Feature", "geometry": {"type": "LineString", "coordinates": [[75.779002, 11.252498], [75.779001, 11.252282]]}, "properties": {"type": "original", "weight": 0.0002164005776325766}}, {"type": "Feature", "geometry": {"type": "LineString", "coordinates": [[75.779001, 11.252282], [75.779027, 11.25143]]}, "properties": {"type": "original", "weight": 0.0008519846946971845}}, {"type": "Feature", "geometry": {"type": "LineString", "coordinates": [[75.779001, 11.252282], [75.778753, 11.252282]]}, "properties": {"type": "original", "weight": 0.00024800002016042705}}, {"type": "Feature", "geometry": {"type": "LineString", "coordinates": [[75.779027, 11.25143], [75.778616, 11.251416]]}, "properties": {"type": "optimized", "weight": 0.0004104354395075779}}, {"type": "Feature", "geometry": {"type": "LineString", "coordinates": [[75.779027, 11.25143], [75.77902, 11.250556]]}, "properties": {"type": "original", "weight": 0.000874224164616975}}, {"type": "Feature", "geometry": {"type": "LineString", "coordinates": [[75.779027, 11.25143], [75.77938, 11.251419]]}, "properties": {"type": "optimized", "weight": 0.0003531872732742251}}, {"type": "Feature", "geometry": {"type": "LineString", "coordinates": [[75.782297, 11.253499], [75.782751, 11.253238]]}, "properties": {"type": "original", "weight": 0.0005237871514281214}}, {"type": "Feature", "geometry": {"type": "LineString", "coordinates": [[75.782297, 11.253499], [75.782015, 11.253383]]}, "properties": {"type": "original", "weight": 0.000305018704337769}}, {"type": "Feature", "geometry": {"type": "LineString", "coordinates": [[75.782297, 11.253499], [75.782024, 11.253818]]}, "properties": {"type": "original", "weight": 0.00041944603943493017}}, {"type": "Feature", "geometry": {"type": "LineString", "coordinates": [[75.782751, 11.253238], [75.782994, 11.253011]]}, "properties": {"type": "original", "weight": 0.00033187559416795765}}, {"type": "Feature", "geometry": {"type": "LineString", "coordinates": [[75.782751, 11.253238], [75.782855, 11.253206]]}, "properties": {"type": "original", "weight": 0.00010811336643217356}}, {"type": "Feature", "geometry": {"type": "LineString", "coordinates": [[75.792731, 11.252716], [75.792774, 11.252674]]}, "properties": {"type": "original", "weight": 6.0541721146626764e-05}}, {"type": "Feature", "geometry": {"type": "LineString", "coordinates": [[75.792731, 11.252716], [75.792982, 11.252674]]}, "properties": {"type": "original", "weight": 0.0002549499754898359}}, {"type": "Feature", "geometry": {"type": "LineString", "coordinates": [[75.792731, 11.252716], [75.792598, 11.252844]]}, "properties": {"type": "original", "weight": 0.00018450476958400475}}, {"type": "Feature", "geometry": {"type": "LineString", "coordinates": [[75.792774, 11.252674], [75.792789, 11.25262]]}, "properties": {"type": "original", "weight": 5.501127157411832e-05}}, {"type": "Feature", "geometry": {"type": "LineString", "coordinates": [[75.792789, 11.25262], [75.792818, 11.25246]]}, "properties": {"type": "original", "weight": 0.00016282152806156198}}, {"type": "Feature", "geometry": {"type": "LineString", "coordinates": [[75.792818, 11.25246], [75.792825, 11.252273]]}, "properties": {"type": "original", "weight": 0.000187350180143006}}, {"type": "Feature", "geometry": {"type": "LineString", "coordinates": [[75.792825, 11.252273], [75.792933, 11.252286]]}, "properties": {"type": "original", "weight": 0.00010843454246777595}}, {"type": "Feature", "geometry": {"type": "LineString", "coordinates": [[75.792825, 11.252273], [75.792717, 11.252255]]}, "properties": {"type": "optimized", "weight": 0.000109884302793719}}, {"type": "Feature", "geometry": {"type": "LineString", "coordinates": [[75.792825, 11.252273], [75.792863, 11.251104]]}, "properties": {"type": "original", "weight": 0.0011695207651013543}}, {"type": "Feature", "geometry": {"type": "LineString", "coordinates": [[75.792825, 11.252273], [75.792852, 11.252442]]}, "properties": {"type": "original", "weight": 0.0001710093564671981}}, {"type": "Feature", "geometry": {"type": "LineString", "coordinates": [[75.792825, 11.252273], [75.792871, 11.252401]]}, "properties": {"type": "optimized", "weight": 0.0001360824749922714}}, {"type": "Feature", "geometry": {"type": "LineString", "coordinates": [[75.776042, 11.256436], [75.776047, 11.256374]]}, "properties": {"type": "original", "weight": 6.208582769181527e-05}}, {"type": "Feature", "geometry": {"type": "LineString", "coordinates": [[75.776047, 11.256374], [75.776086, 11.25586]]}, "properties": {"type": "original", "weight": 0.0005155231905535361}}, {"type": "Feature", "geometry": {"type": "LineString", "coordinates": [[75.776086, 11.25586], [75.776104, 11.255629]]}, "properties": {"type": "original", "weight": 0.000231585081557151}}, {"type": "Feature", "geometry": {"type": "LineString", "coordinates": [[75.776104, 11.255629], [75.776139, 11.255412]]}, "properties": {"type": "original", "weight": 0.00022004983526566457}}, {"type": "Feature", "geometry": {"type": "LineString", "coordinates": [[75.776139, 11.255412], [75.776232, 11.254552]]}, "properties": {"type": "original", "weight": 0.0008641970145744749}}, {"type": "Feature", "geometry": {"type": "LineString", "coordinates": [[75.776232, 11.254552], [75.776249, 11.254313]]}, "properties": {"type": "original", "weight": 0.00023998177014110421}}, {"type": "Feature", "geometry": {"type": "LineString", "coordinates": [[75.776249, 11.254313], [75.776186, 11.253798]]}, "properties": {"type": "original", "weight": 0.0005186552805093138}}, {"type": "Feature", "geometry": {"type": "LineString", "coordinates": [[75.776186, 11.253798], [75.77622, 11.253295]]}, "properties": {"type": "original", "weight": 0.000503841741024667}}, {"type": "Feature", "geometry": {"type": "LineString", "coordinates": [[75.77622, 11.253295], [75.77623, 11.253213]]}, "properties": {"type": "original", "weight": 8.308002166726855e-05}}, {"type": "Feature", "geometry": {"type": "LineString", "coordinates": [[75.77622, 11.253295], [75.776034, 11.253268]]}, "properties": {"type": "original", "weight": 0.00018778040367452132}}, {"type": "Feature", "geometry": {"type": "LineString", "coordinates": [[75.77623, 11.253213], [75.776249, 11.252997]]}, "properties": {"type": "original", "weight": 0.0002172325021710868}}, {"type": "Feature", "geometry": {"type": "LineString", "coordinates": [[75.776249, 11.252997], [75.776302, 11.252211]]}, "properties": {"type": "original", "weight": 0.0007873522782085018}}, {"type": "Feature", "geometry": {"type": "LineString", "coordinates": [[75.776249, 11.252997], [75.776314, 11.253013]]}, "properties": {"type": "original", "weight": 6.66730830204591e-05}}, {"type": "Feature", "geometry": {"type": "LineString", "coordinates": [[75.776302, 11.252211], [75.776385, 11.251486]]}, "properties": {"type": "original", "weight": 0.0007295596480080223}}, {"type": "Feature", "geometry": {"type": "LineString", "coordinates": [[75.776302, 11.252211], [75.77653, 11.252208]]}, "properties": {"type": "original", "weight": 0.00022801482408649033}}, {"type": "Feature", "geometry": {"type": "LineString", "coordinates": [[75.776385, 11.251486], [75.77618, 11.2515]]}, "properties": {"type": "optimized", "weight": 0.00020477231258874827}}, {"type": "Feature", "geometry": {"type": "LineString", "coordinates": [[75.776385, 11.251486], [75.776857, 11.251455]]}, "properties": {"type": "optimized", "weight": 0.0004730169130188752}}, {"type": "Feature", "geometry": {"type": "LineString", "coordinates": [[75.776385, 11.251486], [75.776451, 11.250599]]}, "properties": {"type": "optimized", "weight": 0.000889773555461016}}, {"type": "Feature", "geometry": {"type": "LineString", "coordinates": [[75.781476, 11.252876], [75.781529, 11.252444]]}, "properties": {"type": "original", "weight": 0.00043552462616934924}}, {"type": "Feature", "geometry": {"type": "LineString", "coordinates": [[75.781476, 11.252876], [75.781525, 11.252892]]}, "properties": {"type": "original", "weight": 5.101695795883786e-05}}, {"type": "Feature", "geometry": {"type": "LineString", "coordinates": [[75.781476, 11.252876], [75.781422, 11.252876]]}, "properties": {"type": "original", "weight": 5.390333941167403e-05}}, {"type": "Feature", "geometry": {"type": "LineString", "coordinates": [[75.781529, 11.252444], [75.781552, 11.252256]]}, "properties": {"type": "original", "weight": 0.00018920317121971043}}, {"type": "Feature", "geometry": {"type": "LineString", "coordinates": [[75.781529, 11.252444], [75.781244, 11.252421]]}, "properties": {"type": "original", "weight": 0.0002863252695756154}}, {"type": "Feature", "geometry": {"type": "LineString", "coordinates": [[75.781552, 11.252256], [75.781552, 11.251574]]}, "properties": {"type": "optimized", "weight": 0.0006826000659254898}}, {"type": "Feature", "geometry": {"type": "LineString", "coordinates": [[75.781552, 11.252256], [75.781709, 11.252227]]}, "properties": {"type": "optimized", "weight": 0.00015995089871402845}}, {"type": "Feature", "geometry": {"type": "LineString", "coordinates": [[75.781552, 11.251574], [75.781553, 11.251406]]}, "properties": {"type": "optimized", "weight": 0.00016740002986906436}}, {"type": "Feature", "geometry": {"type": "LineString", "coordinates": [[75.781552, 11.251574], [75.781612, 11.25158]]}, "properties": {"type": "original", "weight": 5.9503277230401886e-05}}, {"type": "Feature", "geometry": {"type": "LineString", "coordinates": [[75.781553, 11.251406], [75.78157, 11.25081]]}, "properties": {"type": "original", "weight": 0.0005967508190175724}}, {"type": "Feature", "geometry": {"type": "LineString", "coordinates": [[75.781553, 11.251406], [75.780973, 11.251395]]}, "properties": {"type": "optimized", "weight": 0.0005797180780433797}}, {"type": "Feature", "geometry": {"type": "LineString", "coordinates": [[75.78157, 11.25081], [75.781644, 11.24978]]}, "properties": {"type": "original", "weight": 0.001031963807506125}}, {"type": "Feature", "geometry": {"type": "LineString", "coordinates": [[75.78157, 11.25081], [75.780744, 11.250824]]}, "properties": {"type": "original", "weight": 0.0008262152564532076}}, {"type": "Feature", "geometry": {"type": "LineString", "coordinates": [[75.781644, 11.24978], [75.781646, 11.249328]]}, "properties": {"type": "optimized", "weight": 0.0004524039898147698}}, {"type": "Feature", "geometry": {"type": "LineString", "coordinates": [[75.781644, 11.24978], [75.782018, 11.249744]]}, "properties": {"type": "optimized", "weight": 0.0003754588925540648}}, {"type": "Feature", "geometry": {"type": "LineString", "coordinates": [[75.781646, 11.249328], [75.781623, 11.248852]]}, "properties": {"type": "optimized", "weight": 0.00047662665682949304}}, {"type": "Feature", "geometry": {"type": "LineString", "coordinates": [[75.781646, 11.249328], [75.781455, 11.249336]]}, "properties": {"type": "original", "weight": 0.00019114719459193826}}, {"type": "Feature", "geometry": {"type": "LineString", "coordinates": [[75.781623, 11.248852], [75.78188, 11.248834]]}, "properties": {"type": "optimized", "weight": 0.0002567109269211084}}, {"type": "Feature", "geometry": {"type": "LineString", "coordinates": [[75.781623, 11.248852], [75.781429, 11.248852]]}, "properties": {"type": "optimized", "weight": 0.000194100412159886}}, {"type": "Feature", "geometry": {"type": "LineString", "coordinates": [[75.788297, 11.247685], [75.787961, 11.247675]]}, "properties": {"type": "optimized", "weight": 0.00033664855562152475}}, {"type": "Feature", "geometry": {"type": "LineString", "coordinates": [[75.788297, 11.247685], [75.788292, 11.247622]]}, "properties": {"type": "optimized", "weight": 6.320609147727911e-05}}, {"type": "Feature", "geometry": {"type": "LineString", "coordinates": [[75.787961, 11.247675], [75.787836, 11.247735]]}, "properties": {"type": "optimized", "weight": 0.000138473968667831}}, {"type": "Feature", "geometry": {"type": "LineString", "coordinates": [[75.787836, 11.247735], [75.787708, 11.24801]]}, "properties": {"type": "optimized", "weight": 0.00030334271047808485}}, {"type": "Feature", "geometry": {"type": "LineString", "coordinates": [[75.787836, 11.247735], [75.787647, 11.247702]]}, "properties": {"type": "original", "weight": 0.00019195783391128945}}, {"type": "Feature", "geometry": {"type": "LineString", "coordinates": [[75.787708, 11.24801], [75.787667, 11.248033]]}, "properties": {"type": "optimized", "weight": 4.676804464236701e-05}}, {"type": "Feature", "geometry": {"type": "LineString", "coordinates": [[75.787667, 11.248033], [75.7876, 11.24807]]}, "properties": {"type": "optimized", "weight": 7.69361423573091e-05}}, {"type": "Feature", "geometry": {"type": "LineString", "coordinates": [[75.787667, 11.248033], [75.787633, 11.249112]]}, "properties": {"type": "original", "weight": 0.001079860884559701}}, {"type": "Feature", "geometry": {"type": "LineString", "coordinates": [[75.7876, 11.24807], [75.786789, 11.248064]]}, "properties": {"type": "optimized", "weight": 0.0008110229404881418}}, {"type": "Feature", "geometry": {"type": "LineString", "coordinates": [[75.7876, 11.24807], [75.786789, 11.248064]]}, "properties": {"type": "optimized", "weight": 0.0008110221945163026}}, {"type": "Feature", "geometry": {"type": "LineString", "coordinates": [[75.7876, 11.24807], [75.787667, 11.248033]]}, "properties": {"type": "optimized", "weight": 7.653757247416375e-05}}, {"type": "Feature", "geometry": {"type": "LineString", "coordinates": [[75.786789, 11.248064], [75.786154, 11.248087]]}, "properties": {"type": "optimized", "weight": 0.0006358234031483597}}, {"type": "Feature", "geometry": {"type": "LineString", "coordinates": [[75.786789, 11.248064], [75.7868, 11.247479]]}, "properties": {"type": "original", "weight": 0.0005849034450235907}}, {"type": "Feature", "geometry": {"type": "LineString", "coordinates": [[75.786154, 11.248087], [75.786053, 11.248091]]}, "properties": {"type": "optimized", "weight": 0.00010016471435755106}}, {"type": "Feature", "geometry": {"type": "LineString", "coordinates": [[75.786154, 11.248087], [75.786111, 11.247635]]}, "properties": {"type": "original", "weight": 0.00045462860666720887}}, {"type": "Feature", "geometry": {"type": "LineString", "coordinates": [[75.786053, 11.248091], [75.785848, 11.24826]]}, "properties": {"type": "optimized", "weight": 0.00026660204424915204}}, {"type": "Feature", "geometry": {"type": "LineString", "coordinates": [[75.786053, 11.248091], [75.785709, 11.248033]]}, "properties": {"type": "optimized", "weight": 0.0003490857774250409}}, {"type": "Feature", "geometry": {"type": "LineString", "coordinates": [[75.785848, 11.24826], [75.785756, 11.248336]]}, "properties": {"type": "optimized", "weight": 0.00011889575266071672}}, {"type": "Feature", "geometry": {"type": "LineString", "coordinates": [[75.785756, 11.248336], [75.785753, 11.248674]]}, "properties": {"type": "optimized", "weight": 0.0003379107870428302}}, {"type": "Feature", "geometry": {"type": "LineString", "coordinates": [[75.785756, 11.248336], [75.785709, 11.248033]]}, "properties": {"type": "original", "weight": 0.00030720118814764357}}, {"type": "Feature", "geometry": {"type": "LineString", "coordinates": [[75.788413, 11.245557], [75.78839, 11.24567]]}, "properties": {"type": "optimized", "weight": 0.00011492406188509461}}, {"type": "Feature", "geometry": {"type": "LineString", "coordinates": [[75.788413, 11.245557], [75.787455, 11.245456]]}, "properties": {"type": "optimized", "weight": 0.0009630847210922891}}, {"type": "Feature", "geometry": {"type": "LineString", "coordinates": [[75.788413, 11.245557], [75.788532, 11.24556]]}, "properties": {"type": "optimized", "weight": 0.00011973044725453876}}, {"type": "Feature", "geometry": {"type": "LineString", "coordinates": [[75.78839, 11.24567], [75.78835, 11.246115]]}, "properties": {"type": "optimized", "weight": 0.00044687587762274635}}, {"type": "Feature", "geometry": {"type": "LineString", "coordinates": [[75.78839, 11.24567], [75.788413, 11.245557]]}, "properties": {"type": "optimized", "weight": 0.00011531695452144438}}, {"type": "Feature", "geometry": {"type": "LineString", "coordinates": [[75.78839, 11.24567], [75.78835, 11.246115]]}, "properties": {"type": "optimized", "weight": 0.0004467941360405828}}, {"type": "Feature", "geometry": {"type": "LineString", "coordinates": [[75.78835, 11.246115], [75.78833, 11.2465]]}, "properties": {"type": "optimized", "weight": 0.00038542969527346577}}, {"type": "Feature", "geometry": {"type": "LineString", "coordinates": [[75.78833, 11.2465], [75.78818, 11.24652]]}, "properties": {"type": "optimized", "weight": 0.00015132745950928607}}, {"type": "Feature", "geometry": {"type": "LineString", "coordinates": [[75.78833, 11.2465], [75.788423, 11.246456]]}, "properties": {"type": "original", "weight": 0.00010319268384416676}}, {"type": "Feature", "geometry": {"type": "LineString", "coordinates": [[75.78833, 11.2465], [75.78835, 11.246115]]}, "properties": {"type": "optimized", "weight": 0.0003855191305232529}}, {"type": "Feature", "geometry": {"type": "LineString", "coordinates": [[75.78818, 11.24652], [75.788066, 11.246558]]}, "properties": {"type": "optimized", "weight": 0.00012054683736576224}}, {"type": "Feature", "geometry": {"type": "LineString", "coordinates": [[75.78818, 11.24652], [75.788066, 11.246558]]}, "properties": {"type": "optimized", "weight": 0.00012016655108297265}}, {"type": "Feature", "geometry": {"type": "LineString", "coordinates": [[75.788066, 11.246558], [75.788036, 11.246695]]}, "properties": {"type": "optimized", "weight": 0.00014083238263918528}}, {"type": "Feature", "geometry": {"type": "LineString", "coordinates": [[75.788036, 11.246695], [75.788093, 11.246853]]}, "properties": {"type": "optimized", "weight": 0.00016753960725276445}}, {"type": "Feature", "geometry": {"type": "LineString", "coordinates": [[75.788093, 11.246853], [75.78819, 11.247096]]}, "properties": {"type": "optimized", "weight": 0.0002617561651634827}}, {"type": "Feature", "geometry": {"type": "LineString", "coordinates": [[75.78819, 11.247096], [75.788265, 11.247481]]}, "properties": {"type": "optimized", "weight": 0.00039261071050186806}}, {"type": "Feature", "geometry": {"type": "LineString", "coordinates": [[75.788265, 11.247481], [75.788292, 11.247622]]}, "properties": {"type": "optimized", "weight": 0.00014367887805784608}}, {"type": "Feature", "geometry": {"type": "LineString", "coordinates": [[75.793926, 11.246383], [75.792892, 11.246261]]}, "properties": {"type": "optimized", "weight": 0.0010411139466837568}}, {"type": "Feature", "geometry": {"type": "LineString", "coordinates": [[75.793926, 11.246383], [75.79391, 11.245966]]}, "properties": {"type": "optimized", "weight": 0.0004166921165566549}}, {"type": "Feature", "geometry": {"type": "LineString", "coordinates": [[75.793926, 11.246383], [75.793935, 11.246629]]}, "properties": {"type": "optimized", "weight": 0.0002468714847853329}}, {"type": "Feature", "geometry": {"type": "LineString", "coordinates": [[75.792892, 11.246261], [75.792675, 11.246236]]}, "properties": {"type": "optimized", "weight": 0.0002180958734151204}}, {"type": "Feature", "geometry": {"type": "LineString", "coordinates": [[75.792892, 11.246261], [75.792859, 11.246626]]}, "properties": {"type": "original", "weight": 0.00036661680267158393}}, {"type": "Feature", "geometry": {"type": "LineString", "coordinates": [[75.792675, 11.246236], [75.792275, 11.246206]]}, "properties": {"type": "optimized", "weight": 0.0004015849847768833}}, {"type": "Feature", "geometry": {"type": "LineString", "coordinates": [[75.792275, 11.246206], [75.792145, 11.246197]]}, "properties": {"type": "optimized", "weight": 0.00013004745287994575}}, {"type": "Feature", "geometry": {"type": "LineString", "coordinates": [[75.792275, 11.246206], [75.792275, 11.246498]]}, "properties": {"type": "original", "weight": 0.0002916000000006136}}, {"type": "Feature", "geometry": {"type": "LineString", "coordinates": [[75.792145, 11.246197], [75.791668, 11.246214]]}, "properties": {"type": "optimized", "weight": 0.00047741718653369637}}, {"type": "Feature", "geometry": {"type": "LineString", "coordinates": [[75.791668, 11.246214], [75.791314, 11.246218]]}, "properties": {"type": "optimized", "weight": 0.0003535261517935716}}, {"type": "Feature", "geometry": {"type": "LineString", "coordinates": [[75.791314, 11.246218], [75.791199, 11.246214]]}, "properties": {"type": "optimized", "weight": 0.00011488050313836176}}, {"type": "Feature", "geometry": {"type": "LineString", "coordinates": [[75.791199, 11.246214], [75.790958, 11.246137]]}, "properties": {"type": "optimized", "weight": 0.0002535391291312089}}, {"type": "Feature", "geometry": {"type": "LineString", "coordinates": [[75.791199, 11.246214], [75.791228, 11.246556]]}, "properties": {"type": "optimized", "weight": 0.00034282031736838133}}, {"type": "Feature", "geometry": {"type": "LineString", "coordinates": [[75.791199, 11.246214], [75.791282, 11.24584]]}, "properties": {"type": "optimized", "weight": 0.0003830888408723484}}, {"type": "Feature", "geometry": {"type": "LineString", "coordinates": [[75.790958, 11.246137], [75.790809, 11.246089]]}, "properties": {"type": "optimized", "weight": 0.00015654424294886762}}, {"type": "Feature", "geometry": {"type": "LineString", "coordinates": [[75.790958, 11.246137], [75.791016, 11.246014]]}, "properties": {"type": "original", "weight": 0.00013589852832513393}}, {"type": "Feature", "geometry": {"type": "LineString", "coordinates": [[75.790809, 11.246089], [75.790741, 11.246068]]}, "properties": {"type": "optimized", "weight": 7.077654978103283e-05}}, {"type": "Feature", "geometry": {"type": "LineString", "coordinates": [[75.790809, 11.246089], [75.790795, 11.246133]]}, "properties": {"type": "original", "weight": 4.6268888033158156e-05}}, {"type": "Feature", "geometry": {"type": "LineString", "coordinates": [[75.790741, 11.246068], [75.790538, 11.246014]]}, "properties": {"type": "optimized", "weight": 0.00021012493902571925}}, {"type": "Feature", "geometry": {"type": "LineString", "coordinates": [[75.790538, 11.246014], [75.790033, 11.245811]]}, "properties": {"type": "optimized", "weight": 0.0005447005232259367}}, {"type": "Feature", "geometry": {"type": "LineString", "coordinates": [[75.790033, 11.245811], [75.789182, 11.245662]]}, "properties": {"type": "optimized", "weight": 0.0008631921454716282}}, {"type": "Feature", "geometry": {"type": "LineString", "coordinates": [[75.789182, 11.245662], [75.789347, 11.245439]]}, "properties": {"type": "optimized", "weight": 0.00027710873317825544}}, {"type": "Feature", "geometry": {"type": "LineString", "coordinates": [[75.789182, 11.245662], [75.788852, 11.24562]]}, "properties": {"type": "optimized", "weight": 0.0003329595921444524}}, {"type": "Feature", "geometry": {"type": "LineString", "coordinates": [[75.789347, 11.245439], [75.789464, 11.245238]]}, "properties": {"type": "optimized", "weight": 0.00023233531801684188}}, {"type": "Feature", "geometry": {"type": "LineString", "coordinates": [[75.789347, 11.245439], [75.789464, 11.245238]]}, "properties": {"type": "optimized", "weight": 0.00023257256931309798}}, {"type": "Feature", "geometry": {"type": "LineString", "coordinates": [[75.789347, 11.245439], [75.789182, 11.245662]]}, "properties": {"type": "optimized", "weight": 0.0002774058398867118}}, {"type": "Feature", "geometry": {"type": "LineString", "coordinates": [[75.789464, 11.245238], [75.789624, 11.245137]]}, "properties": {"type": "optimized", "weight": 0.00018929609082205467}}, {"type": "Feature", "geometry": {"type": "LineString", "coordinates": [[75.789624, 11.245137], [75.789858, 11.244776]]}, "properties": {"type": "optimized", "weight": 0.0004300379518100045}}, {"type": "Feature", "geometry": {"type": "LineString", "coordinates": [[75.789624, 11.245137], [75.789746, 11.245056]]}, "properties": {"type": "original", "weight": 0.00014660917433453522}}, {"type": "Feature", "geometry": {"type": "LineString", "coordinates": [[75.789858, 11.244776], [75.79001, 11.244605]]}, "properties": {"type": "optimized", "weight": 0.00022933054746385607}}, {"type": "Feature", "geometry": {"type": "LineString", "coordinates": [[75.79001, 11.244605], [75.790056, 11.244533]]}, "properties": {"type": "optimized", "weight": 8.517188504051776e-05}}, {"type": "Feature", "geometry": {"type": "LineString", "coordinates": [[75.790056, 11.244533], [75.79018, 11.244337]]}, "properties": {"type": "optimized", "weight": 0.0002324070997156037}}, {"type": "Feature", "geometry": {"type": "LineString", "coordinates": [[75.790056, 11.244533], [75.78973, 11.244442]]}, "properties": {"type": "original", "weight": 0.00033813133544076775}}, {"type": "Feature", "geometry": {"type": "LineString", "coordinates": [[75.79018, 11.244337], [75.790235, 11.244121]]}, "properties": {"type": "optimized", "weight": 0.00022255426304812982}}, {"type": "Feature", "geometry": {"type": "LineString", "coordinates": [[75.790235, 11.244121], [75.790262, 11.243912]]}, "properties": {"type": "optimized", "weight": 0.00021065046878491906}}, {"type": "Feature", "geometry": {"type": "LineString", "coordinates": [[75.790262, 11.243912], [75.79033, 11.243806]]}, "properties": {"type": "optimized", "weight": 0.0001253911081365404}}, {"type": "Feature", "geometry": {"type": "LineString", "coordinates": [[75.79033, 11.243806], [75.790376, 11.243753]]}, "properties": {"type": "optimized", "weight": 7.055671477447612e-05}}, {"type": "Feature", "geometry": {"type": "LineString", "coordinates": [[75.790376, 11.243753], [75.79043, 11.24361]]}, "properties": {"type": "optimized", "weight": 0.0001528688980802958}}, {"type": "Feature", "geometry": {"type": "LineString", "coordinates": [[75.790376, 11.243753], [75.790955, 11.243995]]}, "properties": {"type": "optimized", "weight": 0.0006276395940414203}}, {"type": "Feature", "geometry": {"type": "LineString", "coordinates": [[75.79043, 11.24361], [75.790511, 11.243473]]}, "properties": {"type": "optimized", "weight": 0.00015926010171982336}}, {"type": "Feature", "geometry": {"type": "LineString", "coordinates": [[75.79043, 11.24361], [75.790511, 11.243473]]}, "properties": {"type": "optimized", "weight": 0.00015915401345626432}}, {"type": "Feature", "geometry": {"type": "LineString", "coordinates": [[75.79043, 11.24361], [75.790376, 11.243753]]}, "properties": {"type": "optimized", "weight": 0.00015285614152037706}}, {"type": "Feature", "geometry": {"type": "LineString", "coordinates": [[75.790511, 11.243473], [75.790589, 11.24325]]}, "properties": {"type": "optimized", "weight": 0.00023604171241405831}}, {"type": "Feature", "geometry": {"type": "LineString", "coordinates": [[75.790589, 11.24325], [75.790614, 11.243173]]}, "properties": {"type": "optimized", "weight": 8.093410900417115e-05}}, {"type": "Feature", "geometry": {"type": "LineString", "coordinates": [[75.790614, 11.243173], [75.790656, 11.24313]]}, "properties": {"type": "optimized", "weight": 5.996865847455726e-05}}, {"type": "Feature", "geometry": {"type": "LineString", "coordinates": [[75.790656, 11.24313], [75.790203, 11.243118]]}, "properties": {"type": "optimized", "weight": 0.00045287254277232404}}, {"type": "Feature", "geometry": {"type": "LineString", "coordinates": [[75.790656, 11.24313], [75.790721, 11.243108]]}, "properties": {"type": "original", "weight": 6.859015965020372e-05}}, {"type": "Feature", "geometry": {"type": "LineString", "coordinates": [[75.784137, 11.242556], [75.784486, 11.2427]]}, "properties": {"type": "optimized", "weight": 0.00037721979004790013}}, {"type": "Feature", "geometry": {"type": "LineString", "coordinates": [[75.784137, 11.242556], [75.783476, 11.242236]]}, "properties": {"type": "optimized", "weight": 0.0007338883906978927}}, {"type": "Feature", "geometry": {"type": "LineString", "coordinates": [[75.784486, 11.2427], [75.784986, 11.242891]]}, "properties": {"type": "optimized", "weight": 0.0005351457838705952}}, {"type": "Feature", "geometry": {"type": "LineString", "coordinates": [[75.784986, 11.242891], [75.785047, 11.2429]]}, "properties": {"type": "optimized", "weight": 6.235294700673136e-05}}, {"type": "Feature", "geometry": {"type": "LineString", "coordinates": [[75.784986, 11.242891], [75.78488, 11.242799]]}, "properties": {"type": "original", "weight": 0.0001395561893956005}}, {"type": "Feature", "geometry": {"type": "LineString", "coordinates": [[75.784986, 11.242891], [75.785126, 11.242883]]}, "properties": {"type": "original", "weight": 0.0001408052555783455}}, {"type": "Feature", "geometry": {"type": "LineString", "coordinates": [[75.785047, 11.2429], [75.785315, 11.242963]]}, "properties": {"type": "optimized", "weight": 0.0002749388477470221}}, {"type": "Feature", "geometry": {"type": "LineString", "coordinates": [[75.785047, 11.2429], [75.784868, 11.242888]]}, "properties": {"type": "optimized", "weight": 0.00017991411840255603}}, {"type": "Feature", "geometry": {"type": "LineString", "coordinates": [[75.785315, 11.242963], [75.785624, 11.242977]]}, "properties": {"type": "optimized", "weight": 0.0003090083008502061}}, {"type": "Feature", "geometry": {"type": "LineString", "coordinates": [[75.785315, 11.242963], [75.785364, 11.242651]]}, "properties": {"type": "original", "weight": 0.00031585540995818603}}, {"type": "Feature", "geometry": {"type": "LineString", "coordinates": [[75.785315, 11.242963], [75.78529, 11.243172]]}, "properties": {"type": "optimized", "weight": 0.00021037875367882245}}, {"type": "Feature", "geometry": {"type": "LineString", "coordinates": [[75.785624, 11.242977], [75.785729, 11.242987]]}, "properties": {"type": "optimized", "weight": 0.0001060412184046649}}, {"type": "Feature", "geometry": {"type": "LineString", "coordinates": [[75.785624, 11.242977], [75.785547, 11.242958]]}, "properties": {"type": "original", "weight": 7.911535880065321e-05}}, {"type": "Feature", "geometry": {"type": "LineString", "coordinates": [[75.785729, 11.242987], [75.786088, 11.242989]]}, "properties": {"type": "optimized", "weight": 0.0003587055756533655}}, {"type": "Feature", "geometry": {"type": "LineString", "coordinates": [[75.785729, 11.242987], [75.785713, 11.243129]]}, "properties": {"type": "original", "weight": 0.00014242433078687802}}, {"type": "Feature", "geometry": {"type": "LineString", "coordinates": [[75.785729, 11.242987], [75.785664, 11.243004]]}, "properties": {"type": "original", "weight": 6.769534695120683e-05}}, {"type": "Feature", "geometry": {"type": "LineString", "coordinates": [[75.786088, 11.242989], [75.786549, 11.242991]]}, "properties": {"type": "optimized", "weight": 0.0004613047799426622}}, {"type": "Feature", "geometry": {"type": "LineString", "coordinates": [[75.786088, 11.242989], [75.786141, 11.243496]]}, "properties": {"type": "optimized", "weight": 0.0005095637742221433}}, {"type": "Feature", "geometry": {"type": "LineString", "coordinates": [[75.786549, 11.242991], [75.787021, 11.242994]]}, "properties": {"type": "optimized", "weight": 0.0004721051260008849}}, {"type": "Feature", "geometry": {"type": "LineString", "coordinates": [[75.786549, 11.242991], [75.786589, 11.242628]]}, "properties": {"type": "original", "weight": 0.00036539600435565547}}, {"type": "Feature", "geometry": {"type": "LineString", "coordinates": [[75.787021, 11.242994], [75.787205, 11.242976]]}, "properties": {"type": "optimized", "weight": 0.0001848114985643714}}, {"type": "Feature", "geometry": {"type": "LineString", "coordinates": [[75.787205, 11.242976], [75.787322, 11.242965]]}, "properties": {"type": "optimized", "weight": 0.0001168190481063314}}, {"type": "Feature", "geometry": {"type": "LineString", "coordinates": [[75.787205, 11.242976], [75.787205, 11.243051]]}, "properties": {"type": "original", "weight": 7.45000000001994e-05}}, {"type": "Feature", "geometry": {"type": "LineString", "coordinates": [[75.787322, 11.242965], [75.787523, 11.242946]]}, "properties": {"type": "optimized", "weight": 0.00020270187468219132}}, {"type": "Feature", "geometry": {"type": "LineString", "coordinates": [[75.787322, 11.242965], [75.787282, 11.242645]]}, "properties": {"type": "original", "weight": 0.0003224042338431698}}, {"type": "Feature", "geometry": {"type": "LineString", "coordinates": [[75.787523, 11.242946], [75.787939, 11.242957]]}, "properties": {"type": "optimized", "weight": 0.00041584551217037}}, {"type": "Feature", "geometry": {"type": "LineString", "coordinates": [[75.787939, 11.242957], [75.788126, 11.242944]]}, "properties": {"type": "optimized", "weight": 0.00018700251336424903}}, {"type": "Feature", "geometry": {"type": "LineString", "coordinates": [[75.788126, 11.242944], [75.788379, 11.242749]]}, "properties": {"type": "optimized", "weight": 0.00031928120833324603}}, {"type": "Feature", "geometry": {"type": "LineString", "coordinates": [[75.788126, 11.242944], [75.787925, 11.243322]]}, "properties": {"type": "original", "weight": 0.00042804972841883876}}, {"type": "Feature", "geometry": {"type": "LineString", "coordinates": [[75.788379, 11.242749], [75.788556, 11.242704]]}, "properties": {"type": "optimized", "weight": 0.0001828739456666068}}, {"type": "Feature", "geometry": {"type": "LineString", "coordinates": [[75.788556, 11.242704], [75.788861, 11.24277]]}, "properties": {"type": "optimized", "weight": 0.00031245854124393687}}, {"type": "Feature", "geometry": {"type": "LineString", "coordinates": [[75.788556, 11.242704], [75.788514, 11.242488]]}, "properties": {"type": "original", "weight": 0.00022002638478133674}}, {"type": "Feature", "geometry": {"type": "LineString", "coordinates": [[75.788861, 11.24277], [75.789008, 11.242833]]}, "properties": {"type": "optimized", "weight": 0.00015970801482324693}}, {"type": "Feature", "geometry": {"type": "LineString", "coordinates": [[75.789008, 11.242833], [75.789143, 11.242891]]}, "properties": {"type": "optimized", "weight": 0.000146406693844961}}, {"type": "Feature", "geometry": {"type": "LineString", "coordinates": [[75.789008, 11.242833], [75.788971, 11.24363]]}, "properties": {"type": "original", "weight": 0.0007973822797122355}}, {"type": "Feature", "geometry": {"type": "LineString", "coordinates": [[75.789143, 11.242891], [75.789431, 11.24302]]}, "properties": {"type": "optimized", "weight": 0.0003156936648064353}}, {"type": "Feature", "geometry": {"type": "LineString", "coordinates": [[75.789431, 11.24302], [75.78954, 11.243049]]}, "properties": {"type": "optimized", "weight": 0.0001129339630019324}}, {"type": "Feature", "geometry": {"type": "LineString", "coordinates": [[75.78954, 11.243049], [75.789702, 11.243092]]}, "properties": {"type": "optimized", "weight": 0.00016746178668105845}}, {"type": "Feature", "geometry": {"type": "LineString", "coordinates": [[75.78954, 11.243049], [75.789561, 11.242937]]}, "properties": {"type": "original", "weight": 0.00011367110450737322}}, {"type": "Feature", "geometry": {"type": "LineString", "coordinates": [[75.789702, 11.243092], [75.790055, 11.24311]]}, "properties": {"type": "optimized", "weight": 0.0003535687344755562}}, {"type": "Feature", "geometry": {"type": "LineString", "coordinates": [[75.790055, 11.24311], [75.790203, 11.243118]]}, "properties": {"type": "optimized", "weight": 0.00014829487516840242}}, {"type": "Feature", "geometry": {"type": "LineString", "coordinates": [[75.790055, 11.24311], [75.790064, 11.242978]]}, "properties": {"type": "original", "weight": 0.00013272622197609503}}, {"type": "Feature", "geometry": {"type": "LineString", "coordinates": [[75.790721, 11.243108], [75.790847, 11.24304]]}, "properties": {"type": "original", "weight": 0.00014372769392628765}}, {"type": "Feature", "geometry": {"type": "LineString", "coordinates": [[75.790847, 11.24304], [75.791043, 11.242933]]}, "properties": {"type": "original", "weight": 0.00022364813882602932}}, {"type": "Feature", "geometry": {"type": "LineString", "coordinates": [[75.790847, 11.24304], [75.791008, 11.243166]]}, "properties": {"type": "original", "weight": 0.00020498246266185846}}, {"type": "Feature", "geometry": {"type": "LineString", "coordinates": [[75.791043, 11.242933], [75.791183, 11.24284]]}, "properties": {"type": "original", "weight": 0.00016754727690134703}}, {"type": "Feature", "geometry": {"type": "LineString", "coordinates": [[75.791183, 11.24284], [75.791445, 11.242602]]}, "properties": {"type": "original", "weight": 0.00035401430762313393}}, {"type": "Feature", "geometry": {"type": "LineString", "coordinates": [[75.791445, 11.242602], [75.791656, 11.242341]]}, "properties": {"type": "original", "weight": 0.0003351701955713714}}, {"type": "Feature", "geometry": {"type": "LineString", "coordinates": [[75.791656, 11.242341], [75.79177, 11.242152]]}, "properties": {"type": "original", "weight": 0.00022126843426084752}}, {"type": "Feature", "geometry": {"type": "LineString", "coordinates": [[75.79177, 11.242152], [75.791864, 11.241967]]}, "properties": {"type": "original", "weight": 0.00020782572025706896}}, {"type": "Feature", "geometry": {"type": "LineString", "coordinates": [[75.79177, 11.242152], [75.79173, 11.242135]]}, "properties": {"type": "original", "weight": 4.315599610612567e-05}}, {"type": "Feature", "geometry": {"type": "LineString", "coordinates": [[75.792034, 11.241846], [75.792144, 11.24183]]}, "properties": {"type": "original", "weight": 0.00011112893411843317}}, {"type": "Feature", "geometry": {"type": "LineString", "coordinates": [[75.792144, 11.24183], [75.792343, 11.241834]]}, "properties": {"type": "original", "weight": 0.00019844659231354537}}, {"type": "Feature", "geometry": {"type": "LineString", "coordinates": [[75.792343, 11.241834], [75.792387, 11.241835]]}, "properties": {"type": "original", "weight": 4.4411259826561205e-05}}, {"type": "Feature", "geometry": {"type": "LineString", "coordinates": [[75.792343, 11.241834], [75.792365, 11.241763]]}, "properties": {"type": "original", "weight": 7.457519695039196e-05}}, {"type": "Feature", "geometry": {"type": "LineString", "coordinates": [[75.792387, 11.241835], [75.792659, 11.241859]]}, "properties": {"type": "original", "weight": 0.00027332943493751184}}, {"type": "Feature", "geometry": {"type": "LineString", "coordinates": [[75.792659, 11.241859], [75.792831, 11.241862]]}, "properties": {"type": "original", "weight": 0.00017162983423796405}}, {"type": "Feature", "geometry": {"type": "LineString", "coordinates": [[75.792831, 11.241862], [75.793171, 11.241868]]}, "properties": {"type": "original", "weight": 0.00034025832832963385}}, {"type": "Feature", "geometry": {"type": "LineString", "coordinates": [[75.792831, 11.241862], [75.792874, 11.241293]]}, "properties": {"type": "original", "weight": 0.0005700166401083291}}, {"type": "Feature", "geometry": {"type": "LineString", "coordinates": [[75.793171, 11.241868], [75.79327, 11.241856]]}, "properties": {"type": "original", "weight": 9.938918452347364e-05}}, {"type": "Feature", "geometry": {"type": "LineString", "coordinates": [[75.793171, 11.241868], [75.793171, 11.241807]]}, "properties": {"type": "original", "weight": 6.110032733129817e-05}}, {"type": "Feature", "geometry": {"type": "LineString", "coordinates": [[75.79327, 11.241856], [75.793316, 11.241843]]}, "properties": {"type": "original", "weight": 4.728223768664584e-05}}, {"type": "Feature", "geometry": {"type": "LineString", "coordinates": [[75.793316, 11.241843], [75.793346, 11.241826]]}, "properties": {"type": "original", "weight": 3.53073646646642e-05}}, {"type": "Feature", "geometry": {"type": "LineString", "coordinates": [[75.793346, 11.241826], [75.793386, 11.24181]]}, "properties": {"type": "original", "weight": 4.284635340367088e-05}}, {"type": "Feature", "geometry": {"type": "LineString", "coordinates": [[75.793346, 11.241826], [75.793413, 11.242373]]}, "properties": {"type": "original", "weight": 0.0005505431953989181}}, {"type": "Feature", "geometry": {"type": "LineString", "coordinates": [[75.793386, 11.24181], [75.793439, 11.24178]]}, "properties": {"type": "original", "weight": 6.121192694649189e-05}}, {"type": "Feature", "geometry": {"type": "LineString", "coordinates": [[75.793439, 11.24178], [75.79348, 11.241738]]}, "properties": {"type": "original", "weight": 5.8207301943004535e-05}}, {"type": "Feature", "geometry": {"type": "LineString", "coordinates": [[75.79348, 11.241738], [75.793571, 11.241684]]}, "properties": {"type": "original", "weight": 0.0001063677582722979}}, {"type": "Feature", "geometry": {"type": "LineString", "coordinates": [[75.79348, 11.241738], [75.793432, 11.241614]]}, "properties": {"type": "original", "weight": 0.0001321841518491021}}, {"type": "Feature", "geometry": {"type": "LineString", "coordinates": [[75.793571, 11.241684], [75.793748, 11.241573]]}, "properties": {"type": "original", "weight": 0.00020844917846577187}}, {"type": "Feature", "geometry": {"type": "LineString", "coordinates": [[75.793748, 11.241573], [75.793914, 11.241477]]}, "properties": {"type": "original", "weight": 0.00019194699789363838}}, {"type": "Feature", "geometry": {"type": "LineString", "coordinates": [[75.793914, 11.241477], [75.794121, 11.241383]]}, "properties": {"type": "original", "weight": 0.00022711164654624135}}, {"type": "Feature", "geometry": {"type": "LineString", "coordinates": [[75.794121, 11.241383], [75.794361, 11.241299]]}, "properties": {"type": "original", "weight": 0.0002540450550639815}}, {"type": "Feature", "geometry": {"type": "LineString", "coordinates": [[75.794361, 11.241299], [75.794615, 11.241202]]}, "properties": {"type": "original", "weight": 0.00027212785597212683}}, {"type": "Feature", "geometry": {"type": "LineString", "coordinates": [[75.794361, 11.241299], [75.79437, 11.240828]]}, "properties": {"type": "original", "weight": 0.0004711937711815553}}, {"type": "Feature", "geometry": {"type": "LineString", "coordinates": [[75.794615, 11.241202], [75.794707, 11.241159]]}, "properties": {"type": "original", "weight": 0.0001015169936542996}}, {"type": "Feature", "geometry": {"type": "LineString", "coordinates": [[75.794707, 11.241159], [75.794774, 11.241139]]}, "properties": {"type": "original", "weight": 6.952014097172676e-05}}, {"type": "Feature", "geometry": {"type": "LineString", "coordinates": [[75.794774, 11.241139], [75.794902, 11.241063]]}, "properties": {"type": "original", "weight": 0.0001496369272544703}}, {"type": "Feature", "geometry": {"type": "LineString", "coordinates": [[75.794774, 11.241139], [75.794787, 11.241216]]}, "properties": {"type": "original", "weight": 7.766472815944593e-05}}, {"type": "Feature", "geometry": {"type": "LineString", "coordinates": [[75.794902, 11.241063], [75.795342, 11.240845]]}, "properties": {"type": "original", "weight": 0.0004908627201145562}}, {"type": "Feature", "geometry": {"type": "LineString", "coordinates": [[75.795342, 11.240845], [75.795439, 11.240821]]}, "properties": {"type": "original", "weight": 9.978256360424285e-05}}, {"type": "Feature", "geometry": {"type": "LineString", "coordinates": [[75.795439, 11.240821], [75.79552, 11.240812]]}, "properties": {"type": "original", "weight": 8.170201956139552e-05}}, {"type": "Feature", "geometry": {"type": "LineString", "coordinates": [[75.79552, 11.240812], [75.795581, 11.240811]]}, "properties": {"type": "original", "weight": 6.100204914822319e-05}}, {"type": "Feature", "geometry": {"type": "LineString", "coordinates": [[75.795581, 11.240811], [75.795677, 11.240806]]}, "properties": {"type": "original", "weight": 9.582030056594059e-05}}, {"type": "Feature", "geometry": {"type": "LineString", "coordinates": [[75.795581, 11.240811], [75.795554, 11.241274]]}, "properties": {"type": "original", "weight": 0.00046409190900044807}}, {"type": "Feature", "geometry": {"type": "LineString", "coordinates": [[75.77944, 11.2521], [75.780007, 11.252249]]}, "properties": {"type": "original", "weight": 0.0005862877194693066}}, {"type": "Feature", "geometry": {"type": "LineString", "coordinates": [[75.77944, 11.2521], [75.77914, 11.25295]]}, "properties": {"type": "original", "weight": 0.000900916339067755}}, {"type": "Feature", "geometry": {"type": "LineString", "coordinates": [[75.77944, 11.2521], [75.779688, 11.251423]]}, "properties": {"type": "original", "weight": 0.0007220710214378703}}, {"type": "Feature", "geometry": {"type": "LineString", "coordinates": [[75.780007, 11.252249], [75.780692, 11.252497]]}, "properties": {"type": "original", "weight": 0.0007280665148267642}}, {"type": "Feature", "geometry": {"type": "LineString", "coordinates": [[75.780692, 11.252497], [75.78077, 11.252549]]}, "properties": {"type": "original", "weight": 9.372134228802876e-05}}, {"type": "Feature", "geometry": {"type": "LineString", "coordinates": [[75.78077, 11.252549], [75.780819, 11.252643]]}, "properties": {"type": "original", "weight": 0.0001061787643550693}}, {"type": "Feature", "geometry": {"type": "LineString", "coordinates": [[75.780819, 11.252643], [75.780985, 11.252912]]}, "properties": {"type": "original", "weight": 0.0003159063943590162}}, {"type": "Feature", "geometry": {"type": "LineString", "coordinates": [[75.780985, 11.252912], [75.781024, 11.252896]]}, "properties": {"type": "original", "weight": 4.228297529474304e-05}}, {"type": "Feature", "geometry": {"type": "LineString", "coordinates": [[75.780985, 11.252912], [75.780958, 11.252942]]}, "properties": {"type": "original", "weight": 4.073389252485288e-05}}, {"type": "Feature", "geometry": {"type": "LineString", "coordinates": [[75.783779, 11.245466], [75.783727, 11.245754]]}, "properties": {"type": "optimized", "weight": 0.0002934705777416709}}, {"type": "Feature", "geometry": {"type": "LineString", "coordinates": [[75.783779, 11.245466], [75.783889, 11.245484]]}, "properties": {"type": "optimized", "weight": 0.00011052551742467166}}, {"type": "Feature", "geometry": {"type": "LineString", "coordinates": [[75.783779, 11.245466], [75.783482, 11.245365]]}, "properties": {"type": "original", "weight": 0.0003141742350893509}}, {"type": "Feature", "geometry": {"type": "LineString", "coordinates": [[75.783727, 11.245754], [75.783668, 11.246065]]}, "properties": {"type": "optimized", "weight": 0.0003161353665761993}}, {"type": "Feature", "geometry": {"type": "LineString", "coordinates": [[75.783668, 11.246065], [75.783631, 11.24636]]}, "properties": {"type": "optimized", "weight": 0.00029685250546286857}}, {"type": "Feature", "geometry": {"type": "LineString", "coordinates": [[75.783631, 11.24636], [75.783597, 11.246621]]}, "properties": {"type": "optimized", "weight": 0.00026397736645423424}}, {"type": "Feature", "geometry": {"type": "LineString", "coordinates": [[75.783597, 11.246621], [75.783591, 11.246666]]}, "properties": {"type": "optimized", "weight": 4.528598017179378e-05}}, {"type": "Feature", "geometry": {"type": "LineString", "coordinates": [[75.783597, 11.246621], [75.783045, 11.24662]]}, "properties": {"type": "original", "weight": 0.0005516020395119445}}, {"type": "Feature", "geometry": {"type": "LineString", "coordinates": [[75.783597, 11.246621], [75.784448, 11.246676]]}, "properties": {"type": "original", "weight": 0.0008525565846272905}}, {"type": "Feature", "geometry": {"type": "LineString", "coordinates": [[75.783591, 11.246666], [75.78366, 11.24667]]}, "properties": {"type": "original", "weight": 6.908871109996083e-05}}, {"type": "Feature", "geometry": {"type": "LineString", "coordinates": [[75.783591, 11.246666], [75.783527, 11.246666]]}, "properties": {"type": "optimized", "weight": 6.369999999833453e-05}}, {"type": "Feature", "geometry": {"type": "LineString", "coordinates": [[75.784888, 11.245543], [75.783889, 11.245484]]}, "properties": {"type": "original", "weight": 0.0010015452311327893}}, {"type": "Feature", "geometry": {"type": "LineString", "coordinates": [[75.784888, 11.245543], [75.784829, 11.245754]]}, "properties": {"type": "optimized", "weight": 0.00021885869871048075}}, {"type": "Feature", "geometry": {"type": "LineString", "coordinates": [[75.784888, 11.245543], [75.784985, 11.245172]]}, "properties": {"type": "optimized", "weight": 0.00038368552227001633}}, {"type": "Feature", "geometry": {"type": "LineString", "coordinates": [[75.783889, 11.245484], [75.783914, 11.245353]]}, "properties": {"type": "optimized", "weight": 0.0001329901124151051}}, {"type": "Feature", "geometry": {"type": "LineString", "coordinates": [[75.783482, 11.245365], [75.783323, 11.245339]]}, "properties": {"type": "original", "weight": 0.0001611604480119038}}, {"type": "Feature", "geometry": {"type": "LineString", "coordinates": [[75.783323, 11.245339], [75.783237, 11.245332]]}, "properties": {"type": "original", "weight": 8.586180756612653e-05}}, {"type": "Feature", "geometry": {"type": "LineString", "coordinates": [[75.783237, 11.245332], [75.783164, 11.245327]]}, "properties": {"type": "original", "weight": 7.371302462845378e-05}}, {"type": "Feature", "geometry": {"type": "LineString", "coordinates": [[75.783237, 11.245332], [75.783272, 11.244986]]}, "properties": {"type": "original", "weight": 0.0003483326714510827}}, {"type": "Feature", "geometry": {"type": "LineString", "coordinates": [[75.783164, 11.245327], [75.782953, 11.245309]]}, "properties": {"type": "original", "weight": 0.00021102687033319108}}, {"type": "Feature", "geometry": {"type": "LineString", "coordinates": [[75.783164, 11.245327], [75.783144, 11.24539]]}, "properties": {"type": "original", "weight": 6.628906395630414e-05}}, {"type": "Feature", "geometry": {"type": "LineString", "coordinates": [[75.782953, 11.245309], [75.782507, 11.245273]]}, "properties": {"type": "original", "weight": 0.0004479812607642318}}, {"type": "Feature", "geometry": {"type": "LineString", "coordinates": [[75.782507, 11.245273], [75.782526, 11.245171]]}, "properties": {"type": "original", "weight": 0.00010344128769520242}}, {"type": "Feature", "geometry": {"type": "LineString", "coordinates": [[75.782507, 11.245273], [75.782103, 11.245264]]}, "properties": {"type": "original", "weight": 0.000403685335377422}}, {"type": "Feature", "geometry": {"type": "LineString", "coordinates": [[75.779957, 11.248887], [75.779993, 11.24896]]}, "properties": {"type": "original", "weight": 8.152803199002017e-05}}, {"type": "Feature", "geometry": {"type": "LineString", "coordinates": [[75.779993, 11.24896], [75.779973, 11.249163]]}, "properties": {"type": "original", "weight": 0.0002039030406840911}}, {"type": "Feature", "geometry": {"type": "LineString", "coordinates": [[75.779973, 11.249163], [75.77938, 11.251419]]}, "properties": {"type": "original", "weight": 0.0023321766356751}}, {"type": "Feature", "geometry": {"type": "LineString", "coordinates": [[75.783359, 11.242248], [75.782857, 11.242596]]}, "properties": {"type": "original", "weight": 0.0006100413100707104}}, {"type": "Feature", "geometry": {"type": "LineString", "coordinates": [[75.783359, 11.242248], [75.783601, 11.242343]]}, "properties": {"type": "original", "weight": 0.00026009661666855034}}, {"type": "Feature", "geometry": {"type": "LineString", "coordinates": [[75.783359, 11.242248], [75.783407, 11.242205]]}, "properties": {"type": "original", "weight": 6.522430528552306e-05}}, {"type": "Feature", "geometry": {"type": "LineString", "coordinates": [[75.782857, 11.242596], [75.782731, 11.242689]]}, "properties": {"type": "original", "weight": 0.00015670051053148093}}, {"type": "Feature", "geometry": {"type": "LineString", "coordinates": [[75.782731, 11.242689], [75.782407, 11.242931]]}, "properties": {"type": "original", "weight": 0.00040494144021075324}}, {"type": "Feature", "geometry": {"type": "LineString", "coordinates": [[75.782731, 11.242689], [75.782773, 11.242732]]}, "properties": {"type": "original", "weight": 5.946974020368539e-05}}, {"type": "Feature", "geometry": {"type": "LineString", "coordinates": [[75.782731, 11.242689], [75.782731, 11.242682]]}, "properties": {"type": "original", "weight": 6.799999999529405e-06}}, {"type": "Feature", "geometry": {"type": "LineString", "coordinates": [[75.782407, 11.242931], [75.782351, 11.243071]]}, "properties": {"type": "original", "weight": 0.00015089625575038983}}, {"type": "Feature", "geometry": {"type": "LineString", "coordinates": [[75.782351, 11.243071], [75.782294, 11.243298]]}, "properties": {"type": "original", "weight": 0.0002333446592477759}}, {"type": "Feature", "geometry": {"type": "LineString", "coordinates": [[75.782294, 11.243298], [75.782234, 11.243531]]}, "properties": {"type": "original", "weight": 0.00024057402187504173}}, {"type": "Feature", "geometry": {"type": "LineString", "coordinates": [[75.782234, 11.243531], [75.782183, 11.243722]]}, "properties": {"type": "original", "weight": 0.00019793655549202015}}, {"type": "Feature", "geometry": {"type": "LineString", "coordinates": [[75.782183, 11.243722], [75.782044, 11.244141]]}, "properties": {"type": "original", "weight": 0.0004418021389701063}}, {"type": "Feature", "geometry": {"type": "LineString", "coordinates": [[75.782183, 11.243722], [75.78222, 11.243742]]}, "properties": {"type": "original", "weight": 4.1668453301641417e-05}}, {"type": "Feature", "geometry": {"type": "LineString", "coordinates": [[75.782044, 11.244141], [75.781821, 11.244556]]}, "properties": {"type": "original", "weight": 0.00047099785562102587}}, {"type": "Feature", "geometry": {"type": "LineString", "coordinates": [[75.781821, 11.244556], [75.781638, 11.245256]]}, "properties": {"type": "original", "weight": 0.0007237357597935231}}, {"type": "Feature", "geometry": {"type": "LineString", "coordinates": [[75.781638, 11.245256], [75.781524, 11.24595]]}, "properties": {"type": "original", "weight": 0.0007034806749279461}}, {"type": "Feature", "geometry": {"type": "LineString", "coordinates": [[75.781638, 11.245256], [75.782103, 11.245264]]}, "properties": {"type": "original", "weight": 0.00046506881211826496}}, {"type": "Feature", "geometry": {"type": "LineString", "coordinates": [[75.775746, 11.245481], [75.775775, 11.245257]]}, "properties": {"type": "optimized", "weight": 0.00022611943746635608}}, {"type": "Feature", "geometry": {"type": "LineString", "coordinates": [[75.775746, 11.245481], [75.77507, 11.245395]]}, "properties": {"type": "original", "weight": 0.0006808532587779259}}, {"type": "Feature", "geometry": {"type": "LineString", "coordinates": [[75.775775, 11.245257], [75.775398, 11.245204]]}, "properties": {"type": "original", "weight": 0.000380794800387131}}, {"type": "Feature", "geometry": {"type": "LineString", "coordinates": [[75.775775, 11.245257], [75.776016, 11.245262]]}, "properties": {"type": "optimized", "weight": 0.00024086054056265992}}, {"type": "Feature", "geometry": {"type": "LineString", "coordinates": [[75.775398, 11.245204], [75.775489, 11.244535]]}, "properties": {"type": "original", "weight": 0.0006760794701809414}}, {"type": "Feature", "geometry": {"type": "LineString", "coordinates": [[75.774798, 11.24512], [75.774041, 11.245021]]}, "properties": {"type": "original", "weight": 0.0007631616473699149}}, {"type": "Feature", "geometry": {"type": "LineString", "coordinates": [[75.774798, 11.24512], [75.774769, 11.24534]]}, "properties": {"type": "original", "weight": 0.0002220153598297459}}, {"type": "Feature", "geometry": {"type": "LineString", "coordinates": [[75.774041, 11.245021], [75.773395, 11.244965]]}, "properties": {"type": "original", "weight": 0.000648761165601053}}, {"type": "Feature", "geometry": {"type": "LineString", "coordinates": [[75.774041, 11.245021], [75.774009, 11.245168]]}, "properties": {"type": "original", "weight": 0.0001510165884905849}}, {"type": "Feature", "geometry": {"type": "LineString", "coordinates": [[75.773395, 11.244965], [75.773204, 11.245835]]}, "properties": {"type": "original", "weight": 0.0008901118862279085}}, {"type": "Feature", "geometry": {"type": "LineString", "coordinates": [[75.773395, 11.244965], [75.773492, 11.24448]]}, "properties": {"type": "original", "weight": 0.0004948599094675987}}, {"type": "Feature", "geometry": {"type": "LineString", "coordinates": [[75.783601, 11.242343], [75.783943, 11.242537]]}, "properties": {"type": "original", "weight": 0.0003938481052379631}}, {"type": "Feature", "geometry": {"type": "LineString", "coordinates": [[75.783943, 11.242537], [75.784372, 11.242703]]}, "properties": {"type": "original", "weight": 0.00045911280749244906}}, {"type": "Feature", "geometry": {"type": "LineString", "coordinates": [[75.783943, 11.242537], [75.783838, 11.242771]]}, "properties": {"type": "original", "weight": 0.00025629561057714426}}, {"type": "Feature", "geometry": {"type": "LineString", "coordinates": [[75.784372, 11.242703], [75.784868, 11.242888]]}, "properties": {"type": "original", "weight": 0.000529377936826165}}, {"type": "Feature", "geometry": {"type": "LineString", "coordinates": [[75.784868, 11.242888], [75.784842, 11.243475]]}, "properties": {"type": "optimized", "weight": 0.0005882660367561384}}, {"type": "Feature", "geometry": {"type": "LineString", "coordinates": [[75.793453, 11.244262], [75.793625, 11.244561]]}, "properties": {"type": "optimized", "weight": 0.00034449413638117305}}, {"type": "Feature", "geometry": {"type": "LineString", "coordinates": [[75.793453, 11.244262], [75.792327, 11.244286]]}, "properties": {"type": "optimized", "weight": 0.0011263664856453494}}, {"type": "Feature", "geometry": {"type": "LineString", "coordinates": [[75.793453, 11.244262], [75.79332, 11.243908]]}, "properties": {"type": "original", "weight": 0.00037800800255979167}}, {"type": "Feature", "geometry": {"type": "LineString", "coordinates": [[75.793625, 11.244561], [75.793731, 11.244868]]}, "properties": {"type": "optimized", "weight": 0.0003246974745799977}}, {"type": "Feature", "geometry": {"type": "LineString", "coordinates": [[75.793731, 11.244868], [75.793806, 11.245082]]}, "properties": {"type": "optimized", "weight": 0.00022697491050743668}}, {"type": "Feature", "geometry": {"type": "LineString", "coordinates": [[75.793731, 11.244868], [75.793536, 11.244988]]}, "properties": {"type": "original", "weight": 0.00022900480344545054}}, {"type": "Feature", "geometry": {"type": "LineString", "coordinates": [[75.793806, 11.245082], [75.793902, 11.245741]]}, "properties": {"type": "optimized", "weight": 0.0006656444246006122}}, {"type": "Feature", "geometry": {"type": "LineString", "coordinates": [[75.793902, 11.245741], [75.79391, 11.245966]]}, "properties": {"type": "optimized", "weight": 0.0002257563288133874}}, {"type": "Feature", "geometry": {"type": "LineString", "coordinates": [[75.79391, 11.245966], [75.793578, 11.245945]]}, "properties": {"type": "original", "weight": 0.00033237042588431416}}, {"type": "Feature", "geometry": {"type": "LineString", "coordinates": [[75.793935, 11.246629], [75.793983, 11.247922]]}, "properties": {"type": "optimized", "weight": 0.0012935058252681111}}, {"type": "Feature", "geometry": {"type": "LineString", "coordinates": [[75.793935, 11.246629], [75.793601, 11.246629]]}, "properties": {"type": "original", "weight": 0.0003337009589425547}}, {"type": "Feature", "geometry": {"type": "LineString", "coordinates": [[75.793983, 11.247922], [75.794014, 11.248264]]}, "properties": {"type": "original", "weight": 0.0003436103170731727}}, {"type": "Feature", "geometry": {"type": "LineString", "coordinates": [[75.793983, 11.247922], [75.794342, 11.247943]]}, "properties": {"type": "optimized", "weight": 0.0003598957904721664}}, {"type": "Feature", "geometry": {"type": "LineString", "coordinates": [[75.793983, 11.247922], [75.793124, 11.247872]]}, "properties": {"type": "optimized", "weight": 0.0008606769428706331}}, {"type": "Feature", "geometry": {"type": "LineString", "coordinates": [[75.784172, 11.237405], [75.783863, 11.237792]]}, "properties": {"type": "original", "weight": 0.0004948990402059409}}, {"type": "Feature", "geometry": {"type": "LineString", "coordinates": [[75.783863, 11.237792], [75.783571, 11.238114]]}, "properties": {"type": "original", "weight": 0.0004352932919287452}}, {"type": "Feature", "geometry": {"type": "LineString", "coordinates": [[75.783571, 11.238114], [75.783457, 11.238239]]}, "properties": {"type": "original", "weight": 0.0001694731837265223}}, {"type": "Feature", "geometry": {"type": "LineString", "coordinates": [[75.783457, 11.238239], [75.783193, 11.238529]]}, "properties": {"type": "original", "weight": 0.00039168391592509774}}, {"type": "Feature", "geometry": {"type": "LineString", "coordinates": [[75.783193, 11.238529], [75.782846, 11.23873]]}, "properties": {"type": "original", "weight": 0.00040145759428169544}}, {"type": "Feature", "geometry": {"type": "LineString", "coordinates": [[75.782846, 11.23873], [75.782661, 11.238808]]}, "properties": {"type": "original", "weight": 0.00020030062405477475}}, {"type": "Feature", "geometry": {"type": "LineString", "coordinates": [[75.782661, 11.238808], [75.782357, 11.238936]]}, "properties": {"type": "original", "weight": 0.0003301931858763754}}, {"type": "Feature", "geometry": {"type": "LineString", "coordinates": [[75.782357, 11.238936], [75.782017, 11.239004]]}, "properties": {"type": "original", "weight": 0.000346009031679179}}, {"type": "Feature", "geometry": {"type": "LineString", "coordinates": [[75.782017, 11.239004], [75.781976, 11.239182]]}, "properties": {"type": "original", "weight": 0.0001825859249776291}}, {"type": "Feature", "geometry": {"type": "LineString", "coordinates": [[75.781976, 11.239182], [75.781911, 11.239465]]}, "properties": {"type": "original", "weight": 0.00028992635271697897}}, {"type": "Feature", "geometry": {"type": "LineString", "coordinates": [[75.781911, 11.239465], [75.78181, 11.239646]]}, "properties": {"type": "original", "weight": 0.0002072141404453356}}, {"type": "Feature", "geometry": {"type": "LineString", "coordinates": [[75.78181, 11.239646], [75.781737, 11.239778]]}, "properties": {"type": "original", "weight": 0.00015125835514181744}}, {"type": "Feature", "geometry": {"type": "LineString", "coordinates": [[75.781737, 11.239778], [75.781668, 11.239902]]}, "properties": {"type": "original", "weight": 0.0001415455050472365}}, {"type": "Feature", "geometry": {"type": "LineString", "coordinates": [[75.781668, 11.239902], [75.781482, 11.240137]]}, "properties": {"type": "original", "weight": 0.0002997674432005329}}, {"type": "Feature", "geometry": {"type": "LineString", "coordinates": [[75.781482, 11.240137], [75.781304, 11.240407]]}, "properties": {"type": "original", "weight": 0.0003238368261901689}}, {"type": "Feature", "geometry": {"type": "LineString", "coordinates": [[75.781304, 11.240407], [75.78122, 11.24059]]}, "properties": {"type": "original", "weight": 0.000201441405874043}}, {"type": "Feature", "geometry": {"type": "LineString", "coordinates": [[75.78122, 11.24059], [75.781207, 11.240699]]}, "properties": {"type": "original", "weight": 0.00010904210195963979}}, {"type": "Feature", "geometry": {"type": "LineString", "coordinates": [[75.781207, 11.240699], [75.781199, 11.240766]]}, "properties": {"type": "original", "weight": 6.82586990793675e-05}}, {"type": "Feature", "geometry": {"type": "LineString", "coordinates": [[75.781199, 11.240766], [75.781221, 11.241018]]}, "properties": {"type": "original", "weight": 0.00025220107057704927}}, {"type": "Feature", "geometry": {"type": "LineString", "coordinates": [[75.781221, 11.241018], [75.781211, 11.241307]]}, "properties": {"type": "original", "weight": 0.00028984923667293045}}, {"type": "Feature", "geometry": {"type": "LineString", "coordinates": [[75.781211, 11.241307], [75.781209, 11.241386]]}, "properties": {"type": "optimized", "weight": 7.883964738728635e-05}}, {"type": "Feature", "geometry": {"type": "LineString", "coordinates": [[75.781211, 11.241307], [75.781721, 11.241486]]}, "properties": {"type": "optimized", "weight": 0.0005402126710876706}}, {"type": "Feature", "geometry": {"type": "LineString", "coordinates": [[75.781209, 11.241386], [75.781381, 11.241449]]}, "properties": {"type": "optimized", "weight": 0.00018299521851720737}}, {"type": "Feature", "geometry": {"type": "LineString", "coordinates": [[75.781209, 11.241386], [75.781188, 11.241444]]}, "properties": {"type": "original", "weight": 6.165070964493522e-05}}, {"type": "Feature", "geometry": {"type": "LineString", "coordinates": [[75.784621, 11.246733], [75.784653, 11.246579]]}, "properties": {"type": "optimized", "weight": 0.00015793457506190216}}, {"type": "Feature", "geometry": {"type": "LineString", "coordinates": [[75.784621, 11.246733], [75.783943, 11.246743]]}, "properties": {"type": "optimized", "weight": 0.0006785651111048728}}, {"type": "Feature", "geometry": {"type": "LineString", "coordinates": [[75.784621, 11.246733], [75.784582, 11.246926]]}, "properties": {"type": "optimized", "weight": 0.00019651081395244361}}, {"type": "Feature", "geometry": {"type": "LineString", "coordinates": [[75.784621, 11.246733], [75.784565, 11.246712]]}, "properties": {"type": "original", "weight": 5.989206959838854e-05}}, {"type": "Feature", "geometry": {"type": "LineString", "coordinates": [[75.784653, 11.246579], [75.784734, 11.246183]]}, "properties": {"type": "optimized", "weight": 0.00040376966205787505}}, {"type": "Feature", "geometry": {"type": "LineString", "coordinates": [[75.784653, 11.246579], [75.784583, 11.246567]]}, "properties": {"type": "original", "weight": 7.075966366249477e-05}}, {"type": "Feature", "geometry": {"type": "LineString", "coordinates": [[75.784734, 11.246183], [75.784829, 11.245754]]}, "properties": {"type": "optimized", "weight": 0.0004398377996497337}}, {"type": "Feature", "geometry": {"type": "LineString", "coordinates": [[75.784829, 11.245754], [75.785393, 11.245656]]}, "properties": {"type": "optimized", "weight": 0.0005724679991029043}}, {"type": "Feature", "geometry": {"type": "LineString", "coordinates": [[75.784985, 11.245172], [75.785107, 11.244575]]}, "properties": {"type": "optimized", "weight": 0.0006087102759098255}}, {"type": "Feature", "geometry": {"type": "LineString", "coordinates": [[75.785107, 11.244575], [75.785153, 11.244271]]}, "properties": {"type": "optimized", "weight": 0.0003075295920727113}}, {"type": "Feature", "geometry": {"type": "LineString", "coordinates": [[75.785107, 11.244575], [75.785612, 11.244563]]}, "properties": {"type": "original", "weight": 0.0005053546180716501}}, {"type": "Feature", "geometry": {"type": "LineString", "coordinates": [[75.785153, 11.244271], [75.784823, 11.244188]]}, "properties": {"type": "original", "weight": 0.0003397204291748748}}, {"type": "Feature", "geometry": {"type": "LineString", "coordinates": [[75.785153, 11.244271], [75.785173, 11.244099]]}, "properties": {"type": "optimized", "weight": 0.0001731658742354813}}, {"type": "Feature", "geometry": {"type": "LineString", "coordinates": [[75.785364, 11.242651], [75.785466, 11.242358]]}, "properties": {"type": "original", "weight": 0.0003102754421514657}}, {"type": "Feature", "geometry": {"type": "LineString", "coordinates": [[75.785364, 11.242651], [75.785379, 11.242782]]}, "properties": {"type": "original", "weight": 0.00013230801185131635}}, {"type": "Feature", "geometry": {"type": "LineString", "coordinates": [[75.785364, 11.242651], [75.785305, 11.242815]]}, "properties": {"type": "original", "weight": 0.00017476055046635936}}, {"type": "Feature", "geometry": {"type": "LineString", "coordinates": [[75.785466, 11.242358], [75.785812, 11.241509]]}, "properties": {"type": "original", "weight": 0.0009164096736705845}}, {"type": "Feature", "geometry": {"type": "LineString", "coordinates": [[75.785812, 11.241509], [75.785866, 11.241376]]}, "properties": {"type": "original", "weight": 0.00014330422184980564}}, {"type": "Feature", "geometry": {"type": "LineString", "coordinates": [[75.785812, 11.241509], [75.786584, 11.241621]]}, "properties": {"type": "original", "weight": 0.0007804076691006142}}, {"type": "Feature", "geometry": {"type": "LineString", "coordinates": [[75.785866, 11.241376], [75.786101, 11.240732]]}, "properties": {"type": "original", "weight": 0.0006857758525917045}}, {"type": "Feature", "geometry": {"type": "LineString", "coordinates": [[75.786101, 11.240732], [75.786218, 11.240411]]}, "properties": {"type": "original", "weight": 0.00034152953020037577}}, {"type": "Feature", "geometry": {"type": "LineString", "coordinates": [[75.786218, 11.240411], [75.786268, 11.24003]]}, "properties": {"type": "original", "weight": 0.00038471563524347397}}, {"type": "Feature", "geometry": {"type": "LineString", "coordinates": [[75.786268, 11.24003], [75.786269, 11.23991]]}, "properties": {"type": "original", "weight": 0.00012020702974402478}}, {"type": "Feature", "geometry": {"type": "LineString", "coordinates": [[75.786269, 11.23991], [75.786363, 11.239687]]}, "properties": {"type": "original", "weight": 0.00024142481231652978}}, {"type": "Feature", "geometry": {"type": "LineString", "coordinates": [[75.786363, 11.239687], [75.786443, 11.239413]]}, "properties": {"type": "original", "weight": 0.00028509600137276907}}, {"type": "Feature", "geometry": {"type": "LineString", "coordinates": [[75.786443, 11.239413], [75.786565, 11.23923]]}, "properties": {"type": "original", "weight": 0.00022016085029110403}}, {"type": "Feature", "geometry": {"type": "LineString", "coordinates": [[75.786565, 11.23923], [75.786681, 11.239004]]}, "properties": {"type": "original", "weight": 0.00025407717331499453}}, {"type": "Feature", "geometry": {"type": "LineString", "coordinates": [[75.786681, 11.239004], [75.786746, 11.238891]]}, "properties": {"type": "original", "weight": 0.00013053443990272104}}, {"type": "Feature", "geometry": {"type": "LineString", "coordinates": [[75.788668, 11.255301], [75.788883, 11.254402]]}, "properties": {"type": "original", "weight": 0.0009237216030811041}}, {"type": "Feature", "geometry": {"type": "LineString", "coordinates": [[75.788883, 11.254402], [75.788911, 11.254293]]}, "properties": {"type": "original", "weight": 0.00011242032734218672}}, {"type": "Feature", "geometry": {"type": "LineString", "coordinates": [[75.788911, 11.254293], [75.788984, 11.254013]]}, "properties": {"type": "original", "weight": 0.00029018421735287493}}, {"type": "Feature", "geometry": {"type": "LineString", "coordinates": [[75.788911, 11.254293], [75.788383, 11.254219]]}, "properties": {"type": "original", "weight": 0.0005333723371062878}}, {"type": "Feature", "geometry": {"type": "LineString", "coordinates": [[75.788984, 11.254013], [75.789028, 11.253569]]}, "properties": {"type": "original", "weight": 0.0004460262996721154}}, {"type": "Feature", "geometry": {"type": "LineString", "coordinates": [[75.788984, 11.254013], [75.78925, 11.254065]]}, "properties": {"type": "original", "weight": 0.0002710158851398286}}, {"type": "Feature", "geometry": {"type": "LineString", "coordinates": [[75.789028, 11.253569], [75.789009, 11.253182]]}, "properties": {"type": "original", "weight": 0.0003871518823406463}}, {"type": "Feature", "geometry": {"type": "LineString", "coordinates": [[75.789009, 11.253182], [75.789039, 11.253001]]}, "properties": {"type": "original", "weight": 0.00018388175548383917}}, {"type": "Feature", "geometry": {"type": "LineString", "coordinates": [[75.789039, 11.253001], [75.789084, 11.252872]]}, "properties": {"type": "original", "weight": 0.00013583537831035142}}, {"type": "Feature", "geometry": {"type": "LineString", "coordinates": [[75.789084, 11.252872], [75.789162, 11.252651]]}, "properties": {"type": "original", "weight": 0.00023495474032152048}}, {"type": "Feature", "geometry": {"type": "LineString", "coordinates": [[75.789084, 11.252872], [75.790214, 11.253049]]}, "properties": {"type": "original", "weight": 0.0011441642976306352}}, {"type": "Feature", "geometry": {"type": "LineString", "coordinates": [[75.789162, 11.252651], [75.789243, 11.251947]]}, "properties": {"type": "original", "weight": 0.0007087248337685505}}, {"type": "Feature", "geometry": {"type": "LineString", "coordinates": [[75.789243, 11.251947], [75.789363, 11.251958]]}, "properties": {"type": "optimized", "weight": 0.00012063042734281359}}, {"type": "Feature", "geometry": {"type": "LineString", "coordinates": [[75.789243, 11.251947], [75.788762, 11.251932]]}, "properties": {"type": "optimized", "weight": 0.00048103392812270956}}, {"type": "Feature", "geometry": {"type": "LineString", "coordinates": [[75.774828, 11.2393], [75.775518, 11.239453]]}, "properties": {"type": "original", "weight": 0.0007074213030365105}}, {"type": "Feature", "geometry": {"type": "LineString", "coordinates": [[75.774828, 11.2393], [75.774781, 11.239417]]}, "properties": {"type": "original", "weight": 0.00012579125565740807}}, {"type": "Feature", "geometry": {"type": "LineString", "coordinates": [[75.774828, 11.2393], [75.774889, 11.239128]]}, "properties": {"type": "original", "weight": 0.00018248323210647745}}, {"type": "Feature", "geometry": {"type": "LineString", "coordinates": [[75.776166, 11.2396], [75.7764, 11.23964]]}, "properties": {"type": "original", "weight": 0.00023734637136257818}}, {"type": "Feature", "geometry": {"type": "LineString", "coordinates": [[75.7764, 11.23964], [75.776578, 11.239629]]}, "properties": {"type": "original", "weight": 0.000178863663166826}}, {"type": "Feature", "geometry": {"type": "LineString", "coordinates": [[75.776578, 11.239629], [75.776783, 11.239638]]}, "properties": {"type": "original", "weight": 0.00020461146106829544}}, {"type": "Feature", "geometry": {"type": "LineString", "coordinates": [[75.776578, 11.239629], [75.776519, 11.240573]]}, "properties": {"type": "original", "weight": 0.00094674643912763}}, {"type": "Feature", "geometry": {"type": "LineString", "coordinates": [[75.776783, 11.239638], [75.777195, 11.239788]]}, "properties": {"type": "original", "weight": 0.00043851615706218033}}, {"type": "Feature", "geometry": {"type": "LineString", "coordinates": [[75.777195, 11.239788], [75.777951, 11.240063]]}, "properties": {"type": "original", "weight": 0.0008048732633154881}}, {"type": "Feature", "geometry": {"type": "LineString", "coordinates": [[75.777951, 11.240063], [75.778118, 11.240123]]}, "properties": {"type": "original", "weight": 0.00017696310348905658}}, {"type": "Feature", "geometry": {"type": "LineString", "coordinates": [[75.778118, 11.240123], [75.778518, 11.240269]]}, "properties": {"type": "original", "weight": 0.00042554701268379924}}, {"type": "Feature", "geometry": {"type": "LineString", "coordinates": [[75.778518, 11.240269], [75.779748, 11.240764]]}, "properties": {"type": "original", "weight": 0.0013261845158200575}}, {"type": "Feature", "geometry": {"type": "LineString", "coordinates": [[75.778518, 11.240269], [75.778336, 11.240565]]}, "properties": {"type": "original", "weight": 0.00034714914662080555}}, {"type": "Feature", "geometry": {"type": "LineString", "coordinates": [[75.778518, 11.240269], [75.778823, 11.239887]]}, "properties": {"type": "original", "weight": 0.0004893236556671631}}, {"type": "Feature", "geometry": {"type": "LineString", "coordinates": [[75.781381, 11.241449], [75.781514, 11.241499]]}, "properties": {"type": "optimized", "weight": 0.00014263873948725612}}, {"type": "Feature", "geometry": {"type": "LineString", "coordinates": [[75.781514, 11.241499], [75.781824, 11.241616]]}, "properties": {"type": "optimized", "weight": 0.0003308311502848687}}, {"type": "Feature", "geometry": {"type": "LineString", "coordinates": [[75.781824, 11.241616], [75.782054, 11.241692]]}, "properties": {"type": "optimized", "weight": 0.000242674802977986}}, {"type": "Feature", "geometry": {"type": "LineString", "coordinates": [[75.782054, 11.241692], [75.782282, 11.241757]]}, "properties": {"type": "optimized", "weight": 0.00023704400435431942}}, {"type": "Feature", "geometry": {"type": "LineString", "coordinates": [[75.782282, 11.241757], [75.782607, 11.241855]]}, "properties": {"type": "optimized", "weight": 0.00033959866018933954}}, {"type": "Feature", "geometry": {"type": "LineString", "coordinates": [[75.771395, 11.251214], [75.772399, 11.251409]]}, "properties": {"type": "original", "weight": 0.0010231541232867054}}, {"type": "Feature", "geometry": {"type": "LineString", "coordinates": [[75.771395, 11.251214], [75.771203, 11.251686]]}, "properties": {"type": "original", "weight": 0.0005087402873748954}}, {"type": "Feature", "geometry": {"type": "LineString", "coordinates": [[75.771395, 11.251214], [75.771536, 11.250928]]}, "properties": {"type": "original", "weight": 0.0003191388412576537}}, {"type": "Feature", "geometry": {"type": "LineString", "coordinates": [[75.772399, 11.251409], [75.772748, 11.25147]]}, "properties": {"type": "original", "weight": 0.00035381557342890354}}, {"type": "Feature", "geometry": {"type": "LineString", "coordinates": [[75.772748, 11.25147], [75.773373, 11.25158]]}, "properties": {"type": "original", "weight": 0.0006350294560079233}}, {"type": "Feature", "geometry": {"type": "LineString", "coordinates": [[75.772748, 11.25147], [75.772945, 11.251023]]}, "properties": {"type": "original", "weight": 0.0004893384615973688}}, {"type": "Feature", "geometry": {"type": "LineString", "coordinates": [[75.773373, 11.25158], [75.773437, 11.251584]]}, "properties": {"type": "original", "weight": 6.3519839422345e-05}}, {"type": "Feature", "geometry": {"type": "LineString", "coordinates": [[75.773373, 11.25158], [75.773273, 11.252079]]}, "properties": {"type": "original", "weight": 0.0005086277715585835}}, {"type": "Feature", "geometry": {"type": "LineString", "coordinates": [[75.773437, 11.251584], [75.773496, 11.251589]]}, "properties": {"type": "original", "weight": 5.914702021152246e-05}}, {"type": "Feature", "geometry": {"type": "LineString", "coordinates": [[75.773437, 11.251584], [75.77352, 11.251309]]}, "properties": {"type": "original", "weight": 0.0002877221750226719}}, {"type": "Feature", "geometry": {"type": "LineString", "coordinates": [[75.773496, 11.251589], [75.77416, 11.25165]]}, "properties": {"type": "original", "weight": 0.0006670583557648712}}, {"type": "Feature", "geometry": {"type": "LineString", "coordinates": [[75.773496, 11.251589], [75.773481, 11.25169]]}, "properties": {"type": "original", "weight": 0.00010135704218230906}}, {"type": "Feature", "geometry": {"type": "LineString", "coordinates": [[75.77416, 11.25165], [75.774394, 11.251638]]}, "properties": {"type": "original", "weight": 0.00023459695224179413}}, {"type": "Feature", "geometry": {"type": "LineString", "coordinates": [[75.774394, 11.251638], [75.774571, 11.251526]]}, "properties": {"type": "original", "weight": 0.00020970383878364735}}, {"type": "Feature", "geometry": {"type": "LineString", "coordinates": [[75.774571, 11.251526], [75.774583, 11.251317]]}, "properties": {"type": "original", "weight": 0.00020902212801556948}}, {"type": "Feature", "geometry": {"type": "LineString", "coordinates": [[75.774571, 11.251526], [75.774537, 11.252027]]}, "properties": {"type": "original", "weight": 0.0005021864693515104}}, {"type": "Feature", "geometry": {"type": "LineString", "coordinates": [[75.774583, 11.251317], [75.77466, 11.251166]]}, "properties": {"type": "original", "weight": 0.00016923025733654094}}, {"type": "Feature", "geometry": {"type": "LineString", "coordinates": [[75.77466, 11.251166], [75.774773, 11.251169]]}, "properties": {"type": "original", "weight": 0.00011372326059338791}}, {"type": "Feature", "geometry": {"type": "LineString", "coordinates": [[75.77466, 11.251166], [75.774529, 11.250975]]}, "properties": {"type": "original", "weight": 0.00023146397127390947}}, {"type": "Feature", "geometry": {"type": "LineString", "coordinates": [[75.774773, 11.251169], [75.775364, 11.251363]]}, "properties": {"type": "original", "weight": 0.0006216791214162786}}, {"type": "Feature", "geometry": {"type": "LineString", "coordinates": [[75.775364, 11.251363], [75.775425, 11.251382]]}, "properties": {"type": "optimized", "weight": 6.38787914781689e-05}}, {"type": "Feature", "geometry": {"type": "LineString", "coordinates": [[75.775364, 11.251363], [75.775349, 11.251427]]}, "properties": {"type": "optimized", "weight": 6.60918300517483e-05}}, {"type": "Feature", "geometry": {"type": "LineString", "coordinates": [[75.775425, 11.251382], [75.775815, 11.251472]]}, "properties": {"type": "optimized", "weight": 0.00040024992191982155}}, {"type": "Feature", "geometry": {"type": "LineString", "coordinates": [[75.775425, 11.251382], [75.775457, 11.251049]]}, "properties": {"type": "optimized", "weight": 0.00033496096787603884}}, {"type": "Feature", "geometry": {"type": "LineString", "coordinates": [[75.775815, 11.251472], [75.77618, 11.2515]]}, "properties": {"type": "optimized", "weight": 0.00036664031419946175}}, {"type": "Feature", "geometry": {"type": "LineString", "coordinates": [[75.776857, 11.251455], [75.777796, 11.251434]]}, "properties": {"type": "optimized", "weight": 0.0009393281109353749}}, {"type": "Feature", "geometry": {"type": "LineString", "coordinates": [[75.776857, 11.251455], [75.776857, 11.251883]]}, "properties": {"type": "original", "weight": 0.0004278001870038671}}, {"type": "Feature", "geometry": {"type": "LineString", "coordinates": [[75.777796, 11.251434], [75.778616, 11.251416]]}, "properties": {"type": "optimized", "weight": 0.0008207973927806851}}, {"type": "Feature", "geometry": {"type": "LineString", "coordinates": [[75.777796, 11.251434], [75.777803, 11.250699]]}, "properties": {"type": "original", "weight": 0.0007349305409368775}}, {"type": "Feature", "geometry": {"type": "LineString", "coordinates": [[75.778616, 11.251416], [75.77863, 11.250614]]}, "properties": {"type": "original", "weight": 0.0008024085804627076}}, {"type": "Feature", "geometry": {"type": "LineString", "coordinates": [[75.787653, 11.251806], [75.787272, 11.251287]]}, "properties": {"type": "optimized", "weight": 0.000644016537052916}}, {"type": "Feature", "geometry": {"type": "LineString", "coordinates": [[75.787653, 11.251806], [75.787683, 11.251779]]}, "properties": {"type": "optimized", "weight": 3.984331814067468e-05}}, {"type": "Feature", "geometry": {"type": "LineString", "coordinates": [[75.787653, 11.251806], [75.787644, 11.251838]]}, "properties": {"type": "optimized", "weight": 3.2664353656530626e-05}}, {"type": "Feature", "geometry": {"type": "LineString", "coordinates": [[75.787272, 11.251287], [75.786982, 11.250891]]}, "properties": {"type": "optimized", "weight": 0.0004909877493356654}}, {"type": "Feature", "geometry": {"type": "LineString", "coordinates": [[75.787272, 11.251287], [75.787418, 11.251154]]}, "properties": {"type": "original", "weight": 0.00019770546275288165}}, {"type": "Feature", "geometry": {"type": "LineString", "coordinates": [[75.786982, 11.250891], [75.786777, 11.250612]]}, "properties": {"type": "optimized", "weight": 0.0003461197769546469}}, {"type": "Feature", "geometry": {"type": "LineString", "coordinates": [[75.786982, 11.250891], [75.786801, 11.250982]]}, "properties": {"type": "original", "weight": 0.00020258775876159666}}, {"type": "Feature", "geometry": {"type": "LineString", "coordinates": [[75.786777, 11.250612], [75.786491, 11.250281]]}, "properties": {"type": "optimized", "weight": 0.0004368692481783139}}, {"type": "Feature", "geometry": {"type": "LineString", "coordinates": [[75.786491, 11.250281], [75.786083, 11.249931]]}, "properties": {"type": "optimized", "weight": 0.0005379875463223919}}, {"type": "Feature", "geometry": {"type": "LineString", "coordinates": [[75.786083, 11.249931], [75.785916, 11.249794]]}, "properties": {"type": "optimized", "weight": 0.00021670832932985847}}, {"type": "Feature", "geometry": {"type": "LineString", "coordinates": [[75.785916, 11.249794], [75.785804, 11.249712]]}, "properties": {"type": "optimized", "weight": 0.00013806730242972524}}, {"type": "Feature", "geometry": {"type": "LineString", "coordinates": [[75.785916, 11.249794], [75.786006, 11.249593]]}, "properties": {"type": "original", "weight": 0.00021976396429057847}}, {"type": "Feature", "geometry": {"type": "LineString", "coordinates": [[75.785804, 11.249712], [75.785705, 11.249639]]}, "properties": {"type": "optimized", "weight": 0.0001234068474524295}}, {"type": "Feature", "geometry": {"type": "LineString", "coordinates": [[75.785804, 11.249712], [75.785694, 11.250286]]}, "properties": {"type": "original", "weight": 0.0005839312630779207}}, {"type": "Feature", "geometry": {"type": "LineString", "coordinates": [[75.785705, 11.249639], [75.785473, 11.249469]]}, "properties": {"type": "optimized", "weight": 0.0002876769194863869}}, {"type": "Feature", "geometry": {"type": "LineString", "coordinates": [[75.785473, 11.249469], [75.785063, 11.249261]]}, "properties": {"type": "optimized", "weight": 0.0004599698359565886}}, {"type": "Feature", "geometry": {"type": "LineString", "coordinates": [[75.785063, 11.249261], [75.78487, 11.249162]]}, "properties": {"type": "optimized", "weight": 0.00021632256008822267}}, {"type": "Feature", "geometry": {"type": "LineString", "coordinates": [[75.785063, 11.249261], [75.784955, 11.249587]]}, "properties": {"type": "original", "weight": 0.0003440571173526341}}, {"type": "Feature", "geometry": {"type": "LineString", "coordinates": [[75.78487, 11.249162], [75.784693, 11.249085]]}, "properties": {"type": "optimized", "weight": 0.00019350981887046126}}, {"type": "Feature", "geometry": {"type": "LineString", "coordinates": [[75.784693, 11.249085], [75.78447, 11.249008]]}, "properties": {"type": "optimized", "weight": 0.00023554519736797213}}, {"type": "Feature", "geometry": {"type": "LineString", "coordinates": [[75.784693, 11.249085], [75.7847, 11.248813]]}, "properties": {"type": "optimized", "weight": 0.00027200900720328574}}, {"type": "Feature", "geometry": {"type": "LineString", "coordinates": [[75.78447, 11.249008], [75.784272, 11.248939]]}, "properties": {"type": "optimized", "weight": 0.00020999047596288931}}, {"type": "Feature", "geometry": {"type": "LineString", "coordinates": [[75.78447, 11.249008], [75.78427, 11.249565]]}, "properties": {"type": "original", "weight": 0.0005924772485056631}}, {"type": "Feature", "geometry": {"type": "LineString", "coordinates": [[75.784272, 11.248939], [75.784182, 11.248908]]}, "properties": {"type": "optimized", "weight": 9.519296193040704e-05}}, {"type": "Feature", "geometry": {"type": "LineString", "coordinates": [[75.784272, 11.248939], [75.784099, 11.249489]]}, "properties": {"type": "original", "weight": 0.0005770735308462159}}, {"type": "Feature", "geometry": {"type": "LineString", "coordinates": [[75.784182, 11.248908], [75.783948, 11.248816]]}, "properties": {"type": "optimized", "weight": 0.0002507311707774472}}, {"type": "Feature", "geometry": {"type": "LineString", "coordinates": [[75.783948, 11.248816], [75.783706, 11.248769]]}, "properties": {"type": "optimized", "weight": 0.00024654405285314793}}, {"type": "Feature", "geometry": {"type": "LineString", "coordinates": [[75.783948, 11.248816], [75.783687, 11.249469]]}, "properties": {"type": "optimized", "weight": 0.0007029870624698394}}, {"type": "Feature", "geometry": {"type": "LineString", "coordinates": [[75.783948, 11.248816], [75.784423, 11.247726]]}, "properties": {"type": "optimized", "weight": 0.0011887341250282318}}, {"type": "Feature", "geometry": {"type": "LineString", "coordinates": [[75.781524, 11.24595], [75.781426, 11.246546]]}, "properties": {"type": "original", "weight": 0.0006038384552184005}}, {"type": "Feature", "geometry": {"type": "LineString", "coordinates": [[75.781524, 11.24595], [75.78146, 11.245939]]}, "properties": {"type": "original", "weight": 6.525741336907896e-05}}, {"type": "Feature", "geometry": {"type": "LineString", "coordinates": [[75.781426, 11.246546], [75.781395, 11.246734]]}, "properties": {"type": "original", "weight": 0.00018983176762609147}}, {"type": "Feature", "geometry": {"type": "LineString", "coordinates": [[75.781426, 11.246546], [75.78133, 11.246532]]}, "properties": {"type": "original", "weight": 9.611045729745111e-05}}, {"type": "Feature", "geometry": {"type": "LineString", "coordinates": [[75.781395, 11.246734], [75.781336, 11.247025]]}, "properties": {"type": "original", "weight": 0.0002977043163951481}}, {"type": "Feature", "geometry": {"type": "LineString", "coordinates": [[75.781395, 11.246734], [75.781419, 11.246732]]}, "properties": {"type": "original", "weight": 2.4639805183124066e-05}}, {"type": "Feature", "geometry": {"type": "LineString", "coordinates": [[75.781395, 11.246734], [75.781461, 11.24678]]}, "properties": {"type": "original", "weight": 8.105553651385849e-05}}, {"type": "Feature", "geometry": {"type": "LineString", "coordinates": [[75.781336, 11.247025], [75.781145, 11.247981]]}, "properties": {"type": "original", "weight": 0.0009745992048026174}}, {"type": "Feature", "geometry": {"type": "LineString", "coordinates": [[75.781336, 11.247025], [75.781245, 11.247]]}, "properties": {"type": "original", "weight": 9.455945219582006e-05}}, {"type": "Feature", "geometry": {"type": "LineString", "coordinates": [[75.781145, 11.247981], [75.781045, 11.248479]]}, "properties": {"type": "original", "weight": 0.0005076074566045821}}, {"type": "Feature", "geometry": {"type": "LineString", "coordinates": [[75.781145, 11.247981], [75.780899, 11.247946]]}, "properties": {"type": "original", "weight": 0.0002484493107216413}}, {"type": "Feature", "geometry": {"type": "LineString", "coordinates": [[75.781045, 11.248479], [75.781011, 11.24861]]}, "properties": {"type": "original", "weight": 0.0001349747383776939}}, {"type": "Feature", "geometry": {"type": "LineString", "coordinates": [[75.781011, 11.24861], [75.781138, 11.248624]]}, "properties": {"type": "optimized", "weight": 0.00012813449965042977}}, {"type": "Feature", "geometry": {"type": "LineString", "coordinates": [[75.781011, 11.24861], [75.780959, 11.248617]]}, "properties": {"type": "optimized", "weight": 5.2198946349572054e-05}}, {"type": "Feature", "geometry": {"type": "LineString", "coordinates": [[75.779926, 11.24603], [75.779907, 11.246141]]}, "properties": {"type": "original", "weight": 0.00011219006194825225}}, {"type": "Feature", "geometry": {"type": "LineString", "coordinates": [[75.779926, 11.24603], [75.779483, 11.24594]]}, "properties": {"type": "original", "weight": 0.0004521477745284962}}, {"type": "Feature", "geometry": {"type": "LineString", "coordinates": [[75.779926, 11.24603], [75.779978, 11.246041]]}, "properties": {"type": "original", "weight": 5.295148721983311e-05}}, {"type": "Feature", "geometry": {"type": "LineString", "coordinates": [[75.779907, 11.246141], [75.779795, 11.246778]]}, "properties": {"type": "original", "weight": 0.0006474606474534518}}, {"type": "Feature", "geometry": {"type": "LineString", "coordinates": [[75.779795, 11.246778], [75.779788, 11.246817]]}, "properties": {"type": "original", "weight": 3.960568141030281e-05}}, {"type": "Feature", "geometry": {"type": "LineString", "coordinates": [[75.779788, 11.246817], [75.779572, 11.248049]]}, "properties": {"type": "original", "weight": 0.0012504496191385113}}, {"type": "Feature", "geometry": {"type": "LineString", "coordinates": [[75.779788, 11.246817], [75.780141, 11.246827]]}, "properties": {"type": "original", "weight": 0.00035302516907015206}}, {"type": "Feature", "geometry": {"type": "LineString", "coordinates": [[75.779572, 11.248049], [75.779481, 11.248392]]}, "properties": {"type": "original", "weight": 0.0003549884786844005}}, {"type": "Feature", "geometry": {"type": "LineString", "coordinates": [[75.779572, 11.248049], [75.779628, 11.248247]]}, "properties": {"type": "original", "weight": 0.000205258519922922}}, {"type": "Feature", "geometry": {"type": "LineString", "coordinates": [[75.779481, 11.248392], [75.779362, 11.248573]]}, "properties": {"type": "original", "weight": 0.0002163985443635608}}, {"type": "Feature", "geometry": {"type": "LineString", "coordinates": [[75.779362, 11.248573], [75.779161, 11.24875]]}, "properties": {"type": "original", "weight": 0.0002674943924571655}}, {"type": "Feature", "geometry": {"type": "LineString", "coordinates": [[75.779161, 11.24875], [75.779147, 11.248383]]}, "properties": {"type": "optimized", "weight": 0.0003667597169813674}}, {"type": "Feature", "geometry": {"type": "LineString", "coordinates": [[75.783706, 11.248769], [75.783486, 11.248789]]}, "properties": {"type": "optimized", "weight": 0.00022106173346038495}}, {"type": "Feature", "geometry": {"type": "LineString", "coordinates": [[75.783486, 11.248789], [75.782682, 11.248822]]}, "properties": {"type": "optimized", "weight": 0.0008043608953755376}}, {"type": "Feature", "geometry": {"type": "LineString", "coordinates": [[75.783486, 11.248789], [75.783616, 11.248641]]}, "properties": {"type": "optimized", "weight": 0.000196846183598993}}, {"type": "Feature", "geometry": {"type": "LineString", "coordinates": [[75.782682, 11.248822], [75.78188, 11.248834]]}, "properties": {"type": "optimized", "weight": 0.0008030004358619001}}, {"type": "Feature", "geometry": {"type": "LineString", "coordinates": [[75.78188, 11.248834], [75.781864, 11.248642]]}, "properties": {"type": "optimized", "weight": 0.00019298383351971436}}, {"type": "Feature", "geometry": {"type": "LineString", "coordinates": [[75.781429, 11.248852], [75.781422, 11.248744]]}, "properties": {"type": "optimized", "weight": 0.00010901857640020988}}, {"type": "Feature", "geometry": {"type": "LineString", "coordinates": [[75.781429, 11.248852], [75.781368, 11.248853]]}, "properties": {"type": "optimized", "weight": 6.110400968476393e-05}}, {"type": "Feature", "geometry": {"type": "LineString", "coordinates": [[75.782024, 11.253818], [75.782036, 11.25361]]}, "properties": {"type": "original", "weight": 0.00020791827721436832}}, {"type": "Feature", "geometry": {"type": "LineString", "coordinates": [[75.782024, 11.253818], [75.78174, 11.254073]]}, "properties": {"type": "original", "weight": 0.0003821054566514763}}, {"type": "Feature", "geometry": {"type": "LineString", "coordinates": [[75.782036, 11.25361], [75.782044, 11.253466]]}, "properties": {"type": "original", "weight": 0.00014382266858871143}}, {"type": "Feature", "geometry": {"type": "LineString", "coordinates": [[75.782036, 11.25361], [75.781965, 11.253602]]}, "properties": {"type": "original", "weight": 7.079837568612629e-05}}, {"type": "Feature", "geometry": {"type": "LineString", "coordinates": [[75.782044, 11.253466], [75.782037, 11.253428]]}, "properties": {"type": "original", "weight": 3.868462226892686e-05}}, {"type": "Feature", "geometry": {"type": "LineString", "coordinates": [[75.782037, 11.253428], [75.782015, 11.253383]]}, "properties": {"type": "original", "weight": 5.0537115075047596e-05}}, {"type": "Feature", "geometry": {"type": "LineString", "coordinates": [[75.782015, 11.253383], [75.781961, 11.25332]]}, "properties": {"type": "original", "weight": 8.233595812374399e-05}}, {"type": "Feature", "geometry": {"type": "LineString", "coordinates": [[75.781961, 11.25332], [75.781723, 11.253067]]}, "properties": {"type": "original", "weight": 0.0003484137339403967}}, {"type": "Feature", "geometry": {"type": "LineString", "coordinates": [[75.781723, 11.253067], [75.781575, 11.252924]]}, "properties": {"type": "original", "weight": 0.00020537185786227428}}, {"type": "Feature", "geometry": {"type": "LineString", "coordinates": [[75.781575, 11.252924], [75.781525, 11.252892]]}, "properties": {"type": "original", "weight": 5.963958417345216e-05}}, {"type": "Feature", "geometry": {"type": "LineString", "coordinates": [[75.781422, 11.252876], [75.781347, 11.252878]]}, "properties": {"type": "original", "weight": 7.514851961647153e-05}}, {"type": "Feature", "geometry": {"type": "LineString", "coordinates": [[75.781347, 11.252878], [75.7811, 11.252886]]}, "properties": {"type": "original", "weight": 0.0002476047051253418}}, {"type": "Feature", "geometry": {"type": "LineString", "coordinates": [[75.7811, 11.252886], [75.781024, 11.252896]]}, "properties": {"type": "original", "weight": 7.652378715615424e-05}}, {"type": "Feature", "geometry": {"type": "LineString", "coordinates": [[75.7811, 11.252886], [75.78111, 11.252545]]}, "properties": {"type": "original", "weight": 0.0003412615712324325}}, {"type": "Feature", "geometry": {"type": "LineString", "coordinates": [[75.781024, 11.252896], [75.780971, 11.252788]]}, "properties": {"type": "original", "weight": 0.00012053153114353934}}, {"type": "Feature", "geometry": {"type": "LineString", "coordinates": [[75.780958, 11.252942], [75.780937, 11.252988]]}, "properties": {"type": "original", "weight": 4.984706610697367e-05}}, {"type": "Feature", "geometry": {"type": "LineString", "coordinates": [[75.780937, 11.252988], [75.780923, 11.253046]]}, "properties": {"type": "original", "weight": 5.9592113572340403e-05}}, {"type": "Feature", "geometry": {"type": "LineString", "coordinates": [[75.780923, 11.253046], [75.780807, 11.253746]]}, "properties": {"type": "original", "weight": 0.0007099409552917588}}, {"type": "Feature", "geometry": {"type": "LineString", "coordinates": [[75.780807, 11.253746], [75.780787, 11.253797]]}, "properties": {"type": "original", "weight": 5.488114429974142e-05}}, {"type": "Feature", "geometry": {"type": "LineString", "coordinates": [[75.780787, 11.253797], [75.780757, 11.253827]]}, "properties": {"type": "original", "weight": 4.2215755356176345e-05}}, {"type": "Feature", "geometry": {"type": "LineString", "coordinates": [[75.780757, 11.253827], [75.780703, 11.253849]]}, "properties": {"type": "original", "weight": 5.87388287267048e-05}}, {"type": "Feature", "geometry": {"type": "LineString", "coordinates": [[75.780703, 11.253849], [75.780643, 11.253846]]}, "properties": {"type": "original", "weight": 5.976102408182036e-05}}, {"type": "Feature", "geometry": {"type": "LineString", "coordinates": [[75.780643, 11.253846], [75.779534, 11.253716]]}, "properties": {"type": "original", "weight": 0.0011164181474811285}}, {"type": "Feature", "geometry": {"type": "LineString", "coordinates": [[75.779534, 11.253716], [75.7795, 11.253716]]}, "properties": {"type": "original", "weight": 3.379999999708616e-05}}, {"type": "Feature", "geometry": {"type": "LineString", "coordinates": [[75.7795, 11.253716], [75.779479, 11.253721]]}, "properties": {"type": "original", "weight": 2.2220036002307727e-05}}, {"type": "Feature", "geometry": {"type": "LineString", "coordinates": [[75.779479, 11.253721], [75.779464, 11.25373]]}, "properties": {"type": "original", "weight": 1.7557334643023315e-05}}, {"type": "Feature", "geometry": {"type": "LineString", "coordinates": [[75.779464, 11.25373], [75.779454, 11.253752]]}, "properties": {"type": "original", "weight": 2.3530618352967727e-05}}, {"type": "Feature", "geometry": {"type": "LineString", "coordinates": [[75.779454, 11.253752], [75.779432, 11.253849]]}, "properties": {"type": "original", "weight": 9.987577283977094e-05}}, {"type": "Feature", "geometry": {"type": "LineString", "coordinates": [[75.779432, 11.253849], [75.779404, 11.254079]]}, "properties": {"type": "original", "weight": 0.0002318215908839571}}, {"type": "Feature", "geometry": {"type": "LineString", "coordinates": [[75.779432, 11.253849], [75.779261, 11.253547]]}, "properties": {"type": "original", "weight": 0.0003475217978713834}}, {"type": "Feature", "geometry": {"type": "LineString", "coordinates": [[75.779404, 11.254079], [75.779252, 11.255153]]}, "properties": {"type": "original", "weight": 0.0010839536198576538}}, {"type": "Feature", "geometry": {"type": "LineString", "coordinates": [[75.779252, 11.255153], [75.779226, 11.255287]]}, "properties": {"type": "original", "weight": 0.00013671448350451298}}, {"type": "Feature", "geometry": {"type": "LineString", "coordinates": [[75.779226, 11.255287], [75.779191, 11.255433]]}, "properties": {"type": "original", "weight": 0.00015025395169320784}}, {"type": "Feature", "geometry": {"type": "LineString", "coordinates": [[75.779191, 11.255433], [75.779176, 11.25547]]}, "properties": {"type": "original", "weight": 3.966459378443531e-05}}, {"type": "Feature", "geometry": {"type": "LineString", "coordinates": [[75.779176, 11.25547], [75.779151, 11.255507]]}, "properties": {"type": "original", "weight": 4.495875887595401e-05}}, {"type": "Feature", "geometry": {"type": "LineString", "coordinates": [[75.779151, 11.255507], [75.779118, 11.255546]]}, "properties": {"type": "original", "weight": 5.0870915073506124e-05}}, {"type": "Feature", "geometry": {"type": "LineString", "coordinates": [[75.779118, 11.255546], [75.779067, 11.255594]]}, "properties": {"type": "original", "weight": 7.047382493235569e-05}}, {"type": "Feature", "geometry": {"type": "LineString", "coordinates": [[75.781422, 11.248744], [75.7814, 11.248695]]}, "properties": {"type": "optimized", "weight": 5.3662090899838264e-05}}, {"type": "Feature", "geometry": {"type": "LineString", "coordinates": [[75.7814, 11.248695], [75.78137, 11.248656]]}, "properties": {"type": "optimized", "weight": 4.9002550958250454e-05}}, {"type": "Feature", "geometry": {"type": "LineString", "coordinates": [[75.78137, 11.248656], [75.781285, 11.248625]]}, "properties": {"type": "optimized", "weight": 9.044230204824419e-05}}, {"type": "Feature", "geometry": {"type": "LineString", "coordinates": [[75.781285, 11.248625], [75.781138, 11.248624]]}, "properties": {"type": "optimized", "weight": 0.00014700217685296608}}, {"type": "Feature", "geometry": {"type": "LineString", "coordinates": [[75.781709, 11.252227], [75.781843, 11.252202]]}, "properties": {"type": "optimized", "weight": 0.00013637393445654038}}, {"type": "Feature", "geometry": {"type": "LineString", "coordinates": [[75.781843, 11.252202], [75.782054, 11.252159]]}, "properties": {"type": "optimized", "weight": 0.0002148536478687981}}, {"type": "Feature", "geometry": {"type": "LineString", "coordinates": [[75.782054, 11.252159], [75.782225, 11.252124]]}, "properties": {"type": "optimized", "weight": 0.00017458258790311118}}, {"type": "Feature", "geometry": {"type": "LineString", "coordinates": [[75.780138, 11.24857], [75.779908, 11.248541]]}, "properties": {"type": "optimized", "weight": 0.00023110155776270123}}, {"type": "Feature", "geometry": {"type": "LineString", "coordinates": [[75.780138, 11.24857], [75.78038, 11.24861]]}, "properties": {"type": "optimized", "weight": 0.00024554700160745157}}, {"type": "Feature", "geometry": {"type": "LineString", "coordinates": [[75.779908, 11.248541], [75.779811, 11.248538]]}, "properties": {"type": "optimized", "weight": 9.695282358192732e-05}}, {"type": "Feature", "geometry": {"type": "LineString", "coordinates": [[75.779811, 11.248538], [75.779691, 11.248558]]}, "properties": {"type": "optimized", "weight": 0.0001227076199683805}}, {"type": "Feature", "geometry": {"type": "LineString", "coordinates": [[75.779811, 11.248538], [75.77978, 11.248502]]}, "properties": {"type": "original", "weight": 4.757320673615223e-05}}, {"type": "Feature", "geometry": {"type": "LineString", "coordinates": [[75.779691, 11.248558], [75.779508, 11.248642]]}, "properties": {"type": "optimized", "weight": 0.00020041481981423475}}, {"type": "Feature", "geometry": {"type": "LineString", "coordinates": [[75.779508, 11.248642], [75.779364, 11.248719]]}, "properties": {"type": "optimized", "weight": 0.00016437083074172514}}, {"type": "Feature", "geometry": {"type": "LineString", "coordinates": [[75.780783, 11.248645], [75.78038, 11.24861]]}, "properties": {"type": "optimized", "weight": 0.0004040712932212671}}, {"type": "Feature", "geometry": {"type": "LineString", "coordinates": [[75.780783, 11.248645], [75.780861, 11.248646]]}, "properties": {"type": "optimized", "weight": 7.850770662884002e-05}}, {"type": "Feature", "geometry": {"type": "LineString", "coordinates": [[75.799678, 11.255323], [75.799037, 11.254977]]}, "properties": {"type": "original", "weight": 0.0007278859045232595}}, {"type": "Feature", "geometry": {"type": "LineString", "coordinates": [[75.799037, 11.254977], [75.798941, 11.254274]]}, "properties": {"type": "original", "weight": 0.000709610047842952}}, {"type": "Feature", "geometry": {"type": "LineString", "coordinates": [[75.798941, 11.254274], [75.798997, 11.253761]]}, "properties": {"type": "original", "weight": 0.0005165013165518996}}, {"type": "Feature", "geometry": {"type": "LineString", "coordinates": [[75.798997, 11.253761], [75.799024, 11.253516]]}, "properties": {"type": "original", "weight": 0.00024662783703447187}}, {"type": "Feature", "geometry": {"type": "LineString", "coordinates": [[75.799024, 11.253516], [75.799027, 11.253486]]}, "properties": {"type": "original", "weight": 2.9772470504444232e-05}}, {"type": "Feature", "geometry": {"type": "LineString", "coordinates": [[75.799027, 11.253486], [75.798306, 11.253214]]}, "properties": {"type": "original", "weight": 0.0007703779916348786}}, {"type": "Feature", "geometry": {"type": "LineString", "coordinates": [[75.798306, 11.253214], [75.798153, 11.253145]]}, "properties": {"type": "original", "weight": 0.0001676569115738313}}, {"type": "Feature", "geometry": {"type": "LineString", "coordinates": [[75.798153, 11.253145], [75.797513, 11.253014]]}, "properties": {"type": "original", "weight": 0.0006538973925595712}}, {"type": "Feature", "geometry": {"type": "LineString", "coordinates": [[75.798153, 11.253145], [75.797812, 11.25388]]}, "properties": {"type": "original", "weight": 0.0008102992163382474}}, {"type": "Feature", "geometry": {"type": "LineString", "coordinates": [[75.797513, 11.253014], [75.797439, 11.252999]]}, "properties": {"type": "original", "weight": 7.542691827545998e-05}}, {"type": "Feature", "geometry": {"type": "LineString", "coordinates": [[75.797513, 11.253014], [75.797365, 11.253784]]}, "properties": {"type": "original", "weight": 0.0007836449770160261}}, {"type": "Feature", "geometry": {"type": "LineString", "coordinates": [[75.797513, 11.253014], [75.797606, 11.252537]]}, "properties": {"type": "original", "weight": 0.0004855290825466781}}, {"type": "Feature", "geometry": {"type": "LineString", "coordinates": [[75.797439, 11.252999], [75.797207, 11.25298]]}, "properties": {"type": "original", "weight": 0.0002321787242662372}}, {"type": "Feature", "geometry": {"type": "LineString", "coordinates": [[75.797207, 11.25298], [75.797145, 11.252756]]}, "properties": {"type": "original", "weight": 0.00023210622568011304}}, {"type": "Feature", "geometry": {"type": "LineString", "coordinates": [[75.797145, 11.252756], [75.796908, 11.25274]]}, "properties": {"type": "original", "weight": 0.0002379185785126119}}, {"type": "Feature", "geometry": {"type": "LineString", "coordinates": [[75.796908, 11.25274], [75.79688, 11.252635]]}, "properties": {"type": "original", "weight": 0.00010879912683408784}}, {"type": "Feature", "geometry": {"type": "LineString", "coordinates": [[75.79688, 11.252635], [75.796861, 11.252534]]}, "properties": {"type": "original", "weight": 0.00010325269972359545}}, {"type": "Feature", "geometry": {"type": "LineString", "coordinates": [[75.79688, 11.252635], [75.796907, 11.252809]]}, "properties": {"type": "original", "weight": 0.0001760923053390537}}, {"type": "Feature", "geometry": {"type": "LineString", "coordinates": [[75.79688, 11.252635], [75.796866, 11.252441]]}, "properties": {"type": "original", "weight": 0.0001948408838019397}}, {"type": "Feature", "geometry": {"type": "LineString", "coordinates": [[75.796861, 11.252534], [75.796838, 11.252442]]}, "properties": {"type": "original", "weight": 9.478312085975927e-05}}, {"type": "Feature", "geometry": {"type": "LineString", "coordinates": [[75.796838, 11.252442], [75.796711, 11.252377]]}, "properties": {"type": "original", "weight": 0.00014288631845399004}}, {"type": "Feature", "geometry": {"type": "LineString", "coordinates": [[75.796711, 11.252377], [75.796519, 11.252331]]}, "properties": {"type": "original", "weight": 0.00019781873014930313}}, {"type": "Feature", "geometry": {"type": "LineString", "coordinates": [[75.796519, 11.252331], [75.796759, 11.252313]]}, "properties": {"type": "original", "weight": 0.00024105072079939283}}, {"type": "Feature", "geometry": {"type": "LineString", "coordinates": [[75.796519, 11.252331], [75.796127, 11.25234]]}, "properties": {"type": "original", "weight": 0.0003913967041290998}}, {"type": "Feature", "geometry": {"type": "LineString", "coordinates": [[75.797812, 11.25388], [75.797674, 11.254637]]}, "properties": {"type": "original", "weight": 0.0007688770642975311}}, {"type": "Feature", "geometry": {"type": "LineString", "coordinates": [[75.797812, 11.25388], [75.797739, 11.253864]]}, "properties": {"type": "original", "weight": 7.478803381069665e-05}}, {"type": "Feature", "geometry": {"type": "LineString", "coordinates": [[75.797674, 11.254637], [75.798027, 11.254979]]}, "properties": {"type": "original", "weight": 0.0004922730238399486}}, {"type": "Feature", "geometry": {"type": "LineString", "coordinates": [[75.798027, 11.254979], [75.798106, 11.255055]]}, "properties": {"type": "original", "weight": 0.00010919047577991639}}, {"type": "Feature", "geometry": {"type": "LineString", "coordinates": [[75.796525, 11.255233], [75.796636, 11.255104]]}, "properties": {"type": "original", "weight": 0.0001701717367824619}}, {"type": "Feature", "geometry": {"type": "LineString", "coordinates": [[75.796636, 11.255104], [75.796928, 11.254764]]}, "properties": {"type": "original", "weight": 0.0004479087518724409}}, {"type": "Feature", "geometry": {"type": "LineString", "coordinates": [[75.796928, 11.254764], [75.797818, 11.255206]]}, "properties": {"type": "original", "weight": 0.0009929975881141373}}, {"type": "Feature", "geometry": {"type": "LineString", "coordinates": [[75.796234, 11.253539], [75.796331, 11.25356]]}, "properties": {"type": "original", "weight": 9.934490425267944e-05}}, {"type": "Feature", "geometry": {"type": "LineString", "coordinates": [[75.796234, 11.253539], [75.796107, 11.253896]]}, "properties": {"type": "original", "weight": 0.000378244907432886}}, {"type": "Feature", "geometry": {"type": "LineString", "coordinates": [[75.796234, 11.253539], [75.796288, 11.253318]]}, "properties": {"type": "original", "weight": 0.00022737882487313193}}, {"type": "Feature", "geometry": {"type": "LineString", "coordinates": [[75.796331, 11.25356], [75.796418, 11.253579]]}, "properties": {"type": "original", "weight": 8.971343265646172e-05}}, {"type": "Feature", "geometry": {"type": "LineString", "coordinates": [[75.796418, 11.253579], [75.796678, 11.253635]]}, "properties": {"type": "original", "weight": 0.0002653758843647922}}, {"type": "Feature", "geometry": {"type": "LineString", "coordinates": [[75.796678, 11.253635], [75.79674, 11.253649]]}, "properties": {"type": "original", "weight": 6.374590182525955e-05}}, {"type": "Feature", "geometry": {"type": "LineString", "coordinates": [[75.79674, 11.253649], [75.797365, 11.253784]]}, "properties": {"type": "original", "weight": 0.0006391971918073091}}, {"type": "Feature", "geometry": {"type": "LineString", "coordinates": [[75.79674, 11.253649], [75.796808, 11.253262]]}, "properties": {"type": "original", "weight": 0.0003920770970105301}}, {"type": "Feature", "geometry": {"type": "LineString", "coordinates": [[75.79674, 11.253649], [75.796655, 11.253956]]}, "properties": {"type": "original", "weight": 0.00031926166384191096}}, {"type": "Feature", "geometry": {"type": "LineString", "coordinates": [[75.797365, 11.253784], [75.797605, 11.253835]]}, "properties": {"type": "original", "weight": 0.00024605741198926464}}, {"type": "Feature", "geometry": {"type": "LineString", "coordinates": [[75.797365, 11.253784], [75.797318, 11.254011]]}, "properties": {"type": "original", "weight": 0.00023218968538553768}}, {"type": "Feature", "geometry": {"type": "LineString", "coordinates": [[75.797605, 11.253835], [75.797739, 11.253864]]}, "properties": {"type": "original", "weight": 0.0001368855361246079}}, {"type": "Feature", "geometry": {"type": "LineString", "coordinates": [[75.7761, 11.245234], [75.776103, 11.245305]]}, "properties": {"type": "optimized", "weight": 7.125903451557801e-05}}, {"type": "Feature", "geometry": {"type": "LineString", "coordinates": [[75.7761, 11.245234], [75.776016, 11.245262]]}, "properties": {"type": "optimized", "weight": 8.892345022317522e-05}}, {"type": "Feature", "geometry": {"type": "LineString", "coordinates": [[75.7761, 11.245234], [75.776158, 11.245214]]}, "properties": {"type": "optimized", "weight": 6.100073770776917e-05}}, {"type": "Feature", "geometry": {"type": "LineString", "coordinates": [[75.776103, 11.245305], [75.776089, 11.245475]]}, "properties": {"type": "optimized", "weight": 0.00017021871224871024}}, {"type": "Feature", "geometry": {"type": "LineString", "coordinates": [[75.776089, 11.245475], [75.776339, 11.245475]]}, "properties": {"type": "optimized", "weight": 0.00025070097725691815}}, {"type": "Feature", "geometry": {"type": "LineString", "coordinates": [[75.776339, 11.245475], [75.77642, 11.245587]]}, "properties": {"type": "optimized", "weight": 0.00013790565615921546}}, {"type": "Feature", "geometry": {"type": "LineString", "coordinates": [[75.77642, 11.245587], [75.77644, 11.2456]]}, "properties": {"type": "optimized", "weight": 2.368628295412748e-05}}, {"type": "Feature", "geometry": {"type": "LineString", "coordinates": [[75.77644, 11.2456], [75.776415, 11.245664]]}, "properties": {"type": "original", "weight": 6.85232807178215e-05}}, {"type": "Feature", "geometry": {"type": "LineString", "coordinates": [[75.77644, 11.2456], [75.776629, 11.245517]]}, "properties": {"type": "optimized", "weight": 0.00020654270744060148}}, {"type": "Feature", "geometry": {"type": "LineString", "coordinates": [[75.772369, 11.254451], [75.772478, 11.254297]]}, "properties": {"type": "original", "weight": 0.0001885467846516311}}, {"type": "Feature", "geometry": {"type": "LineString", "coordinates": [[75.772478, 11.254297], [75.772496, 11.254265]]}, "properties": {"type": "original", "weight": 3.6653103552321316e-05}}, {"type": "Feature", "geometry": {"type": "LineString", "coordinates": [[75.772478, 11.254297], [75.772711, 11.254353]]}, "properties": {"type": "original", "weight": 0.00023939032979425603}}, {"type": "Feature", "geometry": {"type": "LineString", "coordinates": [[75.772496, 11.254265], [75.772553, 11.254013]]}, "properties": {"type": "original", "weight": 0.00025848562822631464}}, {"type": "Feature", "geometry": {"type": "LineString", "coordinates": [[75.772553, 11.254013], [75.772628, 11.253888]]}, "properties": {"type": "original", "weight": 0.00014565387053064698}}, {"type": "Feature", "geometry": {"type": "LineString", "coordinates": [[75.772553, 11.254013], [75.772724, 11.254039]]}, "properties": {"type": "original", "weight": 0.0001730641788498852}}, {"type": "Feature", "geometry": {"type": "LineString", "coordinates": [[75.772553, 11.254013], [75.772458, 11.253964]]}, "properties": {"type": "original", "weight": 0.00010742853438464281}}, {"type": "Feature", "geometry": {"type": "LineString", "coordinates": [[75.772628, 11.253888], [75.772844, 11.253228]]}, "properties": {"type": "original", "weight": 0.0006949236288967103}}, {"type": "Feature", "geometry": {"type": "LineString", "coordinates": [[75.772844, 11.253228], [75.772903, 11.253011]]}, "properties": {"type": "original", "weight": 0.00022500048888913086}}, {"type": "Feature", "geometry": {"type": "LineString", "coordinates": [[75.772844, 11.253228], [75.772504, 11.253168]]}, "properties": {"type": "original", "weight": 0.0003456080004933155}}, {"type": "Feature", "geometry": {"type": "LineString", "coordinates": [[75.772903, 11.253011], [75.773146, 11.252655]]}, "properties": {"type": "original", "weight": 0.00043028480103174204}}, {"type": "Feature", "geometry": {"type": "LineString", "coordinates": [[75.773146, 11.252655], [75.773204, 11.252325]]}, "properties": {"type": "original", "weight": 0.00033571316626008227}}, {"type": "Feature", "geometry": {"type": "LineString", "coordinates": [[75.773204, 11.252325], [75.773259, 11.25212]]}, "properties": {"type": "original", "weight": 0.00021174855371343482}}, {"type": "Feature", "geometry": {"type": "LineString", "coordinates": [[75.773204, 11.252325], [75.77267, 11.252283]]}, "properties": {"type": "original", "weight": 0.0005353579176642198}}, {"type": "Feature", "geometry": {"type": "LineString", "coordinates": [[75.773259, 11.25212], [75.773273, 11.252079]]}, "properties": {"type": "original", "weight": 4.3861714509735915e-05}}, {"type": "Feature", "geometry": {"type": "LineString", "coordinates": [[75.773273, 11.252079], [75.77459, 11.252171]]}, "properties": {"type": "original", "weight": 0.0013205945630710848}}, {"type": "Feature", "geometry": {"type": "LineString", "coordinates": [[75.77914, 11.25295], [75.779172, 11.253179]]}, "properties": {"type": "original", "weight": 0.00023165167817265107}}, {"type": "Feature", "geometry": {"type": "LineString", "coordinates": [[75.779172, 11.253179], [75.779261, 11.253547]]}, "properties": {"type": "original", "weight": 0.0003781233264426325}}, {"type": "Feature", "geometry": {"type": "LineString", "coordinates": [[75.790811, 11.252143], [75.790518, 11.253649]]}, "properties": {"type": "original", "weight": 0.0015343004040923492}}, {"type": "Feature", "geometry": {"type": "LineString", "coordinates": [[75.790811, 11.252143], [75.790547, 11.2521]]}, "properties": {"type": "optimized", "weight": 0.00026685286207990555}}, {"type": "Feature", "geometry": {"type": "LineString", "coordinates": [[75.790811, 11.252143], [75.790979, 11.252157]]}, "properties": {"type": "optimized", "weight": 0.00016937133759601272}}, {"type": "Feature", "geometry": {"type": "LineString", "coordinates": [[75.790518, 11.253649], [75.790553, 11.254289]]}, "properties": {"type": "original", "weight": 0.0006407511607483043}}, {"type": "Feature", "geometry": {"type": "LineString", "coordinates": [[75.790518, 11.253649], [75.79039, 11.253576]]}, "properties": {"type": "original", "weight": 0.00014834554256783642}}, {"type": "Feature", "geometry": {"type": "LineString", "coordinates": [[75.790553, 11.254289], [75.790547, 11.254714]]}, "properties": {"type": "original", "weight": 0.0004250466915528633}}, {"type": "Feature", "geometry": {"type": "LineString", "coordinates": [[75.790553, 11.254289], [75.789517, 11.254116]]}, "properties": {"type": "original", "weight": 0.0010510356273697543}}, {"type": "Feature", "geometry": {"type": "LineString", "coordinates": [[75.790547, 11.254714], [75.790565, 11.255378]]}, "properties": {"type": "original", "weight": 0.0006638578236335495}}, {"type": "Feature", "geometry": {"type": "LineString", "coordinates": [[75.790547, 11.254714], [75.791116, 11.254956]]}, "properties": {"type": "original", "weight": 0.0006177606413564767}}, {"type": "Feature", "geometry": {"type": "LineString", "coordinates": [[75.789426, 11.255361], [75.789426, 11.254737]]}, "properties": {"type": "original", "weight": 0.000624000032051462}}, {"type": "Feature", "geometry": {"type": "LineString", "coordinates": [[75.789426, 11.254737], [75.789405, 11.254584]]}, "properties": {"type": "original", "weight": 0.00015410713805680818}}, {"type": "Feature", "geometry": {"type": "LineString", "coordinates": [[75.789405, 11.254584], [75.789421, 11.254406]]}, "properties": {"type": "original", "weight": 0.00017952339680401546}}, {"type": "Feature", "geometry": {"type": "LineString", "coordinates": [[75.789421, 11.254406], [75.789517, 11.254116]]}, "properties": {"type": "original", "weight": 0.0003048442225169963}}, {"type": "Feature", "geometry": {"type": "LineString", "coordinates": [[75.789517, 11.254116], [75.78925, 11.254065]]}, "properties": {"type": "original", "weight": 0.0002709967527583379}}, {"type": "Feature", "geometry": {"type": "LineString", "coordinates": [[75.790214, 11.253049], [75.790289, 11.253206]]}, "properties": {"type": "original", "weight": 0.00017475940604332307}}, {"type": "Feature", "geometry": {"type": "LineString", "coordinates": [[75.790289, 11.253206], [75.790311, 11.253438]]}, "properties": {"type": "original", "weight": 0.00023249623652885738}}, {"type": "Feature", "geometry": {"type": "LineString", "coordinates": [[75.790311, 11.253438], [75.79039, 11.253576]]}, "properties": {"type": "original", "weight": 0.00015886374665233761}}, {"type": "Feature", "geometry": {"type": "LineString", "coordinates": [[75.781908, 11.254373], [75.781826, 11.254288]]}, "properties": {"type": "original", "weight": 0.00011860763044496472}}, {"type": "Feature", "geometry": {"type": "LineString", "coordinates": [[75.781908, 11.254373], [75.781785, 11.254339]]}, "properties": {"type": "original", "weight": 0.0001274734482154582}}, {"type": "Feature", "geometry": {"type": "LineString", "coordinates": [[75.781908, 11.254373], [75.782107, 11.254481]]}, "properties": {"type": "original", "weight": 0.0002260917070580738}}, {"type": "Feature", "geometry": {"type": "LineString", "coordinates": [[75.781826, 11.254288], [75.78181, 11.254266]]}, "properties": {"type": "original", "weight": 2.7063259223783543e-05}}, {"type": "Feature", "geometry": {"type": "LineString", "coordinates": [[75.78181, 11.254266], [75.781787, 11.254221]]}, "properties": {"type": "original", "weight": 4.986632130128058e-05}}, {"type": "Feature", "geometry": {"type": "LineString", "coordinates": [[75.781787, 11.254221], [75.781774, 11.254184]]}, "properties": {"type": "original", "weight": 3.953985331413684e-05}}, {"type": "Feature", "geometry": {"type": "LineString", "coordinates": [[75.781774, 11.254184], [75.781754, 11.254133]]}, "properties": {"type": "original", "weight": 5.481040047390643e-05}}, {"type": "Feature", "geometry": {"type": "LineString", "coordinates": [[75.781754, 11.254133], [75.78174, 11.254073]]}, "properties": {"type": "original", "weight": 6.168054798756264e-05}}, {"type": "Feature", "geometry": {"type": "LineString", "coordinates": [[75.78174, 11.254073], [75.781417, 11.254459]]}, "properties": {"type": "original", "weight": 0.0005039025699448624}}, {"type": "Feature", "geometry": {"type": "LineString", "coordinates": [[75.7847, 11.248813], [75.78475, 11.248734]]}, "properties": {"type": "optimized", "weight": 9.337799526485669e-05}}, {"type": "Feature", "geometry": {"type": "LineString", "coordinates": [[75.78475, 11.248734], [75.785753, 11.248674]]}, "properties": {"type": "optimized", "weight": 0.001004916797556424}}, {"type": "Feature", "geometry": {"type": "LineString", "coordinates": [[75.785753, 11.248674], [75.785979, 11.248678]]}, "properties": {"type": "original", "weight": 0.00022553372253302574}}, {"type": "Feature", "geometry": {"type": "LineString", "coordinates": [[75.774593, 11.253153], [75.774697, 11.253187]]}, "properties": {"type": "original", "weight": 0.00010894149805716628}}, {"type": "Feature", "geometry": {"type": "LineString", "coordinates": [[75.774593, 11.253153], [75.774457, 11.25351]]}, "properties": {"type": "original", "weight": 0.00038150251637759913}}, {"type": "Feature", "geometry": {"type": "LineString", "coordinates": [[75.774593, 11.253153], [75.774651, 11.253018]]}, "properties": {"type": "original", "weight": 0.000146433875862004}}, {"type": "Feature", "geometry": {"type": "LineString", "coordinates": [[75.774697, 11.253187], [75.775009, 11.253236]]}, "properties": {"type": "original", "weight": 0.00031602189798555824}}, {"type": "Feature", "geometry": {"type": "LineString", "coordinates": [[75.775009, 11.253236], [75.775252, 11.253177]]}, "properties": {"type": "original", "weight": 0.0002501571705862995}}, {"type": "Feature", "geometry": {"type": "LineString", "coordinates": [[75.775252, 11.253177], [75.775424, 11.25318]]}, "properties": {"type": "original", "weight": 0.00017212614560291155}}, {"type": "Feature", "geometry": {"type": "LineString", "coordinates": [[75.775424, 11.25318], [75.775589, 11.253231]]}, "properties": {"type": "original", "weight": 0.00017207701763740786}}, {"type": "Feature", "geometry": {"type": "LineString", "coordinates": [[75.775424, 11.25318], [75.775426, 11.25297]]}, "properties": {"type": "original", "weight": 0.00021000535707543257}}, {"type": "Feature", "geometry": {"type": "LineString", "coordinates": [[75.775589, 11.253231], [75.775788, 11.253252]]}, "properties": {"type": "original", "weight": 0.0002000694129553165}}, {"type": "Feature", "geometry": {"type": "LineString", "coordinates": [[75.775788, 11.253252], [75.776034, 11.253268]]}, "properties": {"type": "original", "weight": 0.00024730523649878493}}, {"type": "Feature", "geometry": {"type": "LineString", "coordinates": [[75.791421, 11.255285], [75.79153, 11.255097]]}, "properties": {"type": "original", "weight": 0.00021757272347128483}}, {"type": "Feature", "geometry": {"type": "LineString", "coordinates": [[75.791421, 11.255285], [75.791472, 11.255121]]}, "properties": {"type": "original", "weight": 0.00017176873987865337}}, {"type": "Feature", "geometry": {"type": "LineString", "coordinates": [[75.79153, 11.255097], [75.791689, 11.25492]]}, "properties": {"type": "original", "weight": 0.00023815182132230168}}, {"type": "Feature", "geometry": {"type": "LineString", "coordinates": [[75.791689, 11.25492], [75.79186, 11.254702]]}, "properties": {"type": "original", "weight": 0.0002764759121560268}}, {"type": "Feature", "geometry": {"type": "LineString", "coordinates": [[75.79186, 11.254702], [75.791965, 11.254476]]}, "properties": {"type": "original", "weight": 0.0002486630048884098}}, {"type": "Feature", "geometry": {"type": "LineString", "coordinates": [[75.791965, 11.254476], [75.792289, 11.253527]]}, "properties": {"type": "original", "weight": 0.001003391992191316}}, {"type": "Feature", "geometry": {"type": "LineString", "coordinates": [[75.791965, 11.254476], [75.791894, 11.254847]]}, "properties": {"type": "original", "weight": 0.00037695644310820173}}, {"type": "Feature", "geometry": {"type": "LineString", "coordinates": [[75.794014, 11.248264], [75.79427, 11.248955]]}, "properties": {"type": "original", "weight": 0.0007367580064044523}}, {"type": "Feature", "geometry": {"type": "LineString", "coordinates": [[75.79427, 11.248955], [75.794077, 11.250689]]}, "properties": {"type": "original", "weight": 0.001744752005301315}}, {"type": "Feature", "geometry": {"type": "LineString", "coordinates": [[75.794077, 11.250689], [75.79397, 11.251649]]}, "properties": {"type": "original", "weight": 0.0009657458464838127}}, {"type": "Feature", "geometry": {"type": "LineString", "coordinates": [[75.794077, 11.250689], [75.793568, 11.250716]]}, "properties": {"type": "original", "weight": 0.0005096210552948496}}, {"type": "Feature", "geometry": {"type": "LineString", "coordinates": [[75.79397, 11.251649], [75.793539, 11.252286]]}, "properties": {"type": "original", "weight": 0.0007682744106126834}}, {"type": "Feature", "geometry": {"type": "LineString", "coordinates": [[75.793539, 11.252286], [75.793432, 11.252324]]}, "properties": {"type": "original", "weight": 0.0001143818167427639}}, {"type": "Feature", "geometry": {"type": "LineString", "coordinates": [[75.793432, 11.252324], [75.793203, 11.252335]]}, "properties": {"type": "original", "weight": 0.0002295541983800047}}, {"type": "Feature", "geometry": {"type": "LineString", "coordinates": [[75.793203, 11.252335], [75.792933, 11.252286]]}, "properties": {"type": "original", "weight": 0.0002742229932045347}}, {"type": "Feature", "geometry": {"type": "LineString", "coordinates": [[75.779159, 11.249135], [75.779071, 11.249728]]}, "properties": {"type": "original", "weight": 0.0005996222560920743}}, {"type": "Feature", "geometry": {"type": "LineString", "coordinates": [[75.779071, 11.249728], [75.779037, 11.250129]]}, "properties": {"type": "original", "weight": 0.00040307916095957464}}, {"type": "Feature", "geometry": {"type": "LineString", "coordinates": [[75.779037, 11.250129], [75.77902, 11.250556]]}, "properties": {"type": "original", "weight": 0.0004269151203699282}}, {"type": "Feature", "geometry": {"type": "LineString", "coordinates": [[75.779037, 11.250129], [75.777742, 11.249949]]}, "properties": {"type": "original", "weight": 0.001307276902575204}}, {"type": "Feature", "geometry": {"type": "LineString", "coordinates": [[75.77902, 11.250556], [75.77866, 11.250591]]}, "properties": {"type": "original", "weight": 0.0003623042506036406}}, {"type": "Feature", "geometry": {"type": "LineString", "coordinates": [[75.791116, 11.254956], [75.791439, 11.255085]]}, "properties": {"type": "original", "weight": 0.00034869931172116044}}, {"type": "Feature", "geometry": {"type": "LineString", "coordinates": [[75.791439, 11.255085], [75.791463, 11.255099]]}, "properties": {"type": "original", "weight": 2.7598007177023203e-05}}, {"type": "Feature", "geometry": {"type": "LineString", "coordinates": [[75.791463, 11.255099], [75.791472, 11.255121]]}, "properties": {"type": "original", "weight": 2.3819529801957107e-05}}, {"type": "Feature", "geometry": {"type": "LineString", "coordinates": [[75.786835, 11.25404], [75.786933, 11.253786]]}, "properties": {"type": "original", "weight": 0.0002724005323054487}}, {"type": "Feature", "geometry": {"type": "LineString", "coordinates": [[75.786933, 11.253786], [75.786992, 11.253581]]}, "properties": {"type": "original", "weight": 0.00021359665259250115}}, {"type": "Feature", "geometry": {"type": "LineString", "coordinates": [[75.786933, 11.253786], [75.787459, 11.253804]]}, "properties": {"type": "original", "weight": 0.0005266250468687444}}, {"type": "Feature", "geometry": {"type": "LineString", "coordinates": [[75.786992, 11.253581], [75.787071, 11.25312]]}, "properties": {"type": "original", "weight": 0.0004671455554759649}}, {"type": "Feature", "geometry": {"type": "LineString", "coordinates": [[75.787071, 11.25312], [75.787102, 11.252965]]}, "properties": {"type": "original", "weight": 0.00015822667284443075}}, {"type": "Feature", "geometry": {"type": "LineString", "coordinates": [[75.787102, 11.252965], [75.787213, 11.25269]]}, "properties": {"type": "original", "weight": 0.00029661417700679654}}, {"type": "Feature", "geometry": {"type": "LineString", "coordinates": [[75.787213, 11.25269], [75.787361, 11.252438]]}, "properties": {"type": "original", "weight": 0.0002921809370925222}}, {"type": "Feature", "geometry": {"type": "LineString", "coordinates": [[75.787361, 11.252438], [75.787598, 11.252081]]}, "properties": {"type": "original", "weight": 0.00042825751598880835}}, {"type": "Feature", "geometry": {"type": "LineString", "coordinates": [[75.787598, 11.252081], [75.787727, 11.251905]]}, "properties": {"type": "original", "weight": 0.00021834809364792033}}, {"type": "Feature", "geometry": {"type": "LineString", "coordinates": [[75.787727, 11.251905], [75.787705, 11.251906]]}, "properties": {"type": "optimized", "weight": 2.252221125911353e-05}}, {"type": "Feature", "geometry": {"type": "LineString", "coordinates": [[75.787727, 11.251905], [75.787755, 11.251892]]}, "properties": {"type": "optimized", "weight": 3.114305700859907e-05}}, {"type": "Feature", "geometry": {"type": "LineString", "coordinates": [[75.804304, 11.236294], [75.804522, 11.236711]]}, "properties": {"type": "original", "weight": 0.0004704913282959242}}, {"type": "Feature", "geometry": {"type": "LineString", "coordinates": [[75.804522, 11.236711], [75.804736, 11.237428]]}, "properties": {"type": "original", "weight": 0.0007479572514516238}}, {"type": "Feature", "geometry": {"type": "LineString", "coordinates": [[75.804736, 11.237428], [75.80481, 11.237833]]}, "properties": {"type": "original", "weight": 0.00041202684378702334}}, {"type": "Feature", "geometry": {"type": "LineString", "coordinates": [[75.80481, 11.237833], [75.804824, 11.238095]]}, "properties": {"type": "original", "weight": 0.00026232920157633576}}, {"type": "Feature", "geometry": {"type": "LineString", "coordinates": [[75.804824, 11.238095], [75.804787, 11.238403]]}, "properties": {"type": "original", "weight": 0.00031012710297480863}}, {"type": "Feature", "geometry": {"type": "LineString", "coordinates": [[75.804787, 11.238403], [75.804601, 11.238949]]}, "properties": {"type": "original", "weight": 0.0005766271932520316}}, {"type": "Feature", "geometry": {"type": "LineString", "coordinates": [[75.804601, 11.238949], [75.804507, 11.239306]]}, "properties": {"type": "original", "weight": 0.00036882217937623434}}, {"type": "Feature", "geometry": {"type": "LineString", "coordinates": [[75.804507, 11.239306], [75.804447, 11.239669]]}, "properties": {"type": "original", "weight": 0.0003683194944630054}}, {"type": "Feature", "geometry": {"type": "LineString", "coordinates": [[75.804447, 11.239669], [75.804325, 11.240061]]}, "properties": {"type": "original", "weight": 0.00041096409818533084}}, {"type": "Feature", "geometry": {"type": "LineString", "coordinates": [[75.804325, 11.240061], [75.804227, 11.240219]]}, "properties": {"type": "original", "weight": 0.0001853740003361041}}, {"type": "Feature", "geometry": {"type": "LineString", "coordinates": [[75.804227, 11.240219], [75.804178, 11.24031]]}, "properties": {"type": "original", "weight": 0.00010357726584449053}}, {"type": "Feature", "geometry": {"type": "LineString", "coordinates": [[75.804178, 11.24031], [75.804149, 11.240364]]}, "properties": {"type": "original", "weight": 6.103023840627755e-05}}, {"type": "Feature", "geometry": {"type": "LineString", "coordinates": [[75.804149, 11.240364], [75.803939, 11.240651]]}, "properties": {"type": "original", "weight": 0.00035558160808015854}}, {"type": "Feature", "geometry": {"type": "LineString", "coordinates": [[75.803939, 11.240651], [75.8037, 11.240823]]}, "properties": {"type": "original", "weight": 0.00029463246595811977}}, {"type": "Feature", "geometry": {"type": "LineString", "coordinates": [[75.8037, 11.240823], [75.803168, 11.241054]]}, "properties": {"type": "original", "weight": 0.0005806449000946569}}, {"type": "Feature", "geometry": {"type": "LineString", "coordinates": [[75.803168, 11.241054], [75.802527, 11.241498]]}, "properties": {"type": "original", "weight": 0.0007792295489690634}}, {"type": "Feature", "geometry": {"type": "LineString", "coordinates": [[75.802527, 11.241498], [75.802357, 11.241644]]}, "properties": {"type": "original", "weight": 0.00022431694096159316}}, {"type": "Feature", "geometry": {"type": "LineString", "coordinates": [[75.802357, 11.241644], [75.802207, 11.241713]]}, "properties": {"type": "original", "weight": 0.00016452224773403525}}, {"type": "Feature", "geometry": {"type": "LineString", "coordinates": [[75.802207, 11.241713], [75.80199, 11.241856]]}, "properties": {"type": "original", "weight": 0.0002606040099477696}}, {"type": "Feature", "geometry": {"type": "LineString", "coordinates": [[75.80199, 11.241856], [75.801641, 11.242085]]}, "properties": {"type": "original", "weight": 0.00041712009062619464}}, {"type": "Feature", "geometry": {"type": "LineString", "coordinates": [[75.801641, 11.242085], [75.801064, 11.242463]]}, "properties": {"type": "original", "weight": 0.0006893478077033751}}, {"type": "Feature", "geometry": {"type": "LineString", "coordinates": [[75.801064, 11.242463], [75.80097, 11.242524]]}, "properties": {"type": "original", "weight": 0.00011238576422685605}}, {"type": "Feature", "geometry": {"type": "LineString", "coordinates": [[75.80097, 11.242524], [75.800568, 11.242839]]}, "properties": {"type": "original", "weight": 0.0005107758901858315}}, {"type": "Feature", "geometry": {"type": "LineString", "coordinates": [[75.800568, 11.242839], [75.800393, 11.243048]]}, "properties": {"type": "original", "weight": 0.0002722204437617724}}, {"type": "Feature", "geometry": {"type": "LineString", "coordinates": [[75.800393, 11.243048], [75.799804, 11.243666]]}, "properties": {"type": "original", "weight": 0.0008537276029241683}}, {"type": "Feature", "geometry": {"type": "LineString", "coordinates": [[75.799804, 11.243666], [75.799634, 11.243911]]}, "properties": {"type": "original", "weight": 0.0002978424583630631}}, {"type": "Feature", "geometry": {"type": "LineString", "coordinates": [[75.799634, 11.243911], [75.799383, 11.244259]]}, "properties": {"type": "original", "weight": 0.00042988968351879417}}, {"type": "Feature", "geometry": {"type": "LineString", "coordinates": [[75.799383, 11.244259], [75.799305, 11.244432]]}, "properties": {"type": "original", "weight": 0.00018956595158566418}}, {"type": "Feature", "geometry": {"type": "LineString", "coordinates": [[75.799305, 11.244432], [75.799223, 11.244615]]}, "properties": {"type": "original", "weight": 0.00020075519918590532}}, {"type": "Feature", "geometry": {"type": "LineString", "coordinates": [[75.799223, 11.244615], [75.79922, 11.244623]]}, "properties": {"type": "original", "weight": 8.86397202023122e-06}}, {"type": "Feature", "geometry": {"type": "LineString", "coordinates": [[75.799223, 11.244615], [75.799184, 11.244604]]}, "properties": {"type": "original", "weight": 4.0920043985758044e-05}}, {"type": "Feature", "geometry": {"type": "LineString", "coordinates": [[75.79922, 11.244623], [75.799181, 11.244744]]}, "properties": {"type": "original", "weight": 0.00012614757231405277}}, {"type": "Feature", "geometry": {"type": "LineString", "coordinates": [[75.799181, 11.244744], [75.799135, 11.245165]]}, "properties": {"type": "original", "weight": 0.0004241475450833594}}, {"type": "Feature", "geometry": {"type": "LineString", "coordinates": [[75.799135, 11.245165], [75.79912, 11.245246]]}, "properties": {"type": "original", "weight": 8.20022560649859e-05}}, {"type": "Feature", "geometry": {"type": "LineString", "coordinates": [[75.79912, 11.245246], [75.79911, 11.245298]]}, "properties": {"type": "original", "weight": 5.2915404184730163e-05}}, {"type": "Feature", "geometry": {"type": "LineString", "coordinates": [[75.79911, 11.245298], [75.799035, 11.245701]]}, "properties": {"type": "original", "weight": 0.0004107361440136484}}, {"type": "Feature", "geometry": {"type": "LineString", "coordinates": [[75.799035, 11.245701], [75.799019, 11.245926]]}, "properties": {"type": "original", "weight": 0.00022502075460002728}}, {"type": "Feature", "geometry": {"type": "LineString", "coordinates": [[75.799019, 11.245926], [75.799065, 11.246598]]}, "properties": {"type": "original", "weight": 0.0006739444487489122}}, {"type": "Feature", "geometry": {"type": "LineString", "coordinates": [[75.799065, 11.246598], [75.799133, 11.248143]]}, "properties": {"type": "original", "weight": 0.0015455878008060109}}, {"type": "Feature", "geometry": {"type": "LineString", "coordinates": [[75.799133, 11.248143], [75.799108, 11.248387]]}, "properties": {"type": "original", "weight": 0.0002459135010524544}}, {"type": "Feature", "geometry": {"type": "LineString", "coordinates": [[75.799133, 11.248143], [75.799788, 11.24819]]}, "properties": {"type": "original", "weight": 0.0006574399820473533}}, {"type": "Feature", "geometry": {"type": "LineString", "coordinates": [[75.799133, 11.248143], [75.798378, 11.248083]]}, "properties": {"type": "original", "weight": 0.0007569264495388526}}, {"type": "Feature", "geometry": {"type": "LineString", "coordinates": [[75.799108, 11.248387], [75.799029, 11.248622]]}, "properties": {"type": "original", "weight": 0.0002477348986302985}}, {"type": "Feature", "geometry": {"type": "LineString", "coordinates": [[75.799029, 11.248622], [75.798963, 11.248727]]}, "properties": {"type": "original", "weight": 0.0001246346661275117}}, {"type": "Feature", "geometry": {"type": "LineString", "coordinates": [[75.798963, 11.248727], [75.798365, 11.249681]]}, "properties": {"type": "original", "weight": 0.0011247647576298487}}, {"type": "Feature", "geometry": {"type": "LineString", "coordinates": [[75.798365, 11.249681], [75.79831, 11.249872]]}, "properties": {"type": "original", "weight": 0.00019943392389181326}}, {"type": "Feature", "geometry": {"type": "LineString", "coordinates": [[75.79831, 11.249872], [75.798195, 11.250198]]}, "properties": {"type": "original", "weight": 0.000345761565246296}}, {"type": "Feature", "geometry": {"type": "LineString", "coordinates": [[75.798195, 11.250198], [75.798152, 11.250329]]}, "properties": {"type": "original", "weight": 0.00013749676360017525}}, {"type": "Feature", "geometry": {"type": "LineString", "coordinates": [[75.798152, 11.250329], [75.798105, 11.250472]]}, "properties": {"type": "original", "weight": 0.00015065198305588983}}, {"type": "Feature", "geometry": {"type": "LineString", "coordinates": [[75.798152, 11.250329], [75.797706, 11.250323]]}, "properties": {"type": "original", "weight": 0.0004460326893816095}}, {"type": "Feature", "geometry": {"type": "LineString", "coordinates": [[75.798105, 11.250472], [75.797769, 11.251274]]}, "properties": {"type": "original", "weight": 0.0008692783673833992}}, {"type": "Feature", "geometry": {"type": "LineString", "coordinates": [[75.798105, 11.250472], [75.798191, 11.25062]]}, "properties": {"type": "original", "weight": 0.00017101382985031322}}, {"type": "Feature", "geometry": {"type": "LineString", "coordinates": [[75.797769, 11.251274], [75.797609, 11.251631]]}, "properties": {"type": "original", "weight": 0.0003912242962830599}}, {"type": "Feature", "geometry": {"type": "LineString", "coordinates": [[75.797609, 11.251631], [75.797439, 11.251863]]}, "properties": {"type": "original", "weight": 0.00028787584128877616}}, {"type": "Feature", "geometry": {"type": "LineString", "coordinates": [[75.797609, 11.251631], [75.797461, 11.251509]]}, "properties": {"type": "original", "weight": 0.00019206116212942698}}, {"type": "Feature", "geometry": {"type": "LineString", "coordinates": [[75.797439, 11.251863], [75.797229, 11.252055]]}, "properties": {"type": "original", "weight": 0.00028476321743281253}}, {"type": "Feature", "geometry": {"type": "LineString", "coordinates": [[75.797439, 11.251863], [75.797645, 11.251988]]}, "properties": {"type": "original", "weight": 0.00024123702037397653}}, {"type": "Feature", "geometry": {"type": "LineString", "coordinates": [[75.797229, 11.252055], [75.796996, 11.252225]]}, "properties": {"type": "original", "weight": 0.00028791891219041003}}, {"type": "Feature", "geometry": {"type": "LineString", "coordinates": [[75.796996, 11.252225], [75.796759, 11.252313]]}, "properties": {"type": "original", "weight": 0.00025328965632546025}}, {"type": "Feature", "geometry": {"type": "LineString", "coordinates": [[75.796759, 11.252313], [75.796866, 11.252441]]}, "properties": {"type": "original", "weight": 0.0001670002694596247}}, {"type": "Feature", "geometry": {"type": "LineString", "coordinates": [[75.796127, 11.25234], [75.795785, 11.252337]]}, "properties": {"type": "optimized", "weight": 0.0003421084184849413}}, {"type": "Feature", "geometry": {"type": "LineString", "coordinates": [[75.796127, 11.25234], [75.796148, 11.252428]]}, "properties": {"type": "original", "weight": 9.079834800184654e-05}}, {"type": "Feature", "geometry": {"type": "LineString", "coordinates": [[75.796127, 11.25234], [75.796212, 11.251712]]}, "properties": {"type": "optimized", "weight": 0.0006333620923302534}}, {"type": "Feature", "geometry": {"type": "LineString", "coordinates": [[75.795785, 11.252337], [75.795412, 11.25235]]}, "properties": {"type": "optimized", "weight": 0.00037301967777319156}}, {"type": "Feature", "geometry": {"type": "LineString", "coordinates": [[75.795412, 11.25235], [75.794986, 11.252365]]}, "properties": {"type": "optimized", "weight": 0.0004264534323858596}}, {"type": "Feature", "geometry": {"type": "LineString", "coordinates": [[75.795412, 11.25235], [75.79545, 11.251838]]}, "properties": {"type": "original", "weight": 0.0005131719887136377}}, {"type": "Feature", "geometry": {"type": "LineString", "coordinates": [[75.794986, 11.252365], [75.794533, 11.252404]]}, "properties": {"type": "optimized", "weight": 0.0004546671419914349}}, {"type": "Feature", "geometry": {"type": "LineString", "coordinates": [[75.782607, 11.241855], [75.782777, 11.241914]]}, "properties": {"type": "optimized", "weight": 0.00017927858209917634}}, {"type": "Feature", "geometry": {"type": "LineString", "coordinates": [[75.782777, 11.241914], [75.782937, 11.241974]]}, "properties": {"type": "optimized", "weight": 0.00017131412667634413}}, {"type": "Feature", "geometry": {"type": "LineString", "coordinates": [[75.782937, 11.241974], [75.783476, 11.242236]]}, "properties": {"type": "optimized", "weight": 0.000599756117097756}}, {"type": "Feature", "geometry": {"type": "LineString", "coordinates": [[75.782327, 11.246757], [75.782328, 11.246787]]}, "properties": {"type": "original", "weight": 2.9610808837086452e-05}}, {"type": "Feature", "geometry": {"type": "LineString", "coordinates": [[75.782327, 11.246757], [75.782183, 11.246765]]}, "properties": {"type": "original", "weight": 0.00014490472731385078}}, {"type": "Feature", "geometry": {"type": "LineString", "coordinates": [[75.782327, 11.246757], [75.782625, 11.24675]]}, "properties": {"type": "original", "weight": 0.00029788225861753545}}, {"type": "Feature", "geometry": {"type": "LineString", "coordinates": [[75.782328, 11.246787], [75.78234, 11.247261]]}, "properties": {"type": "original", "weight": 0.0004738570776090726}}, {"type": "Feature", "geometry": {"type": "LineString", "coordinates": [[75.782328, 11.246787], [75.781516, 11.246804]]}, "properties": {"type": "original", "weight": 0.0008119843163591243}}, {"type": "Feature", "geometry": {"type": "LineString", "coordinates": [[75.782328, 11.246787], [75.782947, 11.246766]]}, "properties": {"type": "original", "weight": 0.0006189495940661579}}, {"type": "Feature", "geometry": {"type": "LineString", "coordinates": [[75.78234, 11.247261], [75.781785, 11.247273]]}, "properties": {"type": "optimized", "weight": 0.0005549319327520025}}, {"type": "Feature", "geometry": {"type": "LineString", "coordinates": [[75.78234, 11.247261], [75.782468, 11.247255]]}, "properties": {"type": "optimized", "weight": 0.00012793611687229086}}, {"type": "Feature", "geometry": {"type": "LineString", "coordinates": [[75.781785, 11.247273], [75.78187, 11.248043]]}, "properties": {"type": "optimized", "weight": 0.0007744456920928122}}, {"type": "Feature", "geometry": {"type": "LineString", "coordinates": [[75.78187, 11.248043], [75.781864, 11.248443]]}, "properties": {"type": "optimized", "weight": 0.00040095269047519296}}, {"type": "Feature", "geometry": {"type": "LineString", "coordinates": [[75.781864, 11.248443], [75.781864, 11.248642]]}, "properties": {"type": "optimized", "weight": 0.0001985020402933415}}, {"type": "Feature", "geometry": {"type": "LineString", "coordinates": [[75.776015, 11.24585], [75.776337, 11.24583]]}, "properties": {"type": "original", "weight": 0.0003225959702136624}}, {"type": "Feature", "geometry": {"type": "LineString", "coordinates": [[75.776015, 11.24585], [75.77599, 11.246661]]}, "properties": {"type": "original", "weight": 0.0008113790975870577}}, {"type": "Feature", "geometry": {"type": "LineString", "coordinates": [[75.776337, 11.24583], [75.776397, 11.245781]]}, "properties": {"type": "original", "weight": 7.79656975822677e-05}}, {"type": "Feature", "geometry": {"type": "LineString", "coordinates": [[75.776397, 11.245781], [75.776415, 11.245664]]}, "properties": {"type": "original", "weight": 0.0001182867701817521}}, {"type": "Feature", "geometry": {"type": "LineString", "coordinates": [[75.776629, 11.245517], [75.776662, 11.245466]]}, "properties": {"type": "optimized", "weight": 6.0767919169106974e-05}}, {"type": "Feature", "geometry": {"type": "LineString", "coordinates": [[75.776662, 11.245466], [75.776712, 11.245282]]}, "properties": {"type": "original", "weight": 0.00019095423535437245}}, {"type": "Feature", "geometry": {"type": "LineString", "coordinates": [[75.776662, 11.245466], [75.776771, 11.245682]]}, "properties": {"type": "optimized", "weight": 0.0002423021460890381}}, {"type": "Feature", "geometry": {"type": "LineString", "coordinates": [[75.776712, 11.245282], [75.776746, 11.245076]]}, "properties": {"type": "original", "weight": 0.00020896805976037533}}, {"type": "Feature", "geometry": {"type": "LineString", "coordinates": [[75.776712, 11.245282], [75.777107, 11.245314]]}, "properties": {"type": "original", "weight": 0.000396027587423995}}, {"type": "Feature", "geometry": {"type": "LineString", "coordinates": [[75.776746, 11.245076], [75.776793, 11.244793]]}, "properties": {"type": "original", "weight": 0.0002868931856976376}}, {"type": "Feature", "geometry": {"type": "LineString", "coordinates": [[75.776746, 11.245076], [75.776898, 11.245042]]}, "properties": {"type": "original", "weight": 0.0001559956730214391}}, {"type": "Feature", "geometry": {"type": "LineString", "coordinates": [[75.776793, 11.244793], [75.77692, 11.244663]]}, "properties": {"type": "original", "weight": 0.00018089035352921928}}, {"type": "Feature", "geometry": {"type": "LineString", "coordinates": [[75.77692, 11.244663], [75.777107, 11.244591]]}, "properties": {"type": "original", "weight": 0.0002004395669570042}}, {"type": "Feature", "geometry": {"type": "LineString", "coordinates": [[75.777107, 11.244591], [75.7772, 11.244269]]}, "properties": {"type": "original", "weight": 0.000335709949212187}}, {"type": "Feature", "geometry": {"type": "LineString", "coordinates": [[75.7772, 11.244269], [75.77742, 11.244071]]}, "properties": {"type": "original", "weight": 0.00029542985630802014}}, {"type": "Feature", "geometry": {"type": "LineString", "coordinates": [[75.77742, 11.244071], [75.777439, 11.243849]]}, "properties": {"type": "original", "weight": 0.00022337040985815625}}, {"type": "Feature", "geometry": {"type": "LineString", "coordinates": [[75.77742, 11.244071], [75.777737, 11.244193]]}, "properties": {"type": "original", "weight": 0.00033932182364369514}}, {"type": "Feature", "geometry": {"type": "LineString", "coordinates": [[75.777439, 11.243849], [75.777238, 11.243864]]}, "properties": {"type": "optimized", "weight": 0.0002022569899955904}}, {"type": "Feature", "geometry": {"type": "LineString", "coordinates": [[75.777761, 11.242598], [75.77781, 11.242425]]}, "properties": {"type": "original", "weight": 0.00017895398850169966}}, {"type": "Feature", "geometry": {"type": "LineString", "coordinates": [[75.777761, 11.242598], [75.777367, 11.242451]]}, "properties": {"type": "original", "weight": 0.0004204595581026487}}, {"type": "Feature", "geometry": {"type": "LineString", "coordinates": [[75.77781, 11.242425], [75.777988, 11.241796]]}, "properties": {"type": "original", "weight": 0.0006544017878940218}}, {"type": "Feature", "geometry": {"type": "LineString", "coordinates": [[75.77781, 11.242425], [75.778424, 11.242562]]}, "properties": {"type": "original", "weight": 0.0006288815866245824}}, {"type": "Feature", "geometry": {"type": "LineString", "coordinates": [[75.777988, 11.241796], [75.778075, 11.241487]]}, "properties": {"type": "original", "weight": 0.0003204908735053557}}, {"type": "Feature", "geometry": {"type": "LineString", "coordinates": [[75.777988, 11.241796], [75.778946, 11.242059]]}, "properties": {"type": "original", "weight": 0.0009939536508268062}}, {"type": "Feature", "geometry": {"type": "LineString", "coordinates": [[75.778075, 11.241487], [75.778226, 11.240953]]}, "properties": {"type": "original", "weight": 0.0005556667436519264}}, {"type": "Feature", "geometry": {"type": "LineString", "coordinates": [[75.778075, 11.241487], [75.777703, 11.241425]]}, "properties": {"type": "original", "weight": 0.0003774601038469877}}, {"type": "Feature", "geometry": {"type": "LineString", "coordinates": [[75.778075, 11.241487], [75.778511, 11.241454]]}, "properties": {"type": "original", "weight": 0.0004371473550182701}}, {"type": "Feature", "geometry": {"type": "LineString", "coordinates": [[75.778226, 11.240953], [75.778336, 11.240565]]}, "properties": {"type": "original", "weight": 0.00040311350758678594}}, {"type": "Feature", "geometry": {"type": "LineString", "coordinates": [[75.778823, 11.239887], [75.77903, 11.239617]]}, "properties": {"type": "original", "weight": 0.00033987306454141787}}, {"type": "Feature", "geometry": {"type": "LineString", "coordinates": [[75.77903, 11.239617], [75.779075, 11.239547]]}, "properties": {"type": "original", "weight": 8.290530743126094e-05}}, {"type": "Feature", "geometry": {"type": "LineString", "coordinates": [[75.779075, 11.239547], [75.779228, 11.239313]]}, "properties": {"type": "original", "weight": 0.0002802499598553685}}, {"type": "Feature", "geometry": {"type": "LineString", "coordinates": [[75.779228, 11.239313], [75.779394, 11.238967]]}, "properties": {"type": "original", "weight": 0.00038367387193017933}}, {"type": "Feature", "geometry": {"type": "LineString", "coordinates": [[75.779394, 11.238967], [75.779635, 11.238667]]}, "properties": {"type": "original", "weight": 0.00038515877245522503}}, {"type": "Feature", "geometry": {"type": "LineString", "coordinates": [[75.77108, 11.252077], [75.771203, 11.251686]]}, "properties": {"type": "original", "weight": 0.00041049259432948584}}, {"type": "Feature", "geometry": {"type": "LineString", "coordinates": [[75.771536, 11.250928], [75.771582, 11.250829]]}, "properties": {"type": "original", "weight": 0.00010919565010094119}}, {"type": "Feature", "geometry": {"type": "LineString", "coordinates": [[75.771582, 11.250829], [75.771681, 11.250691]]}, "properties": {"type": "original", "weight": 0.00016948911469383845}}, {"type": "Feature", "geometry": {"type": "LineString", "coordinates": [[75.771681, 11.250691], [75.772011, 11.250326]]}, "properties": {"type": "original", "weight": 0.0004926340832725306}}, {"type": "Feature", "geometry": {"type": "LineString", "coordinates": [[75.772011, 11.250326], [75.7724, 11.249802]]}, "properties": {"type": "original", "weight": 0.0006520689687436238}}, {"type": "Feature", "geometry": {"type": "LineString", "coordinates": [[75.772011, 11.250326], [75.772233, 11.250409]]}, "properties": {"type": "original", "weight": 0.00023679765623611486}}, {"type": "Feature", "geometry": {"type": "LineString", "coordinates": [[75.7724, 11.249802], [75.772512, 11.249562]]}, "properties": {"type": "original", "weight": 0.0002649800369828941}}, {"type": "Feature", "geometry": {"type": "LineString", "coordinates": [[75.7724, 11.249802], [75.772893, 11.249913]]}, "properties": {"type": "original", "weight": 0.0005057197840607782}}, {"type": "Feature", "geometry": {"type": "LineString", "coordinates": [[75.772512, 11.249562], [75.772636, 11.249044]]}, "properties": {"type": "original", "weight": 0.0005321254175477731}}, {"type": "Feature", "geometry": {"type": "LineString", "coordinates": [[75.772636, 11.249044], [75.772678, 11.248734]]}, "properties": {"type": "original", "weight": 0.0003133505544909038}}, {"type": "Feature", "geometry": {"type": "LineString", "coordinates": [[75.77263, 11.248497], [75.772608, 11.248362]]}, "properties": {"type": "original", "weight": 0.0001366821495287543}}, {"type": "Feature", "geometry": {"type": "LineString", "coordinates": [[75.772608, 11.248362], [75.772606, 11.248208]]}, "properties": {"type": "original", "weight": 0.00015421867591260076}}, {"type": "Feature", "geometry": {"type": "LineString", "coordinates": [[75.772606, 11.248208], [75.772613, 11.248109]]}, "properties": {"type": "original", "weight": 9.884113516099745e-05}}, {"type": "Feature", "geometry": {"type": "LineString", "coordinates": [[75.772606, 11.248208], [75.773254, 11.248317]]}, "properties": {"type": "original", "weight": 0.0006574482869426117}}, {"type": "Feature", "geometry": {"type": "LineString", "coordinates": [[75.772613, 11.248109], [75.772646, 11.247947]]}, "properties": {"type": "original", "weight": 0.0001662089347776966}}, {"type": "Feature", "geometry": {"type": "LineString", "coordinates": [[75.772646, 11.247947], [75.77289, 11.247098]]}, "properties": {"type": "original", "weight": 0.0008834089992782813}}, {"type": "Feature", "geometry": {"type": "LineString", "coordinates": [[75.77289, 11.247098], [75.772968, 11.246764]]}, "properties": {"type": "original", "weight": 0.0003430388461965775}}, {"type": "Feature", "geometry": {"type": "LineString", "coordinates": [[75.77289, 11.247098], [75.773425, 11.247179]]}, "properties": {"type": "original", "weight": 0.0005404650312446076}}, {"type": "Feature", "geometry": {"type": "LineString", "coordinates": [[75.772968, 11.246764], [75.773098, 11.246251]]}, "properties": {"type": "original", "weight": 0.0005287077169841189}}, {"type": "Feature", "geometry": {"type": "LineString", "coordinates": [[75.772968, 11.246764], [75.773091, 11.246776]]}, "properties": {"type": "original", "weight": 0.00012395232954508527}}, {"type": "Feature", "geometry": {"type": "LineString", "coordinates": [[75.773098, 11.246251], [75.773204, 11.245835]]}, "properties": {"type": "original", "weight": 0.0004295584942686152}}, {"type": "Feature", "geometry": {"type": "LineString", "coordinates": [[75.773204, 11.245835], [75.773811, 11.245976]]}, "properties": {"type": "original", "weight": 0.0006229824556173579}}, {"type": "Feature", "geometry": {"type": "LineString", "coordinates": [[75.773492, 11.24448], [75.773526, 11.244309]]}, "properties": {"type": "original", "weight": 0.00017446495350152715}}, {"type": "Feature", "geometry": {"type": "LineString", "coordinates": [[75.773492, 11.24448], [75.773686, 11.24451]]}, "properties": {"type": "original", "weight": 0.00019616141312646208}}, {"type": "Feature", "geometry": {"type": "LineString", "coordinates": [[75.773526, 11.244309], [75.773682, 11.243783]]}, "properties": {"type": "original", "weight": 0.0005486278975771213}}, {"type": "Feature", "geometry": {"type": "LineString", "coordinates": [[75.773682, 11.243783], [75.773749, 11.243375]]}, "properties": {"type": "original", "weight": 0.0004139896133969968}}, {"type": "Feature", "geometry": {"type": "LineString", "coordinates": [[75.773682, 11.243783], [75.773793, 11.24378]]}, "properties": {"type": "original", "weight": 0.00011164586870672653}}, {"type": "Feature", "geometry": {"type": "LineString", "coordinates": [[75.773749, 11.243375], [75.773757, 11.243331]]}, "properties": {"type": "original", "weight": 4.470011185630883e-05}}, {"type": "Feature", "geometry": {"type": "LineString", "coordinates": [[75.773749, 11.243375], [75.773871, 11.243397]]}, "properties": {"type": "original", "weight": 0.00012406615170841397}}, {"type": "Feature", "geometry": {"type": "LineString", "coordinates": [[75.773757, 11.243331], [75.77384, 11.242898]]}, "properties": {"type": "original", "weight": 0.0004402524048769642}}, {"type": "Feature", "geometry": {"type": "LineString", "coordinates": [[75.77384, 11.242898], [75.773939, 11.242383]]}, "properties": {"type": "original", "weight": 0.000524251704814851}}, {"type": "Feature", "geometry": {"type": "LineString", "coordinates": [[75.77384, 11.242898], [75.774389, 11.243014]]}, "properties": {"type": "original", "weight": 0.000561352812398144}}, {"type": "Feature", "geometry": {"type": "LineString", "coordinates": [[75.773939, 11.242383], [75.774088, 11.241785]]}, "properties": {"type": "original", "weight": 0.0006166718819560563}}, {"type": "Feature", "geometry": {"type": "LineString", "coordinates": [[75.774088, 11.241785], [75.774138, 11.241584]]}, "properties": {"type": "original", "weight": 0.0002072955619428692}}, {"type": "Feature", "geometry": {"type": "LineString", "coordinates": [[75.774088, 11.241785], [75.77428, 11.241838]]}, "properties": {"type": "original", "weight": 0.00019930383840368823}}, {"type": "Feature", "geometry": {"type": "LineString", "coordinates": [[75.774138, 11.241584], [75.774276, 11.24119]]}, "properties": {"type": "original", "weight": 0.00041762908183954104}}, {"type": "Feature", "geometry": {"type": "LineString", "coordinates": [[75.774276, 11.24119], [75.774368, 11.240926]]}, "properties": {"type": "original", "weight": 0.00027932547323881996}}, {"type": "Feature", "geometry": {"type": "LineString", "coordinates": [[75.774368, 11.240926], [75.774566, 11.240128]]}, "properties": {"type": "original", "weight": 0.0008220999999996255}}, {"type": "Feature", "geometry": {"type": "LineString", "coordinates": [[75.774566, 11.240128], [75.774636, 11.239893]]}, "properties": {"type": "original", "weight": 0.00024529983693600047}}, {"type": "Feature", "geometry": {"type": "LineString", "coordinates": [[75.774636, 11.239893], [75.774743, 11.239534]]}, "properties": {"type": "original", "weight": 0.00037508565688388885}}, {"type": "Feature", "geometry": {"type": "LineString", "coordinates": [[75.774743, 11.239534], [75.774781, 11.239417]]}, "properties": {"type": "original", "weight": 0.00012238177968904889}}, {"type": "Feature", "geometry": {"type": "LineString", "coordinates": [[75.774889, 11.239128], [75.774959, 11.238907]]}, "properties": {"type": "original", "weight": 0.00023176595953452303}}, {"type": "Feature", "geometry": {"type": "LineString", "coordinates": [[75.774959, 11.238907], [75.775059, 11.238588]]}, "properties": {"type": "original", "weight": 0.00033455743901614226}}, {"type": "Feature", "geometry": {"type": "LineString", "coordinates": [[75.775059, 11.238588], [75.775137, 11.23837]]}, "properties": {"type": "original", "weight": 0.00023200484908867614}}, {"type": "Feature", "geometry": {"type": "LineString", "coordinates": [[75.775137, 11.23837], [75.775439, 11.237625]]}, "properties": {"type": "original", "weight": 0.0008038085841802617}}, {"type": "Feature", "geometry": {"type": "LineString", "coordinates": [[75.775439, 11.237625], [75.775603, 11.237214]]}, "properties": {"type": "original", "weight": 0.00044256798347363293}}, {"type": "Feature", "geometry": {"type": "LineString", "coordinates": [[75.775603, 11.237214], [75.776658, 11.234593]]}, "properties": {"type": "original", "weight": 0.0028253070364120734}}, {"type": "Feature", "geometry": {"type": "LineString", "coordinates": [[75.776658, 11.234593], [75.777046, 11.233657]]}, "properties": {"type": "original", "weight": 0.0010126556867981968}}, {"type": "Feature", "geometry": {"type": "LineString", "coordinates": [[75.777046, 11.233657], [75.777059, 11.23363]]}, "properties": {"type": "original", "weight": 3.0290922732251924e-05}}, {"type": "Feature", "geometry": {"type": "LineString", "coordinates": [[75.777059, 11.23363], [75.777085, 11.233573]]}, "properties": {"type": "original", "weight": 6.25026399450263e-05}}, {"type": "Feature", "geometry": {"type": "LineString", "coordinates": [[75.777085, 11.233573], [75.777172, 11.233386]]}, "properties": {"type": "original", "weight": 0.00020634456620247397}}, {"type": "Feature", "geometry": {"type": "LineString", "coordinates": [[75.777172, 11.233386], [75.777319, 11.233052]]}, "properties": {"type": "original", "weight": 0.0003648557660205072}}, {"type": "Feature", "geometry": {"type": "LineString", "coordinates": [[75.777319, 11.233052], [75.777833, 11.231834]]}, "properties": {"type": "original", "weight": 0.0013215428634728678}}, {"type": "Feature", "geometry": {"type": "LineString", "coordinates": [[75.777833, 11.231834], [75.778243, 11.230907]]}, "properties": {"type": "original", "weight": 0.0010138750268184002}}, {"type": "Feature", "geometry": {"type": "LineString", "coordinates": [[75.778243, 11.230907], [75.77838, 11.230591]]}, "properties": {"type": "original", "weight": 0.00034485424457265425}}, {"type": "Feature", "geometry": {"type": "LineString", "coordinates": [[75.77838, 11.230591], [75.778597, 11.230239]]}, "properties": {"type": "original", "weight": 0.0004131002057586143}}, {"type": "Feature", "geometry": {"type": "LineString", "coordinates": [[75.778597, 11.230239], [75.778818, 11.229998]]}, "properties": {"type": "original", "weight": 0.0003275119081815687}}, {"type": "Feature", "geometry": {"type": "LineString", "coordinates": [[75.778818, 11.229998], [75.779189, 11.22947]]}, "properties": {"type": "original", "weight": 0.0006448434383594665}}, {"type": "Feature", "geometry": {"type": "LineString", "coordinates": [[75.779189, 11.22947], [75.779455, 11.229176]]}, "properties": {"type": "original", "weight": 0.0003961919736745923}}, {"type": "Feature", "geometry": {"type": "LineString", "coordinates": [[75.779455, 11.229176], [75.77959, 11.229047]]}, "properties": {"type": "original", "weight": 0.00018728374195579908}}, {"type": "Feature", "geometry": {"type": "LineString", "coordinates": [[75.776016, 11.245262], [75.7761, 11.245234]]}, "properties": {"type": "optimized", "weight": 8.854377448585642e-05}}, {"type": "Feature", "geometry": {"type": "LineString", "coordinates": [[75.776016, 11.245262], [75.775775, 11.245257]]}, "properties": {"type": "optimized", "weight": 0.0002410518616423682}}, {"type": "Feature", "geometry": {"type": "LineString", "coordinates": [[75.776158, 11.245214], [75.776202, 11.24514]]}, "properties": {"type": "optimized", "weight": 8.568185338366661e-05}}, {"type": "Feature", "geometry": {"type": "LineString", "coordinates": [[75.776202, 11.24514], [75.776299, 11.244588]]}, "properties": {"type": "optimized", "weight": 0.0005610543734792392}}, {"type": "Feature", "geometry": {"type": "LineString", "coordinates": [[75.776299, 11.244588], [75.776363, 11.244495]]}, "properties": {"type": "optimized", "weight": 0.00011275468948180689}}, {"type": "Feature", "geometry": {"type": "LineString", "coordinates": [[75.776363, 11.244495], [75.776471, 11.244293]]}, "properties": {"type": "optimized", "weight": 0.00022878828641042641}}, {"type": "Feature", "geometry": {"type": "LineString", "coordinates": [[75.776471, 11.244293], [75.776539, 11.244136]]}, "properties": {"type": "optimized", "weight": 0.00017130242263729047}}, {"type": "Feature", "geometry": {"type": "LineString", "coordinates": [[75.776539, 11.244136], [75.776583, 11.244032]]}, "properties": {"type": "optimized", "weight": 0.00011293666366627836}}, {"type": "Feature", "geometry": {"type": "LineString", "coordinates": [[75.776539, 11.244136], [75.776165, 11.244027]]}, "properties": {"type": "original", "weight": 0.0003894640034710861}}, {"type": "Feature", "geometry": {"type": "LineString", "coordinates": [[75.776583, 11.244032], [75.776619, 11.24394]]}, "properties": {"type": "optimized", "weight": 9.905190558296257e-05}}, {"type": "Feature", "geometry": {"type": "LineString", "coordinates": [[75.776619, 11.24394], [75.776658, 11.243806]]}, "properties": {"type": "original", "weight": 0.00013953211099848652}}, {"type": "Feature", "geometry": {"type": "LineString", "coordinates": [[75.776619, 11.24394], [75.776755, 11.243962]]}, "properties": {"type": "optimized", "weight": 0.00013776792079200304}}, {"type": "Feature", "geometry": {"type": "LineString", "coordinates": [[75.776658, 11.243806], [75.776734, 11.243399]]}, "properties": {"type": "original", "weight": 0.0004139617856755342}}, {"type": "Feature", "geometry": {"type": "LineString", "coordinates": [[75.776734, 11.243399], [75.776831, 11.243078]]}, "properties": {"type": "original", "weight": 0.0003351244097366182}}, {"type": "Feature", "geometry": {"type": "LineString", "coordinates": [[75.776831, 11.243078], [75.776938, 11.242552]]}, "properties": {"type": "original", "weight": 0.0005370286119011873}}, {"type": "Feature", "geometry": {"type": "LineString", "coordinates": [[75.776938, 11.242552], [75.77709, 11.242193]]}, "properties": {"type": "original", "weight": 0.00038959040029054457}}, {"type": "Feature", "geometry": {"type": "LineString", "coordinates": [[75.77709, 11.242193], [75.77712, 11.242122]]}, "properties": {"type": "original", "weight": 7.68936928526246e-05}}, {"type": "Feature", "geometry": {"type": "LineString", "coordinates": [[75.77709, 11.242193], [75.777367, 11.242451]]}, "properties": {"type": "original", "weight": 0.00037869724055094667}}, {"type": "Feature", "geometry": {"type": "LineString", "coordinates": [[75.77712, 11.242122], [75.777176, 11.242031]]}, "properties": {"type": "original", "weight": 0.0001068176951605669}}, {"type": "Feature", "geometry": {"type": "LineString", "coordinates": [[75.777176, 11.242031], [75.777259, 11.241896]]}, "properties": {"type": "original", "weight": 0.00015893913929255284}}, {"type": "Feature", "geometry": {"type": "LineString", "coordinates": [[75.777176, 11.242031], [75.776809, 11.241818]]}, "properties": {"type": "original", "weight": 0.0004240227588243151}}, {"type": "Feature", "geometry": {"type": "LineString", "coordinates": [[75.777259, 11.241896], [75.777345, 11.24182]]}, "properties": {"type": "original", "weight": 0.00011464597681882949}}, {"type": "Feature", "geometry": {"type": "LineString", "coordinates": [[75.776755, 11.243962], [75.776997, 11.243894]]}, "properties": {"type": "optimized", "weight": 0.0002509034077160131}}, {"type": "Feature", "geometry": {"type": "LineString", "coordinates": [[75.776997, 11.243894], [75.777238, 11.243864]]}, "properties": {"type": "optimized", "weight": 0.00024272391723377242}}, {"type": "Feature", "geometry": {"type": "LineString", "coordinates": [[75.776519, 11.240573], [75.776498, 11.24161]]}, "properties": {"type": "original", "weight": 0.001036722962029592}}, {"type": "Feature", "geometry": {"type": "LineString", "coordinates": [[75.776498, 11.24161], [75.776492, 11.241777]]}, "properties": {"type": "original", "weight": 0.00016730762086636397}}, {"type": "Feature", "geometry": {"type": "LineString", "coordinates": [[75.776492, 11.241777], [75.776471, 11.242375]]}, "properties": {"type": "original", "weight": 0.0005979830432383978}}, {"type": "Feature", "geometry": {"type": "LineString", "coordinates": [[75.776492, 11.241777], [75.776809, 11.241818]]}, "properties": {"type": "original", "weight": 0.0003197653045631657}}, {"type": "Feature", "geometry": {"type": "LineString", "coordinates": [[75.776492, 11.241777], [75.776047, 11.24169]]}, "properties": {"type": "original", "weight": 0.0004530919663848018}}, {"type": "Feature", "geometry": {"type": "LineString", "coordinates": [[75.776471, 11.242375], [75.776701, 11.242648]]}, "properties": {"type": "original", "weight": 0.00035739471176725226}}, {"type": "Feature", "geometry": {"type": "LineString", "coordinates": [[75.776701, 11.242648], [75.776482, 11.243225]]}, "properties": {"type": "original", "weight": 0.0006173498521916228}}, {"type": "Feature", "geometry": {"type": "LineString", "coordinates": [[75.776701, 11.242648], [75.776836, 11.242298]]}, "properties": {"type": "original", "weight": 0.00037562940513057144}}, {"type": "Feature", "geometry": {"type": "LineString", "coordinates": [[75.776482, 11.243225], [75.775817, 11.24321]]}, "properties": {"type": "original", "weight": 0.0006653876163563126}}, {"type": "Feature", "geometry": {"type": "LineString", "coordinates": [[75.776482, 11.243225], [75.77645, 11.243398]]}, "properties": {"type": "original", "weight": 0.00017567620783417252}}, {"type": "Feature", "geometry": {"type": "LineString", "coordinates": [[75.775817, 11.24321], [75.775801, 11.243936]]}, "properties": {"type": "original", "weight": 0.0007262784727632557}}, {"type": "Feature", "geometry": {"type": "LineString", "coordinates": [[75.775817, 11.24321], [75.775929, 11.242482]]}, "properties": {"type": "original", "weight": 0.0007356682404457378}}, {"type": "Feature", "geometry": {"type": "LineString", "coordinates": [[75.775801, 11.243936], [75.775586, 11.243915]]}, "properties": {"type": "original", "weight": 0.00021553528713257535}}, {"type": "Feature", "geometry": {"type": "LineString", "coordinates": [[75.775801, 11.243936], [75.776165, 11.244027]]}, "properties": {"type": "original", "weight": 0.00037556647880325884}}, {"type": "Feature", "geometry": {"type": "LineString", "coordinates": [[75.781846, 11.242974], [75.78128, 11.243553]]}, "properties": {"type": "optimized", "weight": 0.0008094733905455289}}, {"type": "Feature", "geometry": {"type": "LineString", "coordinates": [[75.781846, 11.242974], [75.782213, 11.242611]]}, "properties": {"type": "optimized", "weight": 0.0005164801641896816}}, {"type": "Feature", "geometry": {"type": "LineString", "coordinates": [[75.781846, 11.242974], [75.78169, 11.242801]]}, "properties": {"type": "original", "weight": 0.0002326883323278344}}, {"type": "Feature", "geometry": {"type": "LineString", "coordinates": [[75.78128, 11.243553], [75.780896, 11.243399]]}, "properties": {"type": "optimized", "weight": 0.00041309805131830695}}, {"type": "Feature", "geometry": {"type": "LineString", "coordinates": [[75.780896, 11.243399], [75.780398, 11.24312]]}, "properties": {"type": "optimized", "weight": 0.0005715648869528589}}, {"type": "Feature", "geometry": {"type": "LineString", "coordinates": [[75.780398, 11.24312], [75.780198, 11.243013]]}, "properties": {"type": "optimized", "weight": 0.00022628851052877683}}, {"type": "Feature", "geometry": {"type": "LineString", "coordinates": [[75.780198, 11.243013], [75.780098, 11.243031]]}, "properties": {"type": "optimized", "weight": 0.00010160103347087598}}, {"type": "Feature", "geometry": {"type": "LineString", "coordinates": [[75.780098, 11.243031], [75.779984, 11.243359]]}, "properties": {"type": "optimized", "weight": 0.0003472751790698938}}, {"type": "Feature", "geometry": {"type": "LineString", "coordinates": [[75.779984, 11.243359], [75.779856, 11.244041]]}, "properties": {"type": "optimized", "weight": 0.0006940799449625952}}, {"type": "Feature", "geometry": {"type": "LineString", "coordinates": [[75.779856, 11.244041], [75.779764, 11.244442]]}, "properties": {"type": "optimized", "weight": 0.00041214527778643843}}, {"type": "Feature", "geometry": {"type": "LineString", "coordinates": [[75.779764, 11.244442], [75.779722, 11.244625]]}, "properties": {"type": "optimized", "weight": 0.00018705320098875186}}, {"type": "Feature", "geometry": {"type": "LineString", "coordinates": [[75.779764, 11.244442], [75.779823, 11.244409]]}, "properties": {"type": "original", "weight": 6.844238452671035e-05}}, {"type": "Feature", "geometry": {"type": "LineString", "coordinates": [[75.779722, 11.244625], [75.779664, 11.24493]]}, "properties": {"type": "optimized", "weight": 0.00031094391777252914}}, {"type": "Feature", "geometry": {"type": "LineString", "coordinates": [[75.779664, 11.24493], [75.779545, 11.245567]]}, "properties": {"type": "optimized", "weight": 0.0006473073458551643}}, {"type": "Feature", "geometry": {"type": "LineString", "coordinates": [[75.779664, 11.24493], [75.779576, 11.244905]]}, "properties": {"type": "original", "weight": 9.193617350185884e-05}}, {"type": "Feature", "geometry": {"type": "LineString", "coordinates": [[75.779545, 11.245567], [75.779483, 11.24594]]}, "properties": {"type": "optimized", "weight": 0.00037867690714007453}}, {"type": "Feature", "geometry": {"type": "LineString", "coordinates": [[75.779545, 11.245567], [75.779191, 11.245514]]}, "properties": {"type": "original", "weight": 0.00035798543267421266}}, {"type": "Feature", "geometry": {"type": "LineString", "coordinates": [[75.779483, 11.24594], [75.779319, 11.246495]]}, "properties": {"type": "optimized", "weight": 0.0005780523246216367}}, {"type": "Feature", "geometry": {"type": "LineString", "coordinates": [[75.779319, 11.246495], [75.779206, 11.247113]]}, "properties": {"type": "optimized", "weight": 0.0006283888366268482}}, {"type": "Feature", "geometry": {"type": "LineString", "coordinates": [[75.779206, 11.247113], [75.779139, 11.247618]]}, "properties": {"type": "optimized", "weight": 0.0005095374569166692}}, {"type": "Feature", "geometry": {"type": "LineString", "coordinates": [[75.779139, 11.247618], [75.779135, 11.247681]]}, "properties": {"type": "optimized", "weight": 6.292725959442766e-05}}, {"type": "Feature", "geometry": {"type": "LineString", "coordinates": [[75.779135, 11.247681], [75.779125, 11.247815]]}, "properties": {"type": "optimized", "weight": 0.0001349859251906632}}, {"type": "Feature", "geometry": {"type": "LineString", "coordinates": [[75.779125, 11.247815], [75.779143, 11.247964]]}, "properties": {"type": "optimized", "weight": 0.00015022280119952528}}, {"type": "Feature", "geometry": {"type": "LineString", "coordinates": [[75.779125, 11.247815], [75.778842, 11.247676]]}, "properties": {"type": "original", "weight": 0.00031511561370578984}}, {"type": "Feature", "geometry": {"type": "LineString", "coordinates": [[75.779143, 11.247964], [75.779147, 11.248383]]}, "properties": {"type": "optimized", "weight": 0.00041892749969381766}}, {"type": "Feature", "geometry": {"type": "LineString", "coordinates": [[75.779143, 11.247964], [75.778852, 11.247911]]}, "properties": {"type": "optimized", "weight": 0.0002952147862124521}}, {"type": "Feature", "geometry": {"type": "LineString", "coordinates": [[75.778852, 11.247911], [75.778547, 11.247801]]}, "properties": {"type": "optimized", "weight": 0.0003250580563514867}}, {"type": "Feature", "geometry": {"type": "LineString", "coordinates": [[75.778547, 11.247801], [75.778504, 11.247773]]}, "properties": {"type": "optimized", "weight": 5.103606568131297e-05}}, {"type": "Feature", "geometry": {"type": "LineString", "coordinates": [[75.776718, 11.248563], [75.776731, 11.248283]]}, "properties": {"type": "original", "weight": 0.0002799973214159348}}, {"type": "Feature", "geometry": {"type": "LineString", "coordinates": [[75.776718, 11.248563], [75.776828, 11.248573]]}, "properties": {"type": "original", "weight": 0.00011040045290983995}}, {"type": "Feature", "geometry": {"type": "LineString", "coordinates": [[75.776718, 11.248563], [75.776697, 11.248666]]}, "properties": {"type": "original", "weight": 0.00010531448143285508}}, {"type": "Feature", "geometry": {"type": "LineString", "coordinates": [[75.776731, 11.248283], [75.776704, 11.248138]]}, "properties": {"type": "original", "weight": 0.0001474196730421634}}, {"type": "Feature", "geometry": {"type": "LineString", "coordinates": [[75.776704, 11.248138], [75.776626, 11.247988]]}, "properties": {"type": "original", "weight": 0.00016987018573227336}}, {"type": "Feature", "geometry": {"type": "LineString", "coordinates": [[75.776626, 11.247988], [75.776611, 11.247799]]}, "properties": {"type": "original", "weight": 0.00018963451690005628}}, {"type": "Feature", "geometry": {"type": "LineString", "coordinates": [[75.776611, 11.247799], [75.776605, 11.247734]]}, "properties": {"type": "original", "weight": 6.441839799357712e-05}}, {"type": "Feature", "geometry": {"type": "LineString", "coordinates": [[75.776605, 11.247734], [75.776618, 11.247505]]}, "properties": {"type": "original", "weight": 0.00022996210557228348}}, {"type": "Feature", "geometry": {"type": "LineString", "coordinates": [[75.776618, 11.247505], [75.77661, 11.247305]]}, "properties": {"type": "original", "weight": 0.00020016395779365572}}, {"type": "Feature", "geometry": {"type": "LineString", "coordinates": [[75.776618, 11.247505], [75.776749, 11.247507]]}, "properties": {"type": "original", "weight": 0.00013142572046675715}}, {"type": "Feature", "geometry": {"type": "LineString", "coordinates": [[75.77661, 11.247305], [75.776635, 11.247222]]}, "properties": {"type": "original", "weight": 8.615689177234535e-05}}, {"type": "Feature", "geometry": {"type": "LineString", "coordinates": [[75.77661, 11.247305], [75.776546, 11.247249]]}, "properties": {"type": "original", "weight": 8.443062241272836e-05}}, {"type": "Feature", "geometry": {"type": "LineString", "coordinates": [[75.776635, 11.247222], [75.776782, 11.246724]]}, "properties": {"type": "original", "weight": 0.0005194413248868039}}, {"type": "Feature", "geometry": {"type": "LineString", "coordinates": [[75.776782, 11.246724], [75.776851, 11.246342]]}, "properties": {"type": "original", "weight": 0.0003884140574185273}}, {"type": "Feature", "geometry": {"type": "LineString", "coordinates": [[75.776782, 11.246724], [75.776662, 11.246723]]}, "properties": {"type": "original", "weight": 0.00011980504997015961}}, {"type": "Feature", "geometry": {"type": "LineString", "coordinates": [[75.776782, 11.246724], [75.777764, 11.246707]]}, "properties": {"type": "original", "weight": 0.000982140295470563}}, {"type": "Feature", "geometry": {"type": "LineString", "coordinates": [[75.776851, 11.246342], [75.776844, 11.245936]]}, "properties": {"type": "original", "weight": 0.00040596928455106614}}, {"type": "Feature", "geometry": {"type": "LineString", "coordinates": [[75.776844, 11.245936], [75.776841, 11.245879]]}, "properties": {"type": "optimized", "weight": 5.718959695773252e-05}}, {"type": "Feature", "geometry": {"type": "LineString", "coordinates": [[75.776844, 11.245936], [75.7769, 11.245976]]}, "properties": {"type": "optimized", "weight": 6.877266898807331e-05}}, {"type": "Feature", "geometry": {"type": "LineString", "coordinates": [[75.776841, 11.245879], [75.776771, 11.245682]]}, "properties": {"type": "optimized", "weight": 0.00020832880261647334}}, {"type": "Feature", "geometry": {"type": "LineString", "coordinates": [[75.778172, 11.248655], [75.777919, 11.24866]]}, "properties": {"type": "original", "weight": 0.00025223837930745036}}, {"type": "Feature", "geometry": {"type": "LineString", "coordinates": [[75.777919, 11.24866], [75.777807, 11.24866]]}, "properties": {"type": "original", "weight": 0.0001126028418908785}}, {"type": "Feature", "geometry": {"type": "LineString", "coordinates": [[75.777919, 11.24866], [75.777918, 11.248456]]}, "properties": {"type": "original", "weight": 0.00020370297003251975}}, {"type": "Feature", "geometry": {"type": "LineString", "coordinates": [[75.777807, 11.24866], [75.777494, 11.248668]]}, "properties": {"type": "original", "weight": 0.0003127875477010844}}, {"type": "Feature", "geometry": {"type": "LineString", "coordinates": [[75.777494, 11.248668], [75.777291, 11.248655]]}, "properties": {"type": "original", "weight": 0.000203366270555448}}, {"type": "Feature", "geometry": {"type": "LineString", "coordinates": [[75.777291, 11.248655], [75.777209, 11.248642]]}, "properties": {"type": "original", "weight": 8.361345585955652e-05}}, {"type": "Feature", "geometry": {"type": "LineString", "coordinates": [[75.777209, 11.248642], [75.777013, 11.248629]]}, "properties": {"type": "original", "weight": 0.00019614466599139356}}, {"type": "Feature", "geometry": {"type": "LineString", "coordinates": [[75.777209, 11.248642], [75.777219, 11.248476]]}, "properties": {"type": "original", "weight": 0.0001660451143519227}}, {"type": "Feature", "geometry": {"type": "LineString", "coordinates": [[75.777013, 11.248629], [75.776828, 11.248573]]}, "properties": {"type": "original", "weight": 0.0001931555072953542}}, {"type": "Feature", "geometry": {"type": "LineString", "coordinates": [[75.776697, 11.248666], [75.776305, 11.248671]]}, "properties": {"type": "original", "weight": 0.0003926257887585965}}, {"type": "Feature", "geometry": {"type": "LineString", "coordinates": [[75.776305, 11.248671], [75.775994, 11.248634]]}, "properties": {"type": "original", "weight": 0.0003132689738913178}}, {"type": "Feature", "geometry": {"type": "LineString", "coordinates": [[75.775994, 11.248634], [75.775847, 11.248597]]}, "properties": {"type": "original", "weight": 0.00015119857803483862}}, {"type": "Feature", "geometry": {"type": "LineString", "coordinates": [[75.775473, 11.249197], [75.77544, 11.249677]]}, "properties": {"type": "optimized", "weight": 0.00048076856178444363}}, {"type": "Feature", "geometry": {"type": "LineString", "coordinates": [[75.77544, 11.249677], [75.77543, 11.249772]]}, "properties": {"type": "optimized", "weight": 9.626006440714973e-05}}, {"type": "Feature", "geometry": {"type": "LineString", "coordinates": [[75.77544, 11.249677], [75.775715, 11.249707]]}, "properties": {"type": "original", "weight": 0.000276608929712256}}, {"type": "Feature", "geometry": {"type": "LineString", "coordinates": [[75.77543, 11.249772], [75.775404, 11.250028]]}, "properties": {"type": "optimized", "weight": 0.00025729953361883787}}, {"type": "Feature", "geometry": {"type": "LineString", "coordinates": [[75.77543, 11.249772], [75.774639, 11.249502]]}, "properties": {"type": "original", "weight": 0.000836005598073207}}, {"type": "Feature", "geometry": {"type": "LineString", "coordinates": [[75.775404, 11.250028], [75.77543, 11.250276]]}, "properties": {"type": "optimized", "weight": 0.0002487479246143572}}, {"type": "Feature", "geometry": {"type": "LineString", "coordinates": [[75.77543, 11.250276], [75.775473, 11.25057]]}, "properties": {"type": "optimized", "weight": 0.0002977071883576459}}, {"type": "Feature", "geometry": {"type": "LineString", "coordinates": [[75.775473, 11.25057], [75.775457, 11.251049]]}, "properties": {"type": "optimized", "weight": 0.0004790706106615909}}, {"type": "Feature", "geometry": {"type": "LineString", "coordinates": [[75.774813, 11.249033], [75.774639, 11.249502]]}, "properties": {"type": "original", "weight": 0.0005002264487227575}}, {"type": "Feature", "geometry": {"type": "LineString", "coordinates": [[75.774639, 11.249502], [75.774588, 11.249618]]}, "properties": {"type": "original", "weight": 0.00012688833673770952}}, {"type": "Feature", "geometry": {"type": "LineString", "coordinates": [[75.774588, 11.249618], [75.7744, 11.250202]]}, "properties": {"type": "original", "weight": 0.0006134532092970798}}, {"type": "Feature", "geometry": {"type": "LineString", "coordinates": [[75.7744, 11.250202], [75.774389, 11.250248]]}, "properties": {"type": "original", "weight": 4.700521247645646e-05}}, {"type": "Feature", "geometry": {"type": "LineString", "coordinates": [[75.774389, 11.250248], [75.77432, 11.250518]]}, "properties": {"type": "original", "weight": 0.0002787765413379936}}, {"type": "Feature", "geometry": {"type": "LineString", "coordinates": [[75.774389, 11.250248], [75.774095, 11.250207]]}, "properties": {"type": "original", "weight": 0.00029755537300396096}}, {"type": "Feature", "geometry": {"type": "LineString", "coordinates": [[75.77432, 11.250518], [75.774325, 11.250618]]}, "properties": {"type": "original", "weight": 0.00010004049180233736}}, {"type": "Feature", "geometry": {"type": "LineString", "coordinates": [[75.774325, 11.250618], [75.774395, 11.250718]]}, "properties": {"type": "original", "weight": 0.00012195097375890462}}, {"type": "Feature", "geometry": {"type": "LineString", "coordinates": [[75.774395, 11.250718], [75.774449, 11.250802]]}, "properties": {"type": "original", "weight": 9.981282482011988e-05}}, {"type": "Feature", "geometry": {"type": "LineString", "coordinates": [[75.774449, 11.250802], [75.774448, 11.250914]]}, "properties": {"type": "original", "weight": 0.0001123011130840368}}, {"type": "Feature", "geometry": {"type": "LineString", "coordinates": [[75.774448, 11.250914], [75.774529, 11.250975]]}, "properties": {"type": "original", "weight": 0.00010158095294621966}}, {"type": "Feature", "geometry": {"type": "LineString", "coordinates": [[75.774095, 11.250207], [75.773921, 11.250197]]}, "properties": {"type": "original", "weight": 0.0001741049396186275}}, {"type": "Feature", "geometry": {"type": "LineString", "coordinates": [[75.773921, 11.250197], [75.773784, 11.250184]]}, "properties": {"type": "original", "weight": 0.0001375542438469641}}, {"type": "Feature", "geometry": {"type": "LineString", "coordinates": [[75.773784, 11.250184], [75.773757, 11.250181]]}, "properties": {"type": "original", "weight": 2.733367885061915e-05}}, {"type": "Feature", "geometry": {"type": "LineString", "coordinates": [[75.773784, 11.250184], [75.773784, 11.250349]]}, "properties": {"type": "original", "weight": 0.00016550003021107053}}, {"type": "Feature", "geometry": {"type": "LineString", "coordinates": [[75.773757, 11.250181], [75.77358, 11.250102]]}, "properties": {"type": "original", "weight": 0.00019378908638723884}}, {"type": "Feature", "geometry": {"type": "LineString", "coordinates": [[75.77358, 11.250102], [75.773279, 11.249967]]}, "properties": {"type": "original", "weight": 0.00032984694935097296}}, {"type": "Feature", "geometry": {"type": "LineString", "coordinates": [[75.773279, 11.249967], [75.773025, 11.249931]]}, "properties": {"type": "original", "weight": 0.0002558173762778468}}, {"type": "Feature", "geometry": {"type": "LineString", "coordinates": [[75.773279, 11.249967], [75.77337, 11.24972]]}, "properties": {"type": "original", "weight": 0.00026358059488496656}}, {"type": "Feature", "geometry": {"type": "LineString", "coordinates": [[75.773025, 11.249931], [75.772893, 11.249913]]}, "properties": {"type": "original", "weight": 0.0001337140605902747}}, {"type": "Feature", "geometry": {"type": "LineString", "coordinates": [[75.77337, 11.24972], [75.773483, 11.249365]]}, "properties": {"type": "original", "weight": 0.000372100685296608}}, {"type": "Feature", "geometry": {"type": "LineString", "coordinates": [[75.773483, 11.249365], [75.773502, 11.24914]]}, "properties": {"type": "original", "weight": 0.00022644878008043243}}, {"type": "Feature", "geometry": {"type": "LineString", "coordinates": [[75.773502, 11.24914], [75.773612, 11.249115]]}, "properties": {"type": "original", "weight": 0.00011329276235094994}}, {"type": "Feature", "geometry": {"type": "LineString", "coordinates": [[75.773612, 11.249115], [75.773702, 11.249037]]}, "properties": {"type": "original", "weight": 0.00011908660713313549}}, {"type": "Feature", "geometry": {"type": "LineString", "coordinates": [[75.772233, 11.250409], [75.772544, 11.250486]]}, "properties": {"type": "original", "weight": 0.00032099683799405873}}, {"type": "Feature", "geometry": {"type": "LineString", "coordinates": [[75.772544, 11.250486], [75.77285, 11.250609]]}, "properties": {"type": "original", "weight": 0.00032910864466915133}}, {"type": "Feature", "geometry": {"type": "LineString", "coordinates": [[75.77352, 11.251309], [75.773623, 11.250902]]}, "properties": {"type": "original", "weight": 0.00041961155846710895}}, {"type": "Feature", "geometry": {"type": "LineString", "coordinates": [[75.77352, 11.251309], [75.773414, 11.251271]]}, "properties": {"type": "original", "weight": 0.00011263236657019125}}, {"type": "Feature", "geometry": {"type": "LineString", "coordinates": [[75.773623, 11.250902], [75.773682, 11.25066]]}, "properties": {"type": "original", "weight": 0.00024918549315843127}}, {"type": "Feature", "geometry": {"type": "LineString", "coordinates": [[75.773682, 11.25066], [75.773692, 11.250559]]}, "properties": {"type": "original", "weight": 0.00010072800007970439}}, {"type": "Feature", "geometry": {"type": "LineString", "coordinates": [[75.773692, 11.250559], [75.773716, 11.250499]]}, "properties": {"type": "original", "weight": 6.490192601021415e-05}}, {"type": "Feature", "geometry": {"type": "LineString", "coordinates": [[75.773716, 11.250499], [75.773751, 11.250401]]}, "properties": {"type": "original", "weight": 0.00010415051608150606}}, {"type": "Feature", "geometry": {"type": "LineString", "coordinates": [[75.773751, 11.250401], [75.773784, 11.250349]]}, "properties": {"type": "original", "weight": 6.151178749082555e-05}}, {"type": "Feature", "geometry": {"type": "LineString", "coordinates": [[75.775715, 11.249707], [75.776096, 11.249749]]}, "properties": {"type": "original", "weight": 0.000383219545440826}}, {"type": "Feature", "geometry": {"type": "LineString", "coordinates": [[75.776096, 11.249749], [75.776249, 11.249752]]}, "properties": {"type": "original", "weight": 0.000153014411083416}}, {"type": "Feature", "geometry": {"type": "LineString", "coordinates": [[75.776249, 11.249752], [75.776279, 11.2497]]}, "properties": {"type": "original", "weight": 6.012803006751368e-05}}, {"type": "Feature", "geometry": {"type": "LineString", "coordinates": [[75.776249, 11.249752], [75.776224, 11.249976]]}, "properties": {"type": "original", "weight": 0.00022551303731777262}}, {"type": "Feature", "geometry": {"type": "LineString", "coordinates": [[75.776279, 11.2497], [75.776315, 11.249639]]}, "properties": {"type": "original", "weight": 7.084666540977385e-05}}, {"type": "Feature", "geometry": {"type": "LineString", "coordinates": [[75.776315, 11.249639], [75.776342, 11.249599]]}, "properties": {"type": "original", "weight": 4.8038838455581125e-05}}, {"type": "Feature", "geometry": {"type": "LineString", "coordinates": [[75.776342, 11.249599], [75.77665, 11.249643]]}, "properties": {"type": "original", "weight": 0.00031135330414796305}}, {"type": "Feature", "geometry": {"type": "LineString", "coordinates": [[75.776342, 11.249599], [75.776412, 11.249328]]}, "properties": {"type": "original", "weight": 0.00027977621414292385}}, {"type": "Feature", "geometry": {"type": "LineString", "coordinates": [[75.77665, 11.249643], [75.776528, 11.250276]]}, "properties": {"type": "optimized", "weight": 0.0006449217006766646}}, {"type": "Feature", "geometry": {"type": "LineString", "coordinates": [[75.77665, 11.249643], [75.776678, 11.249534]]}, "properties": {"type": "optimized", "weight": 0.00011260945786146782}}, {"type": "Feature", "geometry": {"type": "LineString", "coordinates": [[75.776224, 11.249976], [75.776187, 11.250225]]}, "properties": {"type": "original", "weight": 0.0002522875541900408}}, {"type": "Feature", "geometry": {"type": "LineString", "coordinates": [[75.776187, 11.250225], [75.776171, 11.250365]]}, "properties": {"type": "original", "weight": 0.00014073549659022113}}, {"type": "Feature", "geometry": {"type": "LineString", "coordinates": [[75.776171, 11.250365], [75.776417, 11.250433]]}, "properties": {"type": "original", "weight": 0.00025600673819763423}}, {"type": "Feature", "geometry": {"type": "LineString", "coordinates": [[75.776417, 11.250433], [75.776482, 11.250456]]}, "properties": {"type": "original", "weight": 6.853882111765087e-05}}, {"type": "Feature", "geometry": {"type": "LineString", "coordinates": [[75.776482, 11.250456], [75.776451, 11.250599]]}, "properties": {"type": "optimized", "weight": 0.00014581172792390722}}, {"type": "Feature", "geometry": {"type": "LineString", "coordinates": [[75.776482, 11.250456], [75.776528, 11.250276]]}, "properties": {"type": "optimized", "weight": 0.00018588006885897395}}, {"type": "Feature", "geometry": {"type": "LineString", "coordinates": [[75.77459, 11.252171], [75.774643, 11.252323]]}, "properties": {"type": "original", "weight": 0.0001615973390891414}}, {"type": "Feature", "geometry": {"type": "LineString", "coordinates": [[75.77459, 11.252171], [75.774537, 11.252027]]}, "properties": {"type": "original", "weight": 0.0001532074410716213}}, {"type": "Feature", "geometry": {"type": "LineString", "coordinates": [[75.777737, 11.244193], [75.778019, 11.244287]]}, "properties": {"type": "original", "weight": 0.00029763360025702735}}, {"type": "Feature", "geometry": {"type": "LineString", "coordinates": [[75.778019, 11.244287], [75.778463, 11.244435]]}, "properties": {"type": "original", "weight": 0.0004683965841095006}}, {"type": "Feature", "geometry": {"type": "LineString", "coordinates": [[75.778019, 11.244287], [75.777984, 11.244899]]}, "properties": {"type": "original", "weight": 0.0006137930025659589}}, {"type": "Feature", "geometry": {"type": "LineString", "coordinates": [[75.778463, 11.244435], [75.778649, 11.2445]]}, "properties": {"type": "original", "weight": 0.00019644757570015688}}, {"type": "Feature", "geometry": {"type": "LineString", "coordinates": [[75.778649, 11.2445], [75.77867, 11.244916]]}, "properties": {"type": "original", "weight": 0.0004161557520932059}}, {"type": "Feature", "geometry": {"type": "LineString", "coordinates": [[75.777918, 11.248456], [75.777917, 11.248369]]}, "properties": {"type": "original", "weight": 8.711291523069236e-05}}, {"type": "Feature", "geometry": {"type": "LineString", "coordinates": [[75.777917, 11.248369], [75.777915, 11.248347]]}, "properties": {"type": "original", "weight": 2.1851544568309373e-05}}, {"type": "Feature", "geometry": {"type": "LineString", "coordinates": [[75.777915, 11.248347], [75.777911, 11.248315]]}, "properties": {"type": "original", "weight": 3.255917689264729e-05}}, {"type": "Feature", "geometry": {"type": "LineString", "coordinates": [[75.777911, 11.248315], [75.777913, 11.248261]]}, "properties": {"type": "original", "weight": 5.343032846643084e-05}}, {"type": "Feature", "geometry": {"type": "LineString", "coordinates": [[75.777913, 11.248261], [75.777946, 11.247891]]}, "properties": {"type": "original", "weight": 0.0003718760142835267}}, {"type": "Feature", "geometry": {"type": "LineString", "coordinates": [[75.777913, 11.248261], [75.777241, 11.248255]]}, "properties": {"type": "original", "weight": 0.0006723267732336873}}, {"type": "Feature", "geometry": {"type": "LineString", "coordinates": [[75.777946, 11.247891], [75.777907, 11.247573]]}, "properties": {"type": "original", "weight": 0.00031984987103163916}}, {"type": "Feature", "geometry": {"type": "LineString", "coordinates": [[75.777907, 11.247573], [75.777913, 11.247414]]}, "properties": {"type": "original", "weight": 0.00015899172934499996}}, {"type": "Feature", "geometry": {"type": "LineString", "coordinates": [[75.777913, 11.247414], [75.778214, 11.247361]]}, "properties": {"type": "original", "weight": 0.0003063258395895772}}, {"type": "Feature", "geometry": {"type": "LineString", "coordinates": [[75.777913, 11.247414], [75.777396, 11.247504]]}, "properties": {"type": "original", "weight": 0.0005239828718585183}}, {"type": "Feature", "geometry": {"type": "LineString", "coordinates": [[75.778214, 11.247361], [75.778279, 11.247357]]}, "properties": {"type": "original", "weight": 6.428475713278118e-05}}, {"type": "Feature", "geometry": {"type": "LineString", "coordinates": [[75.778279, 11.247357], [75.778418, 11.24735]]}, "properties": {"type": "optimized", "weight": 0.0001397907364712242}}, {"type": "Feature", "geometry": {"type": "LineString", "coordinates": [[75.778279, 11.247357], [75.778284, 11.247214]]}, "properties": {"type": "optimized", "weight": 0.00014358708159175444}}, {"type": "Feature", "geometry": {"type": "LineString", "coordinates": [[75.778418, 11.24735], [75.778461, 11.247518]]}, "properties": {"type": "optimized", "weight": 0.00017290462688917537}}, {"type": "Feature", "geometry": {"type": "LineString", "coordinates": [[75.778461, 11.247518], [75.77848, 11.247724]]}, "properties": {"type": "optimized", "weight": 0.0002068928224934505}}, {"type": "Feature", "geometry": {"type": "LineString", "coordinates": [[75.77848, 11.247724], [75.778504, 11.247773]]}, "properties": {"type": "optimized", "weight": 5.4654185571683476e-05}}, {"type": "Feature", "geometry": {"type": "LineString", "coordinates": [[75.777219, 11.248476], [75.777241, 11.248255]]}, "properties": {"type": "original", "weight": 0.0002220336911382016}}, {"type": "Feature", "geometry": {"type": "LineString", "coordinates": [[75.776749, 11.247507], [75.776929, 11.247526]]}, "properties": {"type": "original", "weight": 0.0001806395582407171}}, {"type": "Feature", "geometry": {"type": "LineString", "coordinates": [[75.776929, 11.247526], [75.777209, 11.247513]]}, "properties": {"type": "original", "weight": 0.0002796750256961191}}, {"type": "Feature", "geometry": {"type": "LineString", "coordinates": [[75.777209, 11.247513], [75.777396, 11.247504]]}, "properties": {"type": "original", "weight": 0.00018814000106323343}}, {"type": "Feature", "geometry": {"type": "LineString", "coordinates": [[75.7769, 11.245976], [75.777114, 11.246016]]}, "properties": {"type": "optimized", "weight": 0.00021820497243822752}}, {"type": "Feature", "geometry": {"type": "LineString", "coordinates": [[75.777114, 11.246016], [75.777252, 11.246074]]}, "properties": {"type": "optimized", "weight": 0.00014919048228128197}}, {"type": "Feature", "geometry": {"type": "LineString", "coordinates": [[75.777252, 11.246074], [75.777361, 11.246209]]}, "properties": {"type": "optimized", "weight": 0.00017360702750693685}}, {"type": "Feature", "geometry": {"type": "LineString", "coordinates": [[75.777361, 11.246209], [75.777565, 11.246267]]}, "properties": {"type": "optimized", "weight": 0.00021193406992568687}}, {"type": "Feature", "geometry": {"type": "LineString", "coordinates": [[75.777565, 11.246267], [75.777629, 11.24633]]}, "properties": {"type": "optimized", "weight": 9.015946983338228e-05}}, {"type": "Feature", "geometry": {"type": "LineString", "coordinates": [[75.777629, 11.24633], [75.777629, 11.246477]]}, "properties": {"type": "optimized", "weight": 0.00014730000000007237}}, {"type": "Feature", "geometry": {"type": "LineString", "coordinates": [[75.777629, 11.246477], [75.777742, 11.246567]]}, "properties": {"type": "optimized", "weight": 0.0001438528762333607}}, {"type": "Feature", "geometry": {"type": "LineString", "coordinates": [[75.777742, 11.246567], [75.777876, 11.246546]]}, "properties": {"type": "optimized", "weight": 0.0001357343361097508}}, {"type": "Feature", "geometry": {"type": "LineString", "coordinates": [[75.777876, 11.246546], [75.778026, 11.246514]]}, "properties": {"type": "optimized", "weight": 0.00015348811029583105}}, {"type": "Feature", "geometry": {"type": "LineString", "coordinates": [[75.778026, 11.246514], [75.778155, 11.246535]]}, "properties": {"type": "optimized", "weight": 0.0001305168571475788}}, {"type": "Feature", "geometry": {"type": "LineString", "coordinates": [[75.778026, 11.246514], [75.777974, 11.246051]]}, "properties": {"type": "original", "weight": 0.00046646382496541897}}, {"type": "Feature", "geometry": {"type": "LineString", "coordinates": [[75.778155, 11.246535], [75.778241, 11.246567]]}, "properties": {"type": "optimized", "weight": 9.139961706125418e-05}}, {"type": "Feature", "geometry": {"type": "LineString", "coordinates": [[75.778241, 11.246567], [75.778267, 11.246788]]}, "properties": {"type": "optimized", "weight": 0.00022261904680404837}}, {"type": "Feature", "geometry": {"type": "LineString", "coordinates": [[75.778267, 11.246788], [75.778273, 11.246972]]}, "properties": {"type": "optimized", "weight": 0.0001842791360950366}}, {"type": "Feature", "geometry": {"type": "LineString", "coordinates": [[75.778273, 11.246972], [75.778284, 11.24713]]}, "properties": {"type": "optimized", "weight": 0.00015816235329512644}}, {"type": "Feature", "geometry": {"type": "LineString", "coordinates": [[75.778284, 11.24713], [75.778284, 11.247214]]}, "properties": {"type": "optimized", "weight": 8.419999999986771e-05}}, {"type": "Feature", "geometry": {"type": "LineString", "coordinates": [[75.779628, 11.248247], [75.779719, 11.248415]]}, "properties": {"type": "original", "weight": 0.00019150979087217246}}, {"type": "Feature", "geometry": {"type": "LineString", "coordinates": [[75.779719, 11.248415], [75.77978, 11.248502]]}, "properties": {"type": "original", "weight": 0.00010649474165622863}}, {"type": "Feature", "geometry": {"type": "LineString", "coordinates": [[75.782468, 11.247255], [75.782739, 11.247269]]}, "properties": {"type": "optimized", "weight": 0.0002715036832224807}}, {"type": "Feature", "geometry": {"type": "LineString", "coordinates": [[75.782739, 11.247269], [75.782913, 11.247273]]}, "properties": {"type": "optimized", "weight": 0.0001741393120417246}}, {"type": "Feature", "geometry": {"type": "LineString", "coordinates": [[75.782739, 11.247269], [75.782745, 11.247479]]}, "properties": {"type": "optimized", "weight": 0.00020966954952970148}}, {"type": "Feature", "geometry": {"type": "LineString", "coordinates": [[75.782913, 11.247273], [75.783064, 11.247287]]}, "properties": {"type": "optimized", "weight": 0.00015114053063652842}}, {"type": "Feature", "geometry": {"type": "LineString", "coordinates": [[75.782913, 11.247273], [75.782922, 11.246913]]}, "properties": {"type": "optimized", "weight": 0.00035979574761318294}}, {"type": "Feature", "geometry": {"type": "LineString", "coordinates": [[75.783064, 11.247287], [75.783522, 11.247349]]}, "properties": {"type": "optimized", "weight": 0.00046261414807529484}}, {"type": "Feature", "geometry": {"type": "LineString", "coordinates": [[75.783522, 11.247349], [75.783932, 11.247344]]}, "properties": {"type": "optimized", "weight": 0.00040973299843284763}}, {"type": "Feature", "geometry": {"type": "LineString", "coordinates": [[75.783932, 11.247344], [75.783917, 11.247414]]}, "properties": {"type": "original", "weight": 7.135180446121519e-05}}, {"type": "Feature", "geometry": {"type": "LineString", "coordinates": [[75.783932, 11.247344], [75.783934, 11.247241]]}, "properties": {"type": "optimized", "weight": 0.00010272803901675785}}, {"type": "Feature", "geometry": {"type": "LineString", "coordinates": [[75.783917, 11.247414], [75.783868, 11.247644]]}, "properties": {"type": "original", "weight": 0.0002352386447848613}}, {"type": "Feature", "geometry": {"type": "LineString", "coordinates": [[75.783868, 11.247644], [75.783737, 11.248123]]}, "properties": {"type": "original", "weight": 0.0004965031721952982}}, {"type": "Feature", "geometry": {"type": "LineString", "coordinates": [[75.783737, 11.248123], [75.783718, 11.248207]]}, "properties": {"type": "original", "weight": 8.65991339462576e-05}}, {"type": "Feature", "geometry": {"type": "LineString", "coordinates": [[75.783718, 11.248207], [75.783616, 11.248641]]}, "properties": {"type": "optimized", "weight": 0.000445481537216666}}, {"type": "Feature", "geometry": {"type": "LineString", "coordinates": [[75.783718, 11.248207], [75.783568, 11.248187]]}, "properties": {"type": "optimized", "weight": 0.0001517187529622754}}, {"type": "Feature", "geometry": {"type": "LineString", "coordinates": [[75.783568, 11.248187], [75.78327, 11.248137]]}, "properties": {"type": "optimized", "weight": 0.0003018696572929206}}, {"type": "Feature", "geometry": {"type": "LineString", "coordinates": [[75.78327, 11.248137], [75.782871, 11.24809]]}, "properties": {"type": "optimized", "weight": 0.00040238967432917227}}, {"type": "Feature", "geometry": {"type": "LineString", "coordinates": [[75.782871, 11.24809], [75.782801, 11.247987]]}, "properties": {"type": "optimized", "weight": 0.00012409190142309093}}, {"type": "Feature", "geometry": {"type": "LineString", "coordinates": [[75.782801, 11.247987], [75.782787, 11.24795]]}, "properties": {"type": "optimized", "weight": 3.925773809207737e-05}}, {"type": "Feature", "geometry": {"type": "LineString", "coordinates": [[75.782787, 11.24795], [75.782782, 11.247811]]}, "properties": {"type": "optimized", "weight": 0.00013950071684408252}}, {"type": "Feature", "geometry": {"type": "LineString", "coordinates": [[75.782787, 11.24795], [75.782691, 11.248026]]}, "properties": {"type": "original", "weight": 0.0001227619240719284}}, {"type": "Feature", "geometry": {"type": "LineString", "coordinates": [[75.782782, 11.247811], [75.782745, 11.247479]]}, "properties": {"type": "optimized", "weight": 0.0003336255535772404}}, {"type": "Feature", "geometry": {"type": "LineString", "coordinates": [[75.782691, 11.248026], [75.78268, 11.24817]]}, "properties": {"type": "original", "weight": 0.00014509507227936447}}, {"type": "Feature", "geometry": {"type": "LineString", "coordinates": [[75.78268, 11.24817], [75.782669, 11.248191]]}, "properties": {"type": "original", "weight": 2.3441203041385024e-05}}, {"type": "Feature", "geometry": {"type": "LineString", "coordinates": [[75.782669, 11.248191], [75.782583, 11.248352]]}, "properties": {"type": "original", "weight": 0.00018216476059015817}}, {"type": "Feature", "geometry": {"type": "LineString", "coordinates": [[75.782583, 11.248352], [75.782553, 11.24842]]}, "properties": {"type": "original", "weight": 7.517665861332563e-05}}, {"type": "Feature", "geometry": {"type": "LineString", "coordinates": [[75.782922, 11.246913], [75.782947, 11.246766]]}, "properties": {"type": "optimized", "weight": 0.00014952180442979711}}, {"type": "Feature", "geometry": {"type": "LineString", "coordinates": [[75.782947, 11.246766], [75.782952, 11.246734]]}, "properties": {"type": "optimized", "weight": 3.235382512004257e-05}}, {"type": "Feature", "geometry": {"type": "LineString", "coordinates": [[75.782947, 11.246766], [75.783585, 11.246753]]}, "properties": {"type": "original", "weight": 0.0006386282878107205}}, {"type": "Feature", "geometry": {"type": "LineString", "coordinates": [[75.782952, 11.246734], [75.782625, 11.24675]]}, "properties": {"type": "original", "weight": 0.0003273961056565912}}, {"type": "Feature", "geometry": {"type": "LineString", "coordinates": [[75.782952, 11.246734], [75.783086, 11.246717]]}, "properties": {"type": "optimized", "weight": 0.00013485343896892321}}, {"type": "Feature", "geometry": {"type": "LineString", "coordinates": [[75.782952, 11.246734], [75.782958, 11.246678]]}, "properties": {"type": "optimized", "weight": 5.6143387856766826e-05}}, {"type": "Feature", "geometry": {"type": "LineString", "coordinates": [[75.783344, 11.25157], [75.783376, 11.25158]]}, "properties": {"type": "optimized", "weight": 3.399779405467335e-05}}, {"type": "Feature", "geometry": {"type": "LineString", "coordinates": [[75.783344, 11.25157], [75.78339, 11.251095]]}, "properties": {"type": "original", "weight": 0.000476724501154246}}, {"type": "Feature", "geometry": {"type": "LineString", "coordinates": [[75.783344, 11.25157], [75.783322, 11.251876]]}, "properties": {"type": "optimized", "weight": 0.00030684714435606016}}, {"type": "Feature", "geometry": {"type": "LineString", "coordinates": [[75.783376, 11.25158], [75.783554, 11.25159]]}, "properties": {"type": "optimized", "weight": 0.00017839758966919605}}, {"type": "Feature", "geometry": {"type": "LineString", "coordinates": [[75.783376, 11.25158], [75.78336, 11.251902]]}, "properties": {"type": "original", "weight": 0.00032308656734678873}}, {"type": "Feature", "geometry": {"type": "LineString", "coordinates": [[75.783376, 11.25158], [75.783429, 11.251137]]}, "properties": {"type": "optimized", "weight": 0.00044588510852037344}}, {"type": "Feature", "geometry": {"type": "LineString", "coordinates": [[75.783554, 11.25159], [75.783919, 11.251604]]}, "properties": {"type": "optimized", "weight": 0.00036526457533030967}}, {"type": "Feature", "geometry": {"type": "LineString", "coordinates": [[75.783919, 11.251604], [75.783954, 11.251635]]}, "properties": {"type": "optimized", "weight": 4.632278057720754e-05}}, {"type": "Feature", "geometry": {"type": "LineString", "coordinates": [[75.783954, 11.251635], [75.783986, 11.251816]]}, "properties": {"type": "optimized", "weight": 0.00018433418022835354}}, {"type": "Feature", "geometry": {"type": "LineString", "coordinates": [[75.783986, 11.251816], [75.784021, 11.251854]]}, "properties": {"type": "optimized", "weight": 5.143704889876003e-05}}, {"type": "Feature", "geometry": {"type": "LineString", "coordinates": [[75.784021, 11.251854], [75.784257, 11.251867]]}, "properties": {"type": "optimized", "weight": 0.00023646870828434677}}, {"type": "Feature", "geometry": {"type": "LineString", "coordinates": [[75.784257, 11.251867], [75.784284, 11.251899]]}, "properties": {"type": "optimized", "weight": 4.143428532045253e-05}}, {"type": "Feature", "geometry": {"type": "LineString", "coordinates": [[75.784284, 11.251899], [75.784324, 11.252077]]}, "properties": {"type": "optimized", "weight": 0.00018253659907208563}}, {"type": "Feature", "geometry": {"type": "LineString", "coordinates": [[75.784324, 11.252077], [75.784447, 11.252114]]}, "properties": {"type": "optimized", "weight": 0.00012867451184924366}}, {"type": "Feature", "geometry": {"type": "LineString", "coordinates": [[75.784447, 11.252114], [75.784544, 11.252277]]}, "properties": {"type": "optimized", "weight": 0.00019040173317986755}}, {"type": "Feature", "geometry": {"type": "LineString", "coordinates": [[75.784544, 11.252277], [75.784579, 11.252398]]}, "properties": {"type": "optimized", "weight": 0.0001259048847369302}}, {"type": "Feature", "geometry": {"type": "LineString", "coordinates": [[75.784579, 11.252398], [75.784678, 11.252435]]}, "properties": {"type": "optimized", "weight": 0.00010589962228666509}}, {"type": "Feature", "geometry": {"type": "LineString", "coordinates": [[75.784678, 11.252435], [75.784834, 11.252434]]}, "properties": {"type": "optimized", "weight": 0.00015520824719825836}}, {"type": "Feature", "geometry": {"type": "LineString", "coordinates": [[75.784834, 11.252434], [75.785144, 11.252431]]}, "properties": {"type": "optimized", "weight": 0.0003105154746522951}}, {"type": "Feature", "geometry": {"type": "LineString", "coordinates": [[75.784834, 11.252434], [75.784834, 11.252217]]}, "properties": {"type": "original", "weight": 0.0002165999999999002}}, {"type": "Feature", "geometry": {"type": "LineString", "coordinates": [[75.785144, 11.252431], [75.785183, 11.252436]]}, "properties": {"type": "optimized", "weight": 3.949898733794167e-05}}, {"type": "Feature", "geometry": {"type": "LineString", "coordinates": [[75.785183, 11.252436], [75.785341, 11.252459]]}, "properties": {"type": "optimized", "weight": 0.00015933966862126611}}, {"type": "Feature", "geometry": {"type": "LineString", "coordinates": [[75.785183, 11.252436], [75.785212, 11.251829]]}, "properties": {"type": "original", "weight": 0.000608191787184692}}, {"type": "Feature", "geometry": {"type": "LineString", "coordinates": [[75.785341, 11.252459], [75.785464, 11.252462]]}, "properties": {"type": "optimized", "weight": 0.00012264713613801233}}, {"type": "Feature", "geometry": {"type": "LineString", "coordinates": [[75.785464, 11.252462], [75.785534, 11.252464]]}, "properties": {"type": "optimized", "weight": 7.052559818210717e-05}}, {"type": "Feature", "geometry": {"type": "LineString", "coordinates": [[75.785464, 11.252462], [75.785445, 11.252895]]}, "properties": {"type": "original", "weight": 0.00043260435735138563}}, {"type": "Feature", "geometry": {"type": "LineString", "coordinates": [[75.785534, 11.252464], [75.785783, 11.252495]]}, "properties": {"type": "optimized", "weight": 0.00025108391027597345}}, {"type": "Feature", "geometry": {"type": "LineString", "coordinates": [[75.785783, 11.252495], [75.785918, 11.25253]]}, "properties": {"type": "optimized", "weight": 0.00013888254030663974}}, {"type": "Feature", "geometry": {"type": "LineString", "coordinates": [[75.785918, 11.25253], [75.786078, 11.25259]]}, "properties": {"type": "optimized", "weight": 0.00017133724055281457}}, {"type": "Feature", "geometry": {"type": "LineString", "coordinates": [[75.786078, 11.25259], [75.786231, 11.252613]]}, "properties": {"type": "optimized", "weight": 0.00015472588664043632}}, {"type": "Feature", "geometry": {"type": "LineString", "coordinates": [[75.786078, 11.25259], [75.786169, 11.251612]]}, "properties": {"type": "original", "weight": 0.0009820439297703264}}, {"type": "Feature", "geometry": {"type": "LineString", "coordinates": [[75.786231, 11.252613], [75.786462, 11.252677]]}, "properties": {"type": "optimized", "weight": 0.000239200188129828}}, {"type": "Feature", "geometry": {"type": "LineString", "coordinates": [[75.786462, 11.252677], [75.786518, 11.252693]]}, "properties": {"type": "optimized", "weight": 5.844801109585556e-05}}, {"type": "Feature", "geometry": {"type": "LineString", "coordinates": [[75.786518, 11.252693], [75.786585, 11.252484]]}, "properties": {"type": "optimized", "weight": 0.00021922518103616282}}, {"type": "Feature", "geometry": {"type": "LineString", "coordinates": [[75.786518, 11.252693], [75.786773, 11.252792]]}, "properties": {"type": "original", "weight": 0.00027334172750119494}}, {"type": "Feature", "geometry": {"type": "LineString", "coordinates": [[75.786585, 11.252484], [75.786632, 11.252336]]}, "properties": {"type": "optimized", "weight": 0.00015530991597436722}}, {"type": "Feature", "geometry": {"type": "LineString", "coordinates": [[75.786632, 11.252336], [75.786723, 11.252343]]}, "properties": {"type": "optimized", "weight": 9.143850392478088e-05}}, {"type": "Feature", "geometry": {"type": "LineString", "coordinates": [[75.786723, 11.252343], [75.786985, 11.252372]]}, "properties": {"type": "optimized", "weight": 0.0002634344889999665}}, {"type": "Feature", "geometry": {"type": "LineString", "coordinates": [[75.785979, 11.248678], [75.786306, 11.24867]]}, "properties": {"type": "original", "weight": 0.00032729295745653346}}, {"type": "Feature", "geometry": {"type": "LineString", "coordinates": [[75.786306, 11.24867], [75.786741, 11.248697]]}, "properties": {"type": "original", "weight": 0.00043563750987120207}}, {"type": "Feature", "geometry": {"type": "LineString", "coordinates": [[75.786741, 11.248697], [75.786738, 11.249041]]}, "properties": {"type": "original", "weight": 0.00034391308495104067}}, {"type": "Feature", "geometry": {"type": "LineString", "coordinates": [[75.786738, 11.249041], [75.786869, 11.249096]]}, "properties": {"type": "original", "weight": 0.00014261588270130416}}, {"type": "Feature", "geometry": {"type": "LineString", "coordinates": [[75.786869, 11.249096], [75.786977, 11.249128]]}, "properties": {"type": "original", "weight": 0.00011185638114222093}}, {"type": "Feature", "geometry": {"type": "LineString", "coordinates": [[75.786977, 11.249128], [75.787397, 11.249153]]}, "properties": {"type": "original", "weight": 0.000421472110576112}}, {"type": "Feature", "geometry": {"type": "LineString", "coordinates": [[75.787397, 11.249153], [75.787578, 11.249157]]}, "properties": {"type": "original", "weight": 0.00018063997343511132}}, {"type": "Feature", "geometry": {"type": "LineString", "coordinates": [[75.787397, 11.249153], [75.78739, 11.249489]]}, "properties": {"type": "original", "weight": 0.00033578155101281724}}, {"type": "Feature", "geometry": {"type": "LineString", "coordinates": [[75.787578, 11.249157], [75.787633, 11.249112]]}, "properties": {"type": "original", "weight": 7.061345480037158e-05}}, {"type": "Feature", "geometry": {"type": "LineString", "coordinates": [[75.78739, 11.249489], [75.787407, 11.249773]]}, "properties": {"type": "original", "weight": 0.0002841910976780931}}, {"type": "Feature", "geometry": {"type": "LineString", "coordinates": [[75.787647, 11.247702], [75.787642, 11.24739]]}, "properties": {"type": "original", "weight": 0.00031253534200307865}}, {"type": "Feature", "geometry": {"type": "LineString", "coordinates": [[75.786872, 11.24454], [75.78681, 11.244916]]}, "properties": {"type": "original", "weight": 0.00038168722797474777}}, {"type": "Feature", "geometry": {"type": "LineString", "coordinates": [[75.786872, 11.24454], [75.786936, 11.244558]]}, "properties": {"type": "optimized", "weight": 6.670269860697926e-05}}, {"type": "Feature", "geometry": {"type": "LineString", "coordinates": [[75.786872, 11.24454], [75.786459, 11.244423]]}, "properties": {"type": "optimized", "weight": 0.00042906257118937484}}, {"type": "Feature", "geometry": {"type": "LineString", "coordinates": [[75.78681, 11.244916], [75.786672, 11.245126]]}, "properties": {"type": "original", "weight": 0.0002514495774451828}}, {"type": "Feature", "geometry": {"type": "LineString", "coordinates": [[75.786672, 11.245126], [75.78663, 11.245381]]}, "properties": {"type": "original", "weight": 0.0002582873012762502}}, {"type": "Feature", "geometry": {"type": "LineString", "coordinates": [[75.78663, 11.245381], [75.7866, 11.245558]]}, "properties": {"type": "original", "weight": 0.00017932643419195905}}, {"type": "Feature", "geometry": {"type": "LineString", "coordinates": [[75.7866, 11.245558], [75.786513, 11.245909]]}, "properties": {"type": "original", "weight": 0.00036123262587904614}}, {"type": "Feature", "geometry": {"type": "LineString", "coordinates": [[75.7866, 11.245558], [75.787064, 11.245644]]}, "properties": {"type": "optimized", "weight": 0.0004711708076681783}}, {"type": "Feature", "geometry": {"type": "LineString", "coordinates": [[75.7866, 11.245558], [75.785779, 11.245494]]}, "properties": {"type": "optimized", "weight": 0.0008240125848560486}}, {"type": "Feature", "geometry": {"type": "LineString", "coordinates": [[75.786513, 11.245909], [75.786521, 11.246043]]}, "properties": {"type": "original", "weight": 0.00013444422635416615}}, {"type": "Feature", "geometry": {"type": "LineString", "coordinates": [[75.786521, 11.246043], [75.786741, 11.24611]]}, "properties": {"type": "original", "weight": 0.0002297692755730024}}, {"type": "Feature", "geometry": {"type": "LineString", "coordinates": [[75.786741, 11.24611], [75.786741, 11.246322]]}, "properties": {"type": "original", "weight": 0.00021120021306883353}}, {"type": "Feature", "geometry": {"type": "LineString", "coordinates": [[75.786741, 11.246322], [75.786722, 11.246536]]}, "properties": {"type": "original", "weight": 0.0002148329816389942}}, {"type": "Feature", "geometry": {"type": "LineString", "coordinates": [[75.786722, 11.246536], [75.786711, 11.246656]]}, "properties": {"type": "original", "weight": 0.00012056686941386009}}, {"type": "Feature", "geometry": {"type": "LineString", "coordinates": [[75.786722, 11.246536], [75.786685, 11.246538]]}, "properties": {"type": "original", "weight": 3.7283910747515715e-05}}, {"type": "Feature", "geometry": {"type": "LineString", "coordinates": [[75.786711, 11.246656], [75.786752, 11.246966]]}, "properties": {"type": "original", "weight": 0.00031309150419600346}}, {"type": "Feature", "geometry": {"type": "LineString", "coordinates": [[75.786752, 11.246966], [75.786789, 11.247357]]}, "properties": {"type": "original", "weight": 0.0003930266275974294}}, {"type": "Feature", "geometry": {"type": "LineString", "coordinates": [[75.786789, 11.247357], [75.7868, 11.247479]]}, "properties": {"type": "original", "weight": 0.0001221425806177857}}, {"type": "Feature", "geometry": {"type": "LineString", "coordinates": [[75.786789, 11.247357], [75.786894, 11.247351]]}, "properties": {"type": "original", "weight": 0.00010610546639423647}}, {"type": "Feature", "geometry": {"type": "LineString", "coordinates": [[75.785516, 11.247019], [75.786006, 11.247019]]}, "properties": {"type": "original", "weight": 0.0004904002548835753}}, {"type": "Feature", "geometry": {"type": "LineString", "coordinates": [[75.785516, 11.247019], [75.785527, 11.247084]]}, "properties": {"type": "optimized", "weight": 6.513555096945538e-05}}, {"type": "Feature", "geometry": {"type": "LineString", "coordinates": [[75.785516, 11.247019], [75.785517, 11.246985]]}, "properties": {"type": "optimized", "weight": 3.403762623817462e-05}}, {"type": "Feature", "geometry": {"type": "LineString", "coordinates": [[75.786006, 11.247019], [75.786062, 11.247193]]}, "properties": {"type": "original", "weight": 0.00018259622121423894}}, {"type": "Feature", "geometry": {"type": "LineString", "coordinates": [[75.785517, 11.246985], [75.785258, 11.247011]]}, "properties": {"type": "optimized", "weight": 0.0002608591957284589}}, {"type": "Feature", "geometry": {"type": "LineString", "coordinates": [[75.785517, 11.246985], [75.785495, 11.246781]]}, "properties": {"type": "original", "weight": 0.00020590029140340864}}, {"type": "Feature", "geometry": {"type": "LineString", "coordinates": [[75.785258, 11.247011], [75.784998, 11.247056]]}, "properties": {"type": "optimized", "weight": 0.0002639130538698129}}, {"type": "Feature", "geometry": {"type": "LineString", "coordinates": [[75.784998, 11.247056], [75.784802, 11.24709]]}, "properties": {"type": "optimized", "weight": 0.00019876438312754484}}, {"type": "Feature", "geometry": {"type": "LineString", "coordinates": [[75.784802, 11.24709], [75.784608, 11.247092]]}, "properties": {"type": "optimized", "weight": 0.00019340837624109682}}, {"type": "Feature", "geometry": {"type": "LineString", "coordinates": [[75.784608, 11.247092], [75.784549, 11.247085]]}, "properties": {"type": "optimized", "weight": 5.975458141210414e-05}}, {"type": "Feature", "geometry": {"type": "LineString", "coordinates": [[75.784549, 11.247085], [75.784538, 11.247126]]}, "properties": {"type": "optimized", "weight": 4.225127216930395e-05}}, {"type": "Feature", "geometry": {"type": "LineString", "coordinates": [[75.784549, 11.247085], [75.784582, 11.246926]]}, "properties": {"type": "optimized", "weight": 0.00016252362905123135}}, {"type": "Feature", "geometry": {"type": "LineString", "coordinates": [[75.78222, 11.243742], [75.782393, 11.243816]]}, "properties": {"type": "original", "weight": 0.000188556039415341}}, {"type": "Feature", "geometry": {"type": "LineString", "coordinates": [[75.782393, 11.243816], [75.782648, 11.243897]]}, "properties": {"type": "original", "weight": 0.0002674398997809438}}, {"type": "Feature", "geometry": {"type": "LineString", "coordinates": [[75.782648, 11.243897], [75.782796, 11.243927]]}, "properties": {"type": "original", "weight": 0.00015091192795949223}}, {"type": "Feature", "geometry": {"type": "LineString", "coordinates": [[75.782648, 11.243897], [75.782522, 11.244107]]}, "properties": {"type": "original", "weight": 0.00024550048879526875}}, {"type": "Feature", "geometry": {"type": "LineString", "coordinates": [[75.782796, 11.243927], [75.782924, 11.243953]]}, "properties": {"type": "original", "weight": 0.00013041794355205742}}, {"type": "Feature", "geometry": {"type": "LineString", "coordinates": [[75.782796, 11.243927], [75.782785, 11.243835]]}, "properties": {"type": "original", "weight": 9.242148018594967e-05}}, {"type": "Feature", "geometry": {"type": "LineString", "coordinates": [[75.782924, 11.243953], [75.782978, 11.243954]]}, "properties": {"type": "original", "weight": 5.471316112918862e-05}}, {"type": "Feature", "geometry": {"type": "LineString", "coordinates": [[75.782924, 11.243953], [75.782871, 11.244157]]}, "properties": {"type": "original", "weight": 0.0002113251996331475}}, {"type": "Feature", "geometry": {"type": "LineString", "coordinates": [[75.782978, 11.243954], [75.783221, 11.243947]]}, "properties": {"type": "original", "weight": 0.00024268706186473572}}, {"type": "Feature", "geometry": {"type": "LineString", "coordinates": [[75.783221, 11.243947], [75.783279, 11.243948]]}, "properties": {"type": "original", "weight": 5.7807006503295905e-05}}, {"type": "Feature", "geometry": {"type": "LineString", "coordinates": [[75.783279, 11.243948], [75.783356, 11.24395]]}, "properties": {"type": "original", "weight": 7.681100180416201e-05}}, {"type": "Feature", "geometry": {"type": "LineString", "coordinates": [[75.783279, 11.243948], [75.783295, 11.243861]]}, "properties": {"type": "original", "weight": 8.8575504513844e-05}}, {"type": "Feature", "geometry": {"type": "LineString", "coordinates": [[75.783356, 11.24395], [75.783522, 11.243943]]}, "properties": {"type": "original", "weight": 0.00016664291164640685}}, {"type": "Feature", "geometry": {"type": "LineString", "coordinates": [[75.783356, 11.24395], [75.783334, 11.244135]]}, "properties": {"type": "original", "weight": 0.0001869519991859713}}, {"type": "Feature", "geometry": {"type": "LineString", "coordinates": [[75.783522, 11.243943], [75.783783, 11.243995]]}, "properties": {"type": "original", "weight": 0.0002661688186045252}}, {"type": "Feature", "geometry": {"type": "LineString", "coordinates": [[75.783783, 11.243995], [75.783953, 11.24412]]}, "properties": {"type": "original", "weight": 0.00021133187170967757}}, {"type": "Feature", "geometry": {"type": "LineString", "coordinates": [[75.783953, 11.24412], [75.783931, 11.244567]]}, "properties": {"type": "optimized", "weight": 0.0004476860730468297}}, {"type": "Feature", "geometry": {"type": "LineString", "coordinates": [[75.783953, 11.24412], [75.78456, 11.244138]]}, "properties": {"type": "optimized", "weight": 0.000607172833721979}}, {"type": "Feature", "geometry": {"type": "LineString", "coordinates": [[75.783272, 11.244986], [75.783297, 11.244674]]}, "properties": {"type": "original", "weight": 0.0003129999999987031}}, {"type": "Feature", "geometry": {"type": "LineString", "coordinates": [[75.783297, 11.244674], [75.783314, 11.244356]]}, "properties": {"type": "original", "weight": 0.0003184487556895405}}, {"type": "Feature", "geometry": {"type": "LineString", "coordinates": [[75.783314, 11.244356], [75.783334, 11.244135]]}, "properties": {"type": "original", "weight": 0.00022122416233314073}}, {"type": "Feature", "geometry": {"type": "LineString", "coordinates": [[75.782871, 11.244157], [75.78282, 11.244444]]}, "properties": {"type": "original", "weight": 0.00029116581186634284}}, {"type": "Feature", "geometry": {"type": "LineString", "coordinates": [[75.78282, 11.244444], [75.782705, 11.244546]]}, "properties": {"type": "original", "weight": 0.0001541005191424583}}, {"type": "Feature", "geometry": {"type": "LineString", "coordinates": [[75.782705, 11.244546], [75.782584, 11.244927]]}, "properties": {"type": "original", "weight": 0.00039969671002175206}}, {"type": "Feature", "geometry": {"type": "LineString", "coordinates": [[75.782705, 11.244546], [75.782556, 11.244443]]}, "properties": {"type": "original", "weight": 0.00018152740840717005}}, {"type": "Feature", "geometry": {"type": "LineString", "coordinates": [[75.782584, 11.244927], [75.782526, 11.245171]]}, "properties": {"type": "original", "weight": 0.000250817583113603}}, {"type": "Feature", "geometry": {"type": "LineString", "coordinates": [[75.782182, 11.24671], [75.782183, 11.246675]]}, "properties": {"type": "original", "weight": 3.4811635987441804e-05}}, {"type": "Feature", "geometry": {"type": "LineString", "coordinates": [[75.782182, 11.24671], [75.782202, 11.24671]]}, "properties": {"type": "original", "weight": 2.031206538268854e-05}}, {"type": "Feature", "geometry": {"type": "LineString", "coordinates": [[75.782182, 11.24671], [75.782143, 11.246708]]}, "properties": {"type": "original", "weight": 3.8721828473864304e-05}}, {"type": "Feature", "geometry": {"type": "LineString", "coordinates": [[75.782183, 11.246675], [75.782191, 11.246319]]}, "properties": {"type": "original", "weight": 0.0003555089309688709}}, {"type": "Feature", "geometry": {"type": "LineString", "coordinates": [[75.782183, 11.246675], [75.781893, 11.24669]]}, "properties": {"type": "original", "weight": 0.0002897095959807353}}, {"type": "Feature", "geometry": {"type": "LineString", "coordinates": [[75.782183, 11.246675], [75.783045, 11.24662]]}, "properties": {"type": "original", "weight": 0.0008644578069507874}}, {"type": "Feature", "geometry": {"type": "LineString", "coordinates": [[75.782191, 11.246319], [75.782191, 11.246185]]}, "properties": {"type": "original", "weight": 0.00013490181614865115}}, {"type": "Feature", "geometry": {"type": "LineString", "coordinates": [[75.782191, 11.246319], [75.783042, 11.246292]]}, "properties": {"type": "original", "weight": 0.0008516344755817622}}, {"type": "Feature", "geometry": {"type": "LineString", "coordinates": [[75.782191, 11.246185], [75.78219, 11.246093]]}, "properties": {"type": "original", "weight": 9.110137210885479e-05}}, {"type": "Feature", "geometry": {"type": "LineString", "coordinates": [[75.782191, 11.246185], [75.782013, 11.246149]]}, "properties": {"type": "original", "weight": 0.00018125087586275048}}, {"type": "Feature", "geometry": {"type": "LineString", "coordinates": [[75.78219, 11.246093], [75.782188, 11.245883]]}, "properties": {"type": "original", "weight": 0.0002103115070546856}}, {"type": "Feature", "geometry": {"type": "LineString", "coordinates": [[75.782188, 11.245883], [75.78219, 11.245824]]}, "properties": {"type": "original", "weight": 5.9327312429007324e-05}}, {"type": "Feature", "geometry": {"type": "LineString", "coordinates": [[75.782522, 11.244107], [75.782361, 11.244324]]}, "properties": {"type": "original", "weight": 0.0002697425809889858}}, {"type": "Feature", "geometry": {"type": "LineString", "coordinates": [[75.782361, 11.244324], [75.782556, 11.244443]]}, "properties": {"type": "original", "weight": 0.0002278594742311192}}, {"type": "Feature", "geometry": {"type": "LineString", "coordinates": [[75.784823, 11.244188], [75.78456, 11.244138]]}, "properties": {"type": "original", "weight": 0.0002675141865412173}}, {"type": "Feature", "geometry": {"type": "LineString", "coordinates": [[75.78456, 11.244138], [75.784729, 11.243788]]}, "properties": {"type": "optimized", "weight": 0.0003884420806212474}}, {"type": "Feature", "geometry": {"type": "LineString", "coordinates": [[75.783838, 11.242771], [75.783827, 11.242913]]}, "properties": {"type": "original", "weight": 0.00014253287340048115}}, {"type": "Feature", "geometry": {"type": "LineString", "coordinates": [[75.783827, 11.242913], [75.783976, 11.242941]]}, "properties": {"type": "original", "weight": 0.000150901623589546}}, {"type": "Feature", "geometry": {"type": "LineString", "coordinates": [[75.783976, 11.242941], [75.784263, 11.243014]]}, "properties": {"type": "original", "weight": 0.00029667236136729177}}, {"type": "Feature", "geometry": {"type": "LineString", "coordinates": [[75.773793, 11.24378], [75.773867, 11.243778]]}, "properties": {"type": "original", "weight": 7.432967105505721e-05}}, {"type": "Feature", "geometry": {"type": "LineString", "coordinates": [[75.773867, 11.243778], [75.774234, 11.243767]]}, "properties": {"type": "original", "weight": 0.0003667503374298148}}, {"type": "Feature", "geometry": {"type": "LineString", "coordinates": [[75.774234, 11.243767], [75.774728, 11.243778]]}, "properties": {"type": "original", "weight": 0.000493611689493402}}, {"type": "Feature", "geometry": {"type": "LineString", "coordinates": [[75.774009, 11.245168], [75.773999, 11.245219]]}, "properties": {"type": "original", "weight": 5.1559771139016966e-05}}, {"type": "Feature", "geometry": {"type": "LineString", "coordinates": [[75.774009, 11.245168], [75.77426, 11.24524]]}, "properties": {"type": "original", "weight": 0.0002612190268742083}}, {"type": "Feature", "geometry": {"type": "LineString", "coordinates": [[75.773999, 11.245219], [75.773972, 11.245556]]}, "properties": {"type": "original", "weight": 0.0003377649034462911}}, {"type": "Feature", "geometry": {"type": "LineString", "coordinates": [[75.773972, 11.245556], [75.773964, 11.245587]]}, "properties": {"type": "original", "weight": 3.264552036712724e-05}}, {"type": "Feature", "geometry": {"type": "LineString", "coordinates": [[75.773964, 11.245587], [75.773942, 11.245714]]}, "properties": {"type": "original", "weight": 0.00012815061451515233}}, {"type": "Feature", "geometry": {"type": "LineString", "coordinates": [[75.773964, 11.245587], [75.774119, 11.245643]]}, "properties": {"type": "original", "weight": 0.00016432787347455912}}, {"type": "Feature", "geometry": {"type": "LineString", "coordinates": [[75.773942, 11.245714], [75.773912, 11.245894]]}, "properties": {"type": "original", "weight": 0.000183091152158672}}, {"type": "Feature", "geometry": {"type": "LineString", "coordinates": [[75.773942, 11.245714], [75.774175, 11.245801]]}, "properties": {"type": "original", "weight": 0.00024844325308128064}}, {"type": "Feature", "geometry": {"type": "LineString", "coordinates": [[75.773912, 11.245894], [75.773874, 11.245951]]}, "properties": {"type": "original", "weight": 6.878284670257412e-05}}, {"type": "Feature", "geometry": {"type": "LineString", "coordinates": [[75.773874, 11.245951], [75.773865, 11.245966]]}, "properties": {"type": "original", "weight": 1.7418668149052824e-05}}, {"type": "Feature", "geometry": {"type": "LineString", "coordinates": [[75.773874, 11.245951], [75.774121, 11.246045]]}, "properties": {"type": "original", "weight": 0.0002645045368268675}}, {"type": "Feature", "geometry": {"type": "LineString", "coordinates": [[75.773865, 11.245966], [75.773811, 11.245976]]}, "properties": {"type": "original", "weight": 5.471690780264424e-05}}, {"type": "Feature", "geometry": {"type": "LineString", "coordinates": [[75.773811, 11.245976], [75.773814, 11.246113]]}, "properties": {"type": "original", "weight": 0.00013714215252777005}}, {"type": "Feature", "geometry": {"type": "LineString", "coordinates": [[75.773814, 11.246113], [75.773821, 11.246383]]}, "properties": {"type": "original", "weight": 0.0002699856477661715}}, {"type": "Feature", "geometry": {"type": "LineString", "coordinates": [[75.773821, 11.246383], [75.773779, 11.246548]]}, "properties": {"type": "original", "weight": 0.00016992154072024615}}, {"type": "Feature", "geometry": {"type": "LineString", "coordinates": [[75.773779, 11.246548], [75.773719, 11.24682]]}, "properties": {"type": "original", "weight": 0.0002785606038194508}}, {"type": "Feature", "geometry": {"type": "LineString", "coordinates": [[75.773779, 11.246548], [75.773907, 11.246574]]}, "properties": {"type": "original", "weight": 0.00013014399717710002}}, {"type": "Feature", "geometry": {"type": "LineString", "coordinates": [[75.773719, 11.24682], [75.773343, 11.246802]]}, "properties": {"type": "original", "weight": 0.0003765209821479552}}, {"type": "Feature", "geometry": {"type": "LineString", "coordinates": [[75.774769, 11.24534], [75.774738, 11.245572]]}, "properties": {"type": "original", "weight": 0.00023392327801962488}}, {"type": "Feature", "geometry": {"type": "LineString", "coordinates": [[75.774769, 11.24534], [75.77426, 11.24524]]}, "properties": {"type": "original", "weight": 0.0005185131145859375}}, {"type": "Feature", "geometry": {"type": "LineString", "coordinates": [[75.774769, 11.24534], [75.774838, 11.245354]]}, "properties": {"type": "original", "weight": 6.971950946810151e-05}}, {"type": "Feature", "geometry": {"type": "LineString", "coordinates": [[75.773783, 11.248397], [75.77388, 11.248397]]}, "properties": {"type": "original", "weight": 9.610254940134019e-05}}, {"type": "Feature", "geometry": {"type": "LineString", "coordinates": [[75.773783, 11.248397], [75.773254, 11.248317]]}, "properties": {"type": "original", "weight": 0.000535272640812782}}, {"type": "Feature", "geometry": {"type": "LineString", "coordinates": [[75.773254, 11.248317], [75.773367, 11.247773]]}, "properties": {"type": "original", "weight": 0.0005554164563629452}}, {"type": "Feature", "geometry": {"type": "LineString", "coordinates": [[75.773367, 11.247773], [75.773389, 11.247605]]}, "properties": {"type": "original", "weight": 0.00016902476150158324}}, {"type": "Feature", "geometry": {"type": "LineString", "coordinates": [[75.773367, 11.247773], [75.773429, 11.2477]]}, "properties": {"type": "original", "weight": 9.576439840124683e-05}}, {"type": "Feature", "geometry": {"type": "LineString", "coordinates": [[75.773389, 11.247605], [75.773244, 11.247584]]}, "properties": {"type": "original", "weight": 0.0001463148659580323}}, {"type": "Feature", "geometry": {"type": "LineString", "coordinates": [[75.773429, 11.2477], [75.773515, 11.247658]]}, "properties": {"type": "original", "weight": 9.566200917988794e-05}}, {"type": "Feature", "geometry": {"type": "LineString", "coordinates": [[75.773515, 11.247658], [75.773639, 11.247637]]}, "properties": {"type": "original", "weight": 0.00012507553717510075}}, {"type": "Feature", "geometry": {"type": "LineString", "coordinates": [[75.773639, 11.247637], [75.773684, 11.247576]]}, "properties": {"type": "original", "weight": 7.576021382858124e-05}}, {"type": "Feature", "geometry": {"type": "LineString", "coordinates": [[75.773684, 11.247576], [75.773805, 11.247237]]}, "properties": {"type": "original", "weight": 0.0003602233335014956}}, {"type": "Feature", "geometry": {"type": "LineString", "coordinates": [[75.773805, 11.247237], [75.773425, 11.247179]]}, "properties": {"type": "original", "weight": 0.0003846974005522194}}, {"type": "Feature", "geometry": {"type": "LineString", "coordinates": [[75.773805, 11.247237], [75.774456, 11.247281]]}, "properties": {"type": "original", "weight": 0.0006521791931754306}}, {"type": "Feature", "geometry": {"type": "LineString", "coordinates": [[75.774738, 11.248781], [75.774733, 11.248463]]}, "properties": {"type": "original", "weight": 0.00031834412198118966}}, {"type": "Feature", "geometry": {"type": "LineString", "coordinates": [[75.774733, 11.248463], [75.774735, 11.248444]]}, "properties": {"type": "original", "weight": 1.931450232251745e-05}}, {"type": "Feature", "geometry": {"type": "LineString", "coordinates": [[75.774735, 11.248444], [75.774757, 11.248242]]}, "properties": {"type": "original", "weight": 0.0002029956649779673}}, {"type": "Feature", "geometry": {"type": "LineString", "coordinates": [[75.774735, 11.248444], [75.774588, 11.248473]]}, "properties": {"type": "original", "weight": 0.00014997029707120715}}, {"type": "Feature", "geometry": {"type": "LineString", "coordinates": [[75.774735, 11.248444], [75.774486, 11.248502]]}, "properties": {"type": "original", "weight": 0.00025574053257631146}}, {"type": "Feature", "geometry": {"type": "LineString", "coordinates": [[75.774757, 11.248242], [75.774717, 11.248168]]}, "properties": {"type": "original", "weight": 8.386298349006396e-05}}, {"type": "Feature", "geometry": {"type": "LineString", "coordinates": [[75.774717, 11.248168], [75.774698, 11.247903]]}, "properties": {"type": "original", "weight": 0.00026636428063953163}}, {"type": "Feature", "geometry": {"type": "LineString", "coordinates": [[75.774698, 11.247903], [75.774644, 11.247605]]}, "properties": {"type": "original", "weight": 0.00030209311478408905}}, {"type": "Feature", "geometry": {"type": "LineString", "coordinates": [[75.774644, 11.247605], [75.774599, 11.247298]]}, "properties": {"type": "original", "weight": 0.00031115944465701627}}, {"type": "Feature", "geometry": {"type": "LineString", "coordinates": [[75.774599, 11.247298], [75.774456, 11.247281]]}, "properties": {"type": "original", "weight": 0.00014425827533074133}}, {"type": "Feature", "geometry": {"type": "LineString", "coordinates": [[75.774599, 11.247298], [75.774864, 11.247134]]}, "properties": {"type": "original", "weight": 0.00031159566749027417}}, {"type": "Feature", "geometry": {"type": "LineString", "coordinates": [[75.775082, 11.247035], [75.775041, 11.247047]]}, "properties": {"type": "original", "weight": 4.251799618989983e-05}}, {"type": "Feature", "geometry": {"type": "LineString", "coordinates": [[75.775041, 11.247047], [75.774864, 11.247134]]}, "properties": {"type": "original", "weight": 0.00019713274714234502}}, {"type": "Feature", "geometry": {"type": "LineString", "coordinates": [[75.775041, 11.247047], [75.774972, 11.24685]]}, "properties": {"type": "original", "weight": 0.00020836204068756984}}, {"type": "Feature", "geometry": {"type": "LineString", "coordinates": [[75.776662, 11.246723], [75.776442, 11.246709]]}, "properties": {"type": "original", "weight": 0.00022114994912936887}}, {"type": "Feature", "geometry": {"type": "LineString", "coordinates": [[75.776442, 11.246709], [75.776237, 11.246711]]}, "properties": {"type": "original", "weight": 0.0002043097892978289}}, {"type": "Feature", "geometry": {"type": "LineString", "coordinates": [[75.776237, 11.246711], [75.77599, 11.246661]]}, "properties": {"type": "original", "weight": 0.00025222579170636954}}, {"type": "Feature", "geometry": {"type": "LineString", "coordinates": [[75.77599, 11.246661], [75.77579, 11.246617]]}, "properties": {"type": "original", "weight": 0.00020497814517156807}}, {"type": "Feature", "geometry": {"type": "LineString", "coordinates": [[75.77599, 11.246661], [75.775972, 11.246886]]}, "properties": {"type": "original", "weight": 0.00022632492129459275}}, {"type": "Feature", "geometry": {"type": "LineString", "coordinates": [[75.77579, 11.246617], [75.775549, 11.246547]]}, "properties": {"type": "original", "weight": 0.0002511120267895331}}, {"type": "Feature", "geometry": {"type": "LineString", "coordinates": [[75.775325, 11.246482], [75.775189, 11.246443]]}, "properties": {"type": "original", "weight": 0.00014164801445641672}}, {"type": "Feature", "geometry": {"type": "LineString", "coordinates": [[75.775189, 11.246443], [75.774961, 11.246353]]}, "properties": {"type": "original", "weight": 0.00024490071458294066}}, {"type": "Feature", "geometry": {"type": "LineString", "coordinates": [[75.774961, 11.246353], [75.774781, 11.246264]]}, "properties": {"type": "original", "weight": 0.00020070986521926047}}, {"type": "Feature", "geometry": {"type": "LineString", "coordinates": [[75.774781, 11.246264], [75.774742, 11.246242]]}, "properties": {"type": "original", "weight": 4.544722214406464e-05}}, {"type": "Feature", "geometry": {"type": "LineString", "coordinates": [[75.774742, 11.246242], [75.774604, 11.246148]]}, "properties": {"type": "original", "weight": 0.00016628207961657854}}, {"type": "Feature", "geometry": {"type": "LineString", "coordinates": [[75.774604, 11.246148], [75.774744, 11.246053]]}, "properties": {"type": "original", "weight": 0.00016827314105409978}}, {"type": "Feature", "geometry": {"type": "LineString", "coordinates": [[75.774604, 11.246148], [75.774534, 11.246143]]}, "properties": {"type": "original", "weight": 7.007859873000408e-05}}, {"type": "Feature", "geometry": {"type": "LineString", "coordinates": [[75.774972, 11.24685], [75.774913, 11.246771]]}, "properties": {"type": "original", "weight": 9.852009947662823e-05}}, {"type": "Feature", "geometry": {"type": "LineString", "coordinates": [[75.774913, 11.246771], [75.774738, 11.246779]]}, "properties": {"type": "original", "weight": 0.00017457883605151423}}, {"type": "Feature", "geometry": {"type": "LineString", "coordinates": [[75.774738, 11.246779], [75.774481, 11.2468]]}, "properties": {"type": "original", "weight": 0.000258255222594998}}, {"type": "Feature", "geometry": {"type": "LineString", "coordinates": [[75.774481, 11.2468], [75.774171, 11.24679]]}, "properties": {"type": "original", "weight": 0.00031026443561008276}}, {"type": "Feature", "geometry": {"type": "LineString", "coordinates": [[75.774171, 11.24679], [75.774181, 11.246608]]}, "properties": {"type": "original", "weight": 0.0001826079133008907}}, {"type": "Feature", "geometry": {"type": "LineString", "coordinates": [[75.774181, 11.246608], [75.773907, 11.246574]]}, "properties": {"type": "original", "weight": 0.00027657311871193385}}, {"type": "Feature", "geometry": {"type": "LineString", "coordinates": [[75.774838, 11.245354], [75.77507, 11.245395]]}, "properties": {"type": "original", "weight": 0.0002365335071403245}}, {"type": "Feature", "geometry": {"type": "LineString", "coordinates": [[75.774119, 11.245643], [75.774293, 11.24566]]}, "properties": {"type": "original", "weight": 0.00017478835772881496}}, {"type": "Feature", "geometry": {"type": "LineString", "coordinates": [[75.774175, 11.245801], [75.774451, 11.24588]]}, "properties": {"type": "original", "weight": 0.0002872484116597177}}, {"type": "Feature", "geometry": {"type": "LineString", "coordinates": [[75.774451, 11.24588], [75.77473, 11.245924]]}, "properties": {"type": "original", "weight": 0.0002820375329646456}}, {"type": "Feature", "geometry": {"type": "LineString", "coordinates": [[75.77473, 11.245924], [75.775323, 11.245987]]}, "properties": {"type": "original", "weight": 0.0005964365934480689}}, {"type": "Feature", "geometry": {"type": "LineString", "coordinates": [[75.774121, 11.246045], [75.774534, 11.246143]]}, "properties": {"type": "original", "weight": 0.0004244041705623616}}, {"type": "Feature", "geometry": {"type": "LineString", "coordinates": [[75.773091, 11.246776], [75.773343, 11.246802]]}, "properties": {"type": "original", "weight": 0.0002531387761692462}}, {"type": "Feature", "geometry": {"type": "LineString", "coordinates": [[75.774108, 11.248445], [75.77388, 11.248397]]}, "properties": {"type": "original", "weight": 0.00023340987553817206}}, {"type": "Feature", "geometry": {"type": "LineString", "coordinates": [[75.774108, 11.248445], [75.774304, 11.248465]]}, "properties": {"type": "original", "weight": 0.00019664028071385566}}, {"type": "Feature", "geometry": {"type": "LineString", "coordinates": [[75.775847, 11.248597], [75.775627, 11.248575]]}, "properties": {"type": "original", "weight": 0.0002218037420783631}}, {"type": "Feature", "geometry": {"type": "LineString", "coordinates": [[75.775627, 11.248575], [75.775516, 11.248559]]}, "properties": {"type": "original", "weight": 0.0001115957436515188}}, {"type": "Feature", "geometry": {"type": "LineString", "coordinates": [[75.775516, 11.248559], [75.775414, 11.248544]]}, "properties": {"type": "original", "weight": 0.000103011455672098}}, {"type": "Feature", "geometry": {"type": "LineString", "coordinates": [[75.775516, 11.248559], [75.775516, 11.248175]]}, "properties": {"type": "original", "weight": 0.0003835000000016464}}, {"type": "Feature", "geometry": {"type": "LineString", "coordinates": [[75.775414, 11.248544], [75.775157, 11.248524]]}, "properties": {"type": "original", "weight": 0.000258183597460268}}, {"type": "Feature", "geometry": {"type": "LineString", "coordinates": [[75.776451, 11.250599], [75.777286, 11.25061]]}, "properties": {"type": "original", "weight": 0.0008352698246648271}}, {"type": "Feature", "geometry": {"type": "LineString", "coordinates": [[75.77267, 11.252283], [75.772211, 11.252221]]}, "properties": {"type": "original", "weight": 0.00046378233041684735}}, {"type": "Feature", "geometry": {"type": "LineString", "coordinates": [[75.77866, 11.250591], [75.77863, 11.250614]]}, "properties": {"type": "original", "weight": 3.7661917105297985e-05}}, {"type": "Feature", "geometry": {"type": "LineString", "coordinates": [[75.77863, 11.250614], [75.778547, 11.250632]]}, "properties": {"type": "original", "weight": 8.482481947076468e-05}}, {"type": "Feature", "geometry": {"type": "LineString", "coordinates": [[75.778547, 11.250632], [75.777837, 11.250654]]}, "properties": {"type": "original", "weight": 0.0007102533139701667}}, {"type": "Feature", "geometry": {"type": "LineString", "coordinates": [[75.777837, 11.250654], [75.777803, 11.250699]]}, "properties": {"type": "original", "weight": 5.6920031623429106e-05}}, {"type": "Feature", "geometry": {"type": "LineString", "coordinates": [[75.770915, 11.252767], [75.77117, 11.252842]]}, "properties": {"type": "original", "weight": 0.00026612816461284497}}, {"type": "Feature", "geometry": {"type": "LineString", "coordinates": [[75.77117, 11.252842], [75.771635, 11.253006]]}, "properties": {"type": "original", "weight": 0.0004924739282426324}}, {"type": "Feature", "geometry": {"type": "LineString", "coordinates": [[75.771635, 11.253006], [75.771895, 11.253076]]}, "properties": {"type": "original", "weight": 0.00026911722353781665}}, {"type": "Feature", "geometry": {"type": "LineString", "coordinates": [[75.771895, 11.253076], [75.772214, 11.253132]]}, "properties": {"type": "original", "weight": 0.00032395482709095025}}, {"type": "Feature", "geometry": {"type": "LineString", "coordinates": [[75.772214, 11.253132], [75.772504, 11.253168]]}, "properties": {"type": "original", "weight": 0.0002920279609860411}}, {"type": "Feature", "geometry": {"type": "LineString", "coordinates": [[75.77428, 11.253908], [75.774092, 11.253869]]}, "properties": {"type": "original", "weight": 0.0001919090670143033}}, {"type": "Feature", "geometry": {"type": "LineString", "coordinates": [[75.77428, 11.253908], [75.774265, 11.253963]]}, "properties": {"type": "original", "weight": 5.6500088495502224e-05}}, {"type": "Feature", "geometry": {"type": "LineString", "coordinates": [[75.77428, 11.253908], [75.774348, 11.253796]]}, "properties": {"type": "original", "weight": 0.00013174718213451777}}, {"type": "Feature", "geometry": {"type": "LineString", "coordinates": [[75.774092, 11.253869], [75.774052, 11.253858]]}, "properties": {"type": "original", "weight": 4.114000486103518e-05}}, {"type": "Feature", "geometry": {"type": "LineString", "coordinates": [[75.774052, 11.253858], [75.773982, 11.253845]]}, "properties": {"type": "original", "weight": 7.1449282710158e-05}}, {"type": "Feature", "geometry": {"type": "LineString", "coordinates": [[75.774052, 11.253858], [75.774102, 11.25356]]}, "properties": {"type": "original", "weight": 0.00030142557953889373}}, {"type": "Feature", "geometry": {"type": "LineString", "coordinates": [[75.773982, 11.253845], [75.773781, 11.253837]]}, "properties": {"type": "original", "weight": 0.0002013511360705135}}, {"type": "Feature", "geometry": {"type": "LineString", "coordinates": [[75.773781, 11.253837], [75.773332, 11.253805]]}, "properties": {"type": "original", "weight": 0.0004494692981750473}}, {"type": "Feature", "geometry": {"type": "LineString", "coordinates": [[75.773332, 11.253805], [75.773199, 11.254011]]}, "properties": {"type": "original", "weight": 0.00024558438468650544}}, {"type": "Feature", "geometry": {"type": "LineString", "coordinates": [[75.773199, 11.254011], [75.772956, 11.254025]]}, "properties": {"type": "original", "weight": 0.00024267579194943035}}, {"type": "Feature", "geometry": {"type": "LineString", "coordinates": [[75.772956, 11.254025], [75.772904, 11.254027]]}, "properties": {"type": "original", "weight": 5.285007094725318e-05}}, {"type": "Feature", "geometry": {"type": "LineString", "coordinates": [[75.772904, 11.254027], [75.772724, 11.254039]]}, "properties": {"type": "original", "weight": 0.00017961481008496518}}, {"type": "Feature", "geometry": {"type": "LineString", "coordinates": [[75.772711, 11.254353], [75.773048, 11.254429]]}, "properties": {"type": "original", "weight": 0.00034584172680657505}}, {"type": "Feature", "geometry": {"type": "LineString", "coordinates": [[75.773048, 11.254429], [75.773625, 11.254587]]}, "properties": {"type": "original", "weight": 0.0005984967585549654}}, {"type": "Feature", "geometry": {"type": "LineString", "coordinates": [[75.773625, 11.254587], [75.77378, 11.254631]]}, "properties": {"type": "original", "weight": 0.00016128933628210568}}, {"type": "Feature", "geometry": {"type": "LineString", "coordinates": [[75.77378, 11.254631], [75.774034, 11.254655]]}, "properties": {"type": "original", "weight": 0.000254534005592204}}, {"type": "Feature", "geometry": {"type": "LineString", "coordinates": [[75.774034, 11.254655], [75.774411, 11.254681]]}, "properties": {"type": "original", "weight": 0.0003777957252193157}}, {"type": "Feature", "geometry": {"type": "LineString", "coordinates": [[75.774034, 11.254655], [75.774022, 11.254697]]}, "properties": {"type": "original", "weight": 4.359919723958949e-05}}, {"type": "Feature", "geometry": {"type": "LineString", "coordinates": [[75.774034, 11.254655], [75.774188, 11.254104]]}, "properties": {"type": "original", "weight": 0.0005725939049626495}}, {"type": "Feature", "geometry": {"type": "LineString", "coordinates": [[75.774411, 11.254681], [75.774684, 11.254689]]}, "properties": {"type": "original", "weight": 0.0002737140296001106}}, {"type": "Feature", "geometry": {"type": "LineString", "coordinates": [[75.774684, 11.254689], [75.774816, 11.254642]]}, "properties": {"type": "original", "weight": 0.00013979556502812196}}, {"type": "Feature", "geometry": {"type": "LineString", "coordinates": [[75.774816, 11.254642], [75.774875, 11.254498]]}, "properties": {"type": "original", "weight": 0.00015626608716915716}}, {"type": "Feature", "geometry": {"type": "LineString", "coordinates": [[75.782018, 11.249744], [75.782543, 11.249665]]}, "properties": {"type": "optimized", "weight": 0.0005316027558214522}}, {"type": "Feature", "geometry": {"type": "LineString", "coordinates": [[75.782543, 11.249665], [75.782967, 11.24965]]}, "properties": {"type": "optimized", "weight": 0.000424090709629515}}, {"type": "Feature", "geometry": {"type": "LineString", "coordinates": [[75.782967, 11.24965], [75.783669, 11.24964]]}, "properties": {"type": "optimized", "weight": 0.0007018698241143484}}, {"type": "Feature", "geometry": {"type": "LineString", "coordinates": [[75.783669, 11.24964], [75.783595, 11.249949]]}, "properties": {"type": "optimized", "weight": 0.000318367397828004}}, {"type": "Feature", "geometry": {"type": "LineString", "coordinates": [[75.783669, 11.24964], [75.783687, 11.249469]]}, "properties": {"type": "optimized", "weight": 0.00017193431885486062}}, {"type": "Feature", "geometry": {"type": "LineString", "coordinates": [[75.77653, 11.252208], [75.77686, 11.252204]]}, "properties": {"type": "original", "weight": 0.0003303306525303056}}, {"type": "Feature", "geometry": {"type": "LineString", "coordinates": [[75.77686, 11.252204], [75.7773, 11.252277]]}, "properties": {"type": "original", "weight": 0.0004460310527200192}}, {"type": "Feature", "geometry": {"type": "LineString", "coordinates": [[75.77686, 11.252204], [75.776857, 11.251883]]}, "properties": {"type": "original", "weight": 0.000320911358477961}}, {"type": "Feature", "geometry": {"type": "LineString", "coordinates": [[75.7773, 11.252277], [75.777788, 11.252295]]}, "properties": {"type": "original", "weight": 0.00048801746895747034}}, {"type": "Feature", "geometry": {"type": "LineString", "coordinates": [[75.7773, 11.252277], [75.777214, 11.252443]]}, "properties": {"type": "original", "weight": 0.00018664217100631162}}, {"type": "Feature", "geometry": {"type": "LineString", "coordinates": [[75.777788, 11.252295], [75.777952, 11.252327]]}, "properties": {"type": "original", "weight": 0.00016716985373977904}}, {"type": "Feature", "geometry": {"type": "LineString", "coordinates": [[75.777952, 11.252327], [75.778365, 11.252304]]}, "properties": {"type": "original", "weight": 0.0004137792889964688}}, {"type": "Feature", "geometry": {"type": "LineString", "coordinates": [[75.778365, 11.252304], [75.778753, 11.252282]]}, "properties": {"type": "original", "weight": 0.0003891111537848589}}, {"type": "Feature", "geometry": {"type": "LineString", "coordinates": [[75.777214, 11.252443], [75.777192, 11.252666]]}, "properties": {"type": "original", "weight": 0.00022386397655800258}}, {"type": "Feature", "geometry": {"type": "LineString", "coordinates": [[75.777192, 11.252666], [75.777205, 11.25294]]}, "properties": {"type": "original", "weight": 0.0002739279467304101}}, {"type": "Feature", "geometry": {"type": "LineString", "coordinates": [[75.777205, 11.25294], [75.777216, 11.252971]]}, "properties": {"type": "original", "weight": 3.336240399129221e-05}}, {"type": "Feature", "geometry": {"type": "LineString", "coordinates": [[75.777216, 11.252971], [75.777281, 11.253004]]}, "properties": {"type": "original", "weight": 7.240393636112388e-05}}, {"type": "Feature", "geometry": {"type": "LineString", "coordinates": [[75.777281, 11.253004], [75.777412, 11.253109]]}, "properties": {"type": "original", "weight": 0.00016838660873153303}}, {"type": "Feature", "geometry": {"type": "LineString", "coordinates": [[75.777412, 11.253109], [75.777534, 11.253233]]}, "properties": {"type": "original", "weight": 0.0001742408103721094}}, {"type": "Feature", "geometry": {"type": "LineString", "coordinates": [[75.777534, 11.253233], [75.777584, 11.253287]]}, "properties": {"type": "original", "weight": 7.289252361929075e-05}}, {"type": "Feature", "geometry": {"type": "LineString", "coordinates": [[75.777534, 11.253233], [75.777579, 11.253067]]}, "properties": {"type": "original", "weight": 0.00017241496454963335}}, {"type": "Feature", "geometry": {"type": "LineString", "coordinates": [[75.777534, 11.253233], [75.777324, 11.253238]]}, "properties": {"type": "original", "weight": 0.00021015035094339775}}, {"type": "Feature", "geometry": {"type": "LineString", "coordinates": [[75.777584, 11.253287], [75.777629, 11.253412]]}, "properties": {"type": "original", "weight": 0.0001331018407094069}}, {"type": "Feature", "geometry": {"type": "LineString", "coordinates": [[75.777629, 11.253412], [75.777619, 11.25363]]}, "properties": {"type": "original", "weight": 0.00021761629075115472}}, {"type": "Feature", "geometry": {"type": "LineString", "coordinates": [[75.777629, 11.253412], [75.777833, 11.253443]]}, "properties": {"type": "original", "weight": 0.00020718711349882918}}, {"type": "Feature", "geometry": {"type": "LineString", "coordinates": [[75.777619, 11.25363], [75.777597, 11.253711]]}, "properties": {"type": "original", "weight": 8.43594689391984e-05}}, {"type": "Feature", "geometry": {"type": "LineString", "coordinates": [[75.777597, 11.253711], [75.777565, 11.253735]]}, "properties": {"type": "original", "weight": 3.998162077150234e-05}}, {"type": "Feature", "geometry": {"type": "LineString", "coordinates": [[75.777597, 11.253711], [75.777592, 11.253884]]}, "properties": {"type": "original", "weight": 0.00017289731056276602}}, {"type": "Feature", "geometry": {"type": "LineString", "coordinates": [[75.777565, 11.253735], [75.777418, 11.253727]]}, "properties": {"type": "original", "weight": 0.0001477114078307094}}, {"type": "Feature", "geometry": {"type": "LineString", "coordinates": [[75.777418, 11.253727], [75.777238, 11.253719]]}, "properties": {"type": "original", "weight": 0.00017987356669697222}}, {"type": "Feature", "geometry": {"type": "LineString", "coordinates": [[75.777418, 11.253727], [75.777249, 11.253585]]}, "properties": {"type": "original", "weight": 0.0002203147294131729}}, {"type": "Feature", "geometry": {"type": "LineString", "coordinates": [[75.777238, 11.253719], [75.777144, 11.253785]]}, "properties": {"type": "original", "weight": 0.00011460235600530108}}, {"type": "Feature", "geometry": {"type": "LineString", "coordinates": [[75.777144, 11.253785], [75.776999, 11.253766]]}, "properties": {"type": "original", "weight": 0.00014606358204079632}}, {"type": "Feature", "geometry": {"type": "LineString", "coordinates": [[75.776999, 11.253766], [75.776852, 11.25374]]}, "properties": {"type": "original", "weight": 0.00014982636616810998}}, {"type": "Feature", "geometry": {"type": "LineString", "coordinates": [[75.776852, 11.25374], [75.776769, 11.253714]]}, "properties": {"type": "original", "weight": 8.716249193096057e-05}}, {"type": "Feature", "geometry": {"type": "LineString", "coordinates": [[75.776769, 11.253714], [75.776723, 11.253614]]}, "properties": {"type": "original", "weight": 0.00010981516289074548}}, {"type": "Feature", "geometry": {"type": "LineString", "coordinates": [[75.776723, 11.253614], [75.776702, 11.253522]]}, "properties": {"type": "original", "weight": 9.457621265453845e-05}}, {"type": "Feature", "geometry": {"type": "LineString", "coordinates": [[75.776702, 11.253522], [75.776691, 11.25338]]}, "properties": {"type": "original", "weight": 0.0001425022806824571}}, {"type": "Feature", "geometry": {"type": "LineString", "coordinates": [[75.776691, 11.25338], [75.776704, 11.253243]]}, "properties": {"type": "original", "weight": 0.00013685759021704177}}, {"type": "Feature", "geometry": {"type": "LineString", "coordinates": [[75.776704, 11.253243], [75.776702, 11.253132]]}, "properties": {"type": "original", "weight": 0.00011113280343810616}}, {"type": "Feature", "geometry": {"type": "LineString", "coordinates": [[75.777592, 11.253884], [75.777533, 11.254179]]}, "properties": {"type": "original", "weight": 0.0003004499292743362}}, {"type": "Feature", "geometry": {"type": "LineString", "coordinates": [[75.777533, 11.254179], [75.777415, 11.254607]]}, "properties": {"type": "original", "weight": 0.00044479285065884724}}, {"type": "Feature", "geometry": {"type": "LineString", "coordinates": [[75.777415, 11.254607], [75.777926, 11.254654]]}, "properties": {"type": "original", "weight": 0.0005132290911445618}}, {"type": "Feature", "geometry": {"type": "LineString", "coordinates": [[75.777833, 11.253443], [75.77797, 11.253451]]}, "properties": {"type": "original", "weight": 0.00013702791687070925}}, {"type": "Feature", "geometry": {"type": "LineString", "coordinates": [[75.77797, 11.253451], [75.778236, 11.253552]]}, "properties": {"type": "original", "weight": 0.00028452045620142936}}, {"type": "Feature", "geometry": {"type": "LineString", "coordinates": [[75.776678, 11.249534], [75.776876, 11.249581]]}, "properties": {"type": "original", "weight": 0.00020408089082143123}}, {"type": "Feature", "geometry": {"type": "LineString", "coordinates": [[75.776876, 11.249581], [75.777069, 11.249622]]}, "properties": {"type": "original", "weight": 0.0001970760766804525}}, {"type": "Feature", "geometry": {"type": "LineString", "coordinates": [[75.777069, 11.249622], [75.77716, 11.249667]]}, "properties": {"type": "original", "weight": 0.0001015653976509866}}, {"type": "Feature", "geometry": {"type": "LineString", "coordinates": [[75.77716, 11.249667], [75.777211, 11.249764]]}, "properties": {"type": "original", "weight": 0.00010980938029400347}}, {"type": "Feature", "geometry": {"type": "LineString", "coordinates": [[75.777211, 11.249764], [75.77723, 11.249841]]}, "properties": {"type": "original", "weight": 7.858199539143124e-05}}, {"type": "Feature", "geometry": {"type": "LineString", "coordinates": [[75.777211, 11.249764], [75.77733, 11.249396]]}, "properties": {"type": "original", "weight": 0.00038679587639795453}}, {"type": "Feature", "geometry": {"type": "LineString", "coordinates": [[75.77723, 11.249841], [75.777297, 11.249873]]}, "properties": {"type": "original", "weight": 7.487329296906836e-05}}, {"type": "Feature", "geometry": {"type": "LineString", "coordinates": [[75.777297, 11.249873], [75.777447, 11.249909]]}, "properties": {"type": "original", "weight": 0.000154065051198415}}, {"type": "Feature", "geometry": {"type": "LineString", "coordinates": [[75.777447, 11.249909], [75.777578, 11.249925]]}, "properties": {"type": "original", "weight": 0.00013234651487743088}}, {"type": "Feature", "geometry": {"type": "LineString", "coordinates": [[75.777578, 11.249925], [75.777742, 11.249949]]}, "properties": {"type": "original", "weight": 0.00016530774330873562}}, {"type": "Feature", "geometry": {"type": "LineString", "coordinates": [[75.777579, 11.253067], [75.777592, 11.252956]]}, "properties": {"type": "original", "weight": 0.00011130952340202418}}, {"type": "Feature", "geometry": {"type": "LineString", "coordinates": [[75.777592, 11.252956], [75.777632, 11.252883]]}, "properties": {"type": "original", "weight": 8.395075937050332e-05}}, {"type": "Feature", "geometry": {"type": "LineString", "coordinates": [[75.777632, 11.252883], [75.77771, 11.252834]]}, "properties": {"type": "original", "weight": 9.112831613445729e-05}}, {"type": "Feature", "geometry": {"type": "LineString", "coordinates": [[75.77771, 11.252834], [75.777748, 11.252785]]}, "properties": {"type": "original", "weight": 6.216622877584941e-05}}, {"type": "Feature", "geometry": {"type": "LineString", "coordinates": [[75.775688, 11.255546], [75.775739, 11.255271]]}, "properties": {"type": "original", "weight": 0.00027925937764310403}}, {"type": "Feature", "geometry": {"type": "LineString", "coordinates": [[75.775739, 11.255271], [75.775766, 11.254934]]}, "properties": {"type": "original", "weight": 0.0003377649034462911}}, {"type": "Feature", "geometry": {"type": "LineString", "coordinates": [[75.775766, 11.254934], [75.775792, 11.254542]]}, "properties": {"type": "original", "weight": 0.00039282212259491146}}, {"type": "Feature", "geometry": {"type": "LineString", "coordinates": [[75.775792, 11.254542], [75.775792, 11.254264]]}, "properties": {"type": "original", "weight": 0.00027889999999963777}}, {"type": "Feature", "geometry": {"type": "LineString", "coordinates": [[75.792982, 11.252674], [75.792726, 11.252837]]}, "properties": {"type": "original", "weight": 0.00030432405425939875}}, {"type": "Feature", "geometry": {"type": "LineString", "coordinates": [[75.792982, 11.252674], [75.793181, 11.252586]]}, "properties": {"type": "original", "weight": 0.00021745716819741154}}, {"type": "Feature", "geometry": {"type": "LineString", "coordinates": [[75.792982, 11.252674], [75.792924, 11.252629]]}, "properties": {"type": "original", "weight": 7.402499578789909e-05}}, {"type": "Feature", "geometry": {"type": "LineString", "coordinates": [[75.792598, 11.252844], [75.792517, 11.25297]]}, "properties": {"type": "original", "weight": 0.00014995229241590214}}, {"type": "Feature", "geometry": {"type": "LineString", "coordinates": [[75.792517, 11.25297], [75.792425, 11.25324]]}, "properties": {"type": "original", "weight": 0.0002850867411868775}}, {"type": "Feature", "geometry": {"type": "LineString", "coordinates": [[75.792425, 11.25324], [75.792289, 11.253527]]}, "properties": {"type": "original", "weight": 0.00031755958496024704}}, {"type": "Feature", "geometry": {"type": "LineString", "coordinates": [[75.791894, 11.254847], [75.79185, 11.255158]]}, "properties": {"type": "original", "weight": 0.0003145493919862906}}, {"type": "Feature", "geometry": {"type": "LineString", "coordinates": [[75.79185, 11.255158], [75.791854, 11.255294]]}, "properties": {"type": "original", "weight": 0.00013576811113201568}}, {"type": "Feature", "geometry": {"type": "LineString", "coordinates": [[75.791854, 11.255294], [75.791801, 11.255399]]}, "properties": {"type": "original", "weight": 0.00011771151175612154}}, {"type": "Feature", "geometry": {"type": "LineString", "coordinates": [[75.791801, 11.255399], [75.791803, 11.255724]]}, "properties": {"type": "original", "weight": 0.00032540743691686456}}, {"type": "Feature", "geometry": {"type": "LineString", "coordinates": [[75.791803, 11.255724], [75.791818, 11.256732]]}, "properties": {"type": "original", "weight": 0.001007707224345794}}, {"type": "Feature", "geometry": {"type": "LineString", "coordinates": [[75.791818, 11.256732], [75.791755, 11.257264]]}, "properties": {"type": "original", "weight": 0.0005365642272819355}}, {"type": "Feature", "geometry": {"type": "LineString", "coordinates": [[75.791755, 11.257264], [75.791649, 11.257728]]}, "properties": {"type": "original", "weight": 0.00047596791908698717}}, {"type": "Feature", "geometry": {"type": "LineString", "coordinates": [[75.791649, 11.257728], [75.791556, 11.258194]]}, "properties": {"type": "original", "weight": 0.00047430716840688656}}, {"type": "Feature", "geometry": {"type": "LineString", "coordinates": [[75.791556, 11.258194], [75.791505, 11.258379]]}, "properties": {"type": "original", "weight": 0.0001926822513847811}}, {"type": "Feature", "geometry": {"type": "LineString", "coordinates": [[75.791505, 11.258379], [75.791518, 11.258614]]}, "properties": {"type": "original", "weight": 0.0002353760608043653}}, {"type": "Feature", "geometry": {"type": "LineString", "coordinates": [[75.791518, 11.258614], [75.791443, 11.258924]]}, "properties": {"type": "original", "weight": 0.00031816921598165523}}, {"type": "Feature", "geometry": {"type": "LineString", "coordinates": [[75.791443, 11.258924], [75.791403, 11.259089]]}, "properties": {"type": "original", "weight": 0.00017004449418079465}}, {"type": "Feature", "geometry": {"type": "LineString", "coordinates": [[75.794533, 11.252404], [75.793678, 11.25242]]}, "properties": {"type": "optimized", "weight": 0.0008549592329452907}}, {"type": "Feature", "geometry": {"type": "LineString", "coordinates": [[75.7989, 11.245914], [75.798755, 11.245914]]}, "properties": {"type": "original", "weight": 0.00014489999999511838}}, {"type": "Feature", "geometry": {"type": "LineString", "coordinates": [[75.7989, 11.245914], [75.798918, 11.245827]]}, "properties": {"type": "original", "weight": 8.879149734036632e-05}}, {"type": "Feature", "geometry": {"type": "LineString", "coordinates": [[75.798755, 11.245914], [75.798567, 11.245924]]}, "properties": {"type": "original", "weight": 0.0001879934573450644}}, {"type": "Feature", "geometry": {"type": "LineString", "coordinates": [[75.798567, 11.245924], [75.798551, 11.246066]]}, "properties": {"type": "original", "weight": 0.00014300916054503577}}, {"type": "Feature", "geometry": {"type": "LineString", "coordinates": [[75.798551, 11.246066], [75.798552, 11.246154]]}, "properties": {"type": "original", "weight": 8.760964558832681e-05}}, {"type": "Feature", "geometry": {"type": "LineString", "coordinates": [[75.798552, 11.246154], [75.798005, 11.24627]]}, "properties": {"type": "original", "weight": 0.0005593187642120071}}, {"type": "Feature", "geometry": {"type": "LineString", "coordinates": [[75.798005, 11.24627], [75.798009, 11.246456]]}, "properties": {"type": "original", "weight": 0.00018594302890913858}}, {"type": "Feature", "geometry": {"type": "LineString", "coordinates": [[75.798009, 11.246456], [75.797741, 11.246479]]}, "properties": {"type": "original", "weight": 0.00026914549968325895}}, {"type": "Feature", "geometry": {"type": "LineString", "coordinates": [[75.797741, 11.246479], [75.797704, 11.245496]]}, "properties": {"type": "original", "weight": 0.0009842994310672447}}, {"type": "Feature", "geometry": {"type": "LineString", "coordinates": [[75.797741, 11.246479], [75.797709, 11.246429]]}, "properties": {"type": "original", "weight": 5.947133763008647e-05}}, {"type": "Feature", "geometry": {"type": "LineString", "coordinates": [[75.797704, 11.245496], [75.797913, 11.245482]]}, "properties": {"type": "original", "weight": 0.00020912974441893286}}, {"type": "Feature", "geometry": {"type": "LineString", "coordinates": [[75.797704, 11.245496], [75.797602, 11.245551]]}, "properties": {"type": "original", "weight": 0.00011623579483347378}}, {"type": "Feature", "geometry": {"type": "LineString", "coordinates": [[75.797913, 11.245482], [75.798208, 11.245446]]}, "properties": {"type": "original", "weight": 0.00029738569232807703}}, {"type": "Feature", "geometry": {"type": "LineString", "coordinates": [[75.798208, 11.245446], [75.798449, 11.245498]]}, "properties": {"type": "original", "weight": 0.0002470642021755853}}, {"type": "Feature", "geometry": {"type": "LineString", "coordinates": [[75.798449, 11.245498], [75.798535, 11.245511]]}, "properties": {"type": "original", "weight": 8.679429705553995e-05}}, {"type": "Feature", "geometry": {"type": "LineString", "coordinates": [[75.798535, 11.245511], [75.798648, 11.245598]]}, "properties": {"type": "original", "weight": 0.0001421724305156006}}, {"type": "Feature", "geometry": {"type": "LineString", "coordinates": [[75.798648, 11.245598], [75.798868, 11.245603]]}, "properties": {"type": "original", "weight": 0.00022006383164768184}}, {"type": "Feature", "geometry": {"type": "LineString", "coordinates": [[75.798868, 11.245603], [75.798901, 11.245686]]}, "properties": {"type": "original", "weight": 8.885685117017214e-05}}, {"type": "Feature", "geometry": {"type": "LineString", "coordinates": [[75.798901, 11.245686], [75.798739, 11.245667]]}, "properties": {"type": "original", "weight": 0.0001634317288649672}}, {"type": "Feature", "geometry": {"type": "LineString", "coordinates": [[75.798739, 11.245667], [75.798664, 11.245688]]}, "properties": {"type": "original", "weight": 7.798083096778584e-05}}, {"type": "Feature", "geometry": {"type": "LineString", "coordinates": [[75.798664, 11.245688], [75.798637, 11.24573]]}, "properties": {"type": "original", "weight": 4.990641241387559e-05}}, {"type": "Feature", "geometry": {"type": "LineString", "coordinates": [[75.798637, 11.24573], [75.798642, 11.245814]]}, "properties": {"type": "original", "weight": 8.447277667858076e-05}}, {"type": "Feature", "geometry": {"type": "LineString", "coordinates": [[75.798642, 11.245814], [75.798649, 11.245849]]}, "properties": {"type": "original", "weight": 3.5537304342785655e-05}}, {"type": "Feature", "geometry": {"type": "LineString", "coordinates": [[75.798649, 11.245849], [75.79879, 11.245853]]}, "properties": {"type": "original", "weight": 0.00014087189215435743}}, {"type": "Feature", "geometry": {"type": "LineString", "coordinates": [[75.79879, 11.245853], [75.798918, 11.245827]]}, "properties": {"type": "original", "weight": 0.0001313597350835708}}, {"type": "Feature", "geometry": {"type": "LineString", "coordinates": [[75.797709, 11.246429], [75.797463, 11.246438]]}, "properties": {"type": "original", "weight": 0.00024565410642340794}}, {"type": "Feature", "geometry": {"type": "LineString", "coordinates": [[75.797709, 11.246429], [75.797709, 11.246285]]}, "properties": {"type": "original", "weight": 0.00014470003455413835}}, {"type": "Feature", "geometry": {"type": "LineString", "coordinates": [[75.797463, 11.246438], [75.797467, 11.24629]]}, "properties": {"type": "original", "weight": 0.00014815674132534376}}, {"type": "Feature", "geometry": {"type": "LineString", "coordinates": [[75.797467, 11.24629], [75.797709, 11.246285]]}, "properties": {"type": "original", "weight": 0.00024135819853387042}}, {"type": "Feature", "geometry": {"type": "LineString", "coordinates": [[75.797602, 11.245551], [75.79749, 11.245517]]}, "properties": {"type": "original", "weight": 0.00011620348530438596}}, {"type": "Feature", "geometry": {"type": "LineString", "coordinates": [[75.79749, 11.245517], [75.79742, 11.245264]]}, "properties": {"type": "original", "weight": 0.0002631475061647788}}, {"type": "Feature", "geometry": {"type": "LineString", "coordinates": [[75.79742, 11.245264], [75.797117, 11.245263]]}, "properties": {"type": "original", "weight": 0.00030310164962675447}}, {"type": "Feature", "geometry": {"type": "LineString", "coordinates": [[75.797117, 11.245263], [75.797121, 11.244957]]}, "properties": {"type": "original", "weight": 0.000306234550631589}}, {"type": "Feature", "geometry": {"type": "LineString", "coordinates": [[75.797117, 11.245263], [75.797116, 11.24532]]}, "properties": {"type": "original", "weight": 5.680563352279e-05}}, {"type": "Feature", "geometry": {"type": "LineString", "coordinates": [[75.786635, 11.253473], [75.786389, 11.253398]]}, "properties": {"type": "original", "weight": 0.00025684002803014075}}, {"type": "Feature", "geometry": {"type": "LineString", "coordinates": [[75.786635, 11.253473], [75.786684, 11.253337]]}, "properties": {"type": "original", "weight": 0.00014548859061656966}}, {"type": "Feature", "geometry": {"type": "LineString", "coordinates": [[75.786635, 11.253473], [75.786586, 11.253615]]}, "properties": {"type": "original", "weight": 0.00014935718931537273}}, {"type": "Feature", "geometry": {"type": "LineString", "coordinates": [[75.786684, 11.253337], [75.786453, 11.253256]]}, "properties": {"type": "original", "weight": 0.00024529003240360113}}, {"type": "Feature", "geometry": {"type": "LineString", "coordinates": [[75.786493, 11.253911], [75.78654, 11.253773]]}, "properties": {"type": "original", "weight": 0.0001462272204464691}}, {"type": "Feature", "geometry": {"type": "LineString", "coordinates": [[75.786493, 11.253911], [75.786321, 11.253859]]}, "properties": {"type": "original", "weight": 0.00017924787307108895}}, {"type": "Feature", "geometry": {"type": "LineString", "coordinates": [[75.78654, 11.253773], [75.786266, 11.253679]]}, "properties": {"type": "original", "weight": 0.0002891975968033454}}, {"type": "Feature", "geometry": {"type": "LineString", "coordinates": [[75.78654, 11.253773], [75.786579, 11.253708]]}, "properties": {"type": "original", "weight": 7.549543032887176e-05}}, {"type": "Feature", "geometry": {"type": "LineString", "coordinates": [[75.786836, 11.253693], [75.786586, 11.253615]]}, "properties": {"type": "original", "weight": 0.0002619694066108412}}, {"type": "Feature", "geometry": {"type": "LineString", "coordinates": [[75.786586, 11.253615], [75.786321, 11.253528]]}, "properties": {"type": "original", "weight": 0.00027907463159616125}}, {"type": "Feature", "geometry": {"type": "LineString", "coordinates": [[75.786586, 11.253615], [75.786579, 11.253708]]}, "properties": {"type": "original", "weight": 9.344308428161816e-05}}, {"type": "Feature", "geometry": {"type": "LineString", "coordinates": [[75.787455, 11.245456], [75.787284, 11.245422]]}, "properties": {"type": "optimized", "weight": 0.0001737589134420772}}, {"type": "Feature", "geometry": {"type": "LineString", "coordinates": [[75.787284, 11.245422], [75.787215, 11.245443]]}, "properties": {"type": "optimized", "weight": 7.271347880633695e-05}}, {"type": "Feature", "geometry": {"type": "LineString", "coordinates": [[75.787215, 11.245443], [75.787199, 11.24561]]}, "properties": {"type": "optimized", "weight": 0.00016784531569327213}}, {"type": "Feature", "geometry": {"type": "LineString", "coordinates": [[75.787215, 11.245443], [75.787281, 11.245177]]}, "properties": {"type": "optimized", "weight": 0.0002743321526913546}}, {"type": "Feature", "geometry": {"type": "LineString", "coordinates": [[75.787199, 11.24561], [75.787064, 11.245644]]}, "properties": {"type": "optimized", "weight": 0.00013979756793993788}}, {"type": "Feature", "geometry": {"type": "LineString", "coordinates": [[75.787199, 11.24561], [75.787254, 11.245688]]}, "properties": {"type": "original", "weight": 9.54410813035734e-05}}, {"type": "Feature", "geometry": {"type": "LineString", "coordinates": [[75.785779, 11.245494], [75.785599, 11.245496]]}, "properties": {"type": "optimized", "weight": 0.00017981345889354357}}, {"type": "Feature", "geometry": {"type": "LineString", "coordinates": [[75.785599, 11.245496], [75.7855, 11.245559]]}, "properties": {"type": "optimized", "weight": 0.00011752297647427835}}, {"type": "Feature", "geometry": {"type": "LineString", "coordinates": [[75.785599, 11.245496], [75.785684, 11.244675]]}, "properties": {"type": "original", "weight": 0.0008253095479870167}}, {"type": "Feature", "geometry": {"type": "LineString", "coordinates": [[75.7855, 11.245559], [75.785393, 11.245656]]}, "properties": {"type": "optimized", "weight": 0.00014405960572562296}}, {"type": "Feature", "geometry": {"type": "LineString", "coordinates": [[75.785393, 11.245656], [75.785495, 11.246781]]}, "properties": {"type": "original", "weight": 0.0011296145360266227}}, {"type": "Feature", "geometry": {"type": "LineString", "coordinates": [[75.788852, 11.24562], [75.788782, 11.245607]]}, "properties": {"type": "optimized", "weight": 7.152852576882261e-05}}, {"type": "Feature", "geometry": {"type": "LineString", "coordinates": [[75.788782, 11.245607], [75.788532, 11.24556]]}, "properties": {"type": "optimized", "weight": 0.0002540478891839604}}, {"type": "Feature", "geometry": {"type": "LineString", "coordinates": [[75.788782, 11.245607], [75.788821, 11.245055]]}, "properties": {"type": "original", "weight": 0.00055279874276159}}, {"type": "Feature", "geometry": {"type": "LineString", "coordinates": [[75.794965, 11.247979], [75.794342, 11.247943]]}, "properties": {"type": "optimized", "weight": 0.0006239336663422619}}, {"type": "Feature", "geometry": {"type": "LineString", "coordinates": [[75.794965, 11.247979], [75.795406, 11.248004]]}, "properties": {"type": "optimized", "weight": 0.0004408323604332357}}, {"type": "Feature", "geometry": {"type": "LineString", "coordinates": [[75.794342, 11.247943], [75.794343, 11.24789]]}, "properties": {"type": "original", "weight": 5.280606025704984e-05}}, {"type": "Feature", "geometry": {"type": "LineString", "coordinates": [[75.793124, 11.247872], [75.792958, 11.247862]]}, "properties": {"type": "optimized", "weight": 0.00016638299192050395}}, {"type": "Feature", "geometry": {"type": "LineString", "coordinates": [[75.793124, 11.247872], [75.793124, 11.247898]]}, "properties": {"type": "original", "weight": 2.6701685339567212e-05}}, {"type": "Feature", "geometry": {"type": "LineString", "coordinates": [[75.792958, 11.247862], [75.792639, 11.247857]]}, "properties": {"type": "optimized", "weight": 0.00031854244615710426}}, {"type": "Feature", "geometry": {"type": "LineString", "coordinates": [[75.792639, 11.247857], [75.79223, 11.24785]]}, "properties": {"type": "optimized", "weight": 0.00040945482045775985}}, {"type": "Feature", "geometry": {"type": "LineString", "coordinates": [[75.792639, 11.247857], [75.792704, 11.247113]]}, "properties": {"type": "original", "weight": 0.0007459849864445434}}, {"type": "Feature", "geometry": {"type": "LineString", "coordinates": [[75.79223, 11.24785], [75.792078, 11.247838]]}, "properties": {"type": "optimized", "weight": 0.00015225022167231133}}, {"type": "Feature", "geometry": {"type": "LineString", "coordinates": [[75.79223, 11.24785], [75.792078, 11.247838]]}, "properties": {"type": "optimized", "weight": 0.00015247294842028975}}, {"type": "Feature", "geometry": {"type": "LineString", "coordinates": [[75.79223, 11.24785], [75.792639, 11.247857]]}, "properties": {"type": "optimized", "weight": 0.00040905989780504757}}, {"type": "Feature", "geometry": {"type": "LineString", "coordinates": [[75.792078, 11.247838], [75.791726, 11.247811]]}, "properties": {"type": "optimized", "weight": 0.00035314904785435793}}, {"type": "Feature", "geometry": {"type": "LineString", "coordinates": [[75.792078, 11.247838], [75.792077, 11.247884]]}, "properties": {"type": "original", "weight": 4.591568359496913e-05}}, {"type": "Feature", "geometry": {"type": "LineString", "coordinates": [[75.791726, 11.247811], [75.79132, 11.24779]]}, "properties": {"type": "optimized", "weight": 0.0004071575248035959}}, {"type": "Feature", "geometry": {"type": "LineString", "coordinates": [[75.79132, 11.24779], [75.791225, 11.247784]]}, "properties": {"type": "optimized", "weight": 9.50592446780533e-05}}, {"type": "Feature", "geometry": {"type": "LineString", "coordinates": [[75.791225, 11.247784], [75.79072, 11.247755]]}, "properties": {"type": "optimized", "weight": 0.0005051562629552001}}, {"type": "Feature", "geometry": {"type": "LineString", "coordinates": [[75.791225, 11.247784], [75.791095, 11.248176]]}, "properties": {"type": "optimized", "weight": 0.0004124249507502577}}, {"type": "Feature", "geometry": {"type": "LineString", "coordinates": [[75.791225, 11.247784], [75.791227, 11.247584]]}, "properties": {"type": "optimized", "weight": 0.00020071317844001058}}, {"type": "Feature", "geometry": {"type": "LineString", "coordinates": [[75.79072, 11.247755], [75.790394, 11.247736]]}, "properties": {"type": "optimized", "weight": 0.0003267528729824428}}, {"type": "Feature", "geometry": {"type": "LineString", "coordinates": [[75.79072, 11.247755], [75.790706, 11.248043]]}, "properties": {"type": "original", "weight": 0.0002888641549242913}}, {"type": "Feature", "geometry": {"type": "LineString", "coordinates": [[75.790394, 11.247736], [75.789967, 11.247725]]}, "properties": {"type": "optimized", "weight": 0.0004268291695804563}}, {"type": "Feature", "geometry": {"type": "LineString", "coordinates": [[75.789967, 11.247725], [75.789425, 11.247712]]}, "properties": {"type": "optimized", "weight": 0.0005420656510072515}}, {"type": "Feature", "geometry": {"type": "LineString", "coordinates": [[75.789967, 11.247725], [75.789941, 11.248177]]}, "properties": {"type": "original", "weight": 0.0004519952212142477}}, {"type": "Feature", "geometry": {"type": "LineString", "coordinates": [[75.789425, 11.247712], [75.789485, 11.247356]]}, "properties": {"type": "original", "weight": 0.00036125055017317007}}, {"type": "Feature", "geometry": {"type": "LineString", "coordinates": [[75.787665, 11.251887], [75.787683, 11.2519]]}, "properties": {"type": "optimized", "weight": 2.235732541182699e-05}}, {"type": "Feature", "geometry": {"type": "LineString", "coordinates": [[75.787683, 11.2519], [75.787705, 11.251906]]}, "properties": {"type": "optimized", "weight": 2.24722050645549e-05}}, {"type": "Feature", "geometry": {"type": "LineString", "coordinates": [[75.787755, 11.251892], [75.787775, 11.251868]]}, "properties": {"type": "optimized", "weight": 3.0938164133242e-05}}, {"type": "Feature", "geometry": {"type": "LineString", "coordinates": [[75.787775, 11.251868], [75.787781, 11.251838]]}, "properties": {"type": "optimized", "weight": 3.069609095650188e-05}}, {"type": "Feature", "geometry": {"type": "LineString", "coordinates": [[75.787781, 11.251838], [75.787775, 11.251812]]}, "properties": {"type": "optimized", "weight": 2.731300056780108e-05}}, {"type": "Feature", "geometry": {"type": "LineString", "coordinates": [[75.787781, 11.251838], [75.787989, 11.251816]]}, "properties": {"type": "optimized", "weight": 0.0002092026768478361}}, {"type": "Feature", "geometry": {"type": "LineString", "coordinates": [[75.787722, 11.251773], [75.787683, 11.251779]]}, "properties": {"type": "optimized", "weight": 4.008241509099976e-05}}, {"type": "Feature", "geometry": {"type": "LineString", "coordinates": [[75.790547, 11.2521], [75.790432, 11.252081]]}, "properties": {"type": "optimized", "weight": 0.00011685499561864288}}, {"type": "Feature", "geometry": {"type": "LineString", "coordinates": [[75.790547, 11.2521], [75.790547, 11.251533]]}, "properties": {"type": "original", "weight": 0.0005669999999984299}}, {"type": "Feature", "geometry": {"type": "LineString", "coordinates": [[75.790432, 11.252081], [75.789903, 11.252007]]}, "properties": {"type": "optimized", "weight": 0.0005341784720484435}}, {"type": "Feature", "geometry": {"type": "LineString", "coordinates": [[75.789903, 11.252007], [75.78953, 11.251974]]}, "properties": {"type": "optimized", "weight": 0.0003744657661218719}}, {"type": "Feature", "geometry": {"type": "LineString", "coordinates": [[75.78953, 11.251974], [75.789363, 11.251958]]}, "properties": {"type": "optimized", "weight": 0.00016743768989682813}}, {"type": "Feature", "geometry": {"type": "LineString", "coordinates": [[75.789363, 11.251958], [75.789413, 11.251629]]}, "properties": {"type": "original", "weight": 0.00033276269322115096}}, {"type": "Feature", "geometry": {"type": "LineString", "coordinates": [[75.788762, 11.251932], [75.788312, 11.251842]]}, "properties": {"type": "optimized", "weight": 0.0004589117562240926}}, {"type": "Feature", "geometry": {"type": "LineString", "coordinates": [[75.788762, 11.251932], [75.788739, 11.251059]]}, "properties": {"type": "original", "weight": 0.0008726084631734204}}, {"type": "Feature", "geometry": {"type": "LineString", "coordinates": [[75.788312, 11.251842], [75.787989, 11.251816]]}, "properties": {"type": "optimized", "weight": 0.00032422812956009353}}, {"type": "Feature", "geometry": {"type": "LineString", "coordinates": [[75.774102, 11.25356], [75.774109, 11.25322]]}, "properties": {"type": "original", "weight": 0.00033997002809093354}}, {"type": "Feature", "geometry": {"type": "LineString", "coordinates": [[75.774109, 11.25322], [75.773994, 11.252984]]}, "properties": {"type": "original", "weight": 0.00026293658931357306}}, {"type": "Feature", "geometry": {"type": "LineString", "coordinates": [[75.77388, 11.256258], [75.773955, 11.255387]]}, "properties": {"type": "original", "weight": 0.0008742059482748188}}, {"type": "Feature", "geometry": {"type": "LineString", "coordinates": [[75.773955, 11.255387], [75.77397, 11.255038]]}, "properties": {"type": "original", "weight": 0.00034972183231945885}}, {"type": "Feature", "geometry": {"type": "LineString", "coordinates": [[75.77397, 11.255038], [75.773972, 11.254978]]}, "properties": {"type": "original", "weight": 5.945687512779766e-05}}, {"type": "Feature", "geometry": {"type": "LineString", "coordinates": [[75.773972, 11.254978], [75.774022, 11.254697]]}, "properties": {"type": "original", "weight": 0.00028577263689894325}}, {"type": "Feature", "geometry": {"type": "LineString", "coordinates": [[75.774188, 11.254104], [75.774265, 11.253963]]}, "properties": {"type": "original", "weight": 0.00016014471580470308}}, {"type": "Feature", "geometry": {"type": "LineString", "coordinates": [[75.774265, 11.253963], [75.774373, 11.253991]]}, "properties": {"type": "original", "weight": 0.00011193288167643158}}, {"type": "Feature", "geometry": {"type": "LineString", "coordinates": [[75.774348, 11.253796], [75.774457, 11.25351]]}, "properties": {"type": "original", "weight": 0.0003063607840404767}}, {"type": "Feature", "geometry": {"type": "LineString", "coordinates": [[75.774457, 11.25351], [75.774533, 11.253515]]}, "properties": {"type": "original", "weight": 7.555904975588934e-05}}, {"type": "Feature", "geometry": {"type": "LineString", "coordinates": [[75.774651, 11.253018], [75.774643, 11.252323]]}, "properties": {"type": "original", "weight": 0.0006951460350167611}}, {"type": "Feature", "geometry": {"type": "LineString", "coordinates": [[75.779191, 11.245514], [75.779116, 11.24583]]}, "properties": {"type": "original", "weight": 0.00032450963005478537}}, {"type": "Feature", "geometry": {"type": "LineString", "coordinates": [[75.779191, 11.245514], [75.779303, 11.245019]]}, "properties": {"type": "original", "weight": 0.0005075567357464985}}, {"type": "Feature", "geometry": {"type": "LineString", "coordinates": [[75.779116, 11.24583], [75.778933, 11.246735]]}, "properties": {"type": "original", "weight": 0.0009231783630486635}}, {"type": "Feature", "geometry": {"type": "LineString", "coordinates": [[75.778933, 11.246735], [75.778777, 11.247568]]}, "properties": {"type": "original", "weight": 0.0008476166881344889}}, {"type": "Feature", "geometry": {"type": "LineString", "coordinates": [[75.778777, 11.247568], [75.778842, 11.247676]]}, "properties": {"type": "original", "weight": 0.0001265660302001323}}, {"type": "Feature", "geometry": {"type": "LineString", "coordinates": [[75.77848, 11.245555], [75.77797, 11.245451]]}, "properties": {"type": "original", "weight": 0.0005201464601502879}}, {"type": "Feature", "geometry": {"type": "LineString", "coordinates": [[75.77848, 11.245555], [75.778563, 11.245179]]}, "properties": {"type": "original", "weight": 0.00038519274395937335}}, {"type": "Feature", "geometry": {"type": "LineString", "coordinates": [[75.77848, 11.245555], [75.778487, 11.245829]]}, "properties": {"type": "original", "weight": 0.0002744137387222899}}, {"type": "Feature", "geometry": {"type": "LineString", "coordinates": [[75.77797, 11.245451], [75.777879, 11.245432]]}, "properties": {"type": "original", "weight": 9.321550299683867e-05}}, {"type": "Feature", "geometry": {"type": "LineString", "coordinates": [[75.77797, 11.245451], [75.777988, 11.245125]]}, "properties": {"type": "original", "weight": 0.000325875620445979}}, {"type": "Feature", "geometry": {"type": "LineString", "coordinates": [[75.777879, 11.245432], [75.777107, 11.245314]]}, "properties": {"type": "original", "weight": 0.0007810045902612836}}, {"type": "Feature", "geometry": {"type": "LineString", "coordinates": [[75.77867, 11.244916], [75.778563, 11.245179]]}, "properties": {"type": "original", "weight": 0.00028413887449996866}}, {"type": "Feature", "geometry": {"type": "LineString", "coordinates": [[75.784729, 11.243788], [75.78481, 11.243607]]}, "properties": {"type": "optimized", "weight": 0.00019864241742738868}}, {"type": "Feature", "geometry": {"type": "LineString", "coordinates": [[75.78481, 11.243607], [75.784842, 11.243475]]}, "properties": {"type": "optimized", "weight": 0.0001353849696220704}}, {"type": "Feature", "geometry": {"type": "LineString", "coordinates": [[75.783934, 11.247241], [75.783939, 11.246988]]}, "properties": {"type": "original", "weight": 0.00025393640936147583}}, {"type": "Feature", "geometry": {"type": "LineString", "coordinates": [[75.783934, 11.247241], [75.784212, 11.247257]]}, "properties": {"type": "optimized", "weight": 0.0002781211606457731}}, {"type": "Feature", "geometry": {"type": "LineString", "coordinates": [[75.783939, 11.246988], [75.783942, 11.246774]]}, "properties": {"type": "original", "weight": 0.00021383201350674678}}, {"type": "Feature", "geometry": {"type": "LineString", "coordinates": [[75.783942, 11.246774], [75.783943, 11.246743]]}, "properties": {"type": "original", "weight": 3.100403199572687e-05}}, {"type": "Feature", "geometry": {"type": "LineString", "coordinates": [[75.783942, 11.246774], [75.783585, 11.246753]]}, "properties": {"type": "original", "weight": 0.000357687936617347}}, {"type": "Feature", "geometry": {"type": "LineString", "coordinates": [[75.783942, 11.246774], [75.784428, 11.24679]]}, "properties": {"type": "original", "weight": 0.0004864698140661376}}, {"type": "Feature", "geometry": {"type": "LineString", "coordinates": [[75.783943, 11.246743], [75.783549, 11.246714]]}, "properties": {"type": "optimized", "weight": 0.0003944600993693789}}, {"type": "Feature", "geometry": {"type": "LineString", "coordinates": [[75.787642, 11.24739], [75.787642, 11.247364]]}, "properties": {"type": "original", "weight": 2.5906948873517495e-05}}, {"type": "Feature", "geometry": {"type": "LineString", "coordinates": [[75.787642, 11.247364], [75.787629, 11.246761]]}, "properties": {"type": "original", "weight": 0.0006029358838231037}}, {"type": "Feature", "geometry": {"type": "LineString", "coordinates": [[75.787642, 11.247364], [75.787562, 11.247359]]}, "properties": {"type": "original", "weight": 7.955727497005158e-05}}, {"type": "Feature", "geometry": {"type": "LineString", "coordinates": [[75.787629, 11.246761], [75.787624, 11.246477]]}, "properties": {"type": "original", "weight": 0.00028394228286682016}}, {"type": "Feature", "geometry": {"type": "LineString", "coordinates": [[75.787925, 11.243322], [75.78787, 11.243423]]}, "properties": {"type": "original", "weight": 0.00011493324149717182}}, {"type": "Feature", "geometry": {"type": "LineString", "coordinates": [[75.78787, 11.243423], [75.787835, 11.243486]]}, "properties": {"type": "original", "weight": 7.19241962062359e-05}}, {"type": "Feature", "geometry": {"type": "LineString", "coordinates": [[75.78787, 11.243423], [75.788414, 11.243484]]}, "properties": {"type": "original", "weight": 0.000547553440313317}}, {"type": "Feature", "geometry": {"type": "LineString", "coordinates": [[75.787835, 11.243486], [75.787692, 11.243854]]}, "properties": {"type": "original", "weight": 0.0003953410932328694}}, {"type": "Feature", "geometry": {"type": "LineString", "coordinates": [[75.787692, 11.243854], [75.787638, 11.243992]]}, "properties": {"type": "original", "weight": 0.00014811630565302522}}, {"type": "Feature", "geometry": {"type": "LineString", "coordinates": [[75.787692, 11.243854], [75.788149, 11.243924]]}, "properties": {"type": "original", "weight": 0.0004626800730547045}}, {"type": "Feature", "geometry": {"type": "LineString", "coordinates": [[75.787638, 11.243992], [75.787572, 11.244206]]}, "properties": {"type": "original", "weight": 0.00022379957551638436}}, {"type": "Feature", "geometry": {"type": "LineString", "coordinates": [[75.787572, 11.244206], [75.787467, 11.244549]]}, "properties": {"type": "original", "weight": 0.00035877795361233505}}, {"type": "Feature", "geometry": {"type": "LineString", "coordinates": [[75.787572, 11.244206], [75.788093, 11.244209]]}, "properties": {"type": "original", "weight": 0.0005207111003331974}}, {"type": "Feature", "geometry": {"type": "LineString", "coordinates": [[75.787467, 11.244549], [75.787435, 11.244657]]}, "properties": {"type": "original", "weight": 0.00011305295219478346}}, {"type": "Feature", "geometry": {"type": "LineString", "coordinates": [[75.787435, 11.244657], [75.787281, 11.245177]]}, "properties": {"type": "optimized", "weight": 0.0005420369821315886}}, {"type": "Feature", "geometry": {"type": "LineString", "coordinates": [[75.787435, 11.244657], [75.786936, 11.244558]]}, "properties": {"type": "optimized", "weight": 0.0005090390947587227}}, {"type": "Feature", "geometry": {"type": "LineString", "coordinates": [[75.783931, 11.244567], [75.783945, 11.244831]]}, "properties": {"type": "optimized", "weight": 0.0002639153083852933}}, {"type": "Feature", "geometry": {"type": "LineString", "coordinates": [[75.783945, 11.244831], [75.783963, 11.245111]]}, "properties": {"type": "optimized", "weight": 0.0002806777689809122}}, {"type": "Feature", "geometry": {"type": "LineString", "coordinates": [[75.783963, 11.245111], [75.783914, 11.245353]]}, "properties": {"type": "optimized", "weight": 0.0002477565942606345}}, {"type": "Feature", "geometry": {"type": "LineString", "coordinates": [[75.79682, 11.243245], [75.796874, 11.243521]]}, "properties": {"type": "original", "weight": 0.0002813718713722344}}, {"type": "Feature", "geometry": {"type": "LineString", "coordinates": [[75.79682, 11.243245], [75.796776, 11.243206]]}, "properties": {"type": "original", "weight": 5.8823294705355066e-05}}, {"type": "Feature", "geometry": {"type": "LineString", "coordinates": [[75.796874, 11.243521], [75.796925, 11.243664]]}, "properties": {"type": "original", "weight": 0.0001521990801535866}}, {"type": "Feature", "geometry": {"type": "LineString", "coordinates": [[75.796925, 11.243664], [75.796976, 11.243808]]}, "properties": {"type": "original", "weight": 0.00015216560058275945}}, {"type": "Feature", "geometry": {"type": "LineString", "coordinates": [[75.796925, 11.243664], [75.796167, 11.243757]]}, "properties": {"type": "original", "weight": 0.0007634245804293662}}, {"type": "Feature", "geometry": {"type": "LineString", "coordinates": [[75.796976, 11.243808], [75.797045, 11.244092]]}, "properties": {"type": "original", "weight": 0.00029252504166249157}}, {"type": "Feature", "geometry": {"type": "LineString", "coordinates": [[75.797045, 11.244092], [75.797057, 11.244164]]}, "properties": {"type": "original", "weight": 7.32611766227058e-05}}, {"type": "Feature", "geometry": {"type": "LineString", "coordinates": [[75.797057, 11.244164], [75.797096, 11.244421]]}, "properties": {"type": "original", "weight": 0.00025956943194293343}}, {"type": "Feature", "geometry": {"type": "LineString", "coordinates": [[75.797057, 11.244164], [75.796203, 11.244436]]}, "properties": {"type": "original", "weight": 0.000895797884568913}}, {"type": "Feature", "geometry": {"type": "LineString", "coordinates": [[75.797096, 11.244421], [75.797179, 11.244442]]}, "properties": {"type": "original", "weight": 8.571236783349482e-05}}, {"type": "Feature", "geometry": {"type": "LineString", "coordinates": [[75.797096, 11.244421], [75.797121, 11.244957]]}, "properties": {"type": "original", "weight": 0.0005363736384275547}}, {"type": "Feature", "geometry": {"type": "LineString", "coordinates": [[75.797179, 11.244442], [75.797434, 11.244437]]}, "properties": {"type": "original", "weight": 0.00025495509408682027}}, {"type": "Feature", "geometry": {"type": "LineString", "coordinates": [[75.797434, 11.244437], [75.797705, 11.244452]]}, "properties": {"type": "original", "weight": 0.00027136036925476425}}, {"type": "Feature", "geometry": {"type": "LineString", "coordinates": [[75.797705, 11.244452], [75.797907, 11.244518]]}, "properties": {"type": "original", "weight": 0.00021178132590051165}}, {"type": "Feature", "geometry": {"type": "LineString", "coordinates": [[75.797907, 11.244518], [75.798011, 11.244531]]}, "properties": {"type": "original", "weight": 0.0001054295973626051}}, {"type": "Feature", "geometry": {"type": "LineString", "coordinates": [[75.798011, 11.244531], [75.798113, 11.244521]]}, "properties": {"type": "original", "weight": 0.00010243954313625206}}, {"type": "Feature", "geometry": {"type": "LineString", "coordinates": [[75.798113, 11.244521], [75.798212, 11.244497]]}, "properties": {"type": "original", "weight": 0.00010208907875203231}}, {"type": "Feature", "geometry": {"type": "LineString", "coordinates": [[75.798212, 11.244497], [75.79833, 11.244495]]}, "properties": {"type": "original", "weight": 0.00011802864059252957}}, {"type": "Feature", "geometry": {"type": "LineString", "coordinates": [[75.79833, 11.244495], [75.798443, 11.244484]]}, "properties": {"type": "original", "weight": 0.0001131973939653992}}, {"type": "Feature", "geometry": {"type": "LineString", "coordinates": [[75.798443, 11.244484], [75.798548, 11.244487]]}, "properties": {"type": "original", "weight": 0.00010463484123391364}}, {"type": "Feature", "geometry": {"type": "LineString", "coordinates": [[75.798548, 11.244487], [75.798687, 11.244502]]}, "properties": {"type": "original", "weight": 0.0001402813244824998}}, {"type": "Feature", "geometry": {"type": "LineString", "coordinates": [[75.798687, 11.244502], [75.798808, 11.244516]]}, "properties": {"type": "original", "weight": 0.00012141964422030621}}, {"type": "Feature", "geometry": {"type": "LineString", "coordinates": [[75.798808, 11.244516], [75.798947, 11.244547]]}, "properties": {"type": "original", "weight": 0.0001430342965756057}}, {"type": "Feature", "geometry": {"type": "LineString", "coordinates": [[75.798947, 11.244547], [75.799028, 11.244563]]}, "properties": {"type": "original", "weight": 8.203590678229816e-05}}, {"type": "Feature", "geometry": {"type": "LineString", "coordinates": [[75.799028, 11.244563], [75.799106, 11.244581]]}, "properties": {"type": "original", "weight": 7.99462319309291e-05}}, {"type": "Feature", "geometry": {"type": "LineString", "coordinates": [[75.799106, 11.244581], [75.799184, 11.244604]]}, "properties": {"type": "original", "weight": 8.1496318934092e-05}}, {"type": "Feature", "geometry": {"type": "LineString", "coordinates": [[75.785173, 11.244099], [75.785186, 11.244013]]}, "properties": {"type": "optimized", "weight": 8.759646111593902e-05}}, {"type": "Feature", "geometry": {"type": "LineString", "coordinates": [[75.785173, 11.244099], [75.785469, 11.244097]]}, "properties": {"type": "original", "weight": 0.0002958089417209655}}, {"type": "Feature", "geometry": {"type": "LineString", "coordinates": [[75.785186, 11.244013], [75.785278, 11.243273]]}, "properties": {"type": "optimized", "weight": 0.0007455362231312488}}, {"type": "Feature", "geometry": {"type": "LineString", "coordinates": [[75.785278, 11.243273], [75.78529, 11.243172]]}, "properties": {"type": "optimized", "weight": 0.00010177057531566835}}, {"type": "Feature", "geometry": {"type": "LineString", "coordinates": [[75.785278, 11.243273], [75.785333, 11.243283]]}, "properties": {"type": "original", "weight": 5.668103738377762e-05}}, {"type": "Feature", "geometry": {"type": "LineString", "coordinates": [[75.78529, 11.243172], [75.785333, 11.243121]]}, "properties": {"type": "original", "weight": 6.6515336573177e-05}}, {"type": "Feature", "geometry": {"type": "LineString", "coordinates": [[75.783595, 11.249949], [75.783525, 11.250265]]}, "properties": {"type": "original", "weight": 0.0003231721677369159}}, {"type": "Feature", "geometry": {"type": "LineString", "coordinates": [[75.783595, 11.249949], [75.783578, 11.250301]]}, "properties": {"type": "optimized", "weight": 0.00035261487489866974}}, {"type": "Feature", "geometry": {"type": "LineString", "coordinates": [[75.783525, 11.250265], [75.78339, 11.251095]]}, "properties": {"type": "original", "weight": 0.0008411873156435198}}, {"type": "Feature", "geometry": {"type": "LineString", "coordinates": [[75.783322, 11.251876], [75.783321, 11.252036]]}, "properties": {"type": "original", "weight": 0.00016010312301805978}}, {"type": "Feature", "geometry": {"type": "LineString", "coordinates": [[75.783322, 11.251876], [75.783244, 11.2519]]}, "properties": {"type": "optimized", "weight": 8.216386066718085e-05}}, {"type": "Feature", "geometry": {"type": "LineString", "coordinates": [[75.783321, 11.252036], [75.783274, 11.252429]]}, "properties": {"type": "original", "weight": 0.0003958997474121231}}, {"type": "Feature", "geometry": {"type": "LineString", "coordinates": [[75.783274, 11.252429], [75.783204, 11.252668]]}, "properties": {"type": "original", "weight": 0.0002496721850723904}}, {"type": "Feature", "geometry": {"type": "LineString", "coordinates": [[75.783204, 11.252668], [75.783096, 11.252844]]}, "properties": {"type": "original", "weight": 0.00020677644933544351}}, {"type": "Feature", "geometry": {"type": "LineString", "coordinates": [[75.783096, 11.252844], [75.782994, 11.253011]]}, "properties": {"type": "original", "weight": 0.00019560063905733294}}, {"type": "Feature", "geometry": {"type": "LineString", "coordinates": [[75.782855, 11.253206], [75.783016, 11.253073]]}, "properties": {"type": "original", "weight": 0.00020880344825024245}}, {"type": "Feature", "geometry": {"type": "LineString", "coordinates": [[75.782855, 11.253206], [75.783039, 11.253132]]}, "properties": {"type": "original", "weight": 0.00019845306749849387}}, {"type": "Feature", "geometry": {"type": "LineString", "coordinates": [[75.783016, 11.253073], [75.783107, 11.252943]]}, "properties": {"type": "original", "weight": 0.00015928471364238863}}, {"type": "Feature", "geometry": {"type": "LineString", "coordinates": [[75.783107, 11.252943], [75.783205, 11.25281]]}, "properties": {"type": "original", "weight": 0.00016454962776819103}}, {"type": "Feature", "geometry": {"type": "LineString", "coordinates": [[75.783205, 11.25281], [75.783277, 11.252651]]}, "properties": {"type": "original", "weight": 0.00017532852021246651}}, {"type": "Feature", "geometry": {"type": "LineString", "coordinates": [[75.783277, 11.252651], [75.783343, 11.252394]]}, "properties": {"type": "original", "weight": 0.0002644877690942923}}, {"type": "Feature", "geometry": {"type": "LineString", "coordinates": [[75.783343, 11.252394], [75.783338, 11.252253]]}, "properties": {"type": "original", "weight": 0.00014189901338595385}}, {"type": "Feature", "geometry": {"type": "LineString", "coordinates": [[75.783338, 11.252253], [75.783363, 11.252082]]}, "properties": {"type": "original", "weight": 0.00017256471250000243}}, {"type": "Feature", "geometry": {"type": "LineString", "coordinates": [[75.783338, 11.252253], [75.783383, 11.252511]]}, "properties": {"type": "original", "weight": 0.000262062530706688}}, {"type": "Feature", "geometry": {"type": "LineString", "coordinates": [[75.783363, 11.252082], [75.78336, 11.251902]]}, "properties": {"type": "original", "weight": 0.00017951604385101115}}, {"type": "Feature", "geometry": {"type": "LineString", "coordinates": [[75.783429, 11.251137], [75.783538, 11.250527]]}, "properties": {"type": "optimized", "weight": 0.0006196202466020508}}, {"type": "Feature", "geometry": {"type": "LineString", "coordinates": [[75.783538, 11.250527], [75.783578, 11.250301]]}, "properties": {"type": "optimized", "weight": 0.00022911865921395553}}, {"type": "Feature", "geometry": {"type": "LineString", "coordinates": [[75.783538, 11.250527], [75.783932, 11.250562]]}, "properties": {"type": "original", "weight": 0.0003957507296289908}}, {"type": "Feature", "geometry": {"type": "LineString", "coordinates": [[75.785445, 11.252895], [75.785421, 11.253036]]}, "properties": {"type": "original", "weight": 0.00014360282030551484}}, {"type": "Feature", "geometry": {"type": "LineString", "coordinates": [[75.785421, 11.253036], [75.785196, 11.253673]]}, "properties": {"type": "original", "weight": 0.000675891263445634}}, {"type": "Feature", "geometry": {"type": "LineString", "coordinates": [[75.785196, 11.253673], [75.785101, 11.253633]]}, "properties": {"type": "original", "weight": 0.00010243285605773674}}, {"type": "Feature", "geometry": {"type": "LineString", "coordinates": [[75.785101, 11.253633], [75.784968, 11.253975]]}, "properties": {"type": "original", "weight": 0.00036672349256517604}}, {"type": "Feature", "geometry": {"type": "LineString", "coordinates": [[75.785101, 11.253633], [75.784917, 11.253524]]}, "properties": {"type": "original", "weight": 0.00021432771635775377}}, {"type": "Feature", "geometry": {"type": "LineString", "coordinates": [[75.784968, 11.253975], [75.784872, 11.254375]]}, "properties": {"type": "original", "weight": 0.00041157654209289036}}, {"type": "Feature", "geometry": {"type": "LineString", "coordinates": [[75.784872, 11.254375], [75.784806, 11.254947]]}, "properties": {"type": "original", "weight": 0.0005760167358676352}}, {"type": "Feature", "geometry": {"type": "LineString", "coordinates": [[75.784806, 11.254947], [75.784752, 11.255206]]}, "properties": {"type": "original", "weight": 0.00026372510309156266}}, {"type": "Feature", "geometry": {"type": "LineString", "coordinates": [[75.784752, 11.255206], [75.784069, 11.254925]]}, "properties": {"type": "original", "weight": 0.0007381707729180582}}, {"type": "Feature", "geometry": {"type": "LineString", "coordinates": [[75.784752, 11.255206], [75.78499, 11.255306]]}, "properties": {"type": "original", "weight": 0.000258519051526551}}, {"type": "Feature", "geometry": {"type": "LineString", "coordinates": [[75.783178, 11.253004], [75.783314, 11.253273]]}, "properties": {"type": "original", "weight": 0.0003010669858992283}}, {"type": "Feature", "geometry": {"type": "LineString", "coordinates": [[75.783178, 11.253004], [75.783039, 11.253132]]}, "properties": {"type": "original", "weight": 0.00018924613602417517}}, {"type": "Feature", "geometry": {"type": "LineString", "coordinates": [[75.783178, 11.253004], [75.783208, 11.252967]]}, "properties": {"type": "original", "weight": 4.782352977785107e-05}}, {"type": "Feature", "geometry": {"type": "LineString", "coordinates": [[75.783314, 11.253273], [75.784042, 11.253405]]}, "properties": {"type": "original", "weight": 0.0007398791590535435}}, {"type": "Feature", "geometry": {"type": "LineString", "coordinates": [[75.784042, 11.253405], [75.784714, 11.253524]]}, "properties": {"type": "original", "weight": 0.0006827446960605362}}, {"type": "Feature", "geometry": {"type": "LineString", "coordinates": [[75.784714, 11.253524], [75.784917, 11.253524]]}, "properties": {"type": "original", "weight": 0.0002024012104769504}}, {"type": "Feature", "geometry": {"type": "LineString", "coordinates": [[75.781417, 11.254459], [75.781552, 11.254368]]}, "properties": {"type": "original", "weight": 0.00016341789988036403}}, {"type": "Feature", "geometry": {"type": "LineString", "coordinates": [[75.781417, 11.254459], [75.780819, 11.255146]]}, "properties": {"type": "original", "weight": 0.0009105170509135982}}, {"type": "Feature", "geometry": {"type": "LineString", "coordinates": [[75.781552, 11.254368], [75.781599, 11.254351]]}, "properties": {"type": "original", "weight": 4.997999599362111e-05}}, {"type": "Feature", "geometry": {"type": "LineString", "coordinates": [[75.781599, 11.254351], [75.781656, 11.25434]]}, "properties": {"type": "original", "weight": 5.8089930278679284e-05}}, {"type": "Feature", "geometry": {"type": "LineString", "coordinates": [[75.781656, 11.25434], [75.781721, 11.254338]]}, "properties": {"type": "original", "weight": 6.443104841553523e-05}}, {"type": "Feature", "geometry": {"type": "LineString", "coordinates": [[75.781721, 11.254338], [75.781785, 11.254339]]}, "properties": {"type": "original", "weight": 6.431314018678805e-05}}, {"type": "Feature", "geometry": {"type": "LineString", "coordinates": [[75.782352, 11.254291], [75.782251, 11.25456]]}, "properties": {"type": "original", "weight": 0.00028779287691066657}}, {"type": "Feature", "geometry": {"type": "LineString", "coordinates": [[75.782251, 11.25456], [75.782107, 11.254481]]}, "properties": {"type": "original", "weight": 0.00016453619663129386}}, {"type": "Feature", "geometry": {"type": "LineString", "coordinates": [[75.782251, 11.25456], [75.782335, 11.254586]]}, "properties": {"type": "original", "weight": 8.800568162414079e-05}}, {"type": "Feature", "geometry": {"type": "LineString", "coordinates": [[75.784955, 11.249587], [75.784773, 11.250236]]}, "properties": {"type": "original", "weight": 0.0006741056445384838}}, {"type": "Feature", "geometry": {"type": "LineString", "coordinates": [[75.783208, 11.252967], [75.783258, 11.252907]]}, "properties": {"type": "original", "weight": 7.809231715568142e-05}}, {"type": "Feature", "geometry": {"type": "LineString", "coordinates": [[75.783208, 11.252967], [75.783284, 11.253046]]}, "properties": {"type": "original", "weight": 0.00010927291520880178}}, {"type": "Feature", "geometry": {"type": "LineString", "coordinates": [[75.783258, 11.252907], [75.78335, 11.252678]]}, "properties": {"type": "original", "weight": 0.0002464930019332319}}, {"type": "Feature", "geometry": {"type": "LineString", "coordinates": [[75.78335, 11.252678], [75.783383, 11.252511]]}, "properties": {"type": "original", "weight": 0.00017048498467706684}}, {"type": "Feature", "geometry": {"type": "LineString", "coordinates": [[75.78427, 11.249565], [75.784235, 11.249594]]}, "properties": {"type": "original", "weight": 4.5259253199355486e-05}}, {"type": "Feature", "geometry": {"type": "LineString", "coordinates": [[75.784235, 11.249594], [75.784149, 11.249597]]}, "properties": {"type": "original", "weight": 8.526007271961015e-05}}, {"type": "Feature", "geometry": {"type": "LineString", "coordinates": [[75.784149, 11.249597], [75.784106, 11.249559]]}, "properties": {"type": "original", "weight": 5.7393553644765075e-05}}, {"type": "Feature", "geometry": {"type": "LineString", "coordinates": [[75.784106, 11.249559], [75.784099, 11.249489]]}, "properties": {"type": "original", "weight": 6.993632818604261e-05}}, {"type": "Feature", "geometry": {"type": "LineString", "coordinates": [[75.795877, 11.255197], [75.795934, 11.25482]]}, "properties": {"type": "original", "weight": 0.0003815725356970384}}, {"type": "Feature", "geometry": {"type": "LineString", "coordinates": [[75.795934, 11.25482], [75.795977, 11.254474]]}, "properties": {"type": "original", "weight": 0.000348934850653362}}, {"type": "Feature", "geometry": {"type": "LineString", "coordinates": [[75.795977, 11.254474], [75.796054, 11.254067]]}, "properties": {"type": "original", "weight": 0.0004141455782701789}}, {"type": "Feature", "geometry": {"type": "LineString", "coordinates": [[75.796054, 11.254067], [75.796088, 11.253949]]}, "properties": {"type": "original", "weight": 0.00012211605136384666}}, {"type": "Feature", "geometry": {"type": "LineString", "coordinates": [[75.796088, 11.253949], [75.796107, 11.253896]]}, "properties": {"type": "original", "weight": 5.7089841474263894e-05}}, {"type": "Feature", "geometry": {"type": "LineString", "coordinates": [[75.796088, 11.253949], [75.796623, 11.253974]]}, "properties": {"type": "original", "weight": 0.000535047558634374}}, {"type": "Feature", "geometry": {"type": "LineString", "coordinates": [[75.796288, 11.253318], [75.796245, 11.252932]]}, "properties": {"type": "original", "weight": 0.00038845398697860516}}, {"type": "Feature", "geometry": {"type": "LineString", "coordinates": [[75.796245, 11.252932], [75.796178, 11.252639]]}, "properties": {"type": "original", "weight": 0.0003010057972858817}}, {"type": "Feature", "geometry": {"type": "LineString", "coordinates": [[75.796178, 11.252639], [75.796148, 11.252428]]}, "properties": {"type": "original", "weight": 0.00021295375084749764}}, {"type": "Feature", "geometry": {"type": "LineString", "coordinates": [[75.783141, 11.242034], [75.783172, 11.242029]]}, "properties": {"type": "optimized", "weight": 3.1819805159224024e-05}}, {"type": "Feature", "geometry": {"type": "LineString", "coordinates": [[75.783141, 11.242034], [75.783016, 11.242108]]}, "properties": {"type": "optimized", "weight": 0.0001455868469326518}}, {"type": "Feature", "geometry": {"type": "LineString", "coordinates": [[75.783172, 11.242029], [75.783482, 11.241985]]}, "properties": {"type": "optimized", "weight": 0.00031262607056990055}}, {"type": "Feature", "geometry": {"type": "LineString", "coordinates": [[75.783172, 11.242029], [75.783129, 11.241989]]}, "properties": {"type": "optimized", "weight": 5.934854673742512e-05}}, {"type": "Feature", "geometry": {"type": "LineString", "coordinates": [[75.783482, 11.241985], [75.783707, 11.241872]]}, "properties": {"type": "optimized", "weight": 0.00025178284294034435}}, {"type": "Feature", "geometry": {"type": "LineString", "coordinates": [[75.783707, 11.241872], [75.78391, 11.24177]]}, "properties": {"type": "original", "weight": 0.0002274991428496459}}, {"type": "Feature", "geometry": {"type": "LineString", "coordinates": [[75.783707, 11.241872], [75.783409, 11.241747]]}, "properties": {"type": "optimized", "weight": 0.0003227179108833198}}, {"type": "Feature", "geometry": {"type": "LineString", "coordinates": [[75.78391, 11.24177], [75.784585, 11.241367]]}, "properties": {"type": "original", "weight": 0.0007858274938003705}}, {"type": "Feature", "geometry": {"type": "LineString", "coordinates": [[75.784585, 11.241367], [75.784904, 11.241133]]}, "properties": {"type": "original", "weight": 0.000395697864539971}}, {"type": "Feature", "geometry": {"type": "LineString", "coordinates": [[75.784904, 11.241133], [75.78505, 11.241017]]}, "properties": {"type": "original", "weight": 0.0001870995456939432}}, {"type": "Feature", "geometry": {"type": "LineString", "coordinates": [[75.78505, 11.241017], [75.785133, 11.240952]]}, "properties": {"type": "original", "weight": 0.0001053725770717702}}, {"type": "Feature", "geometry": {"type": "LineString", "coordinates": [[75.785133, 11.240952], [75.785439, 11.240639]]}, "properties": {"type": "original", "weight": 0.00043765718319319405}}, {"type": "Feature", "geometry": {"type": "LineString", "coordinates": [[75.785439, 11.240639], [75.785591, 11.240403]]}, "properties": {"type": "original", "weight": 0.0002807974536924617}}, {"type": "Feature", "geometry": {"type": "LineString", "coordinates": [[75.785591, 11.240403], [75.785673, 11.240172]]}, "properties": {"type": "original", "weight": 0.0002447394124397358}}, {"type": "Feature", "geometry": {"type": "LineString", "coordinates": [[75.785673, 11.240172], [75.785738, 11.239986]]}, "properties": {"type": "original", "weight": 0.00019703527602563478}}, {"type": "Feature", "geometry": {"type": "LineString", "coordinates": [[75.785738, 11.239986], [75.785732, 11.239765]]}, "properties": {"type": "original", "weight": 0.00022108416949168886}}, {"type": "Feature", "geometry": {"type": "LineString", "coordinates": [[75.785732, 11.239765], [75.785755, 11.239207]]}, "properties": {"type": "original", "weight": 0.0005580782830394107}}, {"type": "Feature", "geometry": {"type": "LineString", "coordinates": [[75.785755, 11.239207], [75.785759, 11.239058]]}, "properties": {"type": "original", "weight": 0.00014944580957651716}}, {"type": "Feature", "geometry": {"type": "LineString", "coordinates": [[75.785759, 11.239058], [75.78577, 11.238615]]}, "properties": {"type": "original", "weight": 0.0004430365786265477}}, {"type": "Feature", "geometry": {"type": "LineString", "coordinates": [[75.78577, 11.238615], [75.785775, 11.238415]]}, "properties": {"type": "original", "weight": 0.00020016245901663507}}, {"type": "Feature", "geometry": {"type": "LineString", "coordinates": [[75.785775, 11.238415], [75.785772, 11.238142]]}, "properties": {"type": "original", "weight": 0.00027260970268933}}, {"type": "Feature", "geometry": {"type": "LineString", "coordinates": [[75.785772, 11.238142], [75.785823, 11.237845]]}, "properties": {"type": "original", "weight": 0.00030175569588693587}}, {"type": "Feature", "geometry": {"type": "LineString", "coordinates": [[75.780562, 11.242839], [75.78075, 11.242356]]}, "properties": {"type": "original", "weight": 0.0005181324637600507}}, {"type": "Feature", "geometry": {"type": "LineString", "coordinates": [[75.78075, 11.242356], [75.780799, 11.24215]]}, "properties": {"type": "original", "weight": 0.00021194206755635478}}, {"type": "Feature", "geometry": {"type": "LineString", "coordinates": [[75.78075, 11.242356], [75.781004, 11.242451]]}, "properties": {"type": "original", "weight": 0.00027157058013937475}}, {"type": "Feature", "geometry": {"type": "LineString", "coordinates": [[75.780799, 11.24215], [75.781066, 11.241713]]}, "properties": {"type": "original", "weight": 0.0005115472314457049}}, {"type": "Feature", "geometry": {"type": "LineString", "coordinates": [[75.781066, 11.241713], [75.781147, 11.241559]]}, "properties": {"type": "original", "weight": 0.00017422198483576127}}, {"type": "Feature", "geometry": {"type": "LineString", "coordinates": [[75.781147, 11.241559], [75.781188, 11.241444]]}, "properties": {"type": "original", "weight": 0.0001219089004117565}}, {"type": "Feature", "geometry": {"type": "LineString", "coordinates": [[75.781188, 11.241444], [75.781619, 11.241618]]}, "properties": {"type": "original", "weight": 0.00046488916959031755}}, {"type": "Feature", "geometry": {"type": "LineString", "coordinates": [[75.783016, 11.242108], [75.78293, 11.242159]]}, "properties": {"type": "optimized", "weight": 9.98989989961436e-05}}, {"type": "Feature", "geometry": {"type": "LineString", "coordinates": [[75.783016, 11.242108], [75.782697, 11.24196]]}, "properties": {"type": "original", "weight": 0.00035114596679579997}}, {"type": "Feature", "geometry": {"type": "LineString", "coordinates": [[75.78293, 11.242159], [75.782329, 11.242518]]}, "properties": {"type": "optimized", "weight": 0.0006994063911642297}}, {"type": "Feature", "geometry": {"type": "LineString", "coordinates": [[75.782329, 11.242518], [75.782213, 11.242611]]}, "properties": {"type": "optimized", "weight": 0.00014861497232124678}}, {"type": "Feature", "geometry": {"type": "LineString", "coordinates": [[75.78169, 11.242801], [75.781496, 11.242678]]}, "properties": {"type": "original", "weight": 0.0002299823471454876}}, {"type": "Feature", "geometry": {"type": "LineString", "coordinates": [[75.781496, 11.242678], [75.781004, 11.242451]]}, "properties": {"type": "original", "weight": 0.000541947276037517}}, {"type": "Feature", "geometry": {"type": "LineString", "coordinates": [[75.780941, 11.247158], [75.780264, 11.247026]]}, "properties": {"type": "original", "weight": 0.0006893942268311932}}, {"type": "Feature", "geometry": {"type": "LineString", "coordinates": [[75.780952, 11.245684], [75.781161, 11.245723]]}, "properties": {"type": "original", "weight": 0.0002117297570047323}}, {"type": "Feature", "geometry": {"type": "LineString", "coordinates": [[75.781368, 11.248853], [75.780411, 11.248836]]}, "properties": {"type": "optimized", "weight": 0.0009570618423125454}}, {"type": "Feature", "geometry": {"type": "LineString", "coordinates": [[75.781368, 11.248853], [75.781366, 11.248891]]}, "properties": {"type": "original", "weight": 3.76531539194867e-05}}, {"type": "Feature", "geometry": {"type": "LineString", "coordinates": [[75.780411, 11.248836], [75.780346, 11.248874]]}, "properties": {"type": "optimized", "weight": 7.553078842470872e-05}}, {"type": "Feature", "geometry": {"type": "LineString", "coordinates": [[75.780346, 11.248874], [75.780328, 11.249002]]}, "properties": {"type": "optimized", "weight": 0.00012904747188535384}}, {"type": "Feature", "geometry": {"type": "LineString", "coordinates": [[75.780328, 11.249002], [75.780137, 11.249628]]}, "properties": {"type": "optimized", "weight": 0.0006550184806550363}}, {"type": "Feature", "geometry": {"type": "LineString", "coordinates": [[75.780137, 11.249628], [75.78012, 11.249683]]}, "properties": {"type": "optimized", "weight": 5.80452409764427e-05}}, {"type": "Feature", "geometry": {"type": "LineString", "coordinates": [[75.780137, 11.249628], [75.78022, 11.249676]]}, "properties": {"type": "original", "weight": 9.65863862084082e-05}}, {"type": "Feature", "geometry": {"type": "LineString", "coordinates": [[75.78012, 11.249683], [75.779998, 11.250335]]}, "properties": {"type": "optimized", "weight": 0.0006625176601410136}}, {"type": "Feature", "geometry": {"type": "LineString", "coordinates": [[75.779998, 11.250335], [75.779991, 11.250373]]}, "properties": {"type": "optimized", "weight": 3.926576116812637e-05}}, {"type": "Feature", "geometry": {"type": "LineString", "coordinates": [[75.779998, 11.250335], [75.780448, 11.250366]]}, "properties": {"type": "original", "weight": 0.00045038198232135823}}, {"type": "Feature", "geometry": {"type": "LineString", "coordinates": [[75.779991, 11.250373], [75.779688, 11.251423]]}, "properties": {"type": "optimized", "weight": 0.0010919242876678385}}, {"type": "Feature", "geometry": {"type": "LineString", "coordinates": [[75.779688, 11.251423], [75.779542, 11.251416]]}, "properties": {"type": "optimized", "weight": 0.00014682264811867408}}, {"type": "Feature", "geometry": {"type": "LineString", "coordinates": [[75.779688, 11.251423], [75.78076, 11.251399]]}, "properties": {"type": "optimized", "weight": 0.0010716533254749737}}, {"type": "Feature", "geometry": {"type": "LineString", "coordinates": [[75.78488, 11.242799], [75.784493, 11.242671]]}, "properties": {"type": "original", "weight": 0.0004075559348145645}}, {"type": "Feature", "geometry": {"type": "LineString", "coordinates": [[75.78488, 11.242799], [75.784979, 11.242246]]}, "properties": {"type": "original", "weight": 0.00056190078305627}}, {"type": "Feature", "geometry": {"type": "LineString", "coordinates": [[75.784493, 11.242671], [75.784184, 11.242542]]}, "properties": {"type": "original", "weight": 0.00033536952754225854}}, {"type": "Feature", "geometry": {"type": "LineString", "coordinates": [[75.784184, 11.242542], [75.783543, 11.242225]]}, "properties": {"type": "original", "weight": 0.000714967425825325}}, {"type": "Feature", "geometry": {"type": "LineString", "coordinates": [[75.783543, 11.242225], [75.783407, 11.242205]]}, "properties": {"type": "original", "weight": 0.00013727945950729476}}, {"type": "Feature", "geometry": {"type": "LineString", "coordinates": [[75.783543, 11.242225], [75.784181, 11.24198]]}, "properties": {"type": "original", "weight": 0.0006832952656072924}}, {"type": "Feature", "geometry": {"type": "LineString", "coordinates": [[75.785612, 11.244563], [75.785662, 11.244594]]}, "properties": {"type": "original", "weight": 5.9264576268754206e-05}}, {"type": "Feature", "geometry": {"type": "LineString", "coordinates": [[75.785662, 11.244594], [75.785684, 11.244675]]}, "properties": {"type": "original", "weight": 8.37678339218293e-05}}, {"type": "Feature", "geometry": {"type": "LineString", "coordinates": [[75.77938, 11.251419], [75.779501, 11.251415]]}, "properties": {"type": "optimized", "weight": 0.00012136593425428979}}, {"type": "Feature", "geometry": {"type": "LineString", "coordinates": [[75.779501, 11.251415], [75.779542, 11.251416]]}, "properties": {"type": "optimized", "weight": 4.0735488213170305e-05}}, {"type": "Feature", "geometry": {"type": "LineString", "coordinates": [[75.785709, 11.248033], [75.785573, 11.247354]]}, "properties": {"type": "optimized", "weight": 0.0006922312691578597}}, {"type": "Feature", "geometry": {"type": "LineString", "coordinates": [[75.785573, 11.247354], [75.785527, 11.247084]]}, "properties": {"type": "optimized", "weight": 0.0002742536234931056}}, {"type": "Feature", "geometry": {"type": "LineString", "coordinates": [[75.785495, 11.246781], [75.785626, 11.246752]]}, "properties": {"type": "original", "weight": 0.0001339879472069343}}, {"type": "Feature", "geometry": {"type": "LineString", "coordinates": [[75.790955, 11.243995], [75.791124, 11.244066]]}, "properties": {"type": "optimized", "weight": 0.00018323111089570146}}, {"type": "Feature", "geometry": {"type": "LineString", "coordinates": [[75.790955, 11.243995], [75.791148, 11.243651]]}, "properties": {"type": "original", "weight": 0.00039515102176119424}}, {"type": "Feature", "geometry": {"type": "LineString", "coordinates": [[75.791124, 11.244066], [75.791362, 11.244115]]}, "properties": {"type": "optimized", "weight": 0.00024363565009190952}}, {"type": "Feature", "geometry": {"type": "LineString", "coordinates": [[75.791362, 11.244115], [75.791764, 11.244196]]}, "properties": {"type": "optimized", "weight": 0.0004097267382084183}}, {"type": "Feature", "geometry": {"type": "LineString", "coordinates": [[75.791362, 11.244115], [75.792285, 11.243461]]}, "properties": {"type": "original", "weight": 0.0011307277744935114}}, {"type": "Feature", "geometry": {"type": "LineString", "coordinates": [[75.791764, 11.244196], [75.792224, 11.244289]]}, "properties": {"type": "optimized", "weight": 0.00046901288894205364}}, {"type": "Feature", "geometry": {"type": "LineString", "coordinates": [[75.791764, 11.244196], [75.791663, 11.244475]]}, "properties": {"type": "optimized", "weight": 0.0002967187220241071}}, {"type": "Feature", "geometry": {"type": "LineString", "coordinates": [[75.792224, 11.244289], [75.792327, 11.244286]]}, "properties": {"type": "optimized", "weight": 0.0001037255031430984}}, {"type": "Feature", "geometry": {"type": "LineString", "coordinates": [[75.792327, 11.244286], [75.792346, 11.244513]]}, "properties": {"type": "original", "weight": 0.00022776075166700612}}, {"type": "Feature", "geometry": {"type": "LineString", "coordinates": [[75.79332, 11.243908], [75.793339, 11.243856]]}, "properties": {"type": "original", "weight": 5.538131453771012e-05}}, {"type": "Feature", "geometry": {"type": "LineString", "coordinates": [[75.793339, 11.243856], [75.793373, 11.243759]]}, "properties": {"type": "original", "weight": 0.00010291919160354726}}, {"type": "Feature", "geometry": {"type": "LineString", "coordinates": [[75.793339, 11.243856], [75.792983, 11.243898]]}, "properties": {"type": "original", "weight": 0.0003585800050103914}}, {"type": "Feature", "geometry": {"type": "LineString", "coordinates": [[75.793373, 11.243759], [75.79365, 11.24358]]}, "properties": {"type": "original", "weight": 0.00032949673746529156}}, {"type": "Feature", "geometry": {"type": "LineString", "coordinates": [[75.79365, 11.24358], [75.793871, 11.243573]]}, "properties": {"type": "original", "weight": 0.00022161058187230513}}, {"type": "Feature", "geometry": {"type": "LineString", "coordinates": [[75.793871, 11.243573], [75.79425, 11.24341]]}, "properties": {"type": "original", "weight": 0.0004121058723286079}}, {"type": "Feature", "geometry": {"type": "LineString", "coordinates": [[75.79425, 11.24341], [75.794448, 11.243339]]}, "properties": {"type": "original", "weight": 0.00021013807364980654}}, {"type": "Feature", "geometry": {"type": "LineString", "coordinates": [[75.794448, 11.243339], [75.79483, 11.2432]]}, "properties": {"type": "original", "weight": 0.00040670875329292634}}, {"type": "Feature", "geometry": {"type": "LineString", "coordinates": [[75.794448, 11.243339], [75.794482, 11.24361]]}, "properties": {"type": "original", "weight": 0.00027362200203946674}}, {"type": "Feature", "geometry": {"type": "LineString", "coordinates": [[75.79483, 11.2432], [75.794917, 11.242829]]}, "properties": {"type": "original", "weight": 0.00038058365702976196}}, {"type": "Feature", "geometry": {"type": "LineString", "coordinates": [[75.794917, 11.242829], [75.795045, 11.242235]]}, "properties": {"type": "original", "weight": 0.000607935761409658}}, {"type": "Feature", "geometry": {"type": "LineString", "coordinates": [[75.794917, 11.242829], [75.795103, 11.24289]]}, "properties": {"type": "original", "weight": 0.00019660267038140332}}, {"type": "Feature", "geometry": {"type": "LineString", "coordinates": [[75.795045, 11.242235], [75.79507, 11.24212]]}, "properties": {"type": "original", "weight": 0.00011786029865874183}}, {"type": "Feature", "geometry": {"type": "LineString", "coordinates": [[75.795045, 11.242235], [75.7954, 11.242228]]}, "properties": {"type": "original", "weight": 0.0003547730683152604}}, {"type": "Feature", "geometry": {"type": "LineString", "coordinates": [[75.795045, 11.242235], [75.79504, 11.24223]]}, "properties": {"type": "original", "weight": 6.942621981316609e-06}}, {"type": "Feature", "geometry": {"type": "LineString", "coordinates": [[75.784212, 11.247257], [75.784498, 11.247281]]}, "properties": {"type": "optimized", "weight": 0.00028743750624444787}}, {"type": "Feature", "geometry": {"type": "LineString", "coordinates": [[75.784498, 11.247281], [75.784423, 11.247726]]}, "properties": {"type": "optimized", "weight": 0.00045121245550059887}}, {"type": "Feature", "geometry": {"type": "LineString", "coordinates": [[75.784498, 11.247281], [75.784538, 11.247126]]}, "properties": {"type": "optimized", "weight": 0.0001602967560512344}}, {"type": "Feature", "geometry": {"type": "LineString", "coordinates": [[75.792717, 11.252255], [75.792229, 11.252221]]}, "properties": {"type": "optimized", "weight": 0.000489275811785508}}, {"type": "Feature", "geometry": {"type": "LineString", "coordinates": [[75.792229, 11.252221], [75.791779, 11.252212]]}, "properties": {"type": "optimized", "weight": 0.00044989204260416485}}, {"type": "Feature", "geometry": {"type": "LineString", "coordinates": [[75.791779, 11.252212], [75.791471, 11.2522]]}, "properties": {"type": "optimized", "weight": 0.00030833360179971747}}, {"type": "Feature", "geometry": {"type": "LineString", "coordinates": [[75.791471, 11.2522], [75.791354, 11.252188]]}, "properties": {"type": "optimized", "weight": 0.00011772348959605982}}, {"type": "Feature", "geometry": {"type": "LineString", "coordinates": [[75.791354, 11.252188], [75.790979, 11.252157]]}, "properties": {"type": "optimized", "weight": 0.0003754572279195041}}, {"type": "Feature", "geometry": {"type": "LineString", "coordinates": [[75.790979, 11.252157], [75.791112, 11.251099]]}, "properties": {"type": "optimized", "weight": 0.0010663514289385085}}, {"type": "Feature", "geometry": {"type": "LineString", "coordinates": [[75.786936, 11.244558], [75.786985, 11.244045]]}, "properties": {"type": "original", "weight": 0.0005147566415316248}}, {"type": "Feature", "geometry": {"type": "LineString", "coordinates": [[75.786459, 11.244423], [75.786468, 11.24402]]}, "properties": {"type": "optimized", "weight": 0.0004030982634547768}}, {"type": "Feature", "geometry": {"type": "LineString", "coordinates": [[75.786468, 11.24402], [75.786185, 11.244007]]}, "properties": {"type": "optimized", "weight": 0.0002830986400469992}}, {"type": "Feature", "geometry": {"type": "LineString", "coordinates": [[75.786468, 11.24402], [75.786985, 11.244045]]}, "properties": {"type": "original", "weight": 0.0005181035128242412}}, {"type": "Feature", "geometry": {"type": "LineString", "coordinates": [[75.786185, 11.244007], [75.786181, 11.24396]]}, "properties": {"type": "optimized", "weight": 4.74773630254028e-05}}, {"type": "Feature", "geometry": {"type": "LineString", "coordinates": [[75.786185, 11.244007], [75.785768, 11.244006]]}, "properties": {"type": "original", "weight": 0.000416602700431632}}, {"type": "Feature", "geometry": {"type": "LineString", "coordinates": [[75.786181, 11.24396], [75.786179, 11.243938]]}, "properties": {"type": "optimized", "weight": 2.1882641523260944e-05}}, {"type": "Feature", "geometry": {"type": "LineString", "coordinates": [[75.786179, 11.243938], [75.786141, 11.243496]]}, "properties": {"type": "optimized", "weight": 0.0004438469105452906}}, {"type": "Feature", "geometry": {"type": "LineString", "coordinates": [[75.785768, 11.244006], [75.785744, 11.243626]]}, "properties": {"type": "original", "weight": 0.0003806573393470813}}, {"type": "Feature", "geometry": {"type": "LineString", "coordinates": [[75.785768, 11.244006], [75.785728, 11.244087]]}, "properties": {"type": "original", "weight": 9.033714628693603e-05}}, {"type": "Feature", "geometry": {"type": "LineString", "coordinates": [[75.785744, 11.243626], [75.785713, 11.243129]]}, "properties": {"type": "original", "weight": 0.0004981968386109981}}, {"type": "Feature", "geometry": {"type": "LineString", "coordinates": [[75.785744, 11.243626], [75.785656, 11.243633]]}, "properties": {"type": "original", "weight": 8.905240030474858e-05}}, {"type": "Feature", "geometry": {"type": "LineString", "coordinates": [[75.78613, 11.240027], [75.786008, 11.240272]]}, "properties": {"type": "original", "weight": 0.000273516068998989}}, {"type": "Feature", "geometry": {"type": "LineString", "coordinates": [[75.786008, 11.240272], [75.785874, 11.240453]]}, "properties": {"type": "original", "weight": 0.000225743084058439}}, {"type": "Feature", "geometry": {"type": "LineString", "coordinates": [[75.785874, 11.240453], [75.785739, 11.240645]]}, "properties": {"type": "original", "weight": 0.00023391712207094568}}, {"type": "Feature", "geometry": {"type": "LineString", "coordinates": [[75.785739, 11.240645], [75.785589, 11.240879]]}, "properties": {"type": "original", "weight": 0.0002781180325007715}}, {"type": "Feature", "geometry": {"type": "LineString", "coordinates": [[75.785589, 11.240879], [75.785475, 11.241056]]}, "properties": {"type": "original", "weight": 0.0002105296416132304}}, {"type": "Feature", "geometry": {"type": "LineString", "coordinates": [[75.785475, 11.241056], [75.785342, 11.241202]]}, "properties": {"type": "original", "weight": 0.00019719596852487133}}, {"type": "Feature", "geometry": {"type": "LineString", "coordinates": [[75.785342, 11.241202], [75.785223, 11.241267]]}, "properties": {"type": "original", "weight": 0.00013631331556755304}}, {"type": "Feature", "geometry": {"type": "LineString", "coordinates": [[75.785223, 11.241267], [75.785103, 11.241364]]}, "properties": {"type": "original", "weight": 0.000153816936648557}}, {"type": "Feature", "geometry": {"type": "LineString", "coordinates": [[75.785103, 11.241364], [75.784846, 11.241566]]}, "properties": {"type": "original", "weight": 0.0003271090338082572}}, {"type": "Feature", "geometry": {"type": "LineString", "coordinates": [[75.784846, 11.241566], [75.784443, 11.241836]]}, "properties": {"type": "original", "weight": 0.00048494785286413446}}, {"type": "Feature", "geometry": {"type": "LineString", "coordinates": [[75.784846, 11.241566], [75.784979, 11.242246]]}, "properties": {"type": "original", "weight": 0.0006930403307156294}}, {"type": "Feature", "geometry": {"type": "LineString", "coordinates": [[75.784443, 11.241836], [75.784181, 11.24198]]}, "properties": {"type": "original", "weight": 0.0002988950484664961}}, {"type": "Feature", "geometry": {"type": "LineString", "coordinates": [[75.781366, 11.248891], [75.781365, 11.248949]]}, "properties": {"type": "original", "weight": 5.7908634934486425e-05}}, {"type": "Feature", "geometry": {"type": "LineString", "coordinates": [[75.780613, 11.255852], [75.780633, 11.255777]]}, "properties": {"type": "original", "weight": 7.783090645888955e-05}}, {"type": "Feature", "geometry": {"type": "LineString", "coordinates": [[75.780633, 11.255777], [75.780647, 11.255398]]}, "properties": {"type": "original", "weight": 0.0003787738243331766}}, {"type": "Feature", "geometry": {"type": "LineString", "coordinates": [[75.780647, 11.255398], [75.780654, 11.255333]]}, "properties": {"type": "original", "weight": 6.565310350637574e-05}}, {"type": "Feature", "geometry": {"type": "LineString", "coordinates": [[75.780654, 11.255333], [75.780713, 11.255196]]}, "properties": {"type": "original", "weight": 0.00014946681905711023}}, {"type": "Feature", "geometry": {"type": "LineString", "coordinates": [[75.780713, 11.255196], [75.780819, 11.255146]]}, "properties": {"type": "original", "weight": 0.00011680706314237614}}, {"type": "Feature", "geometry": {"type": "LineString", "coordinates": [[75.781437, 11.249204], [75.781446, 11.249203]]}, "properties": {"type": "original", "weight": 9.45304183458202e-06}}, {"type": "Feature", "geometry": {"type": "LineString", "coordinates": [[75.781446, 11.249203], [75.781455, 11.249336]]}, "properties": {"type": "original", "weight": 0.0001332649991565692}}, {"type": "Feature", "geometry": {"type": "LineString", "coordinates": [[75.779576, 11.244905], [75.779323, 11.244931]]}, "properties": {"type": "original", "weight": 0.0002546308897179364}}, {"type": "Feature", "geometry": {"type": "LineString", "coordinates": [[75.779323, 11.244931], [75.779271, 11.244986]]}, "properties": {"type": "original", "weight": 7.441787420196401e-05}}, {"type": "Feature", "geometry": {"type": "LineString", "coordinates": [[75.779271, 11.244986], [75.778756, 11.244924]]}, "properties": {"type": "original", "weight": 0.0005193305113257685}}, {"type": "Feature", "geometry": {"type": "LineString", "coordinates": [[75.779823, 11.244409], [75.780031, 11.244407]]}, "properties": {"type": "original", "weight": 0.0002084095967133501}}, {"type": "Feature", "geometry": {"type": "LineString", "coordinates": [[75.780031, 11.244407], [75.780189, 11.244426]]}, "properties": {"type": "original", "weight": 0.0001585663583466384}}, {"type": "Feature", "geometry": {"type": "LineString", "coordinates": [[75.780189, 11.244426], [75.780332, 11.244366]]}, "properties": {"type": "original", "weight": 0.00015511611780302467}}, {"type": "Feature", "geometry": {"type": "LineString", "coordinates": [[75.780332, 11.244366], [75.780405, 11.244318]]}, "properties": {"type": "original", "weight": 8.79236600641628e-05}}, {"type": "Feature", "geometry": {"type": "LineString", "coordinates": [[75.780405, 11.244318], [75.780537, 11.244224]]}, "properties": {"type": "original", "weight": 0.00016174702469959196}}, {"type": "Feature", "geometry": {"type": "LineString", "coordinates": [[75.773871, 11.243397], [75.773918, 11.243409]]}, "properties": {"type": "original", "weight": 4.850773133769305e-05}}, {"type": "Feature", "geometry": {"type": "LineString", "coordinates": [[75.773918, 11.243409], [75.774037, 11.24337]]}, "properties": {"type": "original", "weight": 0.00012447433471714787}}, {"type": "Feature", "geometry": {"type": "LineString", "coordinates": [[75.774037, 11.24337], [75.774186, 11.243316]]}, "properties": {"type": "original", "weight": 0.00015861153802990455}}, {"type": "Feature", "geometry": {"type": "LineString", "coordinates": [[75.774186, 11.243316], [75.774256, 11.243308]]}, "properties": {"type": "original", "weight": 6.995891652447217e-05}}, {"type": "Feature", "geometry": {"type": "LineString", "coordinates": [[75.773414, 11.251271], [75.773245, 11.251161]]}, "properties": {"type": "original", "weight": 0.00020137340936683123}}, {"type": "Feature", "geometry": {"type": "LineString", "coordinates": [[75.773245, 11.251161], [75.773126, 11.251117]]}, "properties": {"type": "original", "weight": 0.00012702696564133756}}, {"type": "Feature", "geometry": {"type": "LineString", "coordinates": [[75.773126, 11.251117], [75.77304, 11.251076]]}, "properties": {"type": "original", "weight": 9.500257891182357e-05}}, {"type": "Feature", "geometry": {"type": "LineString", "coordinates": [[75.77304, 11.251076], [75.772945, 11.251023]]}, "properties": {"type": "original", "weight": 0.00010903990096064937}}, {"type": "Feature", "geometry": {"type": "LineString", "coordinates": [[75.781024, 11.252417], [75.781117, 11.25241]]}, "properties": {"type": "original", "weight": 9.257267415952837e-05}}, {"type": "Feature", "geometry": {"type": "LineString", "coordinates": [[75.781024, 11.252417], [75.780999, 11.252455]]}, "properties": {"type": "original", "weight": 4.612352978391564e-05}}, {"type": "Feature", "geometry": {"type": "LineString", "coordinates": [[75.781024, 11.252417], [75.780992, 11.252425]]}, "properties": {"type": "original", "weight": 3.327942306699187e-05}}, {"type": "Feature", "geometry": {"type": "LineString", "coordinates": [[75.781117, 11.25241], [75.781219, 11.252419]]}, "properties": {"type": "original", "weight": 0.00010282144716788746}}, {"type": "Feature", "geometry": {"type": "LineString", "coordinates": [[75.781117, 11.25241], [75.78111, 11.252545]]}, "properties": {"type": "original", "weight": 0.00013485195586315858}}, {"type": "Feature", "geometry": {"type": "LineString", "coordinates": [[75.781219, 11.252419], [75.781233, 11.25242]]}, "properties": {"type": "original", "weight": 1.3729530228598907e-05}}, {"type": "Feature", "geometry": {"type": "LineString", "coordinates": [[75.781219, 11.252419], [75.781215, 11.252546]]}, "properties": {"type": "original", "weight": 0.00012705683767384146}}, {"type": "Feature", "geometry": {"type": "LineString", "coordinates": [[75.781233, 11.25242], [75.781244, 11.252421]]}, "properties": {"type": "original", "weight": 1.1045361017766216e-05}}, {"type": "Feature", "geometry": {"type": "LineString", "coordinates": [[75.781244, 11.252421], [75.78124, 11.252316]]}, "properties": {"type": "original", "weight": 0.00010507240360812961}}, {"type": "Feature", "geometry": {"type": "LineString", "coordinates": [[75.773686, 11.24451], [75.77405, 11.244548]]}, "properties": {"type": "original", "weight": 0.0003656797642829466}}, {"type": "Feature", "geometry": {"type": "LineString", "coordinates": [[75.77405, 11.244548], [75.774487, 11.244578]]}, "properties": {"type": "original", "weight": 0.00043823492557543077}}, {"type": "Feature", "geometry": {"type": "LineString", "coordinates": [[75.7912, 11.247091], [75.791023, 11.247073]]}, "properties": {"type": "original", "weight": 0.0001786093222597563}}, {"type": "Feature", "geometry": {"type": "LineString", "coordinates": [[75.7912, 11.247091], [75.791228, 11.246556]]}, "properties": {"type": "optimized", "weight": 0.00053573220922328}}, {"type": "Feature", "geometry": {"type": "LineString", "coordinates": [[75.7912, 11.247091], [75.791223, 11.247251]]}, "properties": {"type": "optimized", "weight": 0.00016187136868613502}}, {"type": "Feature", "geometry": {"type": "LineString", "coordinates": [[75.791023, 11.247073], [75.79083, 11.247039]]}, "properties": {"type": "original", "weight": 0.00019510310095590628}}, {"type": "Feature", "geometry": {"type": "LineString", "coordinates": [[75.79083, 11.247039], [75.790696, 11.247003]]}, "properties": {"type": "original", "weight": 0.00013955017018751144}}, {"type": "Feature", "geometry": {"type": "LineString", "coordinates": [[75.790696, 11.247003], [75.790649, 11.246968]]}, "properties": {"type": "original", "weight": 5.8008620045763605e-05}}, {"type": "Feature", "geometry": {"type": "LineString", "coordinates": [[75.790649, 11.246968], [75.790632, 11.246918]]}, "properties": {"type": "original", "weight": 5.2715936870685556e-05}}, {"type": "Feature", "geometry": {"type": "LineString", "coordinates": [[75.790632, 11.246918], [75.790634, 11.246836]]}, "properties": {"type": "original", "weight": 8.222682044166511e-05}}, {"type": "Feature", "geometry": {"type": "LineString", "coordinates": [[75.790634, 11.246836], [75.790659, 11.246768]]}, "properties": {"type": "original", "weight": 7.237306128495913e-05}}, {"type": "Feature", "geometry": {"type": "LineString", "coordinates": [[75.790659, 11.246768], [75.790704, 11.246526]]}, "properties": {"type": "original", "weight": 0.0002466216941001451}}, {"type": "Feature", "geometry": {"type": "LineString", "coordinates": [[75.790704, 11.246526], [75.790739, 11.246355]]}, "properties": {"type": "original", "weight": 0.00017381924519406237}}, {"type": "Feature", "geometry": {"type": "LineString", "coordinates": [[75.790739, 11.246355], [75.790752, 11.246286]]}, "properties": {"type": "original", "weight": 7.066293229166876e-05}}, {"type": "Feature", "geometry": {"type": "LineString", "coordinates": [[75.785626, 11.246752], [75.785821, 11.246728]]}, "properties": {"type": "original", "weight": 0.0001964713719656025}}, {"type": "Feature", "geometry": {"type": "LineString", "coordinates": [[75.785821, 11.246728], [75.786016, 11.246695]]}, "properties": {"type": "original", "weight": 0.00019770624674478153}}, {"type": "Feature", "geometry": {"type": "LineString", "coordinates": [[75.786016, 11.246695], [75.786335, 11.246615]]}, "properties": {"type": "original", "weight": 0.00032936473703299286}}, {"type": "Feature", "geometry": {"type": "LineString", "coordinates": [[75.786335, 11.246615], [75.78659, 11.246548]]}, "properties": {"type": "original", "weight": 0.0002628764919064664}}, {"type": "Feature", "geometry": {"type": "LineString", "coordinates": [[75.78659, 11.246548], [75.786685, 11.246538]]}, "properties": {"type": "original", "weight": 9.581283838634927e-05}}, {"type": "Feature", "geometry": {"type": "LineString", "coordinates": [[75.785469, 11.244097], [75.785501, 11.244153]]}, "properties": {"type": "original", "weight": 6.42627419237688e-05}}, {"type": "Feature", "geometry": {"type": "LineString", "coordinates": [[75.785501, 11.244153], [75.785668, 11.244138]]}, "properties": {"type": "original", "weight": 0.00016769030980222631}}, {"type": "Feature", "geometry": {"type": "LineString", "coordinates": [[75.785668, 11.244138], [75.785728, 11.244087]]}, "properties": {"type": "original", "weight": 7.874642849356314e-05}}, {"type": "Feature", "geometry": {"type": "LineString", "coordinates": [[75.796745, 11.240716], [75.796758, 11.241058]]}, "properties": {"type": "original", "weight": 0.00034232829272462013}}, {"type": "Feature", "geometry": {"type": "LineString", "coordinates": [[75.796758, 11.241058], [75.796805, 11.24146]]}, "properties": {"type": "original", "weight": 0.00040443466715782536}}, {"type": "Feature", "geometry": {"type": "LineString", "coordinates": [[75.796805, 11.24146], [75.796835, 11.241703]]}, "properties": {"type": "original", "weight": 0.0002453557621108315}}, {"type": "Feature", "geometry": {"type": "LineString", "coordinates": [[75.796835, 11.241703], [75.796866, 11.241877]]}, "properties": {"type": "original", "weight": 0.00017609508794648565}}, {"type": "Feature", "geometry": {"type": "LineString", "coordinates": [[75.796866, 11.241877], [75.796908, 11.242077]]}, "properties": {"type": "original", "weight": 0.00020498312125887618}}, {"type": "Feature", "geometry": {"type": "LineString", "coordinates": [[75.796908, 11.242077], [75.796939, 11.242304]]}, "properties": {"type": "original", "weight": 0.00022831141013967163}}, {"type": "Feature", "geometry": {"type": "LineString", "coordinates": [[75.796939, 11.242304], [75.796963, 11.242561]]}, "properties": {"type": "original", "weight": 0.00025877838008723467}}, {"type": "Feature", "geometry": {"type": "LineString", "coordinates": [[75.796963, 11.242561], [75.796963, 11.24262]]}, "properties": {"type": "original", "weight": 5.8499999999739316e-05}}, {"type": "Feature", "geometry": {"type": "LineString", "coordinates": [[75.796963, 11.242561], [75.797837, 11.242462]]}, "properties": {"type": "original", "weight": 0.0008799436004580033}}, {"type": "Feature", "geometry": {"type": "LineString", "coordinates": [[75.796963, 11.24262], [75.796963, 11.242655]]}, "properties": {"type": "original", "weight": 3.509999999984359e-05}}, {"type": "Feature", "geometry": {"type": "LineString", "coordinates": [[75.796963, 11.242655], [75.796902, 11.242737]]}, "properties": {"type": "original", "weight": 0.00010228000782605226}}, {"type": "Feature", "geometry": {"type": "LineString", "coordinates": [[75.796902, 11.242737], [75.796846, 11.242783]]}, "properties": {"type": "original", "weight": 7.26114316020321e-05}}, {"type": "Feature", "geometry": {"type": "LineString", "coordinates": [[75.795252, 11.242956], [75.795103, 11.24289]]}, "properties": {"type": "original", "weight": 0.0001621507940141665}}, {"type": "Feature", "geometry": {"type": "LineString", "coordinates": [[75.795252, 11.242956], [75.795318, 11.242674]]}, "properties": {"type": "original", "weight": 0.0002902214671605659}}, {"type": "Feature", "geometry": {"type": "LineString", "coordinates": [[75.795252, 11.242956], [75.795218, 11.243101]]}, "properties": {"type": "original", "weight": 0.0001486637144683361}}, {"type": "Feature", "geometry": {"type": "LineString", "coordinates": [[75.795554, 11.241274], [75.795503, 11.241567]]}, "properties": {"type": "original", "weight": 0.0002971230216598667}}, {"type": "Feature", "geometry": {"type": "LineString", "coordinates": [[75.795503, 11.241567], [75.795421, 11.241945]]}, "properties": {"type": "original", "weight": 0.00038633343111818763}}, {"type": "Feature", "geometry": {"type": "LineString", "coordinates": [[75.795421, 11.241945], [75.7954, 11.242228]]}, "properties": {"type": "original", "weight": 0.00028417698710585894}}, {"type": "Feature", "geometry": {"type": "LineString", "coordinates": [[75.7954, 11.242228], [75.795318, 11.242674]]}, "properties": {"type": "original", "weight": 0.0004531082100324894}}, {"type": "Feature", "geometry": {"type": "LineString", "coordinates": [[75.795556, 11.239934], [75.79522, 11.240017]]}, "properties": {"type": "original", "weight": 0.0003459055362398084}}, {"type": "Feature", "geometry": {"type": "LineString", "coordinates": [[75.79522, 11.240017], [75.79495, 11.240104]]}, "properties": {"type": "original", "weight": 0.0002840513333939324}}, {"type": "Feature", "geometry": {"type": "LineString", "coordinates": [[75.79495, 11.240104], [75.794527, 11.240242]]}, "properties": {"type": "original", "weight": 0.0004448176705103849}}, {"type": "Feature", "geometry": {"type": "LineString", "coordinates": [[75.794527, 11.240242], [75.794427, 11.240305]]}, "properties": {"type": "original", "weight": 0.00011816873528775553}}, {"type": "Feature", "geometry": {"type": "LineString", "coordinates": [[75.794427, 11.240305], [75.79441, 11.240377]]}, "properties": {"type": "original", "weight": 7.391955086296352e-05}}, {"type": "Feature", "geometry": {"type": "LineString", "coordinates": [[75.79441, 11.240377], [75.79439, 11.240533]]}, "properties": {"type": "original", "weight": 0.00015778548729313002}}, {"type": "Feature", "geometry": {"type": "LineString", "coordinates": [[75.79439, 11.240533], [75.79437, 11.240828]]}, "properties": {"type": "original", "weight": 0.000295384664462703}}, {"type": "Feature", "geometry": {"type": "LineString", "coordinates": [[75.782553, 11.24842], [75.782524, 11.248493]]}, "properties": {"type": "original", "weight": 7.771447741480305e-05}}, {"type": "Feature", "geometry": {"type": "LineString", "coordinates": [[75.782524, 11.248493], [75.782488, 11.248593]]}, "properties": {"type": "original", "weight": 0.00010665012892357596}}, {"type": "Feature", "geometry": {"type": "LineString", "coordinates": [[75.787311, 11.252137], [75.787194, 11.252056]]}, "properties": {"type": "original", "weight": 0.00014308738588188801}}, {"type": "Feature", "geometry": {"type": "LineString", "coordinates": [[75.787194, 11.252056], [75.787037, 11.251981]]}, "properties": {"type": "original", "weight": 0.0001731989896070601}}, {"type": "Feature", "geometry": {"type": "LineString", "coordinates": [[75.787037, 11.251981], [75.786807, 11.251897]]}, "properties": {"type": "original", "weight": 0.0002446556968450133}}, {"type": "Feature", "geometry": {"type": "LineString", "coordinates": [[75.786807, 11.251897], [75.786703, 11.251795]]}, "properties": {"type": "original", "weight": 0.00014609510601248506}}, {"type": "Feature", "geometry": {"type": "LineString", "coordinates": [[75.786703, 11.251795], [75.786539, 11.25171]]}, "properties": {"type": "original", "weight": 0.00018484482681662212}}, {"type": "Feature", "geometry": {"type": "LineString", "coordinates": [[75.786539, 11.25171], [75.786278, 11.251664]]}, "properties": {"type": "original", "weight": 0.0002649241589596034}}, {"type": "Feature", "geometry": {"type": "LineString", "coordinates": [[75.786278, 11.251664], [75.786169, 11.251612]]}, "properties": {"type": "original", "weight": 0.00012031375647549329}}, {"type": "Feature", "geometry": {"type": "LineString", "coordinates": [[75.786169, 11.251612], [75.786116, 11.25158]]}, "properties": {"type": "original", "weight": 6.232318990999334e-05}}, {"type": "Feature", "geometry": {"type": "LineString", "coordinates": [[75.786116, 11.25158], [75.785897, 11.251546]]}, "properties": {"type": "original", "weight": 0.0002216999774504407}}, {"type": "Feature", "geometry": {"type": "LineString", "coordinates": [[75.785897, 11.251546], [75.785795, 11.251534]]}, "properties": {"type": "original", "weight": 0.00010250234143857265}}, {"type": "Feature", "geometry": {"type": "LineString", "coordinates": [[75.785795, 11.251534], [75.785697, 11.251448]]}, "properties": {"type": "original", "weight": 0.00013007432490449774}}, {"type": "Feature", "geometry": {"type": "LineString", "coordinates": [[75.785697, 11.251448], [75.785528, 11.251336]]}, "properties": {"type": "original", "weight": 0.00020296484917063103}}, {"type": "Feature", "geometry": {"type": "LineString", "coordinates": [[75.785528, 11.251336], [75.785315, 11.251285]]}, "properties": {"type": "original", "weight": 0.00021939120310636258}}, {"type": "Feature", "geometry": {"type": "LineString", "coordinates": [[75.785315, 11.251285], [75.785202, 11.251223]]}, "properties": {"type": "original", "weight": 0.00012843321221898122}}, {"type": "Feature", "geometry": {"type": "LineString", "coordinates": [[75.785202, 11.251223], [75.785117, 11.251181]]}, "properties": {"type": "original", "weight": 9.463382059130166e-05}}, {"type": "Feature", "geometry": {"type": "LineString", "coordinates": [[75.785117, 11.251181], [75.78506, 11.251056]]}, "properties": {"type": "original", "weight": 0.00013763269960568708}}, {"type": "Feature", "geometry": {"type": "LineString", "coordinates": [[75.78506, 11.251056], [75.785017, 11.250923]]}, "properties": {"type": "original", "weight": 0.0001400638782812669}}, {"type": "Feature", "geometry": {"type": "LineString", "coordinates": [[75.785017, 11.250923], [75.785307, 11.250944]]}, "properties": {"type": "original", "weight": 0.0002907811720103323}}, {"type": "Feature", "geometry": {"type": "LineString", "coordinates": [[75.785017, 11.250923], [75.784887, 11.250662]]}, "properties": {"type": "original", "weight": 0.0002911808029413404}}, {"type": "Feature", "geometry": {"type": "LineString", "coordinates": [[75.784396, 11.246703], [75.784283, 11.246697]]}, "properties": {"type": "original", "weight": 0.00011341926643627774}}, {"type": "Feature", "geometry": {"type": "LineString", "coordinates": [[75.784396, 11.246703], [75.784483, 11.246704]]}, "properties": {"type": "original", "weight": 8.671666507631536e-05}}, {"type": "Feature", "geometry": {"type": "LineString", "coordinates": [[75.784283, 11.246697], [75.784182, 11.246692]]}, "properties": {"type": "original", "weight": 0.00010103910134871527}}, {"type": "Feature", "geometry": {"type": "LineString", "coordinates": [[75.784182, 11.246692], [75.784099, 11.24669]]}, "properties": {"type": "original", "weight": 8.31173868670933e-05}}, {"type": "Feature", "geometry": {"type": "LineString", "coordinates": [[75.784099, 11.24669], [75.783963, 11.246683]]}, "properties": {"type": "original", "weight": 0.0001364745397442308}}, {"type": "Feature", "geometry": {"type": "LineString", "coordinates": [[75.783963, 11.246683], [75.783876, 11.246682]]}, "properties": {"type": "original", "weight": 8.671868310518562e-05}}, {"type": "Feature", "geometry": {"type": "LineString", "coordinates": [[75.783876, 11.246682], [75.78366, 11.24667]]}, "properties": {"type": "original", "weight": 0.00021623880317889923}}, {"type": "Feature", "geometry": {"type": "LineString", "coordinates": [[75.783527, 11.246666], [75.783428, 11.246664]]}, "properties": {"type": "optimized", "weight": 9.911458015843479e-05}}, {"type": "Feature", "geometry": {"type": "LineString", "coordinates": [[75.783428, 11.246664], [75.783293, 11.246664]]}, "properties": {"type": "optimized", "weight": 0.00013469999998960702}}, {"type": "Feature", "geometry": {"type": "LineString", "coordinates": [[75.783293, 11.246664], [75.783202, 11.246666]]}, "properties": {"type": "optimized", "weight": 9.142187922166488e-05}}, {"type": "Feature", "geometry": {"type": "LineString", "coordinates": [[75.783202, 11.246666], [75.783115, 11.246668]]}, "properties": {"type": "optimized", "weight": 8.742288029848691e-05}}, {"type": "Feature", "geometry": {"type": "LineString", "coordinates": [[75.783115, 11.246668], [75.783044, 11.246671]]}, "properties": {"type": "optimized", "weight": 7.104758969008283e-05}}, {"type": "Feature", "geometry": {"type": "LineString", "coordinates": [[75.783044, 11.246671], [75.782958, 11.246678]]}, "properties": {"type": "optimized", "weight": 8.57200093360361e-05}}, {"type": "Feature", "geometry": {"type": "LineString", "coordinates": [[75.783044, 11.246671], [75.783045, 11.24662]]}, "properties": {"type": "original", "weight": 5.132494520134246e-05}}, {"type": "Feature", "geometry": {"type": "LineString", "coordinates": [[75.782958, 11.246678], [75.782889, 11.246684]]}, "properties": {"type": "original", "weight": 6.955925530783141e-05}}, {"type": "Feature", "geometry": {"type": "LineString", "coordinates": [[75.782889, 11.246684], [75.782834, 11.246686]]}, "properties": {"type": "original", "weight": 5.483648420623644e-05}}, {"type": "Feature", "geometry": {"type": "LineString", "coordinates": [[75.782834, 11.246686], [75.782645, 11.246694]]}, "properties": {"type": "original", "weight": 0.0001892691469839656}}, {"type": "Feature", "geometry": {"type": "LineString", "coordinates": [[75.782645, 11.246694], [75.782523, 11.2467]]}, "properties": {"type": "original", "weight": 0.00012214258062249626}}, {"type": "Feature", "geometry": {"type": "LineString", "coordinates": [[75.782523, 11.2467], [75.782413, 11.246694]]}, "properties": {"type": "original", "weight": 0.00010985854540768659}}, {"type": "Feature", "geometry": {"type": "LineString", "coordinates": [[75.782413, 11.246694], [75.782342, 11.246696]]}, "properties": {"type": "original", "weight": 7.12253466197973e-05}}, {"type": "Feature", "geometry": {"type": "LineString", "coordinates": [[75.782342, 11.246696], [75.782263, 11.246706]]}, "properties": {"type": "original", "weight": 7.982881683973421e-05}}, {"type": "Feature", "geometry": {"type": "LineString", "coordinates": [[75.782263, 11.246706], [75.782202, 11.24671]]}, "properties": {"type": "original", "weight": 6.113100686465254e-05}}, {"type": "Feature", "geometry": {"type": "LineString", "coordinates": [[75.782143, 11.246708], [75.78206, 11.24671]]}, "properties": {"type": "original", "weight": 8.332400614470305e-05}}, {"type": "Feature", "geometry": {"type": "LineString", "coordinates": [[75.78206, 11.24671], [75.78196, 11.246718]]}, "properties": {"type": "original", "weight": 9.99207686105326e-05}}, {"type": "Feature", "geometry": {"type": "LineString", "coordinates": [[75.78196, 11.246718], [75.781883, 11.246718]]}, "properties": {"type": "original", "weight": 7.730000000094606e-05}}, {"type": "Feature", "geometry": {"type": "LineString", "coordinates": [[75.781883, 11.246718], [75.781749, 11.246732]]}, "properties": {"type": "original", "weight": 0.00013481847054155947}}, {"type": "Feature", "geometry": {"type": "LineString", "coordinates": [[75.781749, 11.246732], [75.781665, 11.24673]]}, "properties": {"type": "original", "weight": 8.342397736269982e-05}}, {"type": "Feature", "geometry": {"type": "LineString", "coordinates": [[75.781665, 11.24673], [75.781545, 11.246728]]}, "properties": {"type": "original", "weight": 0.00011991667940839328}}, {"type": "Feature", "geometry": {"type": "LineString", "coordinates": [[75.781545, 11.246728], [75.781482, 11.246722]]}, "properties": {"type": "original", "weight": 6.327566674039394e-05}}, {"type": "Feature", "geometry": {"type": "LineString", "coordinates": [[75.781482, 11.246722], [75.781419, 11.246732]]}, "properties": {"type": "original", "weight": 6.377311345433324e-05}}, {"type": "Feature", "geometry": {"type": "LineString", "coordinates": [[75.781461, 11.24678], [75.781562, 11.246782]]}, "properties": {"type": "original", "weight": 0.00010112615882629664}}, {"type": "Feature", "geometry": {"type": "LineString", "coordinates": [[75.781562, 11.246782], [75.781769, 11.246787]]}, "properties": {"type": "original", "weight": 0.00020645350565784944}}, {"type": "Feature", "geometry": {"type": "LineString", "coordinates": [[75.781769, 11.246787], [75.782183, 11.246765]]}, "properties": {"type": "original", "weight": 0.00041427397940042957}}, {"type": "Feature", "geometry": {"type": "LineString", "coordinates": [[75.783086, 11.246717], [75.78324, 11.246711]]}, "properties": {"type": "optimized", "weight": 0.00015432060782385182}}, {"type": "Feature", "geometry": {"type": "LineString", "coordinates": [[75.78324, 11.246711], [75.783549, 11.246714]]}, "properties": {"type": "optimized", "weight": 0.0003094186807608427}}, {"type": "Feature", "geometry": {"type": "LineString", "coordinates": [[75.783045, 11.24662], [75.783048, 11.246541]]}, "properties": {"type": "original", "weight": 7.843984956579238e-05}}, {"type": "Feature", "geometry": {"type": "LineString", "coordinates": [[75.783048, 11.246541], [75.783041, 11.246406]]}, "properties": {"type": "original", "weight": 0.00013576542269678096}}, {"type": "Feature", "geometry": {"type": "LineString", "coordinates": [[75.783041, 11.246406], [75.783042, 11.246292]]}, "properties": {"type": "original", "weight": 0.00011350991146267041}}, {"type": "Feature", "geometry": {"type": "LineString", "coordinates": [[75.783042, 11.246292], [75.783121, 11.246291]]}, "properties": {"type": "original", "weight": 7.83063854482934e-05}}, {"type": "Feature", "geometry": {"type": "LineString", "coordinates": [[75.783121, 11.246291], [75.783144, 11.246279]]}, "properties": {"type": "original", "weight": 2.6001730708702666e-05}}, {"type": "Feature", "geometry": {"type": "LineString", "coordinates": [[75.783144, 11.246279], [75.783144, 11.246254]]}, "properties": {"type": "original", "weight": 2.4307406278323022e-05}}, {"type": "Feature", "geometry": {"type": "LineString", "coordinates": [[75.783144, 11.246254], [75.783137, 11.246035]]}, "properties": {"type": "original", "weight": 0.00022000204544442563}}, {"type": "Feature", "geometry": {"type": "LineString", "coordinates": [[75.783137, 11.246035], [75.783139, 11.245821]]}, "properties": {"type": "original", "weight": 0.00021400525694456442}}, {"type": "Feature", "geometry": {"type": "LineString", "coordinates": [[75.783139, 11.245821], [75.783134, 11.245664]]}, "properties": {"type": "original", "weight": 0.00015639673909689358}}, {"type": "Feature", "geometry": {"type": "LineString", "coordinates": [[75.783139, 11.245821], [75.782786, 11.245782]]}, "properties": {"type": "original", "weight": 0.00035487283638114614}}, {"type": "Feature", "geometry": {"type": "LineString", "coordinates": [[75.783134, 11.245664], [75.783136, 11.24553]]}, "properties": {"type": "original", "weight": 0.00013432918521375596}}, {"type": "Feature", "geometry": {"type": "LineString", "coordinates": [[75.783136, 11.24553], [75.78314, 11.245435]]}, "properties": {"type": "original", "weight": 9.476465585880745e-05}}, {"type": "Feature", "geometry": {"type": "LineString", "coordinates": [[75.78314, 11.245435], [75.783144, 11.24539]]}, "properties": {"type": "original", "weight": 4.556720311709619e-05}}, {"type": "Feature", "geometry": {"type": "LineString", "coordinates": [[75.785333, 11.243121], [75.785375, 11.243072]]}, "properties": {"type": "original", "weight": 6.456167594376515e-05}}, {"type": "Feature", "geometry": {"type": "LineString", "coordinates": [[75.785375, 11.243072], [75.785428, 11.243036]]}, "properties": {"type": "original", "weight": 6.437833486648521e-05}}, {"type": "Feature", "geometry": {"type": "LineString", "coordinates": [[75.785428, 11.243036], [75.785497, 11.243017]]}, "properties": {"type": "original", "weight": 7.159476237455423e-05}}, {"type": "Feature", "geometry": {"type": "LineString", "coordinates": [[75.785497, 11.243017], [75.785586, 11.243013]]}, "properties": {"type": "original", "weight": 8.856918200308952e-05}}, {"type": "Feature", "geometry": {"type": "LineString", "coordinates": [[75.785586, 11.243013], [75.785664, 11.243004]]}, "properties": {"type": "original", "weight": 7.828492830652674e-05}}, {"type": "Feature", "geometry": {"type": "LineString", "coordinates": [[75.785547, 11.242958], [75.785499, 11.242942]]}, "properties": {"type": "original", "weight": 5.0217327696716324e-05}}, {"type": "Feature", "geometry": {"type": "LineString", "coordinates": [[75.785499, 11.242942], [75.785476, 11.242921]]}, "properties": {"type": "original", "weight": 3.101032086147348e-05}}, {"type": "Feature", "geometry": {"type": "LineString", "coordinates": [[75.785476, 11.242921], [75.785446, 11.242902]]}, "properties": {"type": "original", "weight": 3.5648562386052856e-05}}, {"type": "Feature", "geometry": {"type": "LineString", "coordinates": [[75.785446, 11.242902], [75.785425, 11.242873]]}, "properties": {"type": "original", "weight": 3.6385986313648435e-05}}, {"type": "Feature", "geometry": {"type": "LineString", "coordinates": [[75.785425, 11.242873], [75.785398, 11.24284]]}, "properties": {"type": "original", "weight": 4.2323161501452336e-05}}, {"type": "Feature", "geometry": {"type": "LineString", "coordinates": [[75.785398, 11.24284], [75.785379, 11.242782]]}, "properties": {"type": "original", "weight": 6.043252435864295e-05}}, {"type": "Feature", "geometry": {"type": "LineString", "coordinates": [[75.785305, 11.242815], [75.785244, 11.242879]]}, "properties": {"type": "original", "weight": 8.826913390431745e-05}}, {"type": "Feature", "geometry": {"type": "LineString", "coordinates": [[75.785244, 11.242879], [75.785126, 11.242883]]}, "properties": {"type": "original", "weight": 0.00011796783460555606}}, {"type": "Feature", "geometry": {"type": "LineString", "coordinates": [[75.780771, 11.244682], [75.781462, 11.244847]]}, "properties": {"type": "original", "weight": 0.0007098430530724357}}, {"type": "Feature", "geometry": {"type": "LineString", "coordinates": [[75.796907, 11.252809], [75.796908, 11.252883]]}, "properties": {"type": "original", "weight": 7.410060728580035e-05}}, {"type": "Feature", "geometry": {"type": "LineString", "coordinates": [[75.796908, 11.252883], [75.796848, 11.25309]]}, "properties": {"type": "original", "weight": 0.00021492884869273634}}, {"type": "Feature", "geometry": {"type": "LineString", "coordinates": [[75.796848, 11.25309], [75.796808, 11.253262]]}, "properties": {"type": "original", "weight": 0.0001770844996048989}}, {"type": "Feature", "geometry": {"type": "LineString", "coordinates": [[75.797706, 11.250323], [75.797212, 11.250292]]}, "properties": {"type": "original", "weight": 0.0004945106773270816}}, {"type": "Feature", "geometry": {"type": "LineString", "coordinates": [[75.797212, 11.250292], [75.797022, 11.250221]]}, "properties": {"type": "original", "weight": 0.0002026579630837783}}, {"type": "Feature", "geometry": {"type": "LineString", "coordinates": [[75.797022, 11.250221], [75.796759, 11.250123]]}, "properties": {"type": "original", "weight": 0.00028087671672870134}}, {"type": "Feature", "geometry": {"type": "LineString", "coordinates": [[75.797022, 11.250221], [75.797129, 11.250068]]}, "properties": {"type": "original", "weight": 0.0001867276626488633}}, {"type": "Feature", "geometry": {"type": "LineString", "coordinates": [[75.796759, 11.250123], [75.796536, 11.250047]]}, "properties": {"type": "original", "weight": 0.00023629460425862985}}, {"type": "Feature", "geometry": {"type": "LineString", "coordinates": [[75.796536, 11.250047], [75.7964, 11.25]]}, "properties": {"type": "original", "weight": 0.00014379461046718658}}, {"type": "Feature", "geometry": {"type": "LineString", "coordinates": [[75.7964, 11.25], [75.796346, 11.249982]]}, "properties": {"type": "optimized", "weight": 5.644864923001189e-05}}, {"type": "Feature", "geometry": {"type": "LineString", "coordinates": [[75.7964, 11.25], [75.796633, 11.249374]]}, "properties": {"type": "optimized", "weight": 0.0006685052056615116}}, {"type": "Feature", "geometry": {"type": "LineString", "coordinates": [[75.796346, 11.249982], [75.796268, 11.249955]]}, "properties": {"type": "original", "weight": 8.234864905514057e-05}}, {"type": "Feature", "geometry": {"type": "LineString", "coordinates": [[75.796346, 11.249982], [75.796226, 11.250279]]}, "properties": {"type": "optimized", "weight": 0.0003210878073081612}}, {"type": "Feature", "geometry": {"type": "LineString", "coordinates": [[75.796268, 11.249955], [75.795986, 11.249876]]}, "properties": {"type": "original", "weight": 0.0002925294685975943}}, {"type": "Feature", "geometry": {"type": "LineString", "coordinates": [[75.795986, 11.249876], [75.79574, 11.249808]]}, "properties": {"type": "original", "weight": 0.00025601757751845893}}, {"type": "Feature", "geometry": {"type": "LineString", "coordinates": [[75.795986, 11.249876], [75.796121, 11.249497]]}, "properties": {"type": "original", "weight": 0.00040224654131623867}}, {"type": "Feature", "geometry": {"type": "LineString", "coordinates": [[75.79574, 11.249808], [75.795441, 11.249729]]}, "properties": {"type": "original", "weight": 0.0003093519031788697}}, {"type": "Feature", "geometry": {"type": "LineString", "coordinates": [[75.795441, 11.249729], [75.79534, 11.250582]]}, "properties": {"type": "original", "weight": 0.000858672521978502}}, {"type": "Feature", "geometry": {"type": "LineString", "coordinates": [[75.796121, 11.249497], [75.796164, 11.249386]]}, "properties": {"type": "original", "weight": 0.00011933901290100109}}, {"type": "Feature", "geometry": {"type": "LineString", "coordinates": [[75.796164, 11.249386], [75.79619, 11.249316]]}, "properties": {"type": "original", "weight": 7.511997070972404e-05}}, {"type": "Feature", "geometry": {"type": "LineString", "coordinates": [[75.796164, 11.249386], [75.795546, 11.249312]]}, "properties": {"type": "original", "weight": 0.0006214853980580084}}, {"type": "Feature", "geometry": {"type": "LineString", "coordinates": [[75.79619, 11.249316], [75.796182, 11.249021]]}, "properties": {"type": "original", "weight": 0.000294811295576567}}, {"type": "Feature", "geometry": {"type": "LineString", "coordinates": [[75.796182, 11.249021], [75.79615, 11.248871]]}, "properties": {"type": "original", "weight": 0.0001532984670533132}}, {"type": "Feature", "geometry": {"type": "LineString", "coordinates": [[75.796182, 11.249021], [75.796265, 11.249012]]}, "properties": {"type": "original", "weight": 8.346520231950893e-05}}, {"type": "Feature", "geometry": {"type": "LineString", "coordinates": [[75.79615, 11.248871], [75.79619, 11.248732]]}, "properties": {"type": "original", "weight": 0.00014517675433736233}}, {"type": "Feature", "geometry": {"type": "LineString", "coordinates": [[75.79619, 11.248732], [75.796292, 11.24864]]}, "properties": {"type": "original", "weight": 0.00013728659803832126}}, {"type": "Feature", "geometry": {"type": "LineString", "coordinates": [[75.796292, 11.24864], [75.7964, 11.248392]]}, "properties": {"type": "original", "weight": 0.00026957481336192633}}, {"type": "Feature", "geometry": {"type": "LineString", "coordinates": [[75.7964, 11.248392], [75.796405, 11.248347]]}, "properties": {"type": "original", "weight": 4.5334865170309265e-05}}, {"type": "Feature", "geometry": {"type": "LineString", "coordinates": [[75.796633, 11.249374], [75.796826, 11.249442]]}, "properties": {"type": "original", "weight": 0.00020485646194739424}}, {"type": "Feature", "geometry": {"type": "LineString", "coordinates": [[75.796633, 11.249374], [75.796617, 11.249153]]}, "properties": {"type": "optimized", "weight": 0.00022115089870974205}}, {"type": "Feature", "geometry": {"type": "LineString", "coordinates": [[75.796826, 11.249442], [75.796923, 11.249492]]}, "properties": {"type": "original", "weight": 0.0001086841754791921}}, {"type": "Feature", "geometry": {"type": "LineString", "coordinates": [[75.796923, 11.249492], [75.797153, 11.249471]]}, "properties": {"type": "original", "weight": 0.00023165381499428719}}, {"type": "Feature", "geometry": {"type": "LineString", "coordinates": [[75.797153, 11.249471], [75.797248, 11.249518]]}, "properties": {"type": "original", "weight": 0.00010554264541217055}}, {"type": "Feature", "geometry": {"type": "LineString", "coordinates": [[75.797248, 11.249518], [75.797338, 11.249563]]}, "properties": {"type": "original", "weight": 0.00010116007116806721}}, {"type": "Feature", "geometry": {"type": "LineString", "coordinates": [[75.797248, 11.249518], [75.797253, 11.2495]]}, "properties": {"type": "original", "weight": 1.901578291830045e-05}}, {"type": "Feature", "geometry": {"type": "LineString", "coordinates": [[75.797338, 11.249563], [75.797129, 11.250068]]}, "properties": {"type": "original", "weight": 0.0005467089262121174}}, {"type": "Feature", "geometry": {"type": "LineString", "coordinates": [[75.796617, 11.249153], [75.796606, 11.248995]]}, "properties": {"type": "optimized", "weight": 0.00015860305797742974}}, {"type": "Feature", "geometry": {"type": "LineString", "coordinates": [[75.796617, 11.249153], [75.796265, 11.249012]]}, "properties": {"type": "original", "weight": 0.0003791713333049535}}, {"type": "Feature", "geometry": {"type": "LineString", "coordinates": [[75.796606, 11.248995], [75.796671, 11.248726]]}, "properties": {"type": "optimized", "weight": 0.0002769127118782073}}, {"type": "Feature", "geometry": {"type": "LineString", "coordinates": [[75.796671, 11.248726], [75.796722, 11.248516]]}, "properties": {"type": "optimized", "weight": 0.00021559779683466264}}, {"type": "Feature", "geometry": {"type": "LineString", "coordinates": [[75.796671, 11.248726], [75.796722, 11.248737]]}, "properties": {"type": "original", "weight": 5.180318523873294e-05}}, {"type": "Feature", "geometry": {"type": "LineString", "coordinates": [[75.796722, 11.248516], [75.796775, 11.248072]]}, "properties": {"type": "optimized", "weight": 0.0004476207323181265}}, {"type": "Feature", "geometry": {"type": "LineString", "coordinates": [[75.796775, 11.248072], [75.797481, 11.248077]]}, "properties": {"type": "original", "weight": 0.0007056184308851552}}, {"type": "Feature", "geometry": {"type": "LineString", "coordinates": [[75.796775, 11.248072], [75.796645, 11.248065]]}, "properties": {"type": "optimized", "weight": 0.00012987293790694238}}, {"type": "Feature", "geometry": {"type": "LineString", "coordinates": [[75.796645, 11.248065], [75.796678, 11.247717]]}, "properties": {"type": "optimized", "weight": 0.00034909747922285273}}, {"type": "Feature", "geometry": {"type": "LineString", "coordinates": [[75.796645, 11.248065], [75.79655, 11.24807]]}, "properties": {"type": "optimized", "weight": 9.563608105782983e-05}}, {"type": "Feature", "geometry": {"type": "LineString", "coordinates": [[75.796678, 11.247717], [75.796759, 11.247374]]}, "properties": {"type": "optimized", "weight": 0.0003525034609762022}}, {"type": "Feature", "geometry": {"type": "LineString", "coordinates": [[75.796759, 11.247374], [75.796738, 11.246611]]}, "properties": {"type": "optimized", "weight": 0.0007632000851677372}}, {"type": "Feature", "geometry": {"type": "LineString", "coordinates": [[75.796738, 11.246611], [75.796776, 11.246613]]}, "properties": {"type": "optimized", "weight": 3.813358101329023e-05}}, {"type": "Feature", "geometry": {"type": "LineString", "coordinates": [[75.797116, 11.24532], [75.797102, 11.245535]]}, "properties": {"type": "original", "weight": 0.00021611582542707273}}, {"type": "Feature", "geometry": {"type": "LineString", "coordinates": [[75.797102, 11.245535], [75.796848, 11.245564]]}, "properties": {"type": "original", "weight": 0.00025644500384406526}}, {"type": "Feature", "geometry": {"type": "LineString", "coordinates": [[75.796848, 11.245564], [75.796791, 11.245564]]}, "properties": {"type": "original", "weight": 5.6300000011333395e-05}}, {"type": "Feature", "geometry": {"type": "LineString", "coordinates": [[75.796791, 11.245564], [75.79677, 11.245577]]}, "properties": {"type": "original", "weight": 2.414994823679447e-05}}, {"type": "Feature", "geometry": {"type": "LineString", "coordinates": [[75.795781, 11.244053], [75.795421, 11.244107]]}, "properties": {"type": "original", "weight": 0.00036387433270125}}, {"type": "Feature", "geometry": {"type": "LineString", "coordinates": [[75.795781, 11.244053], [75.796149, 11.243955]]}, "properties": {"type": "original", "weight": 0.00038154721857595344}}, {"type": "Feature", "geometry": {"type": "LineString", "coordinates": [[75.795421, 11.244107], [75.795164, 11.244111]]}, "properties": {"type": "original", "weight": 0.0002566327531709132}}, {"type": "Feature", "geometry": {"type": "LineString", "coordinates": [[75.795164, 11.244111], [75.795145, 11.244114]]}, "properties": {"type": "original", "weight": 1.9785095401926564e-05}}, {"type": "Feature", "geometry": {"type": "LineString", "coordinates": [[75.795164, 11.244111], [75.795172, 11.244046]]}, "properties": {"type": "original", "weight": 6.581732294825687e-05}}, {"type": "Feature", "geometry": {"type": "LineString", "coordinates": [[75.795145, 11.244114], [75.795129, 11.244122]]}, "properties": {"type": "original", "weight": 1.7933488229561925e-05}}, {"type": "Feature", "geometry": {"type": "LineString", "coordinates": [[75.795129, 11.244122], [75.795124, 11.244141]]}, "properties": {"type": "original", "weight": 1.9263436866597383e-05}}, {"type": "Feature", "geometry": {"type": "LineString", "coordinates": [[75.795124, 11.244141], [75.795119, 11.244842]]}, "properties": {"type": "original", "weight": 0.0007015200210970488}}, {"type": "Feature", "geometry": {"type": "LineString", "coordinates": [[75.795119, 11.244842], [75.795123, 11.244883]]}, "properties": {"type": "original", "weight": 4.146540726934946e-05}}, {"type": "Feature", "geometry": {"type": "LineString", "coordinates": [[75.795123, 11.244883], [75.795151, 11.244925]]}, "properties": {"type": "original", "weight": 5.026141661355392e-05}}, {"type": "Feature", "geometry": {"type": "LineString", "coordinates": [[75.795151, 11.244925], [75.795248, 11.245003]]}, "properties": {"type": "original", "weight": 0.00012408162635798106}}, {"type": "Feature", "geometry": {"type": "LineString", "coordinates": [[75.795248, 11.245003], [75.795302, 11.245078]]}, "properties": {"type": "original", "weight": 9.280070042834261e-05}}, {"type": "Feature", "geometry": {"type": "LineString", "coordinates": [[75.795302, 11.245078], [75.79534, 11.245169]]}, "properties": {"type": "original", "weight": 9.8761581597467e-05}}, {"type": "Feature", "geometry": {"type": "LineString", "coordinates": [[75.79534, 11.245169], [75.795354, 11.245427]]}, "properties": {"type": "original", "weight": 0.0002582906308791451}}, {"type": "Feature", "geometry": {"type": "LineString", "coordinates": [[75.795354, 11.245427], [75.795298, 11.245424]]}, "properties": {"type": "original", "weight": 5.6109268397308435e-05}}, {"type": "Feature", "geometry": {"type": "LineString", "coordinates": [[75.795354, 11.245427], [75.795497, 11.245438]]}, "properties": {"type": "original", "weight": 0.00014303915548220287}}, {"type": "Feature", "geometry": {"type": "LineString", "coordinates": [[75.795354, 11.245427], [75.795321, 11.245793]]}, "properties": {"type": "original", "weight": 0.00036688712160545676}}, {"type": "Feature", "geometry": {"type": "LineString", "coordinates": [[75.770658, 11.253574], [75.771441, 11.25378]]}, "properties": {"type": "original", "weight": 0.0008095433033490078}}, {"type": "Feature", "geometry": {"type": "LineString", "coordinates": [[75.771441, 11.25378], [75.771863, 11.253885]]}, "properties": {"type": "original", "weight": 0.00043515750023101273}}, {"type": "Feature", "geometry": {"type": "LineString", "coordinates": [[75.771863, 11.253885], [75.772248, 11.253937]]}, "properties": {"type": "original", "weight": 0.00038861420457497536}}, {"type": "Feature", "geometry": {"type": "LineString", "coordinates": [[75.772248, 11.253937], [75.772458, 11.253964]]}, "properties": {"type": "original", "weight": 0.0002112454969903823}}, {"type": "Feature", "geometry": {"type": "LineString", "coordinates": [[75.789306, 11.23895], [75.789311, 11.23939]]}, "properties": {"type": "original", "weight": 0.00043992956254371076}}, {"type": "Feature", "geometry": {"type": "LineString", "coordinates": [[75.789311, 11.23939], [75.789291, 11.240009]]}, "properties": {"type": "original", "weight": 0.0006194327243528868}}, {"type": "Feature", "geometry": {"type": "LineString", "coordinates": [[75.789291, 11.240009], [75.789319, 11.240158]]}, "properties": {"type": "original", "weight": 0.00015125210742047808}}, {"type": "Feature", "geometry": {"type": "LineString", "coordinates": [[75.789319, 11.240158], [75.789349, 11.240278]]}, "properties": {"type": "original", "weight": 0.00012403306011084266}}, {"type": "Feature", "geometry": {"type": "LineString", "coordinates": [[75.789349, 11.240278], [75.789366, 11.240347]]}, "properties": {"type": "original", "weight": 7.108734064353379e-05}}, {"type": "Feature", "geometry": {"type": "LineString", "coordinates": [[75.789366, 11.240347], [75.789474, 11.240657]]}, "properties": {"type": "original", "weight": 0.0003288496921101962}}, {"type": "Feature", "geometry": {"type": "LineString", "coordinates": [[75.789474, 11.240657], [75.789517, 11.240865]]}, "properties": {"type": "original", "weight": 0.00021230028262101859}}, {"type": "Feature", "geometry": {"type": "LineString", "coordinates": [[75.789517, 11.240865], [75.789521, 11.240981]]}, "properties": {"type": "original", "weight": 0.00011576912369013852}}, {"type": "Feature", "geometry": {"type": "LineString", "coordinates": [[75.789521, 11.240981], [75.789511, 11.241004]]}, "properties": {"type": "original", "weight": 2.4878102818379033e-05}}, {"type": "Feature", "geometry": {"type": "LineString", "coordinates": [[75.789511, 11.241004], [75.789478, 11.241074]]}, "properties": {"type": "original", "weight": 7.790308081296342e-05}}, {"type": "Feature", "geometry": {"type": "LineString", "coordinates": [[75.789511, 11.241004], [75.789731, 11.24102]]}, "properties": {"type": "original", "weight": 0.0002210653523257334}}, {"type": "Feature", "geometry": {"type": "LineString", "coordinates": [[75.789478, 11.241074], [75.789481, 11.241155]]}, "properties": {"type": "original", "weight": 8.034537945678754e-05}}, {"type": "Feature", "geometry": {"type": "LineString", "coordinates": [[75.789481, 11.241155], [75.789409, 11.241515]]}, "properties": {"type": "original", "weight": 0.0003673844444182073}}, {"type": "Feature", "geometry": {"type": "LineString", "coordinates": [[75.789409, 11.241515], [75.789394, 11.241618]]}, "properties": {"type": "original", "weight": 0.00010404599944175434}}, {"type": "Feature", "geometry": {"type": "LineString", "coordinates": [[75.789394, 11.241618], [75.789361, 11.241834]]}, "properties": {"type": "original", "weight": 0.00021892578651145568}}, {"type": "Feature", "geometry": {"type": "LineString", "coordinates": [[75.789394, 11.241618], [75.789113, 11.241582]]}, "properties": {"type": "original", "weight": 0.0002835461161821569}}, {"type": "Feature", "geometry": {"type": "LineString", "coordinates": [[75.789361, 11.241834], [75.789366, 11.241963]]}, "properties": {"type": "original", "weight": 0.00012887513336649014}}, {"type": "Feature", "geometry": {"type": "LineString", "coordinates": [[75.793413, 11.242373], [75.793452, 11.242597]]}, "properties": {"type": "original", "weight": 0.0002277126478713077}}, {"type": "Feature", "geometry": {"type": "LineString", "coordinates": [[75.793452, 11.242597], [75.793117, 11.242766]]}, "properties": {"type": "original", "weight": 0.00037525887064891793}}, {"type": "Feature", "geometry": {"type": "LineString", "coordinates": [[75.793452, 11.242597], [75.793499, 11.242578]]}, "properties": {"type": "original", "weight": 5.086305142568429e-05}}, {"type": "Feature", "geometry": {"type": "LineString", "coordinates": [[75.793452, 11.242597], [75.793475, 11.242888]]}, "properties": {"type": "original", "weight": 0.0002912936662532694}}, {"type": "Feature", "geometry": {"type": "LineString", "coordinates": [[75.793499, 11.242578], [75.793846, 11.242369]]}, "properties": {"type": "original", "weight": 0.00040478830269407375}}, {"type": "Feature", "geometry": {"type": "LineString", "coordinates": [[75.793846, 11.242369], [75.794424, 11.242198]]}, "properties": {"type": "original", "weight": 0.0006027644647829441}}, {"type": "Feature", "geometry": {"type": "LineString", "coordinates": [[75.794424, 11.242198], [75.79504, 11.24223]]}, "properties": {"type": "original", "weight": 0.0006175090687541219}}, {"type": "Feature", "geometry": {"type": "LineString", "coordinates": [[75.787282, 11.242645], [75.787319, 11.242289]]}, "properties": {"type": "original", "weight": 0.0003578181241896242}}, {"type": "Feature", "geometry": {"type": "LineString", "coordinates": [[75.787319, 11.242289], [75.787333, 11.24214]]}, "properties": {"type": "original", "weight": 0.00014957556618702624}}, {"type": "Feature", "geometry": {"type": "LineString", "coordinates": [[75.787333, 11.24214], [75.787354, 11.241926]]}, "properties": {"type": "original", "weight": 0.00021516923572055476}}, {"type": "Feature", "geometry": {"type": "LineString", "coordinates": [[75.787333, 11.24214], [75.787607, 11.242119]]}, "properties": {"type": "original", "weight": 0.00027480356621140107}}, {"type": "Feature", "geometry": {"type": "LineString", "coordinates": [[75.787354, 11.241926], [75.787349, 11.241723]]}, "properties": {"type": "original", "weight": 0.00020346144597955615}}, {"type": "Feature", "geometry": {"type": "LineString", "coordinates": [[75.787349, 11.241723], [75.7876, 11.241713]]}, "properties": {"type": "original", "weight": 0.0002510874349678598}}, {"type": "Feature", "geometry": {"type": "LineString", "coordinates": [[75.787349, 11.241723], [75.786584, 11.241621]]}, "properties": {"type": "original", "weight": 0.0007711093372621046}}, {"type": "Feature", "geometry": {"type": "LineString", "coordinates": [[75.786589, 11.242628], [75.786614, 11.242224]]}, "properties": {"type": "original", "weight": 0.0004051536128439105}}, {"type": "Feature", "geometry": {"type": "LineString", "coordinates": [[75.786614, 11.242224], [75.786632, 11.241829]]}, "properties": {"type": "original", "weight": 0.0003957280000195135}}, {"type": "Feature", "geometry": {"type": "LineString", "coordinates": [[75.786632, 11.241829], [75.786584, 11.241621]]}, "properties": {"type": "original", "weight": 0.00021254470118247206}}, {"type": "Feature", "geometry": {"type": "LineString", "coordinates": [[75.784263, 11.243014], [75.784414, 11.243051]]}, "properties": {"type": "original", "weight": 0.0001550841062135464}}, {"type": "Feature", "geometry": {"type": "LineString", "coordinates": [[75.791571, 11.249336], [75.79089, 11.249387]]}, "properties": {"type": "original", "weight": 0.0006827849588327288}}, {"type": "Feature", "geometry": {"type": "LineString", "coordinates": [[75.79089, 11.249387], [75.790943, 11.249061]]}, "properties": {"type": "optimized", "weight": 0.0003304936459301654}}, {"type": "Feature", "geometry": {"type": "LineString", "coordinates": [[75.79089, 11.249387], [75.790889, 11.249664]]}, "properties": {"type": "optimized", "weight": 0.00027720259739151537}}, {"type": "Feature", "geometry": {"type": "LineString", "coordinates": [[75.790943, 11.249061], [75.791095, 11.248176]]}, "properties": {"type": "optimized", "weight": 0.0008977583026630983}}, {"type": "Feature", "geometry": {"type": "LineString", "coordinates": [[75.790943, 11.249061], [75.790213, 11.249075]]}, "properties": {"type": "optimized", "weight": 0.0007305459054655013}}, {"type": "Feature", "geometry": {"type": "LineString", "coordinates": [[75.791095, 11.248176], [75.790706, 11.248043]]}, "properties": {"type": "original", "weight": 0.00041100920914891514}}, {"type": "Feature", "geometry": {"type": "LineString", "coordinates": [[75.7964, 11.255226], [75.796442, 11.255132]]}, "properties": {"type": "original", "weight": 0.00010342340160414106}}, {"type": "Feature", "geometry": {"type": "LineString", "coordinates": [[75.796442, 11.255132], [75.796467, 11.255059]]}, "properties": {"type": "original", "weight": 7.722305355297731e-05}}, {"type": "Feature", "geometry": {"type": "LineString", "coordinates": [[75.796467, 11.255059], [75.796488, 11.254981]]}, "properties": {"type": "original", "weight": 8.036522880121628e-05}}, {"type": "Feature", "geometry": {"type": "LineString", "coordinates": [[75.796488, 11.254981], [75.796493, 11.254923]]}, "properties": {"type": "original", "weight": 5.826019224238595e-05}}, {"type": "Feature", "geometry": {"type": "LineString", "coordinates": [[75.796493, 11.254923], [75.796498, 11.254851]]}, "properties": {"type": "original", "weight": 7.2439906127804e-05}}, {"type": "Feature", "geometry": {"type": "LineString", "coordinates": [[75.796498, 11.254851], [75.796528, 11.254782]]}, "properties": {"type": "original", "weight": 7.500466652285763e-05}}, {"type": "Feature", "geometry": {"type": "LineString", "coordinates": [[75.780744, 11.250824], [75.780744, 11.250768]]}, "properties": {"type": "original", "weight": 5.5200000000255045e-05}}, {"type": "Feature", "geometry": {"type": "LineString", "coordinates": [[75.780744, 11.250824], [75.780744, 11.250913]]}, "properties": {"type": "original", "weight": 8.940000000023929e-05}}, {"type": "Feature", "geometry": {"type": "LineString", "coordinates": [[75.78022, 11.249676], [75.780373, 11.24975]]}, "properties": {"type": "original", "weight": 0.00016999944117358906}}, {"type": "Feature", "geometry": {"type": "LineString", "coordinates": [[75.780373, 11.24975], [75.780465, 11.249774]]}, "properties": {"type": "original", "weight": 9.422913562155376e-05}}, {"type": "Feature", "geometry": {"type": "LineString", "coordinates": [[75.780465, 11.249774], [75.780585, 11.249808]]}, "properties": {"type": "original", "weight": 0.00012545170386484285}}, {"type": "Feature", "geometry": {"type": "LineString", "coordinates": [[75.780585, 11.249808], [75.780704, 11.249835]]}, "properties": {"type": "original", "weight": 0.00012099297499739065}}, {"type": "Feature", "geometry": {"type": "LineString", "coordinates": [[75.780704, 11.249835], [75.780717, 11.2499]]}, "properties": {"type": "original", "weight": 6.705259130010306e-05}}, {"type": "Feature", "geometry": {"type": "LineString", "coordinates": [[75.780717, 11.2499], [75.780714, 11.250061]]}, "properties": {"type": "original", "weight": 0.00016052270867360102}}, {"type": "Feature", "geometry": {"type": "LineString", "coordinates": [[75.780714, 11.250061], [75.780714, 11.250179]]}, "properties": {"type": "original", "weight": 0.00011839999999985196}}, {"type": "Feature", "geometry": {"type": "LineString", "coordinates": [[75.780714, 11.250179], [75.780711, 11.250284]]}, "properties": {"type": "original", "weight": 0.0001052346425854358}}, {"type": "Feature", "geometry": {"type": "LineString", "coordinates": [[75.780711, 11.250284], [75.780711, 11.250376]]}, "properties": {"type": "original", "weight": 9.209999999981733e-05}}, {"type": "Feature", "geometry": {"type": "LineString", "coordinates": [[75.780711, 11.250376], [75.780711, 11.250534]]}, "properties": {"type": "original", "weight": 0.00015780000000020777}}, {"type": "Feature", "geometry": {"type": "LineString", "coordinates": [[75.780711, 11.250534], [75.78073, 11.250624]]}, "properties": {"type": "original", "weight": 9.145321208235276e-05}}, {"type": "Feature", "geometry": {"type": "LineString", "coordinates": [[75.78073, 11.250624], [75.780744, 11.250768]]}, "properties": {"type": "original", "weight": 0.00014531913156902134}}, {"type": "Feature", "geometry": {"type": "LineString", "coordinates": [[75.780744, 11.250913], [75.780752, 11.251055]]}, "properties": {"type": "original", "weight": 0.00014232501536911625}}, {"type": "Feature", "geometry": {"type": "LineString", "coordinates": [[75.780752, 11.251055], [75.780757, 11.251155]]}, "properties": {"type": "original", "weight": 0.00010014569386659126}}, {"type": "Feature", "geometry": {"type": "LineString", "coordinates": [[75.780757, 11.251155], [75.780758, 11.251237]]}, "properties": {"type": "original", "weight": 8.151036743894174e-05}}, {"type": "Feature", "geometry": {"type": "LineString", "coordinates": [[75.780758, 11.251237], [75.780758, 11.251326]]}, "properties": {"type": "original", "weight": 8.949999999963154e-05}}, {"type": "Feature", "geometry": {"type": "LineString", "coordinates": [[75.780758, 11.251326], [75.78076, 11.251399]]}, "properties": {"type": "original", "weight": 7.311340506350797e-05}}, {"type": "Feature", "geometry": {"type": "LineString", "coordinates": [[75.78076, 11.251399], [75.780973, 11.251395]]}, "properties": {"type": "optimized", "weight": 0.00021314964226671446}}, {"type": "Feature", "geometry": {"type": "LineString", "coordinates": [[75.791889, 11.241784], [75.791702, 11.241725]]}, "properties": {"type": "original", "weight": 0.00019601683600677095}}, {"type": "Feature", "geometry": {"type": "LineString", "coordinates": [[75.791702, 11.241725], [75.791596, 11.241703]]}, "properties": {"type": "original", "weight": 0.00010841817190500064}}, {"type": "Feature", "geometry": {"type": "LineString", "coordinates": [[75.791596, 11.241703], [75.791407, 11.241683]]}, "properties": {"type": "original", "weight": 0.0001903326824298001}}, {"type": "Feature", "geometry": {"type": "LineString", "coordinates": [[75.791407, 11.241683], [75.791297, 11.241676]]}, "properties": {"type": "original", "weight": 0.00011031600065315894}}, {"type": "Feature", "geometry": {"type": "LineString", "coordinates": [[75.791297, 11.241676], [75.791285, 11.241675]]}, "properties": {"type": "original", "weight": 1.1820744487445098e-05}}, {"type": "Feature", "geometry": {"type": "LineString", "coordinates": [[75.791297, 11.241676], [75.791326, 11.241878]]}, "properties": {"type": "original", "weight": 0.00020465192400478157}}, {"type": "Feature", "geometry": {"type": "LineString", "coordinates": [[75.791285, 11.241675], [75.791248, 11.241673]]}, "properties": {"type": "original", "weight": 3.717122543056938e-05}}, {"type": "Feature", "geometry": {"type": "LineString", "coordinates": [[75.791285, 11.241675], [75.791257, 11.241518]]}, "properties": {"type": "original", "weight": 0.00015965666287271968}}, {"type": "Feature", "geometry": {"type": "LineString", "coordinates": [[75.791248, 11.241673], [75.791223, 11.241678]]}, "properties": {"type": "original", "weight": 2.577013774709829e-05}}, {"type": "Feature", "geometry": {"type": "LineString", "coordinates": [[75.791223, 11.241678], [75.791085, 11.241695]]}, "properties": {"type": "original", "weight": 0.00013896852161413378}}, {"type": "Feature", "geometry": {"type": "LineString", "coordinates": [[75.791085, 11.241695], [75.790967, 11.241683]]}, "properties": {"type": "original", "weight": 0.00011773380993860256}}, {"type": "Feature", "geometry": {"type": "LineString", "coordinates": [[75.790967, 11.241683], [75.790879, 11.24169]]}, "properties": {"type": "original", "weight": 8.860953672032178e-05}}, {"type": "Feature", "geometry": {"type": "LineString", "coordinates": [[75.790879, 11.24169], [75.790778, 11.24169]]}, "properties": {"type": "original", "weight": 0.0001010000000007949}}, {"type": "Feature", "geometry": {"type": "LineString", "coordinates": [[75.790778, 11.24169], [75.790657, 11.241703]]}, "properties": {"type": "original", "weight": 0.00012183267214618316}}, {"type": "Feature", "geometry": {"type": "LineString", "coordinates": [[75.790657, 11.241703], [75.790521, 11.241718]]}, "properties": {"type": "original", "weight": 0.00013711199801035354}}, {"type": "Feature", "geometry": {"type": "LineString", "coordinates": [[75.790521, 11.241718], [75.790465, 11.241725]]}, "properties": {"type": "original", "weight": 5.599116001845228e-05}}, {"type": "Feature", "geometry": {"type": "LineString", "coordinates": [[75.790465, 11.241725], [75.790377, 11.241735]]}, "properties": {"type": "original", "weight": 8.895262783772598e-05}}, {"type": "Feature", "geometry": {"type": "LineString", "coordinates": [[75.790377, 11.241735], [75.790271, 11.241757]]}, "properties": {"type": "original", "weight": 0.00010832031204017825}}, {"type": "Feature", "geometry": {"type": "LineString", "coordinates": [[75.790271, 11.241757], [75.790195, 11.241786]]}, "properties": {"type": "original", "weight": 8.082060380901847e-05}}, {"type": "Feature", "geometry": {"type": "LineString", "coordinates": [[75.790195, 11.241786], [75.790193, 11.241925]]}, "properties": {"type": "original", "weight": 0.0001392302050557584}}, {"type": "Feature", "geometry": {"type": "LineString", "coordinates": [[75.790195, 11.241786], [75.790203, 11.241575]]}, "properties": {"type": "original", "weight": 0.0002115260031289241}}, {"type": "Feature", "geometry": {"type": "LineString", "coordinates": [[75.790193, 11.241925], [75.790198, 11.242114]]}, "properties": {"type": "original", "weight": 0.0001882690893376514}}, {"type": "Feature", "geometry": {"type": "LineString", "coordinates": [[75.790198, 11.242114], [75.790124, 11.2422]]}, "properties": {"type": "original", "weight": 0.00011346863002839305}}, {"type": "Feature", "geometry": {"type": "LineString", "coordinates": [[75.790124, 11.2422], [75.790107, 11.242283]]}, "properties": {"type": "original", "weight": 8.427959420911091e-05}}, {"type": "Feature", "geometry": {"type": "LineString", "coordinates": [[75.790107, 11.242283], [75.790094, 11.242341]]}, "properties": {"type": "original", "weight": 6.003707187901957e-05}}, {"type": "Feature", "geometry": {"type": "LineString", "coordinates": [[75.790107, 11.242283], [75.789944, 11.242252]]}, "properties": {"type": "original", "weight": 0.00016567573750421525}}, {"type": "Feature", "geometry": {"type": "LineString", "coordinates": [[75.790094, 11.242341], [75.790106, 11.242422]]}, "properties": {"type": "original", "weight": 8.161697127425541e-05}}, {"type": "Feature", "geometry": {"type": "LineString", "coordinates": [[75.790106, 11.242422], [75.79013, 11.242555]]}, "properties": {"type": "original", "weight": 0.00013506746462122607}}, {"type": "Feature", "geometry": {"type": "LineString", "coordinates": [[75.79013, 11.242555], [75.790115, 11.242709]]}, "properties": {"type": "original", "weight": 0.00015443995597008993}}, {"type": "Feature", "geometry": {"type": "LineString", "coordinates": [[75.790115, 11.242709], [75.790073, 11.242871]]}, "properties": {"type": "original", "weight": 0.00016786500528747869}}, {"type": "Feature", "geometry": {"type": "LineString", "coordinates": [[75.790073, 11.242871], [75.790064, 11.242978]]}, "properties": {"type": "original", "weight": 0.00010668879978758058}}, {"type": "Feature", "geometry": {"type": "LineString", "coordinates": [[75.791257, 11.241518], [75.791257, 11.241326]]}, "properties": {"type": "original", "weight": 0.00019209999999958427}}, {"type": "Feature", "geometry": {"type": "LineString", "coordinates": [[75.791257, 11.241326], [75.791332, 11.241267]]}, "properties": {"type": "original", "weight": 9.580172232254994e-05}}, {"type": "Feature", "geometry": {"type": "LineString", "coordinates": [[75.791332, 11.241267], [75.791456, 11.24116]]}, "properties": {"type": "original", "weight": 0.0001630129135994903}}, {"type": "Feature", "geometry": {"type": "LineString", "coordinates": [[75.791456, 11.24116], [75.791579, 11.241163]]}, "properties": {"type": "original", "weight": 0.00012353643187417433}}, {"type": "Feature", "geometry": {"type": "LineString", "coordinates": [[75.791579, 11.241163], [75.791718, 11.241143]]}, "properties": {"type": "original", "weight": 0.00014013725414720277}}, {"type": "Feature", "geometry": {"type": "LineString", "coordinates": [[75.791326, 11.241878], [75.791326, 11.241917]]}, "properties": {"type": "original", "weight": 3.840000000110422e-05}}, {"type": "Feature", "geometry": {"type": "LineString", "coordinates": [[75.791326, 11.241917], [75.791326, 11.242023]]}, "properties": {"type": "original", "weight": 0.00010639999999995098}}, {"type": "Feature", "geometry": {"type": "LineString", "coordinates": [[75.791326, 11.242023], [75.791326, 11.242065]]}, "properties": {"type": "original", "weight": 4.140000000063537e-05}}, {"type": "Feature", "geometry": {"type": "LineString", "coordinates": [[75.791326, 11.242065], [75.791358, 11.242109]]}, "properties": {"type": "original", "weight": 5.456903884131191e-05}}, {"type": "Feature", "geometry": {"type": "LineString", "coordinates": [[75.791358, 11.242109], [75.791463, 11.242094]]}, "properties": {"type": "original", "weight": 0.00010647614755891836}}, {"type": "Feature", "geometry": {"type": "LineString", "coordinates": [[75.791463, 11.242094], [75.791575, 11.242102]]}, "properties": {"type": "original", "weight": 0.00011220739726791718}}, {"type": "Feature", "geometry": {"type": "LineString", "coordinates": [[75.791575, 11.242102], [75.791646, 11.242112]]}, "properties": {"type": "original", "weight": 7.140819281042966e-05}}, {"type": "Feature", "geometry": {"type": "LineString", "coordinates": [[75.791646, 11.242112], [75.79173, 11.242135]]}, "properties": {"type": "original", "weight": 8.756814489052838e-05}}, {"type": "Feature", "geometry": {"type": "LineString", "coordinates": [[75.793171, 11.241807], [75.793168, 11.241584]]}, "properties": {"type": "original", "weight": 0.00022353230191692855}}, {"type": "Feature", "geometry": {"type": "LineString", "coordinates": [[75.793168, 11.241584], [75.793183, 11.241394]]}, "properties": {"type": "original", "weight": 0.00019002505097974657}}, {"type": "Feature", "geometry": {"type": "LineString", "coordinates": [[75.793183, 11.241394], [75.793144, 11.240996]]}, "properties": {"type": "original", "weight": 0.0003996683625203777}}, {"type": "Feature", "geometry": {"type": "LineString", "coordinates": [[75.793144, 11.240996], [75.793125, 11.240822]]}, "properties": {"type": "original", "weight": 0.00017536527592270873}}, {"type": "Feature", "geometry": {"type": "LineString", "coordinates": [[75.792365, 11.241763], [75.792377, 11.241714]]}, "properties": {"type": "original", "weight": 4.9776400031323434e-05}}, {"type": "Feature", "geometry": {"type": "LineString", "coordinates": [[75.792377, 11.241714], [75.792388, 11.241675]]}, "properties": {"type": "original", "weight": 4.12768700341585e-05}}, {"type": "Feature", "geometry": {"type": "LineString", "coordinates": [[75.792388, 11.241675], [75.792401, 11.241617]]}, "properties": {"type": "original", "weight": 5.8845985419559154e-05}}, {"type": "Feature", "geometry": {"type": "LineString", "coordinates": [[75.792401, 11.241617], [75.792412, 11.241578]]}, "properties": {"type": "original", "weight": 4.1276870035866996e-05}}, {"type": "Feature", "geometry": {"type": "LineString", "coordinates": [[75.792412, 11.241578], [75.792424, 11.241534]]}, "properties": {"type": "original", "weight": 4.550000000094201e-05}}, {"type": "Feature", "geometry": {"type": "LineString", "coordinates": [[75.792424, 11.241534], [75.79244, 11.241496]]}, "properties": {"type": "original", "weight": 4.0600492607880015e-05}}, {"type": "Feature", "geometry": {"type": "LineString", "coordinates": [[75.79244, 11.241496], [75.792446, 11.24145]]}, "properties": {"type": "original", "weight": 4.6782261596671686e-05}}, {"type": "Feature", "geometry": {"type": "LineString", "coordinates": [[75.792446, 11.24145], [75.79246, 11.24139]]}, "properties": {"type": "original", "weight": 6.11098191754352e-05}}, {"type": "Feature", "geometry": {"type": "LineString", "coordinates": [[75.79246, 11.24139], [75.792473, 11.241324]]}, "properties": {"type": "original", "weight": 6.746450919135716e-05}}, {"type": "Feature", "geometry": {"type": "LineString", "coordinates": [[75.792473, 11.241324], [75.792489, 11.241227]]}, "properties": {"type": "original", "weight": 9.826235291014642e-05}}, {"type": "Feature", "geometry": {"type": "LineString", "coordinates": [[75.792489, 11.241227], [75.792498, 11.241179]]}, "properties": {"type": "original", "weight": 4.932798394536326e-05}}, {"type": "Feature", "geometry": {"type": "LineString", "coordinates": [[75.792863, 11.251104], [75.792973, 11.250924]]}, "properties": {"type": "original", "weight": 0.00021151446758922254}}, {"type": "Feature", "geometry": {"type": "LineString", "coordinates": [[75.792973, 11.250924], [75.793562, 11.250878]]}, "properties": {"type": "original", "weight": 0.0005902640172053831}}, {"type": "Feature", "geometry": {"type": "LineString", "coordinates": [[75.793562, 11.250878], [75.793568, 11.250716]]}, "properties": {"type": "original", "weight": 0.00016170405066054654}}, {"type": "Feature", "geometry": {"type": "LineString", "coordinates": [[75.782335, 11.254586], [75.782427, 11.254595]]}, "properties": {"type": "original", "weight": 9.26382210653563e-05}}, {"type": "Feature", "geometry": {"type": "LineString", "coordinates": [[75.782427, 11.254595], [75.782517, 11.254612]]}, "properties": {"type": "original", "weight": 9.122307821014706e-05}}, {"type": "Feature", "geometry": {"type": "LineString", "coordinates": [[75.782517, 11.254612], [75.782731, 11.254665]]}, "properties": {"type": "original", "weight": 0.00022104705381856873}}, {"type": "Feature", "geometry": {"type": "LineString", "coordinates": [[75.782731, 11.254665], [75.782938, 11.254663]]}, "properties": {"type": "original", "weight": 0.0002070087196262964}}, {"type": "Feature", "geometry": {"type": "LineString", "coordinates": [[75.782731, 11.254665], [75.78272, 11.255026]]}, "properties": {"type": "original", "weight": 0.00036038353180955644}}, {"type": "Feature", "geometry": {"type": "LineString", "coordinates": [[75.782938, 11.254663], [75.783006, 11.254663]]}, "properties": {"type": "original", "weight": 6.820263924630324e-05}}, {"type": "Feature", "geometry": {"type": "LineString", "coordinates": [[75.782938, 11.254663], [75.78299, 11.254345]]}, "properties": {"type": "original", "weight": 0.0003225540574830468}}, {"type": "Feature", "geometry": {"type": "LineString", "coordinates": [[75.783006, 11.254663], [75.783247, 11.254693]]}, "properties": {"type": "original", "weight": 0.0002421902764373617}}, {"type": "Feature", "geometry": {"type": "LineString", "coordinates": [[75.783247, 11.254693], [75.78343, 11.25472]]}, "properties": {"type": "original", "weight": 0.00018577254909027708}}, {"type": "Feature", "geometry": {"type": "LineString", "coordinates": [[75.78343, 11.25472], [75.783599, 11.254752]]}, "properties": {"type": "original", "weight": 0.00017198433068120778}}, {"type": "Feature", "geometry": {"type": "LineString", "coordinates": [[75.783599, 11.254752], [75.783616, 11.254755]]}, "properties": {"type": "original", "weight": 1.7062825091728302e-05}}, {"type": "Feature", "geometry": {"type": "LineString", "coordinates": [[75.783616, 11.254755], [75.783762, 11.254786]]}, "properties": {"type": "original", "weight": 0.0001490704866841701}}, {"type": "Feature", "geometry": {"type": "LineString", "coordinates": [[75.783616, 11.254755], [75.783652, 11.254632]]}, "properties": {"type": "original", "weight": 0.00012914801585810082}}, {"type": "Feature", "geometry": {"type": "LineString", "coordinates": [[75.783762, 11.254786], [75.784069, 11.254925]]}, "properties": {"type": "original", "weight": 0.00033702594855947936}}, {"type": "Feature", "geometry": {"type": "LineString", "coordinates": [[75.783762, 11.254786], [75.783825, 11.254415]]}, "properties": {"type": "original", "weight": 0.0003759152165052477}}, {"type": "Feature", "geometry": {"type": "LineString", "coordinates": [[75.78499, 11.255306], [75.785377, 11.255402]]}, "properties": {"type": "original", "weight": 0.0003991438963545481}}, {"type": "Feature", "geometry": {"type": "LineString", "coordinates": [[75.785377, 11.255402], [75.785795, 11.255467]]}, "properties": {"type": "original", "weight": 0.00042273662013676393}}, {"type": "Feature", "geometry": {"type": "LineString", "coordinates": [[75.785795, 11.255467], [75.785974, 11.255467]]}, "properties": {"type": "original", "weight": 0.00017860011198018975}}, {"type": "Feature", "geometry": {"type": "LineString", "coordinates": [[75.785974, 11.255467], [75.786038, 11.255468]]}, "properties": {"type": "original", "weight": 6.380007837646543e-05}}, {"type": "Feature", "geometry": {"type": "LineString", "coordinates": [[75.79809, 11.248081], [75.798077, 11.248173]]}, "properties": {"type": "original", "weight": 9.260410358047534e-05}}, {"type": "Feature", "geometry": {"type": "LineString", "coordinates": [[75.79809, 11.248081], [75.798378, 11.248083]]}, "properties": {"type": "original", "weight": 0.0002877076641185032}}, {"type": "Feature", "geometry": {"type": "LineString", "coordinates": [[75.79809, 11.248081], [75.797481, 11.248077]]}, "properties": {"type": "original", "weight": 0.0006096158790624864}}, {"type": "Feature", "geometry": {"type": "LineString", "coordinates": [[75.798077, 11.248173], [75.798063, 11.248244]]}, "properties": {"type": "original", "weight": 7.22534428247489e-05}}, {"type": "Feature", "geometry": {"type": "LineString", "coordinates": [[75.798063, 11.248244], [75.798038, 11.248296]]}, "properties": {"type": "original", "weight": 5.8329152234024543e-05}}, {"type": "Feature", "geometry": {"type": "LineString", "coordinates": [[75.798038, 11.248296], [75.798034, 11.248365]]}, "properties": {"type": "original", "weight": 6.844808251590659e-05}}, {"type": "Feature", "geometry": {"type": "LineString", "coordinates": [[75.798034, 11.248365], [75.798029, 11.248391]]}, "properties": {"type": "original", "weight": 2.6828715958474206e-05}}, {"type": "Feature", "geometry": {"type": "LineString", "coordinates": [[75.798029, 11.248391], [75.798104, 11.248401]]}, "properties": {"type": "original", "weight": 7.583046881400858e-05}}, {"type": "Feature", "geometry": {"type": "LineString", "coordinates": [[75.798104, 11.248401], [75.798088, 11.248475]]}, "properties": {"type": "original", "weight": 7.543805405656611e-05}}, {"type": "Feature", "geometry": {"type": "LineString", "coordinates": [[75.798088, 11.248475], [75.798069, 11.24852]]}, "properties": {"type": "original", "weight": 4.849257675414293e-05}}, {"type": "Feature", "geometry": {"type": "LineString", "coordinates": [[75.798069, 11.24852], [75.798055, 11.248583]]}, "properties": {"type": "original", "weight": 6.450713138896489e-05}}, {"type": "Feature", "geometry": {"type": "LineString", "coordinates": [[75.798055, 11.248583], [75.798031, 11.248644]]}, "properties": {"type": "original", "weight": 6.52533524032307e-05}}, {"type": "Feature", "geometry": {"type": "LineString", "coordinates": [[75.798031, 11.248644], [75.798021, 11.248693]]}, "properties": {"type": "original", "weight": 5.103430218819338e-05}}, {"type": "Feature", "geometry": {"type": "LineString", "coordinates": [[75.798021, 11.248693], [75.797999, 11.248749]]}, "properties": {"type": "original", "weight": 5.933245317759177e-05}}, {"type": "Feature", "geometry": {"type": "LineString", "coordinates": [[75.797999, 11.248749], [75.797984, 11.248791]]}, "properties": {"type": "original", "weight": 4.4981996399419606e-05}}, {"type": "Feature", "geometry": {"type": "LineString", "coordinates": [[75.797984, 11.248791], [75.797969, 11.24883]]}, "properties": {"type": "original", "weight": 4.169268521284306e-05}}, {"type": "Feature", "geometry": {"type": "LineString", "coordinates": [[75.797984, 11.248791], [75.797897, 11.248772]]}, "properties": {"type": "original", "weight": 8.85749400256725e-05}}, {"type": "Feature", "geometry": {"type": "LineString", "coordinates": [[75.797969, 11.24883], [75.797948, 11.248883]]}, "properties": {"type": "original", "weight": 5.6786618139864376e-05}}, {"type": "Feature", "geometry": {"type": "LineString", "coordinates": [[75.797948, 11.248883], [75.797927, 11.248943]]}, "properties": {"type": "original", "weight": 6.430093311950268e-05}}, {"type": "Feature", "geometry": {"type": "LineString", "coordinates": [[75.797927, 11.248943], [75.797911, 11.248996]]}, "properties": {"type": "original", "weight": 5.50088174740026e-05}}, {"type": "Feature", "geometry": {"type": "LineString", "coordinates": [[75.797911, 11.248996], [75.797959, 11.249001]]}, "properties": {"type": "original", "weight": 4.8579110740155236e-05}}, {"type": "Feature", "geometry": {"type": "LineString", "coordinates": [[75.797959, 11.249001], [75.798023, 11.249017]]}, "properties": {"type": "original", "weight": 6.630987859980399e-05}}, {"type": "Feature", "geometry": {"type": "LineString", "coordinates": [[75.798023, 11.249017], [75.79805, 11.249028]]}, "properties": {"type": "original", "weight": 2.8783502219713443e-05}}, {"type": "Feature", "geometry": {"type": "LineString", "coordinates": [[75.797897, 11.248772], [75.797841, 11.248757]]}, "properties": {"type": "original", "weight": 5.847503740633959e-05}}, {"type": "Feature", "geometry": {"type": "LineString", "coordinates": [[75.797841, 11.248757], [75.79779, 11.248736]]}, "properties": {"type": "original", "weight": 5.519248137108494e-05}}, {"type": "Feature", "geometry": {"type": "LineString", "coordinates": [[75.79779, 11.248736], [75.797712, 11.248722]]}, "properties": {"type": "original", "weight": 7.879657353515976e-05}}, {"type": "Feature", "geometry": {"type": "LineString", "coordinates": [[75.797712, 11.248722], [75.797645, 11.248696]]}, "properties": {"type": "original", "weight": 7.207010475494786e-05}}, {"type": "Feature", "geometry": {"type": "LineString", "coordinates": [[75.797645, 11.248696], [75.797594, 11.248683]]}, "properties": {"type": "original", "weight": 5.268054669329289e-05}}, {"type": "Feature", "geometry": {"type": "LineString", "coordinates": [[75.797594, 11.248683], [75.797516, 11.248683]]}, "properties": {"type": "original", "weight": 7.779999999968368e-05}}, {"type": "Feature", "geometry": {"type": "LineString", "coordinates": [[75.797516, 11.248683], [75.797438, 11.24867]]}, "properties": {"type": "original", "weight": 7.879657353515976e-05}}, {"type": "Feature", "geometry": {"type": "LineString", "coordinates": [[75.797438, 11.24867], [75.797379, 11.248658]]}, "properties": {"type": "original", "weight": 6.091387361917716e-05}}, {"type": "Feature", "geometry": {"type": "LineString", "coordinates": [[75.797379, 11.248658], [75.797387, 11.248626]]}, "properties": {"type": "original", "weight": 3.2621618599087154e-05}}, {"type": "Feature", "geometry": {"type": "LineString", "coordinates": [[75.797379, 11.248658], [75.797347, 11.24875]]}, "properties": {"type": "original", "weight": 9.756664389228996e-05}}, {"type": "Feature", "geometry": {"type": "LineString", "coordinates": [[75.787562, 11.247359], [75.787514, 11.247356]]}, "properties": {"type": "original", "weight": 4.8369928677861076e-05}}, {"type": "Feature", "geometry": {"type": "LineString", "coordinates": [[75.787514, 11.247356], [75.787458, 11.247356]]}, "properties": {"type": "original", "weight": 5.629999999712254e-05}}, {"type": "Feature", "geometry": {"type": "LineString", "coordinates": [[75.787458, 11.247356], [75.787404, 11.247356]]}, "properties": {"type": "original", "weight": 5.3600000001097214e-05}}, {"type": "Feature", "geometry": {"type": "LineString", "coordinates": [[75.787404, 11.247356], [75.787356, 11.247348]]}, "properties": {"type": "original", "weight": 4.89418021626384e-05}}, {"type": "Feature", "geometry": {"type": "LineString", "coordinates": [[75.787356, 11.247348], [75.787313, 11.247348]]}, "properties": {"type": "original", "weight": 4.290000001105909e-05}}, {"type": "Feature", "geometry": {"type": "LineString", "coordinates": [[75.787313, 11.247348], [75.787248, 11.247348]]}, "properties": {"type": "original", "weight": 6.439999999940937e-05}}, {"type": "Feature", "geometry": {"type": "LineString", "coordinates": [[75.787248, 11.247348], [75.787176, 11.247348]]}, "properties": {"type": "original", "weight": 7.239999999342217e-05}}, {"type": "Feature", "geometry": {"type": "LineString", "coordinates": [[75.787176, 11.247348], [75.787109, 11.247351]]}, "properties": {"type": "original", "weight": 6.715035368029198e-05}}, {"type": "Feature", "geometry": {"type": "LineString", "coordinates": [[75.787109, 11.247351], [75.787042, 11.247343]]}, "properties": {"type": "original", "weight": 6.746413862329369e-05}}, {"type": "Feature", "geometry": {"type": "LineString", "coordinates": [[75.787042, 11.247343], [75.786975, 11.247351]]}, "properties": {"type": "original", "weight": 6.756345166799604e-05}}, {"type": "Feature", "geometry": {"type": "LineString", "coordinates": [[75.786975, 11.247351], [75.786894, 11.247351]]}, "properties": {"type": "original", "weight": 8.040000000164582e-05}}, {"type": "Feature", "geometry": {"type": "LineString", "coordinates": [[75.790752, 11.246286], [75.790765, 11.246252]]}, "properties": {"type": "original", "weight": 3.673145790744323e-05}}, {"type": "Feature", "geometry": {"type": "LineString", "coordinates": [[75.790765, 11.246252], [75.790773, 11.246199]]}, "properties": {"type": "original", "weight": 5.330375221171065e-05}}, {"type": "Feature", "geometry": {"type": "LineString", "coordinates": [[75.790773, 11.246199], [75.790795, 11.246133]]}, "properties": {"type": "original", "weight": 6.912843119991538e-05}}, {"type": "Feature", "geometry": {"type": "LineString", "coordinates": [[75.796776, 11.246613], [75.796819, 11.246608]]}, "properties": {"type": "optimized", "weight": 4.3226149489945036e-05}}, {"type": "Feature", "geometry": {"type": "LineString", "coordinates": [[75.796819, 11.246608], [75.796819, 11.246552]]}, "properties": {"type": "optimized", "weight": 5.5200000000255045e-05}}, {"type": "Feature", "geometry": {"type": "LineString", "coordinates": [[75.796819, 11.246552], [75.796813, 11.246495]]}, "properties": {"type": "optimized", "weight": 5.815126825829593e-05}}, {"type": "Feature", "geometry": {"type": "LineString", "coordinates": [[75.796813, 11.246495], [75.796811, 11.246437]]}, "properties": {"type": "optimized", "weight": 5.79583471123088e-05}}, {"type": "Feature", "geometry": {"type": "LineString", "coordinates": [[75.796811, 11.246437], [75.796811, 11.24636]]}, "properties": {"type": "optimized", "weight": 7.620000000052585e-05}}, {"type": "Feature", "geometry": {"type": "LineString", "coordinates": [[75.796811, 11.24636], [75.796811, 11.246295]]}, "properties": {"type": "optimized", "weight": 6.57999999997827e-05}}, {"type": "Feature", "geometry": {"type": "LineString", "coordinates": [[75.796811, 11.246295], [75.796813, 11.246232]]}, "properties": {"type": "optimized", "weight": 6.315354305212045e-05}}, {"type": "Feature", "geometry": {"type": "LineString", "coordinates": [[75.796813, 11.246232], [75.796859, 11.246234]]}, "properties": {"type": "optimized", "weight": 4.567406266851095e-05}}, {"type": "Feature", "geometry": {"type": "LineString", "coordinates": [[75.796859, 11.246234], [75.796894, 11.246234]]}, "properties": {"type": "optimized", "weight": 3.490000000283544e-05}}, {"type": "Feature", "geometry": {"type": "LineString", "coordinates": [[75.796894, 11.246234], [75.796891, 11.246197]]}, "properties": {"type": "optimized", "weight": 3.6898915974155524e-05}}, {"type": "Feature", "geometry": {"type": "LineString", "coordinates": [[75.796891, 11.246197], [75.796888, 11.246139]]}, "properties": {"type": "optimized", "weight": 5.79583471123088e-05}}, {"type": "Feature", "geometry": {"type": "LineString", "coordinates": [[75.796888, 11.246139], [75.796887, 11.246116]]}, "properties": {"type": "optimized", "weight": 2.3835477757912738e-05}}, {"type": "Feature", "geometry": {"type": "LineString", "coordinates": [[75.796887, 11.246116], [75.796886, 11.246087]]}, "properties": {"type": "optimized", "weight": 2.8834007700174485e-05}}, {"type": "Feature", "geometry": {"type": "LineString", "coordinates": [[75.796886, 11.246087], [75.796878, 11.246047]]}, "properties": {"type": "original", "weight": 4.032195431792889e-05}}, {"type": "Feature", "geometry": {"type": "LineString", "coordinates": [[75.796878, 11.246047], [75.79684, 11.246042]]}, "properties": {"type": "original", "weight": 3.7872681437831956e-05}}, {"type": "Feature", "geometry": {"type": "LineString", "coordinates": [[75.79684, 11.246042], [75.796813, 11.246042]]}, "properties": {"type": "original", "weight": 2.6900000008822644e-05}}, {"type": "Feature", "geometry": {"type": "LineString", "coordinates": [[75.796813, 11.246042], [75.796803, 11.246]]}, "properties": {"type": "original", "weight": 4.34384622170404e-05}}, {"type": "Feature", "geometry": {"type": "LineString", "coordinates": [[75.796813, 11.246042], [75.796797, 11.246043]]}, "properties": {"type": "original", "weight": 1.6650825800337022e-05}}, {"type": "Feature", "geometry": {"type": "LineString", "coordinates": [[75.796803, 11.246], [75.7968, 11.24594]]}, "properties": {"type": "original", "weight": 6.056021796573687e-05}}, {"type": "Feature", "geometry": {"type": "LineString", "coordinates": [[75.7968, 11.24594], [75.796786, 11.245895]]}, "properties": {"type": "original", "weight": 4.666529759915871e-05}}, {"type": "Feature", "geometry": {"type": "LineString", "coordinates": [[75.796786, 11.245895], [75.796754, 11.245884]]}, "properties": {"type": "original", "weight": 3.3868717122534113e-05}}, {"type": "Feature", "geometry": {"type": "LineString", "coordinates": [[75.796754, 11.245884], [75.796744, 11.245826]]}, "properties": {"type": "original", "weight": 5.888038722759557e-05}}, {"type": "Feature", "geometry": {"type": "LineString", "coordinates": [[75.796744, 11.245826], [75.796744, 11.245787]]}, "properties": {"type": "original", "weight": 3.940000000035582e-05}}, {"type": "Feature", "geometry": {"type": "LineString", "coordinates": [[75.796744, 11.245787], [75.796741, 11.245726]]}, "properties": {"type": "original", "weight": 6.05602179651033e-05}}, {"type": "Feature", "geometry": {"type": "LineString", "coordinates": [[75.796741, 11.245726], [75.796741, 11.245695]]}, "properties": {"type": "original", "weight": 3.1599999999798456e-05}}, {"type": "Feature", "geometry": {"type": "LineString", "coordinates": [[75.796741, 11.245695], [75.796741, 11.245658]]}, "properties": {"type": "original", "weight": 3.680000000017003e-05}}, {"type": "Feature", "geometry": {"type": "LineString", "coordinates": [[75.796741, 11.245658], [75.796752, 11.245608]]}, "properties": {"type": "original", "weight": 5.115310352219003e-05}}, {"type": "Feature", "geometry": {"type": "LineString", "coordinates": [[75.796752, 11.245608], [75.79677, 11.245577]]}, "properties": {"type": "original", "weight": 3.671852393441562e-05}}, {"type": "Feature", "geometry": {"type": "LineString", "coordinates": [[75.79677, 11.245577], [75.796662, 11.245644]]}, "properties": {"type": "original", "weight": 0.00012797363009930498}}, {"type": "Feature", "geometry": {"type": "LineString", "coordinates": [[75.796776, 11.243206], [75.796746, 11.243188]]}, "properties": {"type": "original", "weight": 3.476794501605511e-05}}, {"type": "Feature", "geometry": {"type": "LineString", "coordinates": [[75.796746, 11.243188], [75.796722, 11.243159]]}, "properties": {"type": "original", "weight": 3.7630041184481834e-05}}, {"type": "Feature", "geometry": {"type": "LineString", "coordinates": [[75.796722, 11.243159], [75.796709, 11.243125]]}, "properties": {"type": "original", "weight": 3.67680567915919e-05}}, {"type": "Feature", "geometry": {"type": "LineString", "coordinates": [[75.796709, 11.243125], [75.796711, 11.243104]]}, "properties": {"type": "original", "weight": 2.127204738714768e-05}}, {"type": "Feature", "geometry": {"type": "LineString", "coordinates": [[75.796711, 11.243104], [75.796725, 11.243072]]}, "properties": {"type": "original", "weight": 3.423171044562252e-05}}, {"type": "Feature", "geometry": {"type": "LineString", "coordinates": [[75.796725, 11.243072], [75.796741, 11.243048]]}, "properties": {"type": "original", "weight": 2.865135249641251e-05}}, {"type": "Feature", "geometry": {"type": "LineString", "coordinates": [[75.796741, 11.243048], [75.796765, 11.243033]]}, "properties": {"type": "original", "weight": 2.8901211046051345e-05}}, {"type": "Feature", "geometry": {"type": "LineString", "coordinates": [[75.796765, 11.243033], [75.796797, 11.243019]]}, "properties": {"type": "original", "weight": 3.4800574700941755e-05}}, {"type": "Feature", "geometry": {"type": "LineString", "coordinates": [[75.796797, 11.243019], [75.796824, 11.243012]]}, "properties": {"type": "original", "weight": 2.791200458602694e-05}}, {"type": "Feature", "geometry": {"type": "LineString", "coordinates": [[75.796824, 11.243012], [75.796846, 11.243009]]}, "properties": {"type": "original", "weight": 2.1569654618723645e-05}}, {"type": "Feature", "geometry": {"type": "LineString", "coordinates": [[75.796846, 11.243009], [75.796872, 11.242998]]}, "properties": {"type": "original", "weight": 2.8876634147922395e-05}}, {"type": "Feature", "geometry": {"type": "LineString", "coordinates": [[75.796872, 11.242998], [75.796864, 11.242972]]}, "properties": {"type": "original", "weight": 2.7519084287796864e-05}}, {"type": "Feature", "geometry": {"type": "LineString", "coordinates": [[75.796864, 11.242972], [75.796854, 11.242896]]}, "properties": {"type": "original", "weight": 7.704660926850913e-05}}, {"type": "Feature", "geometry": {"type": "LineString", "coordinates": [[75.796854, 11.242896], [75.796848, 11.242869]]}, "properties": {"type": "original", "weight": 2.6848649874238476e-05}}, {"type": "Feature", "geometry": {"type": "LineString", "coordinates": [[75.796848, 11.242869], [75.796846, 11.242833]]}, "properties": {"type": "original", "weight": 3.689891597311567e-05}}, {"type": "Feature", "geometry": {"type": "LineString", "coordinates": [[75.796846, 11.242833], [75.796846, 11.242783]]}, "properties": {"type": "original", "weight": 4.999999999988347e-05}}, {"type": "Feature", "geometry": {"type": "LineString", "coordinates": [[75.797481, 11.248077], [75.797475, 11.248126]]}, "properties": {"type": "original", "weight": 4.9992499438022716e-05}}, {"type": "Feature", "geometry": {"type": "LineString", "coordinates": [[75.797481, 11.248077], [75.797489, 11.247978]]}, "properties": {"type": "original", "weight": 9.882433910684387e-05}}, {"type": "Feature", "geometry": {"type": "LineString", "coordinates": [[75.797475, 11.248126], [75.797467, 11.248171]]}, "properties": {"type": "original", "weight": 4.5427964956045994e-05}}, {"type": "Feature", "geometry": {"type": "LineString", "coordinates": [[75.797467, 11.248171], [75.797459, 11.248226]]}, "properties": {"type": "original", "weight": 5.5875665542928395e-05}}, {"type": "Feature", "geometry": {"type": "LineString", "coordinates": [[75.797459, 11.248226], [75.797446, 11.248282]]}, "properties": {"type": "original", "weight": 5.6803168925998384e-05}}, {"type": "Feature", "geometry": {"type": "LineString", "coordinates": [[75.797446, 11.248282], [75.797438, 11.248334]]}, "properties": {"type": "original", "weight": 5.322001503235726e-05}}, {"type": "Feature", "geometry": {"type": "LineString", "coordinates": [[75.797438, 11.248334], [75.797427, 11.248379]]}, "properties": {"type": "original", "weight": 4.5962811055261015e-05}}, {"type": "Feature", "geometry": {"type": "LineString", "coordinates": [[75.797427, 11.248379], [75.797419, 11.248432]]}, "properties": {"type": "original", "weight": 5.322001503019439e-05}}, {"type": "Feature", "geometry": {"type": "LineString", "coordinates": [[75.797419, 11.248432], [75.797406, 11.248479]]}, "properties": {"type": "original", "weight": 4.925768975478541e-05}}, {"type": "Feature", "geometry": {"type": "LineString", "coordinates": [[75.797406, 11.248479], [75.797395, 11.248532]]}, "properties": {"type": "original", "weight": 5.3677276384874576e-05}}, {"type": "Feature", "geometry": {"type": "LineString", "coordinates": [[75.797395, 11.248532], [75.797395, 11.248592]]}, "properties": {"type": "original", "weight": 6.050000000001887e-05}}, {"type": "Feature", "geometry": {"type": "LineString", "coordinates": [[75.797395, 11.248592], [75.797387, 11.248626]]}, "properties": {"type": "original", "weight": 3.512321169686974e-05}}, {"type": "Feature", "geometry": {"type": "LineString", "coordinates": [[75.797347, 11.24875], [75.797336, 11.248797]]}, "properties": {"type": "original", "weight": 4.8495154398350166e-05}}, {"type": "Feature", "geometry": {"type": "LineString", "coordinates": [[75.797336, 11.248797], [75.797331, 11.248868]]}, "properties": {"type": "original", "weight": 7.120505599980983e-05}}, {"type": "Feature", "geometry": {"type": "LineString", "coordinates": [[75.797331, 11.248868], [75.797392, 11.248892]]}, "properties": {"type": "original", "weight": 6.609523432449897e-05}}, {"type": "Feature", "geometry": {"type": "LineString", "coordinates": [[75.797331, 11.248868], [75.797293, 11.248868]]}, "properties": {"type": "original", "weight": 3.7500000004797585e-05}}, {"type": "Feature", "geometry": {"type": "LineString", "coordinates": [[75.797392, 11.248892], [75.797384, 11.248952]]}, "properties": {"type": "original", "weight": 6.102663353105644e-05}}, {"type": "Feature", "geometry": {"type": "LineString", "coordinates": [[75.797384, 11.248952], [75.797373, 11.249016]]}, "properties": {"type": "original", "weight": 6.411614461204442e-05}}, {"type": "Feature", "geometry": {"type": "LineString", "coordinates": [[75.797373, 11.249016], [75.79736, 11.249052]]}, "properties": {"type": "original", "weight": 3.916375875755372e-05}}, {"type": "Feature", "geometry": {"type": "LineString", "coordinates": [[75.79736, 11.249052], [75.797349, 11.249108]]}, "properties": {"type": "original", "weight": 5.6227484383698735e-05}}, {"type": "Feature", "geometry": {"type": "LineString", "coordinates": [[75.797349, 11.249108], [75.797331, 11.249155]]}, "properties": {"type": "original", "weight": 5.0992156256455355e-05}}, {"type": "Feature", "geometry": {"type": "LineString", "coordinates": [[75.797331, 11.249155], [75.79732, 11.249208]]}, "properties": {"type": "original", "weight": 5.3677276384874576e-05}}, {"type": "Feature", "geometry": {"type": "LineString", "coordinates": [[75.79732, 11.249208], [75.797296, 11.249263]]}, "properties": {"type": "original", "weight": 6.023163620192644e-05}}, {"type": "Feature", "geometry": {"type": "LineString", "coordinates": [[75.797296, 11.249263], [75.797288, 11.249305]]}, "properties": {"type": "original", "weight": 4.2872135473189076e-05}}, {"type": "Feature", "geometry": {"type": "LineString", "coordinates": [[75.797288, 11.249305], [75.797277, 11.249352]]}, "properties": {"type": "original", "weight": 4.859269492487804e-05}}, {"type": "Feature", "geometry": {"type": "LineString", "coordinates": [[75.797277, 11.249352], [75.797266, 11.249397]]}, "properties": {"type": "original", "weight": 4.5962811055261015e-05}}, {"type": "Feature", "geometry": {"type": "LineString", "coordinates": [[75.797266, 11.249397], [75.797261, 11.249452]]}, "properties": {"type": "original", "weight": 5.5563027274214804e-05}}, {"type": "Feature", "geometry": {"type": "LineString", "coordinates": [[75.797261, 11.249452], [75.797253, 11.2495]]}, "properties": {"type": "original", "weight": 4.798854029938752e-05}}, {"type": "Feature", "geometry": {"type": "LineString", "coordinates": [[75.796722, 11.248737], [75.79677, 11.248742]]}, "properties": {"type": "original", "weight": 4.849051453119114e-05}}, {"type": "Feature", "geometry": {"type": "LineString", "coordinates": [[75.79677, 11.248742], [75.796813, 11.248758]]}, "properties": {"type": "original", "weight": 4.5810915734542255e-05}}, {"type": "Feature", "geometry": {"type": "LineString", "coordinates": [[75.796813, 11.248758], [75.796861, 11.248774]]}, "properties": {"type": "original", "weight": 5.069250437212667e-05}}, {"type": "Feature", "geometry": {"type": "LineString", "coordinates": [[75.796861, 11.248774], [75.796923, 11.248776]]}, "properties": {"type": "original", "weight": 6.175904792348497e-05}}, {"type": "Feature", "geometry": {"type": "LineString", "coordinates": [[75.796923, 11.248776], [75.796979, 11.248784]]}, "properties": {"type": "original", "weight": 5.695059261329028e-05}}, {"type": "Feature", "geometry": {"type": "LineString", "coordinates": [[75.796979, 11.248784], [75.797052, 11.248803]]}, "properties": {"type": "original", "weight": 7.470153948285397e-05}}, {"type": "Feature", "geometry": {"type": "LineString", "coordinates": [[75.797052, 11.248803], [75.797089, 11.248808]]}, "properties": {"type": "original", "weight": 3.785881666531416e-05}}, {"type": "Feature", "geometry": {"type": "LineString", "coordinates": [[75.797089, 11.248808], [75.797127, 11.248818]]}, "properties": {"type": "original", "weight": 3.906558589056322e-05}}, {"type": "Feature", "geometry": {"type": "LineString", "coordinates": [[75.797127, 11.248818], [75.797167, 11.248837]]}, "properties": {"type": "original", "weight": 4.421085838260481e-05}}, {"type": "Feature", "geometry": {"type": "LineString", "coordinates": [[75.797167, 11.248837], [75.797199, 11.248842]]}, "properties": {"type": "original", "weight": 3.261717339749776e-05}}, {"type": "Feature", "geometry": {"type": "LineString", "coordinates": [[75.797199, 11.248842], [75.797261, 11.248866]]}, "properties": {"type": "original", "weight": 6.609523432449897e-05}}, {"type": "Feature", "geometry": {"type": "LineString", "coordinates": [[75.797261, 11.248866], [75.797293, 11.248868]]}, "properties": {"type": "original", "weight": 3.230479839782874e-05}}, {"type": "Feature", "geometry": {"type": "LineString", "coordinates": [[75.796405, 11.248347], [75.796408, 11.2483]]}, "properties": {"type": "original", "weight": 4.747125445974167e-05}}, {"type": "Feature", "geometry": {"type": "LineString", "coordinates": [[75.796408, 11.2483], [75.796413, 11.248268]]}, "properties": {"type": "original", "weight": 3.2058072307219074e-05}}, {"type": "Feature", "geometry": {"type": "LineString", "coordinates": [[75.796413, 11.248268], [75.796413, 11.24824]]}, "properties": {"type": "original", "weight": 2.8900000000220416e-05}}, {"type": "Feature", "geometry": {"type": "LineString", "coordinates": [[75.796413, 11.24824], [75.796416, 11.248205]]}, "properties": {"type": "original", "weight": 3.430641339425413e-05}}, {"type": "Feature", "geometry": {"type": "LineString", "coordinates": [[75.796416, 11.248205], [75.796421, 11.248163]]}, "properties": {"type": "original", "weight": 4.2444905466522774e-05}}, {"type": "Feature", "geometry": {"type": "LineString", "coordinates": [[75.796421, 11.248163], [75.796421, 11.248132]]}, "properties": {"type": "original", "weight": 3.1599999999798456e-05}}, {"type": "Feature", "geometry": {"type": "LineString", "coordinates": [[75.796421, 11.248132], [75.796421, 11.248105]]}, "properties": {"type": "original", "weight": 2.630000000003463e-05}}, {"type": "Feature", "geometry": {"type": "LineString", "coordinates": [[75.796421, 11.248105], [75.796424, 11.248082]]}, "properties": {"type": "original", "weight": 2.3742788377902407e-05}}, {"type": "Feature", "geometry": {"type": "LineString", "coordinates": [[75.796424, 11.248082], [75.796426, 11.248063]]}, "properties": {"type": "original", "weight": 1.8978935691676325e-05}}, {"type": "Feature", "geometry": {"type": "LineString", "coordinates": [[75.796426, 11.248063], [75.79655, 11.24807]]}, "properties": {"type": "optimized", "weight": 0.00012370392071473716}}, {"type": "Feature", "geometry": {"type": "LineString", "coordinates": [[75.796426, 11.248063], [75.795716, 11.248022]]}, "properties": {"type": "optimized", "weight": 0.0007114823188190531}}, {"type": "Feature", "geometry": {"type": "LineString", "coordinates": [[75.794343, 11.24789], [75.794346, 11.247837]]}, "properties": {"type": "original", "weight": 5.266925099204052e-05}}, {"type": "Feature", "geometry": {"type": "LineString", "coordinates": [[75.794346, 11.247837], [75.794346, 11.2478]]}, "properties": {"type": "original", "weight": 3.690000000133864e-05}}, {"type": "Feature", "geometry": {"type": "LineString", "coordinates": [[75.794346, 11.2478], [75.794346, 11.247758]]}, "properties": {"type": "original", "weight": 4.209999999993386e-05}}, {"type": "Feature", "geometry": {"type": "LineString", "coordinates": [[75.794346, 11.247758], [75.794351, 11.247711]]}, "properties": {"type": "original", "weight": 4.7607247345073385e-05}}, {"type": "Feature", "geometry": {"type": "LineString", "coordinates": [[75.794351, 11.247711], [75.794351, 11.247656]]}, "properties": {"type": "original", "weight": 5.5300000001423655e-05}}, {"type": "Feature", "geometry": {"type": "LineString", "coordinates": [[75.794351, 11.247656], [75.794354, 11.247601]]}, "properties": {"type": "original", "weight": 5.526599315933192e-05}}, {"type": "Feature", "geometry": {"type": "LineString", "coordinates": [[75.794354, 11.247601], [75.794359, 11.247558]]}, "properties": {"type": "original", "weight": 4.243229901823725e-05}}, {"type": "Feature", "geometry": {"type": "LineString", "coordinates": [[75.794359, 11.247558], [75.794359, 11.24753]]}, "properties": {"type": "original", "weight": 2.8900000000220416e-05}}, {"type": "Feature", "geometry": {"type": "LineString", "coordinates": [[75.794359, 11.24753], [75.794354, 11.247493]]}, "properties": {"type": "original", "weight": 3.727868023518884e-05}}, {"type": "Feature", "geometry": {"type": "LineString", "coordinates": [[75.794354, 11.247493], [75.794351, 11.247464]]}, "properties": {"type": "original", "weight": 2.9025850546802965e-05}}, {"type": "Feature", "geometry": {"type": "LineString", "coordinates": [[75.794351, 11.247464], [75.794359, 11.24743]]}, "properties": {"type": "original", "weight": 3.512321170010654e-05}}, {"type": "Feature", "geometry": {"type": "LineString", "coordinates": [[75.794359, 11.24743], [75.794362, 11.247385]]}, "properties": {"type": "original", "weight": 4.478146938175692e-05}}, {"type": "Feature", "geometry": {"type": "LineString", "coordinates": [[75.793124, 11.247898], [75.793124, 11.247932]]}, "properties": {"type": "original", "weight": 3.419999999998424e-05}}, {"type": "Feature", "geometry": {"type": "LineString", "coordinates": [[75.793124, 11.247932], [75.793124, 11.247983]]}, "properties": {"type": "original", "weight": 5.000000000165983e-05}}, {"type": "Feature", "geometry": {"type": "LineString", "coordinates": [[75.793124, 11.247983], [75.793121, 11.248017]]}, "properties": {"type": "original", "weight": 3.430641339425413e-05}}, {"type": "Feature", "geometry": {"type": "LineString", "coordinates": [[75.793121, 11.248017], [75.793113, 11.248059]]}, "properties": {"type": "original", "weight": 4.275511665053068e-05}}, {"type": "Feature", "geometry": {"type": "LineString", "coordinates": [[75.793113, 11.248059], [75.793113, 11.248106]]}, "properties": {"type": "original", "weight": 4.7399999999697684e-05}}, {"type": "Feature", "geometry": {"type": "LineString", "coordinates": [[75.793113, 11.248106], [75.793077, 11.248166]]}, "properties": {"type": "original", "weight": 6.966275906236335e-05}}, {"type": "Feature", "geometry": {"type": "LineString", "coordinates": [[75.792077, 11.247884], [75.792077, 11.247918]]}, "properties": {"type": "original", "weight": 3.419999999998424e-05}}, {"type": "Feature", "geometry": {"type": "LineString", "coordinates": [[75.792077, 11.247918], [75.792069, 11.247953]]}, "properties": {"type": "original", "weight": 3.512321170010654e-05}}, {"type": "Feature", "geometry": {"type": "LineString", "coordinates": [[75.792069, 11.247953], [75.792072, 11.247981]]}, "properties": {"type": "original", "weight": 2.9025850547249718e-05}}, {"type": "Feature", "geometry": {"type": "LineString", "coordinates": [[75.792072, 11.247981], [75.792074, 11.248018]]}, "properties": {"type": "original", "weight": 3.6891733491701326e-05}}, {"type": "Feature", "geometry": {"type": "LineString", "coordinates": [[75.792074, 11.248018], [75.792074, 11.248055]]}, "properties": {"type": "original", "weight": 3.689999999956228e-05}}, {"type": "Feature", "geometry": {"type": "LineString", "coordinates": [[75.792074, 11.248055], [75.792069, 11.248097]]}, "properties": {"type": "original", "weight": 4.233308398905237e-05}}, {"type": "Feature", "geometry": {"type": "LineString", "coordinates": [[75.792069, 11.248097], [75.792064, 11.248129]]}, "properties": {"type": "original", "weight": 3.205807230482534e-05}}, {"type": "Feature", "geometry": {"type": "LineString", "coordinates": [[75.792064, 11.248129], [75.792101, 11.248126]]}, "properties": {"type": "original", "weight": 3.768978641376594e-05}}, {"type": "Feature", "geometry": {"type": "LineString", "coordinates": [[75.792101, 11.248126], [75.792131, 11.248134]]}, "properties": {"type": "original", "weight": 3.0539482638005936e-05}}, {"type": "Feature", "geometry": {"type": "LineString", "coordinates": [[75.792131, 11.248134], [75.792168, 11.248131]]}, "properties": {"type": "original", "weight": 3.759707435901815e-05}}, {"type": "Feature", "geometry": {"type": "LineString", "coordinates": [[75.792168, 11.248131], [75.792206, 11.248137]]}, "properties": {"type": "original", "weight": 3.79716999871197e-05}}, {"type": "Feature", "geometry": {"type": "LineString", "coordinates": [[75.792206, 11.248137], [75.792235, 11.248131]]}, "properties": {"type": "original", "weight": 2.9972320560733344e-05}}, {"type": "Feature", "geometry": {"type": "LineString", "coordinates": [[75.792235, 11.248131], [75.792259, 11.248137]]}, "properties": {"type": "original", "weight": 2.467589917744678e-05}}, {"type": "Feature", "geometry": {"type": "LineString", "coordinates": [[75.792259, 11.248137], [75.792246, 11.248192]]}, "properties": {"type": "original", "weight": 5.6803168925998384e-05}}, {"type": "Feature", "geometry": {"type": "LineString", "coordinates": [[75.792246, 11.248192], [75.792246, 11.248216]]}, "properties": {"type": "original", "weight": 2.3699999999848842e-05}}, {"type": "Feature", "geometry": {"type": "LineString", "coordinates": [[75.792246, 11.248216], [75.792246, 11.248242]]}, "properties": {"type": "original", "weight": 2.630000000003463e-05}}, {"type": "Feature", "geometry": {"type": "LineString", "coordinates": [[75.792246, 11.248242], [75.792243, 11.248289]]}, "properties": {"type": "original", "weight": 4.747683645765181e-05}}, {"type": "Feature", "geometry": {"type": "LineString", "coordinates": [[75.795716, 11.248022], [75.79572, 11.247984]]}, "properties": {"type": "original", "weight": 3.794377419256444e-05}}, {"type": "Feature", "geometry": {"type": "LineString", "coordinates": [[75.795716, 11.248022], [75.795406, 11.248004]]}, "properties": {"type": "optimized", "weight": 0.00031121519885761174}}, {"type": "Feature", "geometry": {"type": "LineString", "coordinates": [[75.79572, 11.247984], [75.795722, 11.247942]]}, "properties": {"type": "original", "weight": 4.2180208629221286e-05}}, {"type": "Feature", "geometry": {"type": "LineString", "coordinates": [[75.795722, 11.247942], [75.795725, 11.2479]]}, "properties": {"type": "original", "weight": 4.218649072834771e-05}}, {"type": "Feature", "geometry": {"type": "LineString", "coordinates": [[75.795725, 11.2479], [75.795727, 11.247863]]}, "properties": {"type": "original", "weight": 3.689891597311567e-05}}, {"type": "Feature", "geometry": {"type": "LineString", "coordinates": [[75.795727, 11.247863], [75.795733, 11.247821]]}, "properties": {"type": "original", "weight": 4.2444905466522774e-05}}, {"type": "Feature", "geometry": {"type": "LineString", "coordinates": [[75.795733, 11.247821], [75.795741, 11.247776]]}, "properties": {"type": "original", "weight": 4.541024113473635e-05}}, {"type": "Feature", "geometry": {"type": "LineString", "coordinates": [[75.795741, 11.247776], [75.795746, 11.247732]]}, "properties": {"type": "original", "weight": 4.502499306028065e-05}}, {"type": "Feature", "geometry": {"type": "LineString", "coordinates": [[75.795746, 11.247732], [75.795752, 11.247676]]}, "properties": {"type": "original", "weight": 5.555339773532901e-05}}, {"type": "Feature", "geometry": {"type": "LineString", "coordinates": [[75.795746, 11.247732], [75.795584, 11.247631]]}, "properties": {"type": "original", "weight": 0.00019102264264136268}}, {"type": "Feature", "geometry": {"type": "LineString", "coordinates": [[75.795752, 11.247676], [75.795754, 11.247637]]}, "properties": {"type": "original", "weight": 3.9492404333068594e-05}}, {"type": "Feature", "geometry": {"type": "LineString", "coordinates": [[75.795754, 11.247637], [75.795749, 11.247611]]}, "properties": {"type": "original", "weight": 2.6828715958474206e-05}}, {"type": "Feature", "geometry": {"type": "LineString", "coordinates": [[75.795749, 11.247611], [75.795789, 11.247613]]}, "properties": {"type": "original", "weight": 4.028399185864191e-05}}, {"type": "Feature", "geometry": {"type": "LineString", "coordinates": [[75.795789, 11.247613], [75.795821, 11.247616]]}, "properties": {"type": "original", "weight": 3.230479839782874e-05}}, {"type": "Feature", "geometry": {"type": "LineString", "coordinates": [[75.795821, 11.247616], [75.795854, 11.247616]]}, "properties": {"type": "original", "weight": 3.2200000006810114e-05}}, {"type": "Feature", "geometry": {"type": "LineString", "coordinates": [[75.795854, 11.247616], [75.795888, 11.247616]]}, "properties": {"type": "original", "weight": 3.4799999994561404e-05}}, {"type": "Feature", "geometry": {"type": "LineString", "coordinates": [[75.795888, 11.247616], [75.795918, 11.247621]]}, "properties": {"type": "original", "weight": 2.9972320574720256e-05}}, {"type": "Feature", "geometry": {"type": "LineString", "coordinates": [[75.795918, 11.247621], [75.795923, 11.247574]]}, "properties": {"type": "original", "weight": 4.770660331532195e-05}}, {"type": "Feature", "geometry": {"type": "LineString", "coordinates": [[75.795923, 11.247574], [75.795926, 11.247534]]}, "properties": {"type": "original", "weight": 3.9492404333068594e-05}}, {"type": "Feature", "geometry": {"type": "LineString", "coordinates": [[75.795926, 11.247534], [75.795929, 11.2475]]}, "properties": {"type": "original", "weight": 3.430641339537256e-05}}, {"type": "Feature", "geometry": {"type": "LineString", "coordinates": [[75.795929, 11.2475], [75.795934, 11.247453]]}, "properties": {"type": "original", "weight": 4.769538761714813e-05}}, {"type": "Feature", "geometry": {"type": "LineString", "coordinates": [[75.795934, 11.247453], [75.795937, 11.247403]]}, "properties": {"type": "original", "weight": 5.007284693291249e-05}}, {"type": "Feature", "geometry": {"type": "LineString", "coordinates": [[75.795937, 11.247403], [75.795913, 11.247369]]}, "properties": {"type": "original", "weight": 4.183837951232032e-05}}, {"type": "Feature", "geometry": {"type": "LineString", "coordinates": [[75.795913, 11.247369], [75.795888, 11.247316]]}, "properties": {"type": "original", "weight": 5.7899913643621875e-05}}, {"type": "Feature", "geometry": {"type": "LineString", "coordinates": [[75.795888, 11.247316], [75.795872, 11.247282]]}, "properties": {"type": "original", "weight": 3.780013227331051e-05}}, {"type": "Feature", "geometry": {"type": "LineString", "coordinates": [[75.795872, 11.247282], [75.795854, 11.24724]]}, "properties": {"type": "original", "weight": 4.6066256630308274e-05}}, {"type": "Feature", "geometry": {"type": "LineString", "coordinates": [[75.795854, 11.24724], [75.795829, 11.247208]]}, "properties": {"type": "original", "weight": 3.9722663555672794e-05}}, {"type": "Feature", "geometry": {"type": "LineString", "coordinates": [[75.795829, 11.247208], [75.795792, 11.24719]]}, "properties": {"type": "original", "weight": 4.17709229053291e-05}}, {"type": "Feature", "geometry": {"type": "LineString", "coordinates": [[75.795792, 11.24719], [75.795754, 11.247171]]}, "properties": {"type": "original", "weight": 4.1904772996581055e-05}}, {"type": "Feature", "geometry": {"type": "LineString", "coordinates": [[75.795754, 11.247171], [75.795714, 11.247153]]}, "properties": {"type": "original", "weight": 4.421085839552644e-05}}, {"type": "Feature", "geometry": {"type": "LineString", "coordinates": [[75.795714, 11.247153], [75.795702, 11.2471]]}, "properties": {"type": "original", "weight": 5.413917250949316e-05}}, {"type": "Feature", "geometry": {"type": "LineString", "coordinates": [[75.795702, 11.2471], [75.795698, 11.247084]]}, "properties": {"type": "original", "weight": 1.6130096092950694e-05}}, {"type": "Feature", "geometry": {"type": "LineString", "coordinates": [[75.795702, 11.2471], [75.795549, 11.247454]]}, "properties": {"type": "original", "weight": 0.0003857657968218105}}, {"type": "Feature", "geometry": {"type": "LineString", "coordinates": [[75.795698, 11.247084], [75.79569, 11.24704]]}, "properties": {"type": "original", "weight": 4.54102411372399e-05}}, {"type": "Feature", "geometry": {"type": "LineString", "coordinates": [[75.79569, 11.24704], [75.79566, 11.246982]]}, "properties": {"type": "original", "weight": 6.502745573545369e-05}}, {"type": "Feature", "geometry": {"type": "LineString", "coordinates": [[75.79566, 11.246982], [75.795607, 11.246913]]}, "properties": {"type": "original", "weight": 8.689948216251527e-05}}, {"type": "Feature", "geometry": {"type": "LineString", "coordinates": [[75.795607, 11.246913], [75.795537, 11.24685]]}, "properties": {"type": "original", "weight": 9.40196787894053e-05}}, {"type": "Feature", "geometry": {"type": "LineString", "coordinates": [[75.795537, 11.24685], [75.795513, 11.246824]]}, "properties": {"type": "original", "weight": 3.573975377550056e-05}}, {"type": "Feature", "geometry": {"type": "LineString", "coordinates": [[75.795513, 11.246824], [75.795467, 11.246782]]}, "properties": {"type": "original", "weight": 6.206262966262814e-05}}, {"type": "Feature", "geometry": {"type": "LineString", "coordinates": [[75.795467, 11.246782], [75.795444, 11.246741]]}, "properties": {"type": "original", "weight": 4.684794552609312e-05}}, {"type": "Feature", "geometry": {"type": "LineString", "coordinates": [[75.795444, 11.246741], [75.795417, 11.246678]]}, "properties": {"type": "original", "weight": 6.855545200824828e-05}}, {"type": "Feature", "geometry": {"type": "LineString", "coordinates": [[75.795417, 11.246678], [75.795407, 11.246643]]}, "properties": {"type": "original", "weight": 3.601610750955766e-05}}, {"type": "Feature", "geometry": {"type": "LineString", "coordinates": [[75.795407, 11.246643], [75.795405, 11.246596]]}, "properties": {"type": "original", "weight": 4.7776353983379926e-05}}, {"type": "Feature", "geometry": {"type": "LineString", "coordinates": [[75.796797, 11.246043], [75.796756, 11.246041]]}, "properties": {"type": "original", "weight": 4.038378386913224e-05}}, {"type": "Feature", "geometry": {"type": "LineString", "coordinates": [[75.796756, 11.246041], [75.796719, 11.246041]]}, "properties": {"type": "original", "weight": 3.7500000004797585e-05}}, {"type": "Feature", "geometry": {"type": "LineString", "coordinates": [[75.796719, 11.246041], [75.796668, 11.246043]]}, "properties": {"type": "original", "weight": 5.106623150294863e-05}}, {"type": "Feature", "geometry": {"type": "LineString", "coordinates": [[75.796668, 11.246043], [75.796617, 11.246049]]}, "properties": {"type": "original", "weight": 5.117518930608674e-05}}, {"type": "Feature", "geometry": {"type": "LineString", "coordinates": [[75.796617, 11.246049], [75.796494, 11.246046]]}, "properties": {"type": "original", "weight": 0.00012282345052936096}}, {"type": "Feature", "geometry": {"type": "LineString", "coordinates": [[75.796494, 11.246046], [75.796523, 11.246121]]}, "properties": {"type": "original", "weight": 8.011117275355048e-05}}, {"type": "Feature", "geometry": {"type": "LineString", "coordinates": [[75.796494, 11.246046], [75.796454, 11.246051]]}, "properties": {"type": "original", "weight": 4.0042477441993744e-05}}, {"type": "Feature", "geometry": {"type": "LineString", "coordinates": [[75.796494, 11.246046], [75.796476, 11.245975]]}, "properties": {"type": "original", "weight": 7.375533879005985e-05}}, {"type": "Feature", "geometry": {"type": "LineString", "coordinates": [[75.796523, 11.246121], [75.79653, 11.246169]]}, "properties": {"type": "original", "weight": 4.850773134340578e-05}}, {"type": "Feature", "geometry": {"type": "LineString", "coordinates": [[75.79653, 11.246169], [75.796534, 11.246222]]}, "properties": {"type": "original", "weight": 5.344249245694835e-05}}, {"type": "Feature", "geometry": {"type": "LineString", "coordinates": [[75.796534, 11.246222], [75.796526, 11.246264]]}, "properties": {"type": "original", "weight": 4.3047531869567915e-05}}, {"type": "Feature", "geometry": {"type": "LineString", "coordinates": [[75.796526, 11.246264], [75.796492, 11.246297]]}, "properties": {"type": "original", "weight": 4.674109540844136e-05}}, {"type": "Feature", "geometry": {"type": "LineString", "coordinates": [[75.796492, 11.246297], [75.796448, 11.246321]]}, "properties": {"type": "original", "weight": 5.07244517020871e-05}}, {"type": "Feature", "geometry": {"type": "LineString", "coordinates": [[75.796448, 11.246321], [75.796406, 11.246334]]}, "properties": {"type": "original", "weight": 4.402113128871695e-05}}, {"type": "Feature", "geometry": {"type": "LineString", "coordinates": [[75.796406, 11.246334], [75.796359, 11.246333]]}, "properties": {"type": "original", "weight": 4.622434423535602e-05}}, {"type": "Feature", "geometry": {"type": "LineString", "coordinates": [[75.796359, 11.246333], [75.796314, 11.246333]]}, "properties": {"type": "original", "weight": 4.559999999287356e-05}}, {"type": "Feature", "geometry": {"type": "LineString", "coordinates": [[75.796314, 11.246333], [75.796274, 11.246327]]}, "properties": {"type": "original", "weight": 4.0647017105629236e-05}}, {"type": "Feature", "geometry": {"type": "LineString", "coordinates": [[75.796274, 11.246327], [75.796236, 11.246343]]}, "properties": {"type": "original", "weight": 4.069262832942392e-05}}, {"type": "Feature", "geometry": {"type": "LineString", "coordinates": [[75.796236, 11.246343], [75.796196, 11.246354]]}, "properties": {"type": "original", "weight": 4.154864618816124e-05}}, {"type": "Feature", "geometry": {"type": "LineString", "coordinates": [[75.796196, 11.246354], [75.796148, 11.246359]]}, "properties": {"type": "original", "weight": 4.85899166525103e-05}}, {"type": "Feature", "geometry": {"type": "LineString", "coordinates": [[75.796148, 11.246359], [75.796097, 11.246367]]}, "properties": {"type": "original", "weight": 5.160823577599782e-05}}, {"type": "Feature", "geometry": {"type": "LineString", "coordinates": [[75.796097, 11.246367], [75.796054, 11.246383]]}, "properties": {"type": "original", "weight": 4.5717064644685956e-05}}, {"type": "Feature", "geometry": {"type": "LineString", "coordinates": [[75.796054, 11.246383], [75.796019, 11.246393]]}, "properties": {"type": "original", "weight": 3.6445301483192e-05}}, {"type": "Feature", "geometry": {"type": "LineString", "coordinates": [[75.796019, 11.246393], [75.795976, 11.246388]]}, "properties": {"type": "original", "weight": 4.3226149489945036e-05}}, {"type": "Feature", "geometry": {"type": "LineString", "coordinates": [[75.795976, 11.246388], [75.795936, 11.246385]]}, "properties": {"type": "original", "weight": 4.028399185864191e-05}}, {"type": "Feature", "geometry": {"type": "LineString", "coordinates": [[75.795936, 11.246385], [75.795909, 11.246404]]}, "properties": {"type": "original", "weight": 3.250846043774657e-05}}, {"type": "Feature", "geometry": {"type": "LineString", "coordinates": [[75.795909, 11.246404], [75.795903, 11.246459]]}, "properties": {"type": "original", "weight": 5.546350151311925e-05}}, {"type": "Feature", "geometry": {"type": "LineString", "coordinates": [[75.795903, 11.246459], [75.795901, 11.246504]]}, "properties": {"type": "original", "weight": 4.488128785958356e-05}}, {"type": "Feature", "geometry": {"type": "LineString", "coordinates": [[75.795901, 11.246504], [75.795878, 11.246526]]}, "properties": {"type": "original", "weight": 3.1899999995708826e-05}}, {"type": "Feature", "geometry": {"type": "LineString", "coordinates": [[75.795878, 11.246526], [75.795842, 11.246527]]}, "properties": {"type": "original", "weight": 3.59356369085009e-05}}, {"type": "Feature", "geometry": {"type": "LineString", "coordinates": [[75.795842, 11.246527], [75.795804, 11.246535]]}, "properties": {"type": "original", "weight": 3.832310008805424e-05}}, {"type": "Feature", "geometry": {"type": "LineString", "coordinates": [[75.795804, 11.246535], [75.795764, 11.246543]]}, "properties": {"type": "original", "weight": 4.106701839173405e-05}}, {"type": "Feature", "geometry": {"type": "LineString", "coordinates": [[75.795764, 11.246543], [75.795727, 11.246548]]}, "properties": {"type": "original", "weight": 3.787268145190297e-05}}, {"type": "Feature", "geometry": {"type": "LineString", "coordinates": [[75.795727, 11.246548], [75.795689, 11.246548]]}, "properties": {"type": "original", "weight": 3.759999999886077e-05}}, {"type": "Feature", "geometry": {"type": "LineString", "coordinates": [[75.795689, 11.246548], [75.795662, 11.246548]]}, "properties": {"type": "original", "weight": 2.6800000000548607e-05}}, {"type": "Feature", "geometry": {"type": "LineString", "coordinates": [[75.795662, 11.246548], [75.795622, 11.246551]]}, "properties": {"type": "original", "weight": 4.028399185864191e-05}}, {"type": "Feature", "geometry": {"type": "LineString", "coordinates": [[75.795622, 11.246551], [75.795568, 11.246546]]}, "properties": {"type": "original", "weight": 5.3951181631954e-05}}, {"type": "Feature", "geometry": {"type": "LineString", "coordinates": [[75.795568, 11.246546], [75.795523, 11.246543]]}, "properties": {"type": "original", "weight": 4.5679864280050354e-05}}, {"type": "Feature", "geometry": {"type": "LineString", "coordinates": [[75.795523, 11.246543], [75.795523, 11.246583]]}, "properties": {"type": "original", "weight": 3.949999999974807e-05}}, {"type": "Feature", "geometry": {"type": "LineString", "coordinates": [[75.795523, 11.246583], [75.795493, 11.246593]]}, "properties": {"type": "original", "weight": 3.131293662052005e-05}}, {"type": "Feature", "geometry": {"type": "LineString", "coordinates": [[75.795493, 11.246593], [75.795456, 11.246591]]}, "properties": {"type": "original", "weight": 3.759002527746935e-05}}, {"type": "Feature", "geometry": {"type": "LineString", "coordinates": [[75.795456, 11.246591], [75.795405, 11.246596]]}, "properties": {"type": "original", "weight": 5.12644126067552e-05}}, {"type": "Feature", "geometry": {"type": "LineString", "coordinates": [[75.795405, 11.246596], [75.795321, 11.245793]]}, "properties": {"type": "original", "weight": 0.0008075389773871016}}, {"type": "Feature", "geometry": {"type": "LineString", "coordinates": [[75.797489, 11.247978], [75.797505, 11.247889]]}, "properties": {"type": "original", "weight": 9.083815277944188e-05}}, {"type": "Feature", "geometry": {"type": "LineString", "coordinates": [[75.797505, 11.247889], [75.797505, 11.247805]]}, "properties": {"type": "original", "weight": 8.419999999986771e-05}}, {"type": "Feature", "geometry": {"type": "LineString", "coordinates": [[75.797505, 11.247805], [75.7975, 11.247726]]}, "properties": {"type": "original", "weight": 7.908457498200277e-05}}, {"type": "Feature", "geometry": {"type": "LineString", "coordinates": [[75.7975, 11.247726], [75.797483, 11.247615]]}, "properties": {"type": "original", "weight": 0.00011166673631775609}}, {"type": "Feature", "geometry": {"type": "LineString", "coordinates": [[75.797483, 11.247615], [75.797494, 11.247536]]}, "properties": {"type": "original", "weight": 7.963573318542334e-05}}, {"type": "Feature", "geometry": {"type": "LineString", "coordinates": [[75.797494, 11.247536], [75.797505, 11.247442]]}, "properties": {"type": "original", "weight": 9.53025707947667e-05}}, {"type": "Feature", "geometry": {"type": "LineString", "coordinates": [[75.797505, 11.247442], [75.797521, 11.247357]]}, "properties": {"type": "original", "weight": 8.572543379801919e-05}}, {"type": "Feature", "geometry": {"type": "LineString", "coordinates": [[75.797521, 11.247357], [75.797585, 11.247363]]}, "properties": {"type": "original", "weight": 6.461772202671201e-05}}, {"type": "Feature", "geometry": {"type": "LineString", "coordinates": [[75.797585, 11.247363], [75.79765, 11.247347]]}, "properties": {"type": "original", "weight": 6.62127631114789e-05}}, {"type": "Feature", "geometry": {"type": "LineString", "coordinates": [[75.79765, 11.247347], [75.797709, 11.247357]]}, "properties": {"type": "original", "weight": 5.992703897967238e-05}}, {"type": "Feature", "geometry": {"type": "LineString", "coordinates": [[75.797709, 11.247357], [75.797714, 11.247279]]}, "properties": {"type": "original", "weight": 7.908457498103244e-05}}, {"type": "Feature", "geometry": {"type": "LineString", "coordinates": [[75.797714, 11.247279], [75.797714, 11.247158]]}, "properties": {"type": "original", "weight": 0.00012100000000003774}}, {"type": "Feature", "geometry": {"type": "LineString", "coordinates": [[75.797714, 11.247158], [75.797714, 11.247068]]}, "properties": {"type": "original", "weight": 8.949999999963154e-05}}, {"type": "Feature", "geometry": {"type": "LineString", "coordinates": [[75.797714, 11.247068], [75.797714, 11.247]]}, "properties": {"type": "original", "weight": 6.839999999996849e-05}}, {"type": "Feature", "geometry": {"type": "LineString", "coordinates": [[75.797714, 11.247], [75.797714, 11.246937]]}, "properties": {"type": "original", "weight": 6.310000000020466e-05}}, {"type": "Feature", "geometry": {"type": "LineString", "coordinates": [[75.782629, 11.241795], [75.782732, 11.241517]]}, "properties": {"type": "original", "weight": 0.00029667652418155374}}, {"type": "Feature", "geometry": {"type": "LineString", "coordinates": [[75.782629, 11.241795], [75.781721, 11.241486]]}, "properties": {"type": "optimized", "weight": 0.0009586301267863393}}, {"type": "Feature", "geometry": {"type": "LineString", "coordinates": [[75.782629, 11.241795], [75.783129, 11.241989]]}, "properties": {"type": "optimized", "weight": 0.0005368403580300468}}, {"type": "Feature", "geometry": {"type": "LineString", "coordinates": [[75.782732, 11.241517], [75.782763, 11.241353]]}, "properties": {"type": "original", "weight": 0.00016682451858053568}}, {"type": "Feature", "geometry": {"type": "LineString", "coordinates": [[75.782763, 11.241353], [75.782816, 11.241136]]}, "properties": {"type": "original", "weight": 0.00022284819945445243}}, {"type": "Feature", "geometry": {"type": "LineString", "coordinates": [[75.782816, 11.241136], [75.782899, 11.240773]]}, "properties": {"type": "original", "weight": 0.00037271356294225194}}, {"type": "Feature", "geometry": {"type": "LineString", "coordinates": [[75.782899, 11.240773], [75.782811, 11.240642]]}, "properties": {"type": "original", "weight": 0.00015689697256508008}}, {"type": "Feature", "geometry": {"type": "LineString", "coordinates": [[75.782811, 11.240642], [75.782749, 11.240492]]}, "properties": {"type": "original", "weight": 0.00016275441622424933}}, {"type": "Feature", "geometry": {"type": "LineString", "coordinates": [[75.782749, 11.240492], [75.782716, 11.240337]]}, "properties": {"type": "original", "weight": 0.00015808276313426575}}, {"type": "Feature", "geometry": {"type": "LineString", "coordinates": [[75.782716, 11.240337], [75.782709, 11.240306]]}, "properties": {"type": "original", "weight": 3.210685285034892e-05}}, {"type": "Feature", "geometry": {"type": "LineString", "coordinates": [[75.782709, 11.240306], [75.782652, 11.240139]]}, "properties": {"type": "original", "weight": 0.00017640736945916856}}, {"type": "Feature", "geometry": {"type": "LineString", "coordinates": [[75.782652, 11.240139], [75.782643, 11.240102]]}, "properties": {"type": "original", "weight": 3.8190705675480356e-05}}, {"type": "Feature", "geometry": {"type": "LineString", "coordinates": [[75.789746, 11.245056], [75.790068, 11.245062]]}, "properties": {"type": "original", "weight": 0.00032175594788663345}}, {"type": "Feature", "geometry": {"type": "LineString", "coordinates": [[75.790068, 11.245062], [75.790459, 11.245125]]}, "properties": {"type": "original", "weight": 0.0003963586885618954}}, {"type": "Feature", "geometry": {"type": "LineString", "coordinates": [[75.790459, 11.245125], [75.790641, 11.245187]]}, "properties": {"type": "original", "weight": 0.0001925270370657526}}, {"type": "Feature", "geometry": {"type": "LineString", "coordinates": [[75.790641, 11.245187], [75.791045, 11.24519]]}, "properties": {"type": "original", "weight": 0.00040361041859544975}}, {"type": "Feature", "geometry": {"type": "LineString", "coordinates": [[75.791045, 11.24519], [75.79129, 11.245212]]}, "properties": {"type": "original", "weight": 0.00024603245720913246}}, {"type": "Feature", "geometry": {"type": "LineString", "coordinates": [[75.79129, 11.245212], [75.791488, 11.245229]]}, "properties": {"type": "original", "weight": 0.00019875434586189475}}, {"type": "Feature", "geometry": {"type": "LineString", "coordinates": [[75.79129, 11.245212], [75.7913, 11.245034]]}, "properties": {"type": "optimized", "weight": 0.00017817525080773906}}, {"type": "Feature", "geometry": {"type": "LineString", "coordinates": [[75.79129, 11.245212], [75.791309, 11.245293]]}, "properties": {"type": "optimized", "weight": 8.303312591970166e-05}}, {"type": "Feature", "geometry": {"type": "LineString", "coordinates": [[75.791488, 11.245229], [75.791682, 11.245202]]}, "properties": {"type": "original", "weight": 0.00019604050602842283}}, {"type": "Feature", "geometry": {"type": "LineString", "coordinates": [[75.791682, 11.245202], [75.791974, 11.245155]]}, "properties": {"type": "original", "weight": 0.0002951634293072389}}, {"type": "Feature", "geometry": {"type": "LineString", "coordinates": [[75.791974, 11.245155], [75.792392, 11.245143]]}, "properties": {"type": "original", "weight": 0.0004189690322598562}}, {"type": "Feature", "geometry": {"type": "LineString", "coordinates": [[75.792392, 11.245143], [75.792681, 11.245125]]}, "properties": {"type": "original", "weight": 0.00028874916450092757}}, {"type": "Feature", "geometry": {"type": "LineString", "coordinates": [[75.792392, 11.245143], [75.792399, 11.244965]]}, "properties": {"type": "original", "weight": 0.00017741189362715994}}, {"type": "Feature", "geometry": {"type": "LineString", "coordinates": [[75.792392, 11.245143], [75.792446, 11.245561]]}, "properties": {"type": "original", "weight": 0.00042174557496216746}}, {"type": "Feature", "geometry": {"type": "LineString", "coordinates": [[75.792681, 11.245125], [75.79302, 11.24508]]}, "properties": {"type": "original", "weight": 0.0003428266325712264}}, {"type": "Feature", "geometry": {"type": "LineString", "coordinates": [[75.79302, 11.24508], [75.793115, 11.245045]]}, "properties": {"type": "original", "weight": 0.00010064442358951667}}, {"type": "Feature", "geometry": {"type": "LineString", "coordinates": [[75.793115, 11.245045], [75.79336, 11.24505]]}, "properties": {"type": "original", "weight": 0.0002458732193649773}}, {"type": "Feature", "geometry": {"type": "LineString", "coordinates": [[75.79336, 11.24505], [75.793464, 11.245056]]}, "properties": {"type": "original", "weight": 0.00010336851551415623}}, {"type": "Feature", "geometry": {"type": "LineString", "coordinates": [[75.793464, 11.245056], [75.793536, 11.244988]]}, "properties": {"type": "original", "weight": 9.98919416155205e-05}}, {"type": "Feature", "geometry": {"type": "LineString", "coordinates": [[75.783825, 11.254415], [75.78385, 11.25415]]}, "properties": {"type": "original", "weight": 0.0002658873821760944}}, {"type": "Feature", "geometry": {"type": "LineString", "coordinates": [[75.78385, 11.25415], [75.783774, 11.253881]]}, "properties": {"type": "original", "weight": 0.00027929815610072873}}, {"type": "Feature", "geometry": {"type": "LineString", "coordinates": [[75.790203, 11.241575], [75.790226, 11.241348]]}, "properties": {"type": "original", "weight": 0.00022841210563605895}}, {"type": "Feature", "geometry": {"type": "LineString", "coordinates": [[75.790226, 11.241348], [75.790233, 11.240899]]}, "properties": {"type": "original", "weight": 0.0004491499749517818}}, {"type": "Feature", "geometry": {"type": "LineString", "coordinates": [[75.790233, 11.240899], [75.790102, 11.240862]]}, "properties": {"type": "original", "weight": 0.00013645585366783548}}, {"type": "Feature", "geometry": {"type": "LineString", "coordinates": [[75.790102, 11.240862], [75.789954, 11.240867]]}, "properties": {"type": "original", "weight": 0.00014759518963478605}}, {"type": "Feature", "geometry": {"type": "LineString", "coordinates": [[75.789954, 11.240867], [75.789809, 11.240933]]}, "properties": {"type": "original", "weight": 0.00015909902576268848}}, {"type": "Feature", "geometry": {"type": "LineString", "coordinates": [[75.789809, 11.240933], [75.789731, 11.24102]]}, "properties": {"type": "original", "weight": 0.00011656363069139562}}, {"type": "Feature", "geometry": {"type": "LineString", "coordinates": [[75.787152, 11.24096], [75.78767, 11.241039]]}, "properties": {"type": "original", "weight": 0.0005233812854815505}}, {"type": "Feature", "geometry": {"type": "LineString", "coordinates": [[75.78767, 11.241039], [75.787884, 11.241055]]}, "properties": {"type": "original", "weight": 0.0002151808541736082}}, {"type": "Feature", "geometry": {"type": "LineString", "coordinates": [[75.78767, 11.241039], [75.78762, 11.241366]]}, "properties": {"type": "original", "weight": 0.0003305126321328321}}, {"type": "Feature", "geometry": {"type": "LineString", "coordinates": [[75.787884, 11.241055], [75.788687, 11.241113]]}, "properties": {"type": "original", "weight": 0.0008044575874441499}}, {"type": "Feature", "geometry": {"type": "LineString", "coordinates": [[75.788687, 11.241113], [75.788726, 11.241515]]}, "properties": {"type": "original", "weight": 0.00040447493123794395}}, {"type": "Feature", "geometry": {"type": "LineString", "coordinates": [[75.788687, 11.241113], [75.78872, 11.240792]]}, "properties": {"type": "original", "weight": 0.0003226438593870354}}, {"type": "Feature", "geometry": {"type": "LineString", "coordinates": [[75.787678, 11.24171], [75.7876, 11.241713]]}, "properties": {"type": "original", "weight": 7.875715840788351e-05}}, {"type": "Feature", "geometry": {"type": "LineString", "coordinates": [[75.787678, 11.24171], [75.788283, 11.241735]]}, "properties": {"type": "original", "weight": 0.0006054246856536286}}, {"type": "Feature", "geometry": {"type": "LineString", "coordinates": [[75.7876, 11.241713], [75.787556, 11.241492]]}, "properties": {"type": "original", "weight": 0.0002253578709507697}}, {"type": "Feature", "geometry": {"type": "LineString", "coordinates": [[75.787556, 11.241492], [75.78762, 11.241366]]}, "properties": {"type": "original", "weight": 0.000141323918710666}}, {"type": "Feature", "geometry": {"type": "LineString", "coordinates": [[75.788352, 11.2415], [75.788513, 11.241495]]}, "properties": {"type": "original", "weight": 0.00016057786274019901}}, {"type": "Feature", "geometry": {"type": "LineString", "coordinates": [[75.788513, 11.241495], [75.788726, 11.241515]]}, "properties": {"type": "original", "weight": 0.00021392758120669701}}, {"type": "Feature", "geometry": {"type": "LineString", "coordinates": [[75.788726, 11.241515], [75.78883, 11.241543]]}, "properties": {"type": "original", "weight": 0.00010752906583732381}}, {"type": "Feature", "geometry": {"type": "LineString", "coordinates": [[75.78883, 11.241543], [75.788862, 11.241552]]}, "properties": {"type": "original", "weight": 3.415318431987416e-05}}, {"type": "Feature", "geometry": {"type": "LineString", "coordinates": [[75.78883, 11.241543], [75.788798, 11.241841]]}, "properties": {"type": "original", "weight": 0.0002993304695483366}}, {"type": "Feature", "geometry": {"type": "LineString", "coordinates": [[75.788862, 11.241552], [75.789113, 11.241582]]}, "properties": {"type": "original", "weight": 0.0002518691128367795}}, {"type": "Feature", "geometry": {"type": "LineString", "coordinates": [[75.78973, 11.244442], [75.789423, 11.244397]]}, "properties": {"type": "original", "weight": 0.00031015262371752593}}, {"type": "Feature", "geometry": {"type": "LineString", "coordinates": [[75.789423, 11.244397], [75.78915, 11.244363]]}, "properties": {"type": "original", "weight": 0.00027587832462271257}}, {"type": "Feature", "geometry": {"type": "LineString", "coordinates": [[75.78915, 11.244363], [75.789088, 11.244064]]}, "properties": {"type": "original", "weight": 0.00030530320994161963}}, {"type": "Feature", "geometry": {"type": "LineString", "coordinates": [[75.789088, 11.244064], [75.789071, 11.24398]]}, "properties": {"type": "original", "weight": 8.503599237814104e-05}}, {"type": "Feature", "geometry": {"type": "LineString", "coordinates": [[75.7913, 11.245034], [75.791333, 11.244775]]}, "properties": {"type": "optimized", "weight": 0.0002604249028023115}}, {"type": "Feature", "geometry": {"type": "LineString", "coordinates": [[75.791333, 11.244775], [75.791356, 11.244643]]}, "properties": {"type": "optimized", "weight": 0.0001346759072741014}}, {"type": "Feature", "geometry": {"type": "LineString", "coordinates": [[75.791356, 11.244643], [75.791663, 11.244475]]}, "properties": {"type": "optimized", "weight": 0.00035031237488598963}}, {"type": "Feature", "geometry": {"type": "LineString", "coordinates": [[75.791016, 11.246014], [75.791031, 11.245831]]}, "properties": {"type": "original", "weight": 0.00018358148054729663}}, {"type": "Feature", "geometry": {"type": "LineString", "coordinates": [[75.791031, 11.245831], [75.791037, 11.245717]]}, "properties": {"type": "original", "weight": 0.00011406861969947665}}, {"type": "Feature", "geometry": {"type": "LineString", "coordinates": [[75.791037, 11.245717], [75.791263, 11.24574]]}, "properties": {"type": "original", "weight": 0.0002271073754836071}}, {"type": "Feature", "geometry": {"type": "LineString", "coordinates": [[75.791263, 11.24574], [75.791293, 11.245593]]}, "properties": {"type": "optimized", "weight": 0.00014993201792790054}}, {"type": "Feature", "geometry": {"type": "LineString", "coordinates": [[75.791263, 11.24574], [75.791282, 11.24584]]}, "properties": {"type": "optimized", "weight": 0.0001023175937929748}}, {"type": "Feature", "geometry": {"type": "LineString", "coordinates": [[75.791293, 11.245593], [75.791309, 11.245293]]}, "properties": {"type": "optimized", "weight": 0.00030043170604891447}}, {"type": "Feature", "geometry": {"type": "LineString", "coordinates": [[75.785656, 11.243633], [75.785585, 11.243635]]}, "properties": {"type": "original", "weight": 7.043756100111561e-05}}, {"type": "Feature", "geometry": {"type": "LineString", "coordinates": [[75.785585, 11.243635], [75.785547, 11.243628]]}, "properties": {"type": "original", "weight": 3.917716171086131e-05}}, {"type": "Feature", "geometry": {"type": "LineString", "coordinates": [[75.785547, 11.243628], [75.785499, 11.243624]]}, "properties": {"type": "original", "weight": 4.7911793965339515e-05}}, {"type": "Feature", "geometry": {"type": "LineString", "coordinates": [[75.785499, 11.243624], [75.785465, 11.243613]]}, "properties": {"type": "original", "weight": 3.576604534976874e-05}}, {"type": "Feature", "geometry": {"type": "LineString", "coordinates": [[75.785465, 11.243613], [75.785444, 11.243588]]}, "properties": {"type": "original", "weight": 3.188118567251546e-05}}, {"type": "Feature", "geometry": {"type": "LineString", "coordinates": [[75.785444, 11.243588], [75.785415, 11.243535]]}, "properties": {"type": "original", "weight": 6.100663898024075e-05}}, {"type": "Feature", "geometry": {"type": "LineString", "coordinates": [[75.785415, 11.243535], [75.78539, 11.243512]]}, "properties": {"type": "original", "weight": 3.3500597005755854e-05}}, {"type": "Feature", "geometry": {"type": "LineString", "coordinates": [[75.78539, 11.243512], [75.785374, 11.243486]]}, "properties": {"type": "original", "weight": 3.107571399383772e-05}}, {"type": "Feature", "geometry": {"type": "LineString", "coordinates": [[75.785374, 11.243486], [75.785365, 11.243441]]}, "properties": {"type": "original", "weight": 4.542092028962427e-05}}, {"type": "Feature", "geometry": {"type": "LineString", "coordinates": [[75.785365, 11.243441], [75.785363, 11.243363]]}, "properties": {"type": "original", "weight": 7.793105927754897e-05}}, {"type": "Feature", "geometry": {"type": "LineString", "coordinates": [[75.785363, 11.243363], [75.78537, 11.243321]]}, "properties": {"type": "original", "weight": 4.2843085789459395e-05}}, {"type": "Feature", "geometry": {"type": "LineString", "coordinates": [[75.78537, 11.243321], [75.785363, 11.243288]]}, "properties": {"type": "original", "weight": 3.408518739700385e-05}}, {"type": "Feature", "geometry": {"type": "LineString", "coordinates": [[75.785363, 11.243288], [75.785333, 11.243283]]}, "properties": {"type": "original", "weight": 2.9940106884923948e-05}}, {"type": "Feature", "geometry": {"type": "LineString", "coordinates": [[75.794787, 11.241216], [75.794792, 11.241247]]}, "properties": {"type": "original", "weight": 3.156532908081478e-05}}, {"type": "Feature", "geometry": {"type": "LineString", "coordinates": [[75.794792, 11.241247], [75.794826, 11.241383]]}, "properties": {"type": "original", "weight": 0.00014054952863684823}}, {"type": "Feature", "geometry": {"type": "LineString", "coordinates": [[75.792346, 11.244513], [75.792383, 11.244666]]}, "properties": {"type": "original", "weight": 0.00015680360327704362}}, {"type": "Feature", "geometry": {"type": "LineString", "coordinates": [[75.792383, 11.244666], [75.792385, 11.244854]]}, "properties": {"type": "original", "weight": 0.0001885179301816983}}, {"type": "Feature", "geometry": {"type": "LineString", "coordinates": [[75.792385, 11.244854], [75.792399, 11.244965]]}, "properties": {"type": "original", "weight": 0.00011188141043210964}}, {"type": "Feature", "geometry": {"type": "LineString", "coordinates": [[75.789944, 11.242252], [75.789833, 11.242226]]}, "properties": {"type": "original", "weight": 0.0001141894916391842}}, {"type": "Feature", "geometry": {"type": "LineString", "coordinates": [[75.789833, 11.242226], [75.789718, 11.242217]]}, "properties": {"type": "original", "weight": 0.00011470797705588056}}, {"type": "Feature", "geometry": {"type": "LineString", "coordinates": [[75.789718, 11.242217], [75.789611, 11.242235]]}, "properties": {"type": "original", "weight": 0.00010909518778776006}}, {"type": "Feature", "geometry": {"type": "LineString", "coordinates": [[75.789611, 11.242235], [75.789548, 11.242246]]}, "properties": {"type": "original", "weight": 6.396764807825825e-05}}, {"type": "Feature", "geometry": {"type": "LineString", "coordinates": [[75.789611, 11.242235], [75.789626, 11.242403]]}, "properties": {"type": "original", "weight": 0.00016861393773768077}}, {"type": "Feature", "geometry": {"type": "LineString", "coordinates": [[75.789561, 11.242937], [75.789558, 11.242818]]}, "properties": {"type": "original", "weight": 0.00011894860234422632}}, {"type": "Feature", "geometry": {"type": "LineString", "coordinates": [[75.789558, 11.242818], [75.789573, 11.242673]]}, "properties": {"type": "original", "weight": 0.00014640167348933835}}, {"type": "Feature", "geometry": {"type": "LineString", "coordinates": [[75.789573, 11.242673], [75.789608, 11.242525]]}, "properties": {"type": "original", "weight": 0.00015131556430176836}}, {"type": "Feature", "geometry": {"type": "LineString", "coordinates": [[75.789608, 11.242525], [75.789626, 11.242403]]}, "properties": {"type": "original", "weight": 0.00012363769651556442}}, {"type": "Feature", "geometry": {"type": "LineString", "coordinates": [[75.78272, 11.255026], [75.782704, 11.25523]]}, "properties": {"type": "original", "weight": 0.00020476493840617058}}, {"type": "Feature", "geometry": {"type": "LineString", "coordinates": [[75.783652, 11.254632], [75.783748, 11.25443]]}, "properties": {"type": "original", "weight": 0.00022307115456950255}}, {"type": "Feature", "geometry": {"type": "LineString", "coordinates": [[75.783748, 11.25443], [75.783788, 11.254304]]}, "properties": {"type": "original", "weight": 0.00013210635866652058}}, {"type": "Feature", "geometry": {"type": "LineString", "coordinates": [[75.783788, 11.254304], [75.783585, 11.254199]]}, "properties": {"type": "original", "weight": 0.00022877434297333764}}, {"type": "Feature", "geometry": {"type": "LineString", "coordinates": [[75.783585, 11.254199], [75.783529, 11.254141]]}, "properties": {"type": "original", "weight": 8.019039842404158e-05}}, {"type": "Feature", "geometry": {"type": "LineString", "coordinates": [[75.783529, 11.254141], [75.783412, 11.254125]]}, "properties": {"type": "original", "weight": 0.00011779172297560803}}, {"type": "Feature", "geometry": {"type": "LineString", "coordinates": [[75.783412, 11.254125], [75.78312, 11.254103]]}, "properties": {"type": "original", "weight": 0.000292796892053441}}, {"type": "Feature", "geometry": {"type": "LineString", "coordinates": [[75.78312, 11.254103], [75.782991, 11.254091]]}, "properties": {"type": "original", "weight": 0.0001289139635653621}}, {"type": "Feature", "geometry": {"type": "LineString", "coordinates": [[75.782991, 11.254091], [75.782952, 11.254308]]}, "properties": {"type": "original", "weight": 0.0002207268221121131}}, {"type": "Feature", "geometry": {"type": "LineString", "coordinates": [[75.775432, 11.241532], [75.775605, 11.241556]]}, "properties": {"type": "original", "weight": 0.00017460229092517503}}, {"type": "Feature", "geometry": {"type": "LineString", "coordinates": [[75.775605, 11.241556], [75.775727, 11.241567]]}, "properties": {"type": "original", "weight": 0.00012245962600446948}}, {"type": "Feature", "geometry": {"type": "LineString", "coordinates": [[75.775727, 11.241567], [75.775847, 11.241602]]}, "properties": {"type": "original", "weight": 0.0001258123205377964}}, {"type": "Feature", "geometry": {"type": "LineString", "coordinates": [[75.775847, 11.241602], [75.775909, 11.241602]]}, "properties": {"type": "original", "weight": 6.170000000338405e-05}}, {"type": "Feature", "geometry": {"type": "LineString", "coordinates": [[75.775909, 11.241602], [75.775922, 11.241664]]}, "properties": {"type": "original", "weight": 6.327100441869127e-05}}, {"type": "Feature", "geometry": {"type": "LineString", "coordinates": [[75.775922, 11.241664], [75.775924, 11.24181]]}, "properties": {"type": "original", "weight": 0.00014590990370741546}}, {"type": "Feature", "geometry": {"type": "LineString", "coordinates": [[75.775922, 11.241664], [75.776047, 11.24169]]}, "properties": {"type": "original", "weight": 0.00012785526973005374}}, {"type": "Feature", "geometry": {"type": "LineString", "coordinates": [[75.776412, 11.249328], [75.776407, 11.249207]]}, "properties": {"type": "original", "weight": 0.00012112043593084016}}, {"type": "Feature", "geometry": {"type": "LineString", "coordinates": [[75.788739, 11.251059], [75.789611, 11.251039]]}, "properties": {"type": "original", "weight": 0.0008721409633839307}}, {"type": "Feature", "geometry": {"type": "LineString", "coordinates": [[75.789611, 11.251039], [75.790569, 11.251033]]}, "properties": {"type": "original", "weight": 0.0009575175664168885}}, {"type": "Feature", "geometry": {"type": "LineString", "coordinates": [[75.789611, 11.251039], [75.789568, 11.250719]]}, "properties": {"type": "original", "weight": 0.000323061062338308}}, {"type": "Feature", "geometry": {"type": "LineString", "coordinates": [[75.789611, 11.251039], [75.789587, 11.2511]]}, "properties": {"type": "original", "weight": 6.611021101066051e-05}}, {"type": "Feature", "geometry": {"type": "LineString", "coordinates": [[75.790569, 11.251033], [75.79058, 11.251091]]}, "properties": {"type": "original", "weight": 5.8917060348631195e-05}}, {"type": "Feature", "geometry": {"type": "LineString", "coordinates": [[75.790569, 11.251033], [75.790559, 11.250706]]}, "properties": {"type": "original", "weight": 0.0003267352445015125}}, {"type": "Feature", "geometry": {"type": "LineString", "coordinates": [[75.790547, 11.251533], [75.79058, 11.251091]]}, "properties": {"type": "original", "weight": 0.00044317134384080334}}, {"type": "Feature", "geometry": {"type": "LineString", "coordinates": [[75.790559, 11.250706], [75.790558, 11.250665]]}, "properties": {"type": "original", "weight": 4.171726261451762e-05}}, {"type": "Feature", "geometry": {"type": "LineString", "coordinates": [[75.790559, 11.250706], [75.79116, 11.250615]]}, "properties": {"type": "original", "weight": 0.0006079941611536202}}, {"type": "Feature", "geometry": {"type": "LineString", "coordinates": [[75.790558, 11.250665], [75.790378, 11.250658]]}, "properties": {"type": "original", "weight": 0.00017971758401315245}}, {"type": "Feature", "geometry": {"type": "LineString", "coordinates": [[75.790378, 11.250658], [75.789836, 11.250667]]}, "properties": {"type": "original", "weight": 0.0005420747180928838}}, {"type": "Feature", "geometry": {"type": "LineString", "coordinates": [[75.790378, 11.250658], [75.790385, 11.250366]]}, "properties": {"type": "original", "weight": 0.0002922862466835758}}, {"type": "Feature", "geometry": {"type": "LineString", "coordinates": [[75.789836, 11.250667], [75.789611, 11.250669]]}, "properties": {"type": "original", "weight": 0.00022530434971064812}}, {"type": "Feature", "geometry": {"type": "LineString", "coordinates": [[75.789611, 11.250669], [75.789576, 11.250684]]}, "properties": {"type": "original", "weight": 3.83099203895135e-05}}, {"type": "Feature", "geometry": {"type": "LineString", "coordinates": [[75.789576, 11.250684], [75.789568, 11.250719]]}, "properties": {"type": "original", "weight": 3.512321169686974e-05}}, {"type": "Feature", "geometry": {"type": "LineString", "coordinates": [[75.789587, 11.2511], [75.789576, 11.251266]]}, "properties": {"type": "original", "weight": 0.0001662776292822213}}, {"type": "Feature", "geometry": {"type": "LineString", "coordinates": [[75.789576, 11.251266], [75.78956, 11.251318]]}, "properties": {"type": "original", "weight": 5.444308955354731e-05}}, {"type": "Feature", "geometry": {"type": "LineString", "coordinates": [[75.78956, 11.251318], [75.789531, 11.251374]]}, "properties": {"type": "original", "weight": 6.258825768325892e-05}}, {"type": "Feature", "geometry": {"type": "LineString", "coordinates": [[75.789531, 11.251374], [75.789464, 11.251505]]}, "properties": {"type": "original", "weight": 0.00014758472143064857}}, {"type": "Feature", "geometry": {"type": "LineString", "coordinates": [[75.789464, 11.251505], [75.789437, 11.251558]]}, "properties": {"type": "original", "weight": 5.907935341963336e-05}}, {"type": "Feature", "geometry": {"type": "LineString", "coordinates": [[75.789437, 11.251558], [75.789413, 11.251629]]}, "properties": {"type": "original", "weight": 7.497793008602519e-05}}, {"type": "Feature", "geometry": {"type": "LineString", "coordinates": [[75.795289, 11.249312], [75.795546, 11.249312]]}, "properties": {"type": "original", "weight": 0.0002575000000035743}}, {"type": "Feature", "geometry": {"type": "LineString", "coordinates": [[75.794756, 11.245516], [75.795013, 11.245498]]}, "properties": {"type": "original", "weight": 0.00025745121868289743}}, {"type": "Feature", "geometry": {"type": "LineString", "coordinates": [[75.795013, 11.245498], [75.795058, 11.245493]]}, "properties": {"type": "original", "weight": 4.4637652275110626e-05}}, {"type": "Feature", "geometry": {"type": "LineString", "coordinates": [[75.795058, 11.245493], [75.795128, 11.24548]]}, "properties": {"type": "original", "weight": 7.14261856625724e-05}}, {"type": "Feature", "geometry": {"type": "LineString", "coordinates": [[75.795128, 11.24548], [75.795219, 11.245438]]}, "properties": {"type": "original", "weight": 9.993342785202575e-05}}, {"type": "Feature", "geometry": {"type": "LineString", "coordinates": [[75.795219, 11.245438], [75.795298, 11.245424]]}, "properties": {"type": "original", "weight": 8.065097643137294e-05}}, {"type": "Feature", "geometry": {"type": "LineString", "coordinates": [[75.795497, 11.245438], [75.795588, 11.245436]]}, "properties": {"type": "original", "weight": 9.112656033495776e-05}}, {"type": "Feature", "geometry": {"type": "LineString", "coordinates": [[75.795588, 11.245436], [75.795672, 11.245416]]}, "properties": {"type": "original", "weight": 8.721926392359658e-05}}, {"type": "Feature", "geometry": {"type": "LineString", "coordinates": [[75.795672, 11.245416], [75.795805, 11.245397]]}, "properties": {"type": "original", "weight": 0.00013419526818409886}}, {"type": "Feature", "geometry": {"type": "LineString", "coordinates": [[75.795805, 11.245397], [75.795837, 11.245394]]}, "properties": {"type": "original", "weight": 3.1515869016073266e-05}}, {"type": "Feature", "geometry": {"type": "LineString", "coordinates": [[75.795837, 11.245394], [75.795859, 11.245408]]}, "properties": {"type": "original", "weight": 2.572625117568877e-05}}, {"type": "Feature", "geometry": {"type": "LineString", "coordinates": [[75.795859, 11.245408], [75.795874, 11.245451]]}, "properties": {"type": "original", "weight": 4.564088079800565e-05}}, {"type": "Feature", "geometry": {"type": "LineString", "coordinates": [[75.795874, 11.245451], [75.795892, 11.245544]]}, "properties": {"type": "original", "weight": 9.535711824418662e-05}}, {"type": "Feature", "geometry": {"type": "LineString", "coordinates": [[75.795892, 11.245544], [75.795913, 11.245603]]}, "properties": {"type": "original", "weight": 6.269322132648077e-05}}, {"type": "Feature", "geometry": {"type": "LineString", "coordinates": [[75.795913, 11.245603], [75.795949, 11.245675]]}, "properties": {"type": "original", "weight": 8.000712468031643e-05}}, {"type": "Feature", "geometry": {"type": "LineString", "coordinates": [[75.795949, 11.245675], [75.795977, 11.245763]]}, "properties": {"type": "original", "weight": 9.240800831335578e-05}}, {"type": "Feature", "geometry": {"type": "LineString", "coordinates": [[75.795977, 11.245763], [75.795998, 11.245876]]}, "properties": {"type": "original", "weight": 0.00011513140318802228}}, {"type": "Feature", "geometry": {"type": "LineString", "coordinates": [[75.795998, 11.245876], [75.796005, 11.245909]]}, "properties": {"type": "original", "weight": 3.3407334521553166e-05}}, {"type": "Feature", "geometry": {"type": "LineString", "coordinates": [[75.795998, 11.245876], [75.796065, 11.24586]]}, "properties": {"type": "original", "weight": 6.873630772673247e-05}}, {"type": "Feature", "geometry": {"type": "LineString", "coordinates": [[75.796005, 11.245909], [75.796045, 11.245982]]}, "properties": {"type": "original", "weight": 8.310487350634004e-05}}, {"type": "Feature", "geometry": {"type": "LineString", "coordinates": [[75.796045, 11.245982], [75.796108, 11.246037]]}, "properties": {"type": "original", "weight": 8.373493894504767e-05}}, {"type": "Feature", "geometry": {"type": "LineString", "coordinates": [[75.796108, 11.246037], [75.796193, 11.246075]]}, "properties": {"type": "original", "weight": 9.318926976675337e-05}}, {"type": "Feature", "geometry": {"type": "LineString", "coordinates": [[75.796193, 11.246075], [75.796266, 11.246077]]}, "properties": {"type": "original", "weight": 7.273032380371026e-05}}, {"type": "Feature", "geometry": {"type": "LineString", "coordinates": [[75.796266, 11.246077], [75.796328, 11.246069]]}, "properties": {"type": "original", "weight": 6.255309744521894e-05}}, {"type": "Feature", "geometry": {"type": "LineString", "coordinates": [[75.796328, 11.246069], [75.796454, 11.246051]]}, "properties": {"type": "original", "weight": 0.0001282270252305579}}, {"type": "Feature", "geometry": {"type": "LineString", "coordinates": [[75.796476, 11.245975], [75.796422, 11.245776]]}, "properties": {"type": "original", "weight": 0.00020624124223670023}}, {"type": "Feature", "geometry": {"type": "LineString", "coordinates": [[75.796422, 11.245776], [75.796419, 11.245737]]}, "properties": {"type": "original", "weight": 3.8973965669224564e-05}}, {"type": "Feature", "geometry": {"type": "LineString", "coordinates": [[75.796419, 11.245737], [75.796562, 11.245695]]}, "properties": {"type": "original", "weight": 0.0001491819358980464}}, {"type": "Feature", "geometry": {"type": "LineString", "coordinates": [[75.796419, 11.245737], [75.796313, 11.245774]]}, "properties": {"type": "original", "weight": 0.0001123049865344995}}, {"type": "Feature", "geometry": {"type": "LineString", "coordinates": [[75.796562, 11.245695], [75.796662, 11.245644]]}, "properties": {"type": "original", "weight": 0.00011158068829278832}}, {"type": "Feature", "geometry": {"type": "LineString", "coordinates": [[75.79272, 11.246645], [75.792704, 11.247113]]}, "properties": {"type": "original", "weight": 0.00046857667462171803}}, {"type": "Feature", "geometry": {"type": "LineString", "coordinates": [[75.79272, 11.246645], [75.792859, 11.246626]]}, "properties": {"type": "original", "weight": 0.00014076110968884296}}, {"type": "Feature", "geometry": {"type": "LineString", "coordinates": [[75.79272, 11.246645], [75.792473, 11.246677]]}, "properties": {"type": "original", "weight": 0.0002488021101190514}}, {"type": "Feature", "geometry": {"type": "LineString", "coordinates": [[75.792317, 11.246671], [75.792296, 11.246635]]}, "properties": {"type": "original", "weight": 4.270667395241434e-05}}, {"type": "Feature", "geometry": {"type": "LineString", "coordinates": [[75.792317, 11.246671], [75.792307, 11.246819]]}, "properties": {"type": "original", "weight": 0.00014769539600131368}}, {"type": "Feature", "geometry": {"type": "LineString", "coordinates": [[75.792317, 11.246671], [75.792473, 11.246677]]}, "properties": {"type": "original", "weight": 0.0001556868652128592}}, {"type": "Feature", "geometry": {"type": "LineString", "coordinates": [[75.792296, 11.246635], [75.792275, 11.246498]]}, "properties": {"type": "original", "weight": 0.00013847920421305798}}, {"type": "Feature", "geometry": {"type": "LineString", "coordinates": [[75.792307, 11.246819], [75.792334, 11.247077]]}, "properties": {"type": "original", "weight": 0.00025929909371254684}}, {"type": "Feature", "geometry": {"type": "LineString", "coordinates": [[75.792918, 11.245529], [75.792607, 11.245566]]}, "properties": {"type": "original", "weight": 0.00031336828173767845}}, {"type": "Feature", "geometry": {"type": "LineString", "coordinates": [[75.792607, 11.245566], [75.792446, 11.245561]]}, "properties": {"type": "original", "weight": 0.00016108721240933431}}, {"type": "Feature", "geometry": {"type": "LineString", "coordinates": [[75.78956, 11.247119], [75.789485, 11.247356]]}, "properties": {"type": "original", "weight": 0.0002484235294822317}}, {"type": "Feature", "geometry": {"type": "LineString", "coordinates": [[75.78911, 11.246456], [75.788423, 11.246456]]}, "properties": {"type": "original", "weight": 0.0006867999999968788}}, {"type": "Feature", "geometry": {"type": "LineString", "coordinates": [[75.790889, 11.249664], [75.791205, 11.249686]]}, "properties": {"type": "optimized", "weight": 0.00031629418268358034}}, {"type": "Feature", "geometry": {"type": "LineString", "coordinates": [[75.790889, 11.249664], [75.790709, 11.249682]]}, "properties": {"type": "original", "weight": 0.0001811667187945178}}, {"type": "Feature", "geometry": {"type": "LineString", "coordinates": [[75.795445, 11.251617], [75.79545, 11.251838]]}, "properties": {"type": "original", "weight": 0.00022116351416909516}}, {"type": "Feature", "geometry": {"type": "LineString", "coordinates": [[75.795445, 11.251617], [75.795512, 11.251361]]}, "properties": {"type": "original", "weight": 0.00026438819943348004}}, {"type": "Feature", "geometry": {"type": "LineString", "coordinates": [[75.795445, 11.251617], [75.796211, 11.251615]]}, "properties": {"type": "original", "weight": 0.000766101670791112}}, {"type": "Feature", "geometry": {"type": "LineString", "coordinates": [[75.796212, 11.251712], [75.796211, 11.251615]]}, "properties": {"type": "optimized", "weight": 9.640627572972719e-05}}, {"type": "Feature", "geometry": {"type": "LineString", "coordinates": [[75.796211, 11.251615], [75.796206, 11.251259]]}, "properties": {"type": "optimized", "weight": 0.0003562247605099212}}, {"type": "Feature", "geometry": {"type": "LineString", "coordinates": [[75.796206, 11.251259], [75.796158, 11.251024]]}, "properties": {"type": "optimized", "weight": 0.00023989518544606563}}, {"type": "Feature", "geometry": {"type": "LineString", "coordinates": [[75.798191, 11.25062], [75.798149, 11.251497]]}, "properties": {"type": "original", "weight": 0.0008785093397337996}}, {"type": "Feature", "geometry": {"type": "LineString", "coordinates": [[75.798149, 11.251497], [75.798176, 11.252121]]}, "properties": {"type": "original", "weight": 0.0006243711476350523}}, {"type": "Feature", "geometry": {"type": "LineString", "coordinates": [[75.798176, 11.252121], [75.797645, 11.251988]]}, "properties": {"type": "original", "weight": 0.0005470392399020066}}, {"type": "Feature", "geometry": {"type": "LineString", "coordinates": [[75.797461, 11.251509], [75.797467, 11.251451]]}, "properties": {"type": "original", "weight": 5.849829057360654e-05}}, {"type": "Feature", "geometry": {"type": "LineString", "coordinates": [[75.797467, 11.251451], [75.797421, 11.251412]]}, "properties": {"type": "original", "weight": 5.971013315138116e-05}}, {"type": "Feature", "geometry": {"type": "LineString", "coordinates": [[75.797421, 11.251412], [75.797258, 11.251359]]}, "properties": {"type": "original", "weight": 0.00017174973070452015}}, {"type": "Feature", "geometry": {"type": "LineString", "coordinates": [[75.78603, 11.247355], [75.786111, 11.247635]]}, "properties": {"type": "original", "weight": 0.0002912330338379276}}, {"type": "Feature", "geometry": {"type": "LineString", "coordinates": [[75.78603, 11.247355], [75.786062, 11.247193]]}, "properties": {"type": "original", "weight": 0.00016542397045242596}}, {"type": "Feature", "geometry": {"type": "LineString", "coordinates": [[75.782785, 11.243835], [75.78278, 11.243803]]}, "properties": {"type": "original", "weight": 3.2058072307219074e-05}}, {"type": "Feature", "geometry": {"type": "LineString", "coordinates": [[75.78278, 11.243803], [75.782796, 11.243567]]}, "properties": {"type": "original", "weight": 0.0002373466873578408}}, {"type": "Feature", "geometry": {"type": "LineString", "coordinates": [[75.782796, 11.243567], [75.782828, 11.243135]]}, "properties": {"type": "original", "weight": 0.00043269976889291796}}, {"type": "Feature", "geometry": {"type": "LineString", "coordinates": [[75.782828, 11.243135], [75.782839, 11.242798]]}, "properties": {"type": "original", "weight": 0.0003369699244749106}}, {"type": "Feature", "geometry": {"type": "LineString", "coordinates": [[75.782839, 11.242798], [75.782773, 11.242732]]}, "properties": {"type": "original", "weight": 9.348219081565518e-05}}, {"type": "Feature", "geometry": {"type": "LineString", "coordinates": [[75.783349, 11.242788], [75.783381, 11.242998]]}, "properties": {"type": "original", "weight": 0.00021293346378743438}}, {"type": "Feature", "geometry": {"type": "LineString", "coordinates": [[75.783381, 11.242998], [75.78337, 11.243367]]}, "properties": {"type": "original", "weight": 0.00036845539757166847}}, {"type": "Feature", "geometry": {"type": "LineString", "coordinates": [[75.78337, 11.243367], [75.783295, 11.243861]]}, "properties": {"type": "original", "weight": 0.0005003679646016821}}, {"type": "Feature", "geometry": {"type": "LineString", "coordinates": [[75.780221, 11.246098], [75.780162, 11.246077]]}, "properties": {"type": "original", "weight": 6.272009247525736e-05}}, {"type": "Feature", "geometry": {"type": "LineString", "coordinates": [[75.780221, 11.246098], [75.780251, 11.246075]]}, "properties": {"type": "original", "weight": 3.8021704326020616e-05}}, {"type": "Feature", "geometry": {"type": "LineString", "coordinates": [[75.780162, 11.246077], [75.780105, 11.246066]]}, "properties": {"type": "original", "weight": 5.727076043915415e-05}}, {"type": "Feature", "geometry": {"type": "LineString", "coordinates": [[75.780105, 11.246066], [75.779978, 11.246041]]}, "properties": {"type": "original", "weight": 0.00012965249708395894}}, {"type": "Feature", "geometry": {"type": "LineString", "coordinates": [[75.779978, 11.246041], [75.780104, 11.245649]]}, "properties": {"type": "original", "weight": 0.0004112087669300482}}, {"type": "Feature", "geometry": {"type": "LineString", "coordinates": [[75.778487, 11.245829], [75.778466, 11.24594]]}, "properties": {"type": "original", "weight": 0.00011255314300516946}}, {"type": "Feature", "geometry": {"type": "LineString", "coordinates": [[75.778466, 11.24594], [75.778448, 11.246016]]}, "properties": {"type": "original", "weight": 7.84984713214832e-05}}, {"type": "Feature", "geometry": {"type": "LineString", "coordinates": [[75.777169, 11.245161], [75.777131, 11.245119]]}, "properties": {"type": "original", "weight": 5.637960623566322e-05}}, {"type": "Feature", "geometry": {"type": "LineString", "coordinates": [[75.777131, 11.245119], [75.777111, 11.245047]]}, "properties": {"type": "original", "weight": 7.466920382793531e-05}}, {"type": "Feature", "geometry": {"type": "LineString", "coordinates": [[75.777111, 11.245047], [75.777024, 11.245045]]}, "properties": {"type": "original", "weight": 8.692076851880852e-05}}, {"type": "Feature", "geometry": {"type": "LineString", "coordinates": [[75.777024, 11.245045], [75.776898, 11.245042]]}, "properties": {"type": "original", "weight": 0.0001255269293774933}}, {"type": "Feature", "geometry": {"type": "LineString", "coordinates": [[75.776026, 11.24717], [75.776004, 11.247123]]}, "properties": {"type": "original", "weight": 5.2048150784456014e-05}}, {"type": "Feature", "geometry": {"type": "LineString", "coordinates": [[75.776026, 11.24717], [75.775838, 11.247433]]}, "properties": {"type": "original", "weight": 0.0003231684390569451}}, {"type": "Feature", "geometry": {"type": "LineString", "coordinates": [[75.776026, 11.24717], [75.776546, 11.247249]]}, "properties": {"type": "original", "weight": 0.0005263471952990564}}, {"type": "Feature", "geometry": {"type": "LineString", "coordinates": [[75.776004, 11.247123], [75.775972, 11.246886]]}, "properties": {"type": "original", "weight": 0.0002388801582377049}}, {"type": "Feature", "geometry": {"type": "LineString", "coordinates": [[75.775838, 11.247433], [75.775837, 11.24746]]}, "properties": {"type": "original", "weight": 2.6412118431806107e-05}}, {"type": "Feature", "geometry": {"type": "LineString", "coordinates": [[75.775837, 11.24746], [75.775827, 11.247775]]}, "properties": {"type": "original", "weight": 0.0003157583886442362}}, {"type": "Feature", "geometry": {"type": "LineString", "coordinates": [[75.775837, 11.24746], [75.775635, 11.247483]]}, "properties": {"type": "original", "weight": 0.0002037712442831935}}, {"type": "Feature", "geometry": {"type": "LineString", "coordinates": [[75.775827, 11.247775], [75.775779, 11.248175]]}, "properties": {"type": "original", "weight": 0.0004027943023420796}}, {"type": "Feature", "geometry": {"type": "LineString", "coordinates": [[75.774486, 11.248502], [75.774304, 11.248465]]}, "properties": {"type": "original", "weight": 0.00018609505635544714}}, {"type": "Feature", "geometry": {"type": "LineString", "coordinates": [[75.776401, 11.243856], [75.77645, 11.243398]]}, "properties": {"type": "original", "weight": 0.00046024143663995196}}, {"type": "Feature", "geometry": {"type": "LineString", "coordinates": [[75.774389, 11.243014], [75.775167, 11.243145]]}, "properties": {"type": "original", "weight": 0.0007890350119083662}}, {"type": "Feature", "geometry": {"type": "LineString", "coordinates": [[75.774695, 11.242415], [75.774786, 11.242047]]}, "properties": {"type": "original", "weight": 0.0003794236813904764}}, {"type": "Feature", "geometry": {"type": "LineString", "coordinates": [[75.774786, 11.242047], [75.774867, 11.241926]]}, "properties": {"type": "original", "weight": 0.0001454147860403855}}, {"type": "Feature", "geometry": {"type": "LineString", "coordinates": [[75.774867, 11.241926], [75.774968, 11.241847]]}, "properties": {"type": "original", "weight": 0.0001288752109634501}}, {"type": "Feature", "geometry": {"type": "LineString", "coordinates": [[75.774968, 11.241847], [75.774739, 11.241836]]}, "properties": {"type": "original", "weight": 0.00022983541937387456}}, {"type": "Feature", "geometry": {"type": "LineString", "coordinates": [[75.777324, 11.253238], [75.777249, 11.253317]]}, "properties": {"type": "original", "weight": 0.00010900004586391422}}, {"type": "Feature", "geometry": {"type": "LineString", "coordinates": [[75.777249, 11.253317], [75.777249, 11.253585]]}, "properties": {"type": "original", "weight": 0.00026839999999950237}}, {"type": "Feature", "geometry": {"type": "LineString", "coordinates": [[75.780671, 11.244067], [75.780537, 11.244224]]}, "properties": {"type": "original", "weight": 0.0002072246365692005}}, {"type": "Feature", "geometry": {"type": "LineString", "coordinates": [[75.778424, 11.242562], [75.778496, 11.242573]]}, "properties": {"type": "original", "weight": 7.336974853038485e-05}}, {"type": "Feature", "geometry": {"type": "LineString", "coordinates": [[75.778496, 11.242573], [75.77856, 11.242575]]}, "properties": {"type": "original", "weight": 6.424865757056057e-05}}, {"type": "Feature", "geometry": {"type": "LineString", "coordinates": [[75.77856, 11.242575], [75.778617, 11.242562]]}, "properties": {"type": "original", "weight": 5.850273498260463e-05}}, {"type": "Feature", "geometry": {"type": "LineString", "coordinates": [[75.779083, 11.240979], [75.779046, 11.241988]]}, "properties": {"type": "original", "weight": 0.0010090970270489905}}, {"type": "Feature", "geometry": {"type": "LineString", "coordinates": [[75.779046, 11.241988], [75.77903, 11.242023]]}, "properties": {"type": "original", "weight": 3.8442294420228136e-05}}, {"type": "Feature", "geometry": {"type": "LineString", "coordinates": [[75.778617, 11.242562], [75.778673, 11.242525]]}, "properties": {"type": "original", "weight": 6.731493147716032e-05}}, {"type": "Feature", "geometry": {"type": "LineString", "coordinates": [[75.778673, 11.242525], [75.778754, 11.242462]]}, "properties": {"type": "original", "weight": 0.0001022045498022983}}, {"type": "Feature", "geometry": {"type": "LineString", "coordinates": [[75.778754, 11.242462], [75.778788, 11.242446]]}, "properties": {"type": "original", "weight": 3.7305361547123867e-05}}, {"type": "Feature", "geometry": {"type": "LineString", "coordinates": [[75.778788, 11.242446], [75.778824, 11.242435]]}, "properties": {"type": "original", "weight": 3.754064464309326e-05}}, {"type": "Feature", "geometry": {"type": "LineString", "coordinates": [[75.778824, 11.242435], [75.778882, 11.242436]]}, "properties": {"type": "original", "weight": 5.880306113563605e-05}}, {"type": "Feature", "geometry": {"type": "LineString", "coordinates": [[75.778882, 11.242436], [75.779276, 11.242509]]}, "properties": {"type": "original", "weight": 0.0004005527430994487}}, {"type": "Feature", "geometry": {"type": "LineString", "coordinates": [[75.779276, 11.242509], [75.779491, 11.242556]]}, "properties": {"type": "original", "weight": 0.00021975088167471918}}, {"type": "Feature", "geometry": {"type": "LineString", "coordinates": [[75.777345, 11.24182], [75.77743, 11.241542]]}, "properties": {"type": "original", "weight": 0.0002911160765084335}}, {"type": "Feature", "geometry": {"type": "LineString", "coordinates": [[75.77743, 11.241542], [75.777468, 11.241453]]}, "properties": {"type": "original", "weight": 9.648419559348866e-05}}, {"type": "Feature", "geometry": {"type": "LineString", "coordinates": [[75.786985, 11.244045], [75.787089, 11.243635]]}, "properties": {"type": "original", "weight": 0.00042368773878897814}}, {"type": "Feature", "geometry": {"type": "LineString", "coordinates": [[75.787089, 11.243635], [75.7872, 11.243346]]}, "properties": {"type": "original", "weight": 0.00030893769598594863}}, {"type": "Feature", "geometry": {"type": "LineString", "coordinates": [[75.7872, 11.243346], [75.787205, 11.243051]]}, "properties": {"type": "original", "weight": 0.0002954475418738336}}, {"type": "Feature", "geometry": {"type": "LineString", "coordinates": [[75.788971, 11.24363], [75.788815, 11.244056]]}, "properties": {"type": "original", "weight": 0.00045371554965590064}}, {"type": "Feature", "geometry": {"type": "LineString", "coordinates": [[75.788815, 11.244056], [75.788815, 11.244172]]}, "properties": {"type": "original", "weight": 0.00011580000000144253}}, {"type": "Feature", "geometry": {"type": "LineString", "coordinates": [[75.788798, 11.241841], [75.788766, 11.241998]]}, "properties": {"type": "original", "weight": 0.00016105179291019695}}, {"type": "Feature", "geometry": {"type": "LineString", "coordinates": [[75.788766, 11.241998], [75.788514, 11.242488]]}, "properties": {"type": "original", "weight": 0.0005504261076643819}}, {"type": "Feature", "geometry": {"type": "LineString", "coordinates": [[75.788283, 11.241735], [75.788493, 11.241714]]}, "properties": {"type": "original", "weight": 0.0002103508735368615}}, {"type": "Feature", "geometry": {"type": "LineString", "coordinates": [[75.786584, 11.241621], [75.786584, 11.240876]]}, "properties": {"type": "original", "weight": 0.0007454004292991391}}, {"type": "Feature", "geometry": {"type": "LineString", "coordinates": [[75.792338, 11.243408], [75.792268, 11.243119]]}, "properties": {"type": "original", "weight": 0.00029767507453514787}}, {"type": "Feature", "geometry": {"type": "LineString", "coordinates": [[75.792338, 11.243408], [75.792285, 11.243461]]}, "properties": {"type": "original", "weight": 7.431722546129608e-05}}, {"type": "Feature", "geometry": {"type": "LineString", "coordinates": [[75.792338, 11.243408], [75.792618, 11.243372]]}, "properties": {"type": "original", "weight": 0.00028259322354808183}}, {"type": "Feature", "geometry": {"type": "LineString", "coordinates": [[75.792268, 11.243119], [75.791662, 11.243072]]}, "properties": {"type": "original", "weight": 0.0006078431458902941}}, {"type": "Feature", "geometry": {"type": "LineString", "coordinates": [[75.791662, 11.243072], [75.791624, 11.243088]]}, "properties": {"type": "original", "weight": 4.069262833011364e-05}}, {"type": "Feature", "geometry": {"type": "LineString", "coordinates": [[75.791624, 11.243088], [75.791549, 11.24324]]}, "properties": {"type": "original", "weight": 0.00016998899964451553}}, {"type": "Feature", "geometry": {"type": "LineString", "coordinates": [[75.791549, 11.24324], [75.791228, 11.243261]]}, "properties": {"type": "original", "weight": 0.00032249100762126825}}, {"type": "Feature", "geometry": {"type": "LineString", "coordinates": [[75.791228, 11.243261], [75.791008, 11.243166]]}, "properties": {"type": "original", "weight": 0.00023933267641180006}}, {"type": "Feature", "geometry": {"type": "LineString", "coordinates": [[75.791228, 11.243261], [75.791148, 11.243651]]}, "properties": {"type": "original", "weight": 0.00039759060602546394}}, {"type": "Feature", "geometry": {"type": "LineString", "coordinates": [[75.793421, 11.241088], [75.79341, 11.241457]]}, "properties": {"type": "original", "weight": 0.00036845831514551683}}, {"type": "Feature", "geometry": {"type": "LineString", "coordinates": [[75.79341, 11.241457], [75.793432, 11.241614]]}, "properties": {"type": "original", "weight": 0.0001592579354386327}}, {"type": "Feature", "geometry": {"type": "LineString", "coordinates": [[75.792874, 11.241293], [75.792874, 11.241072]]}, "properties": {"type": "original", "weight": 0.00022099999999980469}}, {"type": "Feature", "geometry": {"type": "LineString", "coordinates": [[75.796158, 11.251024], [75.796176, 11.250758]]}, "properties": {"type": "optimized", "weight": 0.0002665427920628}}, {"type": "Feature", "geometry": {"type": "LineString", "coordinates": [[75.796176, 11.250758], [75.796175, 11.250691]]}, "properties": {"type": "optimized", "weight": 6.78213093356617e-05}}, {"type": "Feature", "geometry": {"type": "LineString", "coordinates": [[75.796175, 11.250691], [75.79617, 11.250511]]}, "properties": {"type": "optimized", "weight": 0.00018005624121404518}}, {"type": "Feature", "geometry": {"type": "LineString", "coordinates": [[75.796175, 11.250691], [75.795536, 11.250607]]}, "properties": {"type": "original", "weight": 0.0006434020826916056}}, {"type": "Feature", "geometry": {"type": "LineString", "coordinates": [[75.79617, 11.250511], [75.796226, 11.250279]]}, "properties": {"type": "optimized", "weight": 0.0002379590300847365}}, {"type": "Feature", "geometry": {"type": "LineString", "coordinates": [[75.795536, 11.250607], [75.79534, 11.250582]]}, "properties": {"type": "original", "weight": 0.00019857013873354184}}, {"type": "Feature", "geometry": {"type": "LineString", "coordinates": [[75.795536, 11.250607], [75.795512, 11.251361]]}, "properties": {"type": "original", "weight": 0.0007543946977550485}}, {"type": "Feature", "geometry": {"type": "LineString", "coordinates": [[75.78872, 11.240792], [75.788705, 11.24074]]}, "properties": {"type": "original", "weight": 5.418874421730935e-05}}, {"type": "Feature", "geometry": {"type": "LineString", "coordinates": [[75.788705, 11.24074], [75.788646, 11.240532]]}, "properties": {"type": "original", "weight": 0.00021609565011930192}}, {"type": "Feature", "geometry": {"type": "LineString", "coordinates": [[75.788646, 11.240532], [75.788557, 11.240219]]}, "properties": {"type": "original", "weight": 0.00032507752921641055}}, {"type": "Feature", "geometry": {"type": "LineString", "coordinates": [[75.791112, 11.251099], [75.79116, 11.250615]]}, "properties": {"type": "optimized", "weight": 0.0004864239406121727}}, {"type": "Feature", "geometry": {"type": "LineString", "coordinates": [[75.79116, 11.250615], [75.791205, 11.249686]]}, "properties": {"type": "optimized", "weight": 0.0009296608628953268}}, {"type": "Feature", "geometry": {"type": "LineString", "coordinates": [[75.790709, 11.249682], [75.790732, 11.250349]]}, "properties": {"type": "original", "weight": 0.0006672104615499869}}, {"type": "Feature", "geometry": {"type": "LineString", "coordinates": [[75.790732, 11.250349], [75.790385, 11.250366]]}, "properties": {"type": "original", "weight": 0.0003472362308311184}}, {"type": "Feature", "geometry": {"type": "LineString", "coordinates": [[75.776809, 11.241818], [75.776865, 11.242093]]}, "properties": {"type": "original", "weight": 0.00028019216620201354}}, {"type": "Feature", "geometry": {"type": "LineString", "coordinates": [[75.776836, 11.242298], [75.776865, 11.242093]]}, "properties": {"type": "original", "weight": 0.00020674605195776497}}, {"type": "Feature", "geometry": {"type": "LineString", "coordinates": [[75.785558, 11.250968], [75.785479, 11.250817]]}, "properties": {"type": "original", "weight": 0.00017069144676254322}}, {"type": "Feature", "geometry": {"type": "LineString", "coordinates": [[75.785558, 11.250968], [75.785307, 11.250944]]}, "properties": {"type": "original", "weight": 0.0002527326057302811}}, {"type": "Feature", "geometry": {"type": "LineString", "coordinates": [[75.785558, 11.250968], [75.785895, 11.251018]]}, "properties": {"type": "original", "weight": 0.00033995676196332125}}, {"type": "Feature", "geometry": {"type": "LineString", "coordinates": [[75.785479, 11.250817], [75.785339, 11.250638]]}, "properties": {"type": "original", "weight": 0.00022699332590062944}}, {"type": "Feature", "geometry": {"type": "LineString", "coordinates": [[75.785339, 11.250638], [75.785311, 11.250526]]}, "properties": {"type": "original", "weight": 0.0001152286856618559}}, {"type": "Feature", "geometry": {"type": "LineString", "coordinates": [[75.785311, 11.250526], [75.785283, 11.250414]]}, "properties": {"type": "original", "weight": 0.00011615033361921119}}, {"type": "Feature", "geometry": {"type": "LineString", "coordinates": [[75.785311, 11.250526], [75.784841, 11.250559]]}, "properties": {"type": "original", "weight": 0.00047150079533089454}}, {"type": "Feature", "geometry": {"type": "LineString", "coordinates": [[75.785283, 11.250414], [75.785353, 11.250221]]}, "properties": {"type": "original", "weight": 0.00020464430116469757}}, {"type": "Feature", "geometry": {"type": "LineString", "coordinates": [[75.785353, 11.250221], [75.785694, 11.250286]]}, "properties": {"type": "original", "weight": 0.00034687406936603516}}, {"type": "Feature", "geometry": {"type": "LineString", "coordinates": [[75.782952, 11.254308], [75.78299, 11.254345]]}, "properties": {"type": "original", "weight": 5.268178053067328e-05}}, {"type": "Feature", "geometry": {"type": "LineString", "coordinates": [[75.788093, 11.244209], [75.78822, 11.244228]]}, "properties": {"type": "original", "weight": 0.0001282127138762001}}, {"type": "Feature", "geometry": {"type": "LineString", "coordinates": [[75.78822, 11.244228], [75.788041, 11.244836]]}, "properties": {"type": "original", "weight": 0.0006338585331140587}}, {"type": "Feature", "geometry": {"type": "LineString", "coordinates": [[75.78822, 11.244228], [75.788474, 11.244338]]}, "properties": {"type": "original", "weight": 0.000276756228473877}}, {"type": "Feature", "geometry": {"type": "LineString", "coordinates": [[75.78822, 11.244228], [75.788237, 11.243929]]}, "properties": {"type": "original", "weight": 0.0002990722320783595}}, {"type": "Feature", "geometry": {"type": "LineString", "coordinates": [[75.788474, 11.244338], [75.788586, 11.24444]]}, "properties": {"type": "original", "weight": 0.0001518230878372536}}, {"type": "Feature", "geometry": {"type": "LineString", "coordinates": [[75.788586, 11.24444], [75.788616, 11.244528]]}, "properties": {"type": "original", "weight": 9.284621693879427e-05}}, {"type": "Feature", "geometry": {"type": "LineString", "coordinates": [[75.788616, 11.244528], [75.788558, 11.244919]]}, "properties": {"type": "original", "weight": 0.00039539198272139285}}, {"type": "Feature", "geometry": {"type": "LineString", "coordinates": [[75.788558, 11.244919], [75.788537, 11.245055]]}, "properties": {"type": "original", "weight": 0.00013790232050358322}}, {"type": "Feature", "geometry": {"type": "LineString", "coordinates": [[75.788558, 11.244919], [75.788649, 11.244938]]}, "properties": {"type": "original", "weight": 9.36884731425482e-05}}, {"type": "Feature", "geometry": {"type": "LineString", "coordinates": [[75.788649, 11.244938], [75.788743, 11.244986]]}, "properties": {"type": "original", "weight": 0.00010482995754797437}}, {"type": "Feature", "geometry": {"type": "LineString", "coordinates": [[75.788743, 11.244986], [75.788821, 11.245055]]}, "properties": {"type": "original", "weight": 0.0001048366348230395}}, {"type": "Feature", "geometry": {"type": "LineString", "coordinates": [[75.788149, 11.243924], [75.788237, 11.243929]]}, "properties": {"type": "original", "weight": 8.786609129260775e-05}}, {"type": "Feature", "geometry": {"type": "LineString", "coordinates": [[75.788237, 11.243929], [75.788325, 11.243934]]}, "properties": {"type": "original", "weight": 8.797209785213379e-05}}, {"type": "Feature", "geometry": {"type": "LineString", "coordinates": [[75.788325, 11.243934], [75.788414, 11.243909]]}, "properties": {"type": "original", "weight": 9.31854065786382e-05}}, {"type": "Feature", "geometry": {"type": "LineString", "coordinates": [[75.788414, 11.243909], [75.788474, 11.243737]]}, "properties": {"type": "original", "weight": 0.00018228790415221436}}, {"type": "Feature", "geometry": {"type": "LineString", "coordinates": [[75.788474, 11.243737], [75.788485, 11.243619]]}, "properties": {"type": "original", "weight": 0.00011773393733361744}}, {"type": "Feature", "geometry": {"type": "LineString", "coordinates": [[75.788485, 11.243619], [75.788481, 11.243543]]}, "properties": {"type": "original", "weight": 7.698896024775271e-05}}, {"type": "Feature", "geometry": {"type": "LineString", "coordinates": [[75.788481, 11.243543], [75.788414, 11.243484]]}, "properties": {"type": "original", "weight": 8.923704387527817e-05}}, {"type": "Feature", "geometry": {"type": "LineString", "coordinates": [[75.783409, 11.241747], [75.783359, 11.241724]]}, "properties": {"type": "optimized", "weight": 5.50855697941224e-05}}, {"type": "Feature", "geometry": {"type": "LineString", "coordinates": [[75.783359, 11.241724], [75.783366, 11.241655]]}, "properties": {"type": "optimized", "weight": 6.902593715579048e-05}}, {"type": "Feature", "geometry": {"type": "LineString", "coordinates": [[75.783366, 11.241655], [75.783553, 11.241233]]}, "properties": {"type": "original", "weight": 0.00046171901628622235}}, {"type": "Feature", "geometry": {"type": "LineString", "coordinates": [[75.783553, 11.241233], [75.783643, 11.241145]]}, "properties": {"type": "original", "weight": 0.00012622428450507047}}, {"type": "Feature", "geometry": {"type": "LineString", "coordinates": [[75.783643, 11.241145], [75.783703, 11.24101]]}, "properties": {"type": "original", "weight": 0.00014691089136165616}}, {"type": "Feature", "geometry": {"type": "LineString", "coordinates": [[75.783703, 11.24101], [75.783723, 11.240631]]}, "properties": {"type": "original", "weight": 0.00037942747660277444}}, {"type": "Feature", "geometry": {"type": "LineString", "coordinates": [[75.796065, 11.24586], [75.796127, 11.245838]]}, "properties": {"type": "original", "weight": 6.584375445093365e-05}}, {"type": "Feature", "geometry": {"type": "LineString", "coordinates": [[75.796127, 11.245838], [75.796199, 11.245811]]}, "properties": {"type": "original", "weight": 7.744682045853671e-05}}, {"type": "Feature", "geometry": {"type": "LineString", "coordinates": [[75.796199, 11.245811], [75.796313, 11.245774]]}, "properties": {"type": "original", "weight": 0.0001196666202433153}}, {"type": "Feature", "geometry": {"type": "LineString", "coordinates": [[75.795172, 11.244046], [75.79518, 11.243942]]}, "properties": {"type": "original", "weight": 0.00010340991248425095}}, {"type": "Feature", "geometry": {"type": "LineString", "coordinates": [[75.79518, 11.243942], [75.795171, 11.24385]]}, "properties": {"type": "original", "weight": 9.235588773930582e-05}}, {"type": "Feature", "geometry": {"type": "LineString", "coordinates": [[75.795171, 11.24385], [75.795139, 11.243777]]}, "properties": {"type": "original", "weight": 8.042717202217131e-05}}, {"type": "Feature", "geometry": {"type": "LineString", "coordinates": [[75.795139, 11.243777], [75.795126, 11.243698]]}, "properties": {"type": "original", "weight": 8.002980694731023e-05}}, {"type": "Feature", "geometry": {"type": "LineString", "coordinates": [[75.795126, 11.243698], [75.795158, 11.24364]]}, "properties": {"type": "original", "weight": 6.625141507548397e-05}}, {"type": "Feature", "geometry": {"type": "LineString", "coordinates": [[75.777468, 11.241453], [75.777567, 11.241405]]}, "properties": {"type": "original", "weight": 0.00010983860887821258}}, {"type": "Feature", "geometry": {"type": "LineString", "coordinates": [[75.777567, 11.241405], [75.777703, 11.241425]]}, "properties": {"type": "original", "weight": 0.00013709631651515877}}, {"type": "Feature", "geometry": {"type": "LineString", "coordinates": [[75.778511, 11.241454], [75.778641, 11.241463]]}, "properties": {"type": "original", "weight": 0.00013080997668113821}}, {"type": "Feature", "geometry": {"type": "LineString", "coordinates": [[75.778641, 11.241463], [75.778693, 11.241542]]}, "properties": {"type": "original", "weight": 9.385547400333322e-05}}, {"type": "Feature", "geometry": {"type": "LineString", "coordinates": [[75.777974, 11.246051], [75.777971, 11.246019]]}, "properties": {"type": "original", "weight": 3.161550252651581e-05}}, {"type": "Feature", "geometry": {"type": "LineString", "coordinates": [[75.777971, 11.246019], [75.778049, 11.246009]]}, "properties": {"type": "original", "weight": 7.850535013562019e-05}}, {"type": "Feature", "geometry": {"type": "LineString", "coordinates": [[75.778049, 11.246009], [75.778282, 11.246009]]}, "properties": {"type": "original", "weight": 0.00023339999999905103}}, {"type": "Feature", "geometry": {"type": "LineString", "coordinates": [[75.778282, 11.246009], [75.778448, 11.246016]]}, "properties": {"type": "original", "weight": 0.00016648282194023435}}, {"type": "Feature", "geometry": {"type": "LineString", "coordinates": [[75.777988, 11.245125], [75.777984, 11.244899]]}, "properties": {"type": "original", "weight": 0.0002257271361619714}}, {"type": "Feature", "geometry": {"type": "LineString", "coordinates": [[75.784538, 11.247126], [75.784391, 11.247103]]}, "properties": {"type": "original", "weight": 0.00014939668671552932}}, {"type": "Feature", "geometry": {"type": "LineString", "coordinates": [[75.784582, 11.246926], [75.784551, 11.246919]]}, "properties": {"type": "original", "weight": 3.1661017038793174e-05}}, {"type": "Feature", "geometry": {"type": "LineString", "coordinates": [[75.784565, 11.246712], [75.784533, 11.246708]]}, "properties": {"type": "original", "weight": 3.26879182605592e-05}}, {"type": "Feature", "geometry": {"type": "LineString", "coordinates": [[75.784533, 11.246708], [75.784483, 11.246704]]}, "properties": {"type": "original", "weight": 5.016781835743407e-05}}, {"type": "Feature", "geometry": {"type": "LineString", "coordinates": [[75.798875, 11.242554], [75.798147, 11.242491]]}, "properties": {"type": "original", "weight": 0.00073098539657685}}, {"type": "Feature", "geometry": {"type": "LineString", "coordinates": [[75.798147, 11.242491], [75.797937, 11.242467]]}, "properties": {"type": "original", "weight": 0.0002112449999422711}}, {"type": "Feature", "geometry": {"type": "LineString", "coordinates": [[75.797937, 11.242467], [75.797837, 11.242462]]}, "properties": {"type": "original", "weight": 9.955204668548809e-05}}, {"type": "Feature", "geometry": {"type": "LineString", "coordinates": [[75.786539, 11.25442], [75.786007, 11.254341]]}, "properties": {"type": "original", "weight": 0.0005372548464182937}}, {"type": "Feature", "geometry": {"type": "LineString", "coordinates": [[75.786539, 11.25442], [75.78664, 11.254283]]}, "properties": {"type": "original", "weight": 0.00017114639931991275}}, {"type": "Feature", "geometry": {"type": "LineString", "coordinates": [[75.786539, 11.25442], [75.78646, 11.254552]]}, "properties": {"type": "original", "weight": 0.00015374852844757044}}, {"type": "Feature", "geometry": {"type": "LineString", "coordinates": [[75.786007, 11.254341], [75.785471, 11.254226]]}, "properties": {"type": "original", "weight": 0.0005489106666883537}}, {"type": "Feature", "geometry": {"type": "LineString", "coordinates": [[75.787459, 11.253804], [75.787503, 11.253802]]}, "properties": {"type": "original", "weight": 4.396555470770317e-05}}, {"type": "Feature", "geometry": {"type": "LineString", "coordinates": [[75.787503, 11.253802], [75.787751, 11.253788]]}, "properties": {"type": "original", "weight": 0.0002481784237164301}}, {"type": "Feature", "geometry": {"type": "LineString", "coordinates": [[75.787503, 11.253802], [75.78767, 11.253959]]}, "properties": {"type": "original", "weight": 0.00022927592546732604}}, {"type": "Feature", "geometry": {"type": "LineString", "coordinates": [[75.787751, 11.253788], [75.787847, 11.253807]]}, "properties": {"type": "original", "weight": 9.786449815273844e-05}}, {"type": "Feature", "geometry": {"type": "LineString", "coordinates": [[75.787847, 11.253807], [75.787981, 11.253832]]}, "properties": {"type": "original", "weight": 0.0001363629348551128}}, {"type": "Feature", "geometry": {"type": "LineString", "coordinates": [[75.787981, 11.253832], [75.788059, 11.253889]]}, "properties": {"type": "original", "weight": 9.633571507699494e-05}}, {"type": "Feature", "geometry": {"type": "LineString", "coordinates": [[75.788059, 11.253889], [75.788063, 11.254038]]}, "properties": {"type": "original", "weight": 0.00014915636091002868}}, {"type": "Feature", "geometry": {"type": "LineString", "coordinates": [[75.788059, 11.253889], [75.788703, 11.253915]]}, "properties": {"type": "original", "weight": 0.0006453159536261403}}, {"type": "Feature", "geometry": {"type": "LineString", "coordinates": [[75.788063, 11.254038], [75.788116, 11.254123]]}, "properties": {"type": "original", "weight": 0.00010004359049951667}}, {"type": "Feature", "geometry": {"type": "LineString", "coordinates": [[75.788063, 11.254038], [75.788019, 11.254636]]}, "properties": {"type": "original", "weight": 0.0005992808523559797}}, {"type": "Feature", "geometry": {"type": "LineString", "coordinates": [[75.788116, 11.254123], [75.788383, 11.254219]]}, "properties": {"type": "original", "weight": 0.0002839716359151605}}, {"type": "Feature", "geometry": {"type": "LineString", "coordinates": [[75.788703, 11.253915], [75.78877, 11.253859]]}, "properties": {"type": "original", "weight": 8.6911449187242e-05}}, {"type": "Feature", "geometry": {"type": "LineString", "coordinates": [[75.78877, 11.253859], [75.788827, 11.25378]]}, "properties": {"type": "original", "weight": 9.691671682546557e-05}}, {"type": "Feature", "geometry": {"type": "LineString", "coordinates": [[75.788292, 11.25013], [75.788404, 11.250139]]}, "properties": {"type": "original", "weight": 0.00011251888731307474}}, {"type": "Feature", "geometry": {"type": "LineString", "coordinates": [[75.788404, 11.250139], [75.788552, 11.249976]]}, "properties": {"type": "original", "weight": 0.0002202467933843939}}, {"type": "Feature", "geometry": {"type": "LineString", "coordinates": [[75.788552, 11.249976], [75.789279, 11.24988]]}, "properties": {"type": "original", "weight": 0.0007335020790759523}}, {"type": "Feature", "geometry": {"type": "LineString", "coordinates": [[75.785212, 11.251829], [75.78509, 11.251632]]}, "properties": {"type": "original", "weight": 0.00023146250236517018}}, {"type": "Feature", "geometry": {"type": "LineString", "coordinates": [[75.78509, 11.251632], [75.784928, 11.251566]]}, "properties": {"type": "original", "weight": 0.00017563519009259753}}, {"type": "Feature", "geometry": {"type": "LineString", "coordinates": [[75.784928, 11.251566], [75.784703, 11.251542]]}, "properties": {"type": "original", "weight": 0.00022627637967793766}}, {"type": "Feature", "geometry": {"type": "LineString", "coordinates": [[75.784703, 11.251542], [75.784524, 11.251462]]}, "properties": {"type": "original", "weight": 0.0001958501978629063}}, {"type": "Feature", "geometry": {"type": "LineString", "coordinates": [[75.784524, 11.251462], [75.784499, 11.251316]]}, "properties": {"type": "original", "weight": 0.00014822213060289877}}, {"type": "Feature", "geometry": {"type": "LineString", "coordinates": [[75.784499, 11.251316], [75.784526, 11.251241]]}, "properties": {"type": "original", "weight": 7.918187924304808e-05}}, {"type": "Feature", "geometry": {"type": "LineString", "coordinates": [[75.784887, 11.250662], [75.784841, 11.250559]]}, "properties": {"type": "original", "weight": 0.00011339387108406587}}, {"type": "Feature", "geometry": {"type": "LineString", "coordinates": [[75.786801, 11.250982], [75.786436, 11.250977]]}, "properties": {"type": "original", "weight": 0.0003643290408419312}}, {"type": "Feature", "geometry": {"type": "LineString", "coordinates": [[75.786436, 11.250977], [75.786404, 11.251055]]}, "properties": {"type": "original", "weight": 8.44462550956422e-05}}, {"type": "Feature", "geometry": {"type": "LineString", "coordinates": [[75.786404, 11.251055], [75.786357, 11.251128]]}, "properties": {"type": "original", "weight": 8.682816363379452e-05}}, {"type": "Feature", "geometry": {"type": "LineString", "coordinates": [[75.786357, 11.251128], [75.786194, 11.251183]]}, "properties": {"type": "original", "weight": 0.0001725028985256277}}, {"type": "Feature", "geometry": {"type": "LineString", "coordinates": [[75.786194, 11.251183], [75.786002, 11.251165]]}, "properties": {"type": "original", "weight": 0.0001923723992674158}}, {"type": "Feature", "geometry": {"type": "LineString", "coordinates": [[75.786002, 11.251165], [75.785927, 11.251096]]}, "properties": {"type": "original", "weight": 0.00010148783178212758}}, {"type": "Feature", "geometry": {"type": "LineString", "coordinates": [[75.785927, 11.251096], [75.785895, 11.251018]]}, "properties": {"type": "original", "weight": 8.448490989649483e-05}}, {"type": "Feature", "geometry": {"type": "LineString", "coordinates": [[75.798223, 11.252246], [75.798152, 11.252315]]}, "properties": {"type": "original", "weight": 9.914282626383221e-05}}, {"type": "Feature", "geometry": {"type": "LineString", "coordinates": [[75.798152, 11.252315], [75.797881, 11.25254]]}, "properties": {"type": "original", "weight": 0.0003522809248337207}}, {"type": "Feature", "geometry": {"type": "LineString", "coordinates": [[75.797881, 11.25254], [75.797606, 11.252537]]}, "properties": {"type": "original", "weight": 0.00027551226833014245}}, {"type": "Feature", "geometry": {"type": "LineString", "coordinates": [[75.797606, 11.252537], [75.797416, 11.252459]]}, "properties": {"type": "original", "weight": 0.0002051158209442459}}, {"type": "Feature", "geometry": {"type": "LineString", "coordinates": [[75.797416, 11.252459], [75.797183, 11.252398]]}, "properties": {"type": "original", "weight": 0.00024077684688825435}}, {"type": "Feature", "geometry": {"type": "LineString", "coordinates": [[75.797183, 11.252398], [75.797115, 11.252446]]}, "properties": {"type": "original", "weight": 8.3086521175185e-05}}, {"type": "Feature", "geometry": {"type": "LineString", "coordinates": [[75.797115, 11.252446], [75.796944, 11.252443]]}, "properties": {"type": "original", "weight": 0.0001716182099769055}}, {"type": "Feature", "geometry": {"type": "LineString", "coordinates": [[75.796944, 11.252443], [75.796866, 11.252441]]}, "properties": {"type": "original", "weight": 7.723425406556203e-05}}, {"type": "Feature", "geometry": {"type": "LineString", "coordinates": [[75.781619, 11.241618], [75.782697, 11.24196]]}, "properties": {"type": "original", "weight": 0.001131236001021354}}, {"type": "Feature", "geometry": {"type": "LineString", "coordinates": [[75.796167, 11.243757], [75.796149, 11.243955]]}, "properties": {"type": "original", "weight": 0.00019848186314991135}}, {"type": "Feature", "geometry": {"type": "LineString", "coordinates": [[75.788641, 11.24965], [75.788734, 11.24965]]}, "properties": {"type": "optimized", "weight": 9.339999999724569e-05}}, {"type": "Feature", "geometry": {"type": "LineString", "coordinates": [[75.788734, 11.24965], [75.790026, 11.249381]]}, "properties": {"type": "optimized", "weight": 0.0013198492679015897}}, {"type": "Feature", "geometry": {"type": "LineString", "coordinates": [[75.790026, 11.249381], [75.79013, 11.249355]]}, "properties": {"type": "optimized", "weight": 0.00010688634150833076}}, {"type": "Feature", "geometry": {"type": "LineString", "coordinates": [[75.79013, 11.249355], [75.790166, 11.249294]]}, "properties": {"type": "optimized", "weight": 7.09837305333196e-05}}, {"type": "Feature", "geometry": {"type": "LineString", "coordinates": [[75.790166, 11.249294], [75.79012, 11.249177]]}, "properties": {"type": "optimized", "weight": 0.00012606863210016573}}, {"type": "Feature", "geometry": {"type": "LineString", "coordinates": [[75.79012, 11.249177], [75.79013, 11.249106]]}, "properties": {"type": "optimized", "weight": 7.195554182944841e-05}}, {"type": "Feature", "geometry": {"type": "LineString", "coordinates": [[75.79013, 11.249106], [75.790213, 11.249075]]}, "properties": {"type": "optimized", "weight": 8.846106488524989e-05}}, {"type": "Feature", "geometry": {"type": "LineString", "coordinates": [[75.787418, 11.251154], [75.787484, 11.251058]]}, "properties": {"type": "original", "weight": 0.00011666379043617495}}, {"type": "Feature", "geometry": {"type": "LineString", "coordinates": [[75.787484, 11.251058], [75.787621, 11.251014]]}, "properties": {"type": "original", "weight": 0.00014279163141270388}}, {"type": "Feature", "geometry": {"type": "LineString", "coordinates": [[75.787621, 11.251014], [75.787783, 11.250963]]}, "properties": {"type": "original", "weight": 0.0001699335458324065}}, {"type": "Feature", "geometry": {"type": "LineString", "coordinates": [[75.787783, 11.250963], [75.787895, 11.25092]]}, "properties": {"type": "original", "weight": 0.00012013596463600466}}, {"type": "Feature", "geometry": {"type": "LineString", "coordinates": [[75.787895, 11.25092], [75.787989, 11.25094]]}, "properties": {"type": "original", "weight": 9.611956096279209e-05}}, {"type": "Feature", "geometry": {"type": "LineString", "coordinates": [[75.78664, 11.254283], [75.787293, 11.254504]]}, "properties": {"type": "original", "weight": 0.0006896052856414659}}, {"type": "Feature", "geometry": {"type": "LineString", "coordinates": [[75.78646, 11.254552], [75.786405, 11.254698]]}, "properties": {"type": "original", "weight": 0.00015495112132572146}}, {"type": "Feature", "geometry": {"type": "LineString", "coordinates": [[75.786405, 11.254698], [75.786422, 11.255281]]}, "properties": {"type": "original", "weight": 0.0005835361599751001}}, {"type": "Feature", "geometry": {"type": "LineString", "coordinates": [[75.787655, 11.255396], [75.787713, 11.255109]]}, "properties": {"type": "original", "weight": 0.0002926257849174789}}, {"type": "Feature", "geometry": {"type": "LineString", "coordinates": [[75.787713, 11.255109], [75.787767, 11.25481]]}, "properties": {"type": "original", "weight": 0.0003032645214990825}}, {"type": "Feature", "geometry": {"type": "LineString", "coordinates": [[75.787767, 11.25481], [75.787773, 11.254626]]}, "properties": {"type": "original", "weight": 0.0001845975351943699}}, {"type": "Feature", "geometry": {"type": "LineString", "coordinates": [[75.787773, 11.254626], [75.787797, 11.254443]]}, "properties": {"type": "original", "weight": 0.00018407131770294347}}, {"type": "Feature", "geometry": {"type": "LineString", "coordinates": [[75.787773, 11.254626], [75.788019, 11.254636]]}, "properties": {"type": "original", "weight": 0.00024629504663943304}}, {"type": "Feature", "geometry": {"type": "LineString", "coordinates": [[75.786513, 11.249369], [75.786349, 11.249372]]}, "properties": {"type": "original", "weight": 0.00016383528314516666}}, {"type": "Feature", "geometry": {"type": "LineString", "coordinates": [[75.786349, 11.249372], [75.786049, 11.249357]]}, "properties": {"type": "original", "weight": 0.00030080998986115764}}, {"type": "Feature", "geometry": {"type": "LineString", "coordinates": [[75.786049, 11.249357], [75.786006, 11.249593]]}, "properties": {"type": "original", "weight": 0.00024055623043246484}}, {"type": "Feature", "geometry": {"type": "LineString", "coordinates": [[75.795584, 11.247631], [75.795535, 11.247512]]}, "properties": {"type": "original", "weight": 0.00012878590761659776}}, {"type": "Feature", "geometry": {"type": "LineString", "coordinates": [[75.795535, 11.247512], [75.795549, 11.247454]]}, "properties": {"type": "original", "weight": 5.8888368970977194e-05}}, {"type": "Feature", "geometry": {"type": "LineString", "coordinates": [[75.787624, 11.246477], [75.787618, 11.246408]]}, "properties": {"type": "original", "weight": 6.977599873933287e-05}}, {"type": "Feature", "geometry": {"type": "LineString", "coordinates": [[75.787618, 11.246408], [75.787565, 11.246329]]}, "properties": {"type": "original", "weight": 9.441001005874653e-05}}, {"type": "Feature", "geometry": {"type": "LineString", "coordinates": [[75.787565, 11.246329], [75.787294, 11.246099]]}, "properties": {"type": "original", "weight": 0.0003553387116536842}}, {"type": "Feature", "geometry": {"type": "LineString", "coordinates": [[75.787294, 11.246099], [75.787267, 11.246045]]}, "properties": {"type": "original", "weight": 6.104629391041155e-05}}, {"type": "Feature", "geometry": {"type": "LineString", "coordinates": [[75.787267, 11.246045], [75.787263, 11.246009]]}, "properties": {"type": "original", "weight": 3.6432128677574793e-05}}, {"type": "Feature", "geometry": {"type": "LineString", "coordinates": [[75.787263, 11.246009], [75.787254, 11.245688]]}, "properties": {"type": "original", "weight": 0.00032043209889157695}}, {"type": "Feature", "geometry": {"type": "LineString", "coordinates": [[75.775479, 11.247662], [75.775509, 11.247649]]}, "properties": {"type": "original", "weight": 3.231857050969762e-05}}, {"type": "Feature", "geometry": {"type": "LineString", "coordinates": [[75.775509, 11.247649], [75.775635, 11.247483]]}, "properties": {"type": "original", "weight": 0.00020822511856343523}}, {"type": "Feature", "geometry": {"type": "LineString", "coordinates": [[75.775624, 11.247234], [75.775688, 11.24736]]}, "properties": {"type": "original", "weight": 0.0001416820383882784}}, {"type": "Feature", "geometry": {"type": "LineString", "coordinates": [[75.796149, 11.243955], [75.796168, 11.244123]]}, "properties": {"type": "original", "weight": 0.00016943509081605819}}, {"type": "Feature", "geometry": {"type": "LineString", "coordinates": [[75.796168, 11.244123], [75.796168, 11.244205]]}, "properties": {"type": "original", "weight": 8.150000000028967e-05}}, {"type": "Feature", "geometry": {"type": "LineString", "coordinates": [[75.796203, 11.244436], [75.796184, 11.244294]]}, "properties": {"type": "original", "weight": 0.000143239100808171}}, {"type": "Feature", "geometry": {"type": "LineString", "coordinates": [[75.796184, 11.244294], [75.796168, 11.244205]]}, "properties": {"type": "original", "weight": 9.093657130008199e-05}}, {"type": "Feature", "geometry": {"type": "LineString", "coordinates": [[75.79655, 11.24807], [75.796426, 11.248063]]}, "properties": {"type": "optimized", "weight": 0.00012419742348331687}}, {"type": "Feature", "geometry": {"type": "LineString", "coordinates": [[75.79655, 11.24807], [75.796645, 11.248065]]}, "properties": {"type": "optimized", "weight": 9.513148795392249e-05}}, {"type": "Feature", "geometry": {"type": "LineString", "coordinates": [[75.783284, 11.253046], [75.783376, 11.253088]]}, "properties": {"type": "original", "weight": 0.00010059567586100588}}, {"type": "Feature", "geometry": {"type": "LineString", "coordinates": [[75.783376, 11.253088], [75.783764, 11.253008]]}, "properties": {"type": "original", "weight": 0.0003962970224355987}}, {"type": "Feature", "geometry": {"type": "LineString", "coordinates": [[75.780141, 11.246827], [75.780316, 11.246105]]}, "properties": {"type": "original", "weight": 0.0007432416834380127}}, {"type": "Feature", "geometry": {"type": "LineString", "coordinates": [[75.77903, 11.242023], [75.778992, 11.242048]]}, "properties": {"type": "original", "weight": 4.5651834576700344e-05}}, {"type": "Feature", "geometry": {"type": "LineString", "coordinates": [[75.778992, 11.242048], [75.778946, 11.242059]]}, "properties": {"type": "original", "weight": 4.681580928893267e-05}}, {"type": "Feature", "geometry": {"type": "LineString", "coordinates": [[75.791561, 11.258904], [75.791616, 11.258603]]}, "properties": {"type": "original", "weight": 0.00030640399801705096}}, {"type": "Feature", "geometry": {"type": "LineString", "coordinates": [[75.791616, 11.258603], [75.791831, 11.257266]]}, "properties": {"type": "original", "weight": 0.001354077771030534}}, {"type": "Feature", "geometry": {"type": "LineString", "coordinates": [[75.791831, 11.257266], [75.791878, 11.256629]]}, "properties": {"type": "original", "weight": 0.000638340011279486}}, {"type": "Feature", "geometry": {"type": "LineString", "coordinates": [[75.791878, 11.256629], [75.791898, 11.255391]]}, "properties": {"type": "original", "weight": 0.0012385713221289166}}, {"type": "Feature", "geometry": {"type": "LineString", "coordinates": [[75.791898, 11.255391], [75.792055, 11.254484]]}, "properties": {"type": "original", "weight": 0.000920338253034086}}, {"type": "Feature", "geometry": {"type": "LineString", "coordinates": [[75.792055, 11.254484], [75.792496, 11.25328]]}, "properties": {"type": "original", "weight": 0.0012820859409582931}}, {"type": "Feature", "geometry": {"type": "LineString", "coordinates": [[75.792496, 11.25328], [75.792726, 11.252837]]}, "properties": {"type": "original", "weight": 0.0004991482745652459}}, {"type": "Feature", "geometry": {"type": "LineString", "coordinates": [[75.793678, 11.25242], [75.793539, 11.252466]]}, "properties": {"type": "optimized", "weight": 0.00014650832739877365}}, {"type": "Feature", "geometry": {"type": "LineString", "coordinates": [[75.793539, 11.252466], [75.793181, 11.252586]]}, "properties": {"type": "optimized", "weight": 0.00037748108561885786}}, {"type": "Feature", "geometry": {"type": "LineString", "coordinates": [[75.793181, 11.252586], [75.793105, 11.25258]]}, "properties": {"type": "optimized", "weight": 7.682688331551904e-05}}, {"type": "Feature", "geometry": {"type": "LineString", "coordinates": [[75.791227, 11.247584], [75.791223, 11.247251]]}, "properties": {"type": "optimized", "weight": 0.0003326252696354708}}, {"type": "Feature", "geometry": {"type": "LineString", "coordinates": [[75.780448, 11.250366], [75.780461, 11.250363]]}, "properties": {"type": "original", "weight": 1.365650028955226e-05}}, {"type": "Feature", "geometry": {"type": "LineString", "coordinates": [[75.780461, 11.250363], [75.780474, 11.250246]]}, "properties": {"type": "original", "weight": 0.00011745543835894132}}, {"type": "Feature", "geometry": {"type": "LineString", "coordinates": [[75.77428, 11.241838], [75.774328, 11.24185]]}, "properties": {"type": "original", "weight": 4.926114087063818e-05}}, {"type": "Feature", "geometry": {"type": "LineString", "coordinates": [[75.774328, 11.24185], [75.774511, 11.241861]]}, "properties": {"type": "original", "weight": 0.00018388545348136968}}, {"type": "Feature", "geometry": {"type": "LineString", "coordinates": [[75.774511, 11.241861], [75.774625, 11.241864]]}, "properties": {"type": "original", "weight": 0.00011373205352936361}}, {"type": "Feature", "geometry": {"type": "LineString", "coordinates": [[75.774625, 11.241864], [75.774739, 11.241836]]}, "properties": {"type": "original", "weight": 0.00011736443242836419}}, {"type": "Feature", "geometry": {"type": "LineString", "coordinates": [[75.775349, 11.251427], [75.775333, 11.251491]]}, "properties": {"type": "optimized", "weight": 6.611565624023593e-05}}, {"type": "Feature", "geometry": {"type": "LineString", "coordinates": [[75.775333, 11.251491], [75.775263, 11.251537]]}, "properties": {"type": "original", "weight": 8.38430080659467e-05}}, {"type": "Feature", "geometry": {"type": "LineString", "coordinates": [[75.775263, 11.251537], [75.775229, 11.252041]]}, "properties": {"type": "original", "weight": 0.0005049662662003546}}, {"type": "Feature", "geometry": {"type": "LineString", "coordinates": [[75.775229, 11.252041], [75.775808, 11.252069]]}, "properties": {"type": "original", "weight": 0.0005796670078606942}}, {"type": "Feature", "geometry": {"type": "LineString", "coordinates": [[75.775808, 11.252069], [75.775789, 11.252394]]}, "properties": {"type": "original", "weight": 0.0003249270841281085}}, {"type": "Feature", "geometry": {"type": "LineString", "coordinates": [[75.776314, 11.253013], [75.776664, 11.253024]]}, "properties": {"type": "original", "weight": 0.00034997607061982726}}, {"type": "Feature", "geometry": {"type": "LineString", "coordinates": [[75.774533, 11.253515], [75.77491, 11.253539]]}, "properties": {"type": "original", "weight": 0.00037810763019037913}}, {"type": "Feature", "geometry": {"type": "LineString", "coordinates": [[75.774373, 11.253991], [75.774642, 11.25406]]}, "properties": {"type": "original", "weight": 0.000278073695267338}}, {"type": "Feature", "geometry": {"type": "LineString", "coordinates": [[75.796655, 11.253956], [75.796623, 11.253974]]}, "properties": {"type": "original", "weight": 3.6472592441238245e-05}}, {"type": "Feature", "geometry": {"type": "LineString", "coordinates": [[75.792852, 11.252442], [75.792874, 11.252518]]}, "properties": {"type": "original", "weight": 7.924424269529752e-05}}, {"type": "Feature", "geometry": {"type": "LineString", "coordinates": [[75.792874, 11.252518], [75.792889, 11.252575]]}, "properties": {"type": "original", "weight": 5.840624966740658e-05}}, {"type": "Feature", "geometry": {"type": "LineString", "coordinates": [[75.792889, 11.252575], [75.792924, 11.252629]]}, "properties": {"type": "original", "weight": 6.429626738047823e-05}}, {"type": "Feature", "geometry": {"type": "LineString", "coordinates": [[75.792871, 11.252401], [75.792903, 11.252456]]}, "properties": {"type": "optimized", "weight": 6.3905242346426e-05}}, {"type": "Feature", "geometry": {"type": "LineString", "coordinates": [[75.792903, 11.252456], [75.79296, 11.252517]]}, "properties": {"type": "optimized", "weight": 8.264345104893929e-05}}, {"type": "Feature", "geometry": {"type": "LineString", "coordinates": [[75.79296, 11.252517], [75.793023, 11.252556]]}, "properties": {"type": "optimized", "weight": 7.43589268331325e-05}}, {"type": "Feature", "geometry": {"type": "LineString", "coordinates": [[75.793023, 11.252556], [75.793105, 11.25258]]}, "properties": {"type": "optimized", "weight": 8.516413564766438e-05}}, {"type": "Feature", "geometry": {"type": "LineString", "coordinates": [[75.781694, 11.24401], [75.781506, 11.244701]]}, "properties": {"type": "original", "weight": 0.0007162061155836703}}, {"type": "Feature", "geometry": {"type": "LineString", "coordinates": [[75.781506, 11.244701], [75.781536, 11.244793]]}, "properties": {"type": "original", "weight": 9.644946863485461e-05}}, {"type": "Feature", "geometry": {"type": "LineString", "coordinates": [[75.781536, 11.244793], [75.781448, 11.245331]]}, "properties": {"type": "original", "weight": 0.0005458712302330653}}, {"type": "Feature", "geometry": {"type": "LineString", "coordinates": [[75.781448, 11.245331], [75.781342, 11.245917]]}, "properties": {"type": "original", "weight": 0.0005954840887881005}}, {"type": "Feature", "geometry": {"type": "LineString", "coordinates": [[75.781448, 11.245331], [75.78138, 11.245318]]}, "properties": {"type": "original", "weight": 6.852517786629012e-05}}, {"type": "Feature", "geometry": {"type": "LineString", "coordinates": [[75.781342, 11.245917], [75.781258, 11.246386]]}, "properties": {"type": "original", "weight": 0.0004757916560879396}}, {"type": "Feature", "geometry": {"type": "LineString", "coordinates": [[75.781342, 11.245917], [75.78146, 11.245939]]}, "properties": {"type": "original", "weight": 0.0001192182033075328}}, {"type": "Feature", "geometry": {"type": "LineString", "coordinates": [[75.781258, 11.246386], [75.781289, 11.246526]]}, "properties": {"type": "original", "weight": 0.00014385777698676752}}, {"type": "Feature", "geometry": {"type": "LineString", "coordinates": [[75.781289, 11.246526], [75.781205, 11.246988]]}, "properties": {"type": "original", "weight": 0.0004697443666491301}}, {"type": "Feature", "geometry": {"type": "LineString", "coordinates": [[75.781289, 11.246526], [75.78133, 11.246532]]}, "properties": {"type": "original", "weight": 4.184698316552134e-05}}, {"type": "Feature", "geometry": {"type": "LineString", "coordinates": [[75.781205, 11.246988], [75.78099, 11.24738]]}, "properties": {"type": "original", "weight": 0.00044647585600917554}}, {"type": "Feature", "geometry": {"type": "LineString", "coordinates": [[75.781205, 11.246988], [75.781245, 11.247]]}, "properties": {"type": "original", "weight": 4.20738636183435e-05}}, {"type": "Feature", "geometry": {"type": "LineString", "coordinates": [[75.78099, 11.24738], [75.780899, 11.247946]]}, "properties": {"type": "original", "weight": 0.0005731540979530763}}, {"type": "Feature", "geometry": {"type": "LineString", "coordinates": [[75.782189, 11.245741], [75.782236, 11.245703]]}, "properties": {"type": "original", "weight": 6.048619677691133e-05}}, {"type": "Feature", "geometry": {"type": "LineString", "coordinates": [[75.782189, 11.245741], [75.78219, 11.245824]]}, "properties": {"type": "original", "weight": 8.300385533229242e-05}}, {"type": "Feature", "geometry": {"type": "LineString", "coordinates": [[75.782236, 11.245703], [75.782608, 11.245765]]}, "properties": {"type": "original", "weight": 0.00037690137967591193}}, {"type": "Feature", "geometry": {"type": "LineString", "coordinates": [[75.782608, 11.245765], [75.782786, 11.245782]]}, "properties": {"type": "original", "weight": 0.00017908037301913376}}, {"type": "Feature", "geometry": {"type": "LineString", "coordinates": [[75.78146, 11.245939], [75.78133, 11.246532]]}, "properties": {"type": "original", "weight": 0.0006074765592207366}}, {"type": "Feature", "geometry": {"type": "LineString", "coordinates": [[75.781252, 11.245294], [75.78138, 11.245318]]}, "properties": {"type": "original", "weight": 0.0001305809327582282}}, {"type": "Feature", "geometry": {"type": "LineString", "coordinates": [[75.781321, 11.246591], [75.781428, 11.246617]]}, "properties": {"type": "original", "weight": 0.00011001981639689794}}, {"type": "Feature", "geometry": {"type": "LineString", "coordinates": [[75.781321, 11.246591], [75.78133, 11.246532]]}, "properties": {"type": "original", "weight": 5.9545696736326016e-05}}, {"type": "Feature", "geometry": {"type": "LineString", "coordinates": [[75.781321, 11.246591], [75.781245, 11.247]]}, "properties": {"type": "original", "weight": 0.00041557884931801034}}, {"type": "Feature", "geometry": {"type": "LineString", "coordinates": [[75.781428, 11.246617], [75.781436, 11.246662]]}, "properties": {"type": "original", "weight": 4.628347437038355e-05}}, {"type": "Feature", "geometry": {"type": "LineString", "coordinates": [[75.781534, 11.246699], [75.781516, 11.246804]]}, "properties": {"type": "original", "weight": 0.00010697448293891014}}, {"type": "Feature", "geometry": {"type": "LineString", "coordinates": [[75.781534, 11.246699], [75.781468, 11.246697]]}, "properties": {"type": "original", "weight": 6.613025026212556e-05}}, {"type": "Feature", "geometry": {"type": "LineString", "coordinates": [[75.781534, 11.246699], [75.781749, 11.246702]]}, "properties": {"type": "original", "weight": 0.00021472852628456058}}, {"type": "Feature", "geometry": {"type": "LineString", "coordinates": [[75.781436, 11.246662], [75.781468, 11.246697]]}, "properties": {"type": "original", "weight": 4.665672513332164e-05}}, {"type": "Feature", "geometry": {"type": "LineString", "coordinates": [[75.781749, 11.246702], [75.781893, 11.24669]]}, "properties": {"type": "original", "weight": 0.000145097070954678}}, {"type": "Feature", "geometry": {"type": "LineString", "coordinates": [[75.784448, 11.246676], [75.784515, 11.246662]]}, "properties": {"type": "original", "weight": 6.90722809840349e-05}}, {"type": "Feature", "geometry": {"type": "LineString", "coordinates": [[75.784515, 11.246662], [75.784568, 11.246604]]}, "properties": {"type": "original", "weight": 7.808386517616354e-05}}, {"type": "Feature", "geometry": {"type": "LineString", "coordinates": [[75.784568, 11.246604], [75.784583, 11.246567]]}, "properties": {"type": "original", "weight": 4.094703896147641e-05}}, {"type": "Feature", "geometry": {"type": "LineString", "coordinates": [[75.784428, 11.24679], [75.784468, 11.246813]]}, "properties": {"type": "original", "weight": 4.575871501667683e-05}}, {"type": "Feature", "geometry": {"type": "LineString", "coordinates": [[75.784468, 11.246813], [75.784523, 11.246865]]}, "properties": {"type": "original", "weight": 7.569425341199417e-05}}, {"type": "Feature", "geometry": {"type": "LineString", "coordinates": [[75.784523, 11.246865], [75.784551, 11.246919]]}, "properties": {"type": "original", "weight": 6.0735821396668775e-05}}, {"type": "Feature", "geometry": {"type": "LineString", "coordinates": [[75.781245, 11.247], [75.781178, 11.247381]]}, "properties": {"type": "original", "weight": 0.00038744291192413754}}, {"type": "Feature", "geometry": {"type": "LineString", "coordinates": [[75.784391, 11.247103], [75.784378, 11.247103]]}, "properties": {"type": "original", "weight": 1.310610545131438e-05}}, {"type": "Feature", "geometry": {"type": "LineString", "coordinates": [[75.784391, 11.247103], [75.7844, 11.246918]]}, "properties": {"type": "original", "weight": 0.00018534362681219167}}, {"type": "Feature", "geometry": {"type": "LineString", "coordinates": [[75.784378, 11.247103], [75.784268, 11.247107]]}, "properties": {"type": "original", "weight": 0.00011014944392506817}}, {"type": "Feature", "geometry": {"type": "LineString", "coordinates": [[75.7844, 11.246918], [75.784313, 11.246909]]}, "properties": {"type": "original", "weight": 8.731471811728662e-05}}, {"type": "Feature", "geometry": {"type": "LineString", "coordinates": [[75.781965, 11.253602], [75.781943, 11.253646]]}, "properties": {"type": "original", "weight": 4.910651687614201e-05}}, {"type": "Feature", "geometry": {"type": "LineString", "coordinates": [[75.781943, 11.253646], [75.781814, 11.253623]]}, "properties": {"type": "original", "weight": 0.00013159715042495245}}, {"type": "Feature", "geometry": {"type": "LineString", "coordinates": [[75.781814, 11.253623], [75.781799, 11.253834]]}, "properties": {"type": "original", "weight": 0.00021160427689397802}}, {"type": "Feature", "geometry": {"type": "LineString", "coordinates": [[75.781814, 11.253623], [75.78184, 11.25334]]}, "properties": {"type": "original", "weight": 0.00028440015822790514}}, {"type": "Feature", "geometry": {"type": "LineString", "coordinates": [[75.781799, 11.253834], [75.781396, 11.254253]]}, "properties": {"type": "original", "weight": 0.0005814184809637595}}, {"type": "Feature", "geometry": {"type": "LineString", "coordinates": [[75.781396, 11.254253], [75.780702, 11.25414]]}, "properties": {"type": "original", "weight": 0.0007031715580098418}}, {"type": "Feature", "geometry": {"type": "LineString", "coordinates": [[75.780702, 11.25414], [75.780588, 11.254792]]}, "properties": {"type": "original", "weight": 0.0006622680499619341}}, {"type": "Feature", "geometry": {"type": "LineString", "coordinates": [[75.780702, 11.25414], [75.78071, 11.254051]]}, "properties": {"type": "original", "weight": 8.934993005122232e-05}}, {"type": "Feature", "geometry": {"type": "LineString", "coordinates": [[75.780588, 11.254792], [75.7807, 11.254742]]}, "properties": {"type": "original", "weight": 0.00012309122633078786}}, {"type": "Feature", "geometry": {"type": "LineString", "coordinates": [[75.780588, 11.254792], [75.780544, 11.255092]]}, "properties": {"type": "original", "weight": 0.0003033496332612516}}, {"type": "Feature", "geometry": {"type": "LineString", "coordinates": [[75.7807, 11.254742], [75.78076, 11.254717]]}, "properties": {"type": "original", "weight": 6.419548271246682e-05}}, {"type": "Feature", "geometry": {"type": "LineString", "coordinates": [[75.7807, 11.254742], [75.780739, 11.254818]]}, "properties": {"type": "original", "weight": 8.591030206276968e-05}}, {"type": "Feature", "geometry": {"type": "LineString", "coordinates": [[75.78076, 11.254717], [75.780847, 11.254671]]}, "properties": {"type": "original", "weight": 9.917666056122364e-05}}, {"type": "Feature", "geometry": {"type": "LineString", "coordinates": [[75.780847, 11.254671], [75.780971, 11.254528]]}, "properties": {"type": "original", "weight": 0.00018898280344446875}}, {"type": "Feature", "geometry": {"type": "LineString", "coordinates": [[75.780535, 11.25528], [75.780544, 11.255092]]}, "properties": {"type": "original", "weight": 0.0001884103234964239}}, {"type": "Feature", "geometry": {"type": "LineString", "coordinates": [[75.78071, 11.254051], [75.780745, 11.254038]]}, "properties": {"type": "original", "weight": 3.738716357175742e-05}}, {"type": "Feature", "geometry": {"type": "LineString", "coordinates": [[75.780745, 11.254038], [75.780819, 11.254032]]}, "properties": {"type": "original", "weight": 7.415962513769707e-05}}, {"type": "Feature", "geometry": {"type": "LineString", "coordinates": [[75.780745, 11.254038], [75.780767, 11.253917]]}, "properties": {"type": "original", "weight": 0.00012265288418938689}}, {"type": "Feature", "geometry": {"type": "LineString", "coordinates": [[75.780819, 11.254032], [75.780849, 11.253987]]}, "properties": {"type": "original", "weight": 5.402851099016381e-05}}, {"type": "Feature", "geometry": {"type": "LineString", "coordinates": [[75.780849, 11.253987], [75.780862, 11.25393]]}, "properties": {"type": "original", "weight": 5.811884376014951e-05}}, {"type": "Feature", "geometry": {"type": "LineString", "coordinates": [[75.780862, 11.25393], [75.781017, 11.253035]]}, "properties": {"type": "original", "weight": 0.0009091923998796859}}, {"type": "Feature", "geometry": {"type": "LineString", "coordinates": [[75.781017, 11.253035], [75.781581, 11.253077]]}, "properties": {"type": "original", "weight": 0.000565130657457383}}, {"type": "Feature", "geometry": {"type": "LineString", "coordinates": [[75.781581, 11.253077], [75.78184, 11.25334]]}, "properties": {"type": "original", "weight": 0.0003686212826250188}}, {"type": "Feature", "geometry": {"type": "LineString", "coordinates": [[75.780971, 11.252788], [75.780955, 11.252574]]}, "properties": {"type": "original", "weight": 0.00021399897196012346}}, {"type": "Feature", "geometry": {"type": "LineString", "coordinates": [[75.780955, 11.252574], [75.780926, 11.252504]]}, "properties": {"type": "original", "weight": 7.65540332024377e-05}}, {"type": "Feature", "geometry": {"type": "LineString", "coordinates": [[75.780955, 11.252574], [75.780982, 11.252569]]}, "properties": {"type": "original", "weight": 2.773084925302873e-05}}, {"type": "Feature", "geometry": {"type": "LineString", "coordinates": [[75.780926, 11.252504], [75.780771, 11.252483]]}, "properties": {"type": "original", "weight": 0.0001563036147996376}}, {"type": "Feature", "geometry": {"type": "LineString", "coordinates": [[75.780771, 11.252483], [75.780549, 11.252429]]}, "properties": {"type": "original", "weight": 0.00022784602257694357}}, {"type": "Feature", "geometry": {"type": "LineString", "coordinates": [[75.781215, 11.252546], [75.781212, 11.252624]]}, "properties": {"type": "original", "weight": 7.815017594506624e-05}}, {"type": "Feature", "geometry": {"type": "LineString", "coordinates": [[75.781215, 11.252546], [75.78111, 11.252545]]}, "properties": {"type": "original", "weight": 0.00010501218977351018}}, {"type": "Feature", "geometry": {"type": "LineString", "coordinates": [[75.78111, 11.252545], [75.781013, 11.252543]]}, "properties": {"type": "original", "weight": 9.682065894687184e-05}}, {"type": "Feature", "geometry": {"type": "LineString", "coordinates": [[75.780982, 11.252569], [75.780981, 11.252479]]}, "properties": {"type": "original", "weight": 9.030797307003055e-05}}, {"type": "Feature", "geometry": {"type": "LineString", "coordinates": [[75.780982, 11.252569], [75.781013, 11.252543]]}, "properties": {"type": "original", "weight": 4.071805496832571e-05}}, {"type": "Feature", "geometry": {"type": "LineString", "coordinates": [[75.780981, 11.252479], [75.780999, 11.252455]]}, "properties": {"type": "original", "weight": 2.9160246915068417e-05}}, {"type": "Feature", "geometry": {"type": "LineString", "coordinates": [[75.780956, 11.252314], [75.780963, 11.252382]]}, "properties": {"type": "original", "weight": 6.849014527579122e-05}}, {"type": "Feature", "geometry": {"type": "LineString", "coordinates": [[75.780963, 11.252382], [75.780992, 11.252425]]}, "properties": {"type": "original", "weight": 5.1421785270895673e-05}}, {"type": "Feature", "geometry": {"type": "LineString", "coordinates": [[75.780767, 11.253917], [75.780772, 11.253894]]}, "properties": {"type": "original", "weight": 2.369578021450127e-05}}, {"type": "Feature", "geometry": {"type": "LineString", "coordinates": [[75.780772, 11.253894], [75.780829, 11.253905]]}, "properties": {"type": "original", "weight": 5.743117620186956e-05}}, {"type": "Feature", "geometry": {"type": "LineString", "coordinates": [[75.782225, 11.252124], [75.782474, 11.251982]]}, "properties": {"type": "optimized", "weight": 0.0002869424506776616}}, {"type": "Feature", "geometry": {"type": "LineString", "coordinates": [[75.782474, 11.251982], [75.782553, 11.251899]]}, "properties": {"type": "optimized", "weight": 0.00011417749340242565}}, {"type": "Feature", "geometry": {"type": "LineString", "coordinates": [[75.782553, 11.251899], [75.782679, 11.251881]]}, "properties": {"type": "optimized", "weight": 0.00012719701254977283}}, {"type": "Feature", "geometry": {"type": "LineString", "coordinates": [[75.782679, 11.251881], [75.782879, 11.251886]]}, "properties": {"type": "optimized", "weight": 0.0002008699330430298}}, {"type": "Feature", "geometry": {"type": "LineString", "coordinates": [[75.782879, 11.251886], [75.783069, 11.251903]]}, "properties": {"type": "optimized", "weight": 0.00019076794803081043}}, {"type": "Feature", "geometry": {"type": "LineString", "coordinates": [[75.783069, 11.251903], [75.783244, 11.2519]]}, "properties": {"type": "optimized", "weight": 0.00017481647520670393}}, {"type": "Feature", "geometry": {"type": "LineString", "coordinates": [[75.781008, 11.246916], [75.780981, 11.247121]]}, "properties": {"type": "original", "weight": 0.00020655907145400204}}, {"type": "Feature", "geometry": {"type": "LineString", "coordinates": [[75.781066, 11.246925], [75.781036, 11.247134]]}, "properties": {"type": "original", "weight": 0.0002111421322230086}}, {"type": "Feature", "geometry": {"type": "LineString", "coordinates": [[75.780959, 11.248617], [75.780907, 11.248638]]}, "properties": {"type": "optimized", "weight": 5.6340749018143034e-05}}, {"type": "Feature", "geometry": {"type": "LineString", "coordinates": [[75.780907, 11.248638], [75.780861, 11.248646]]}, "properties": {"type": "optimized", "weight": 4.703806968220442e-05}}, {"type": "Feature", "geometry": {"type": "LineString", "coordinates": [[75.780691, 11.247068], [75.780716, 11.246936]]}, "properties": {"type": "original", "weight": 0.00013478256563708587}}, {"type": "Feature", "geometry": {"type": "LineString", "coordinates": [[75.780328, 11.246862], [75.780309, 11.246993]]}, "properties": {"type": "original", "weight": 0.00013218717789687838}}, {"type": "Feature", "geometry": {"type": "LineString", "coordinates": [[75.780269, 11.246987], [75.780285, 11.246859]]}, "properties": {"type": "original", "weight": 0.0001287487864031011}}, {"type": "Feature", "geometry": {"type": "LineString", "coordinates": [[75.780326, 11.245841], [75.780276, 11.245928]]}, "properties": {"type": "original", "weight": 0.00010031948962986263}}, {"type": "Feature", "geometry": {"type": "LineString", "coordinates": [[75.780326, 11.245841], [75.780559, 11.245883]]}, "properties": {"type": "original", "weight": 0.00023712159328563424}}, {"type": "Feature", "geometry": {"type": "LineString", "coordinates": [[75.780326, 11.245841], [75.780354, 11.245732]]}, "properties": {"type": "original", "weight": 0.00011294928065446868}}, {"type": "Feature", "geometry": {"type": "LineString", "coordinates": [[75.780276, 11.245928], [75.780251, 11.246075]]}, "properties": {"type": "original", "weight": 0.00014863865580593447}}, {"type": "Feature", "geometry": {"type": "LineString", "coordinates": [[75.780244, 11.245295], [75.780104, 11.245649]]}, "properties": {"type": "original", "weight": 0.00038079086124018284}}, {"type": "Feature", "geometry": {"type": "LineString", "coordinates": [[75.780104, 11.245649], [75.780354, 11.245732]]}, "properties": {"type": "original", "weight": 0.00026250205714152856}}, {"type": "Feature", "geometry": {"type": "LineString", "coordinates": [[75.781612, 11.25158], [75.78178, 11.251579]]}, "properties": {"type": "original", "weight": 0.00016870189683669713}}, {"type": "Feature", "geometry": {"type": "LineString", "coordinates": [[75.78178, 11.251579], [75.781826, 11.251558]]}, "properties": {"type": "original", "weight": 5.020318715636959e-05}}, {"type": "Feature", "geometry": {"type": "LineString", "coordinates": [[75.781826, 11.251558], [75.781909, 11.251484]]}, "properties": {"type": "original", "weight": 0.00011114823434758257}}, {"type": "Feature", "geometry": {"type": "LineString", "coordinates": [[75.781909, 11.251484], [75.781991, 11.251432]]}, "properties": {"type": "original", "weight": 9.725224933454357e-05}}, {"type": "Feature", "geometry": {"type": "LineString", "coordinates": [[75.781991, 11.251432], [75.782012, 11.251404]]}, "properties": {"type": "original", "weight": 3.492448997940735e-05}}, {"type": "Feature", "geometry": {"type": "LineString", "coordinates": [[75.782012, 11.251404], [75.782018, 11.251319]]}, "properties": {"type": "original", "weight": 8.567035660051433e-05}}, {"type": "Feature", "geometry": {"type": "LineString", "coordinates": [[75.776299, 11.244588], [75.776363, 11.244495]]}, "properties": {"type": "optimized", "weight": 0.00011289375536797827}}, {"type": "Feature", "geometry": {"type": "LineString", "coordinates": [[75.776299, 11.244588], [75.776202, 11.24514]]}, "properties": {"type": "optimized", "weight": 0.0005604578485472838}}, {"type": "Feature", "geometry": {"type": "LineString", "coordinates": [[75.776363, 11.244495], [75.776471, 11.244293]]}, "properties": {"type": "optimized", "weight": 0.00022905894437753012}}, {"type": "Feature", "geometry": {"type": "LineString", "coordinates": [[75.776471, 11.244293], [75.776539, 11.244136]]}, "properties": {"type": "optimized", "weight": 0.00017109354166747355}}, {"type": "Feature", "geometry": {"type": "LineString", "coordinates": [[75.776539, 11.244136], [75.776583, 11.244032]]}, "properties": {"type": "optimized", "weight": 0.00011292475370762124}}, {"type": "Feature", "geometry": {"type": "LineString", "coordinates": [[75.776583, 11.244032], [75.776619, 11.24394]]}, "properties": {"type": "optimized", "weight": 9.879271228017344e-05}}, {"type": "Feature", "geometry": {"type": "LineString", "coordinates": [[75.776619, 11.24394], [75.776755, 11.243962]]}, "properties": {"type": "optimized", "weight": 0.00013776792079200304}}, {"type": "Feature", "geometry": {"type": "LineString", "coordinates": [[75.776755, 11.243962], [75.776997, 11.243894]]}, "properties": {"type": "optimized", "weight": 0.00025137223394822524}}, {"type": "Feature", "geometry": {"type": "LineString", "coordinates": [[75.776997, 11.243894], [75.777238, 11.243864]]}, "properties": {"type": "optimized", "weight": 0.0002428600420019423}}, {"type": "Feature", "geometry": {"type": "LineString", "coordinates": [[75.777238, 11.243864], [75.777439, 11.243849]]}, "properties": {"type": "optimized", "weight": 0.00020155892439095079}}, {"type": "Feature", "geometry": {"type": "LineString", "coordinates": [[75.777439, 11.243849], [75.777562, 11.243303]]}, "properties": {"type": "optimized", "weight": 0.000559682945963502}}, {"type": "Feature", "geometry": {"type": "LineString", "coordinates": [[75.777562, 11.243303], [75.778239, 11.24348]]}, "properties": {"type": "optimized", "weight": 0.0006997556716418307}}, {"type": "Feature", "geometry": {"type": "LineString", "coordinates": [[75.778239, 11.24348], [75.778867, 11.243664]]}, "properties": {"type": "optimized", "weight": 0.0006544004890034346}}, {"type": "Feature", "geometry": {"type": "LineString", "coordinates": [[75.778867, 11.243664], [75.778948, 11.243664]]}, "properties": {"type": "optimized", "weight": 8.099999999444663e-05}}, {"type": "Feature", "geometry": {"type": "LineString", "coordinates": [[75.778948, 11.243664], [75.778999, 11.243581]]}, "properties": {"type": "optimized", "weight": 9.741663102325469e-05}}, {"type": "Feature", "geometry": {"type": "LineString", "coordinates": [[75.778999, 11.243581], [75.779147, 11.243332]]}, "properties": {"type": "optimized", "weight": 0.00028966359798712147}}, {"type": "Feature", "geometry": {"type": "LineString", "coordinates": [[75.779147, 11.243332], [75.779257, 11.243244]]}, "properties": {"type": "optimized", "weight": 0.00014086873322850975}}, {"type": "Feature", "geometry": {"type": "LineString", "coordinates": [[75.779257, 11.243244], [75.77956, 11.243237]]}, "properties": {"type": "optimized", "weight": 0.00030308084730224443}}, {"type": "Feature", "geometry": {"type": "LineString", "coordinates": [[75.77956, 11.243237], [75.779727, 11.242952]]}, "properties": {"type": "optimized", "weight": 0.0003303240832829868}}, {"type": "Feature", "geometry": {"type": "LineString", "coordinates": [[75.779727, 11.242952], [75.779807, 11.242646]]}, "properties": {"type": "optimized", "weight": 0.00031628468189571644}}, {"type": "Feature", "geometry": {"type": "LineString", "coordinates": [[75.779807, 11.242646], [75.77998, 11.241938]]}, "properties": {"type": "optimized", "weight": 0.0007288298841280936}}, {"type": "Feature", "geometry": {"type": "LineString", "coordinates": [[75.77998, 11.241938], [75.779992, 11.241224]]}, "properties": {"type": "optimized", "weight": 0.000714100833214668}}, {"type": "Feature", "geometry": {"type": "LineString", "coordinates": [[75.779992, 11.241224], [75.78013, 11.240969]]}, "properties": {"type": "optimized", "weight": 0.0002899465468019997}}, {"type": "Feature", "geometry": {"type": "LineString", "coordinates": [[75.78013, 11.240969], [75.781209, 11.241386]]}, "properties": {"type": "optimized", "weight": 0.0011567756913117083}}, {"type": "Feature", "geometry": {"type": "LineString", "coordinates": [[75.781209, 11.241386], [75.781381, 11.241449]]}, "properties": {"type": "optimized", "weight": 0.00018317477991565794}}, {"type": "Feature", "geometry": {"type": "LineString", "coordinates": [[75.781209, 11.241386], [75.781211, 11.241307]]}, "properties": {"type": "optimized", "weight": 7.90253123998899e-05}}, {"type": "Feature", "geometry": {"type": "LineString", "coordinates": [[75.781381, 11.241449], [75.781514, 11.241499]]}, "properties": {"type": "optimized", "weight": 0.00014208800090574004}}, {"type": "Feature", "geometry": {"type": "LineString", "coordinates": [[75.781514, 11.241499], [75.781824, 11.241616]]}, "properties": {"type": "optimized", "weight": 0.0003313442318792127}}, {"type": "Feature", "geometry": {"type": "LineString", "coordinates": [[75.781824, 11.241616], [75.782054, 11.241692]]}, "properties": {"type": "optimized", "weight": 0.00024223129442929557}}, {"type": "Feature", "geometry": {"type": "LineString", "coordinates": [[75.782054, 11.241692], [75.782282, 11.241757]]}, "properties": {"type": "optimized", "weight": 0.00023708437315990072}}, {"type": "Feature", "geometry": {"type": "LineString", "coordinates": [[75.782282, 11.241757], [75.782607, 11.241855]]}, "properties": {"type": "optimized", "weight": 0.0003394539733193497}}, {"type": "Feature", "geometry": {"type": "LineString", "coordinates": [[75.782607, 11.241855], [75.782777, 11.241914]]}, "properties": {"type": "optimized", "weight": 0.00017994721447982915}}, {"type": "Feature", "geometry": {"type": "LineString", "coordinates": [[75.782777, 11.241914], [75.782937, 11.241974]]}, "properties": {"type": "optimized", "weight": 0.00017088007491443497}}, {"type": "Feature", "geometry": {"type": "LineString", "coordinates": [[75.782937, 11.241974], [75.783476, 11.242236]]}, "properties": {"type": "optimized", "weight": 0.000599303762701342}}, {"type": "Feature", "geometry": {"type": "LineString", "coordinates": [[75.783476, 11.242236], [75.784137, 11.242556]]}, "properties": {"type": "optimized", "weight": 0.0007343847765380233}}, {"type": "Feature", "geometry": {"type": "LineString", "coordinates": [[75.784137, 11.242556], [75.784486, 11.2427]]}, "properties": {"type": "optimized", "weight": 0.000377540726279445}}, {"type": "Feature", "geometry": {"type": "LineString", "coordinates": [[75.784486, 11.2427], [75.784986, 11.242891]]}, "properties": {"type": "optimized", "weight": 0.0005352391988660272}}, {"type": "Feature", "geometry": {"type": "LineString", "coordinates": [[75.784986, 11.242891], [75.785047, 11.2429]]}, "properties": {"type": "optimized", "weight": 6.166036004021043e-05}}, {"type": "Feature", "geometry": {"type": "LineString", "coordinates": [[75.785047, 11.2429], [75.785315, 11.242963]]}, "properties": {"type": "optimized", "weight": 0.0002753052850840355}}, {"type": "Feature", "geometry": {"type": "LineString", "coordinates": [[75.785047, 11.2429], [75.784868, 11.242888]]}, "properties": {"type": "optimized", "weight": 0.0001794017837174583}}, {"type": "Feature", "geometry": {"type": "LineString", "coordinates": [[75.785315, 11.242963], [75.785624, 11.242977]]}, "properties": {"type": "optimized", "weight": 0.0003093169895122143}}, {"type": "Feature", "geometry": {"type": "LineString", "coordinates": [[75.785315, 11.242963], [75.78529, 11.243172]]}, "properties": {"type": "optimized", "weight": 0.00021048990474520617}}, {"type": "Feature", "geometry": {"type": "LineString", "coordinates": [[75.785624, 11.242977], [75.785729, 11.242987]]}, "properties": {"type": "optimized", "weight": 0.00010547511555349366}}, {"type": "Feature", "geometry": {"type": "LineString", "coordinates": [[75.785729, 11.242987], [75.786088, 11.242989]]}, "properties": {"type": "optimized", "weight": 0.00035900557099052355}}, {"type": "Feature", "geometry": {"type": "LineString", "coordinates": [[75.786088, 11.242989], [75.786549, 11.242991]]}, "properties": {"type": "optimized", "weight": 0.0004610043383615476}}, {"type": "Feature", "geometry": {"type": "LineString", "coordinates": [[75.786088, 11.242989], [75.786141, 11.243496]]}, "properties": {"type": "optimized", "weight": 0.0005097626898862687}}, {"type": "Feature", "geometry": {"type": "LineString", "coordinates": [[75.786549, 11.242991], [75.787021, 11.242994]]}, "properties": {"type": "optimized", "weight": 0.00047200953380404303}}, {"type": "Feature", "geometry": {"type": "LineString", "coordinates": [[75.787021, 11.242994], [75.787205, 11.242976]]}, "properties": {"type": "optimized", "weight": 0.00018487833837846698}}, {"type": "Feature", "geometry": {"type": "LineString", "coordinates": [[75.787205, 11.242976], [75.787322, 11.242965]]}, "properties": {"type": "optimized", "weight": 0.00011751595636645954}}, {"type": "Feature", "geometry": {"type": "LineString", "coordinates": [[75.787322, 11.242965], [75.787523, 11.242946]]}, "properties": {"type": "optimized", "weight": 0.00020189601282824025}}, {"type": "Feature", "geometry": {"type": "LineString", "coordinates": [[75.787523, 11.242946], [75.787939, 11.242957]]}, "properties": {"type": "optimized", "weight": 0.0004161454072810361}}, {"type": "Feature", "geometry": {"type": "LineString", "coordinates": [[75.787939, 11.242957], [75.788126, 11.242944]]}, "properties": {"type": "optimized", "weight": 0.0001874513270269189}}, {"type": "Feature", "geometry": {"type": "LineString", "coordinates": [[75.788126, 11.242944], [75.788379, 11.242749]]}, "properties": {"type": "optimized", "weight": 0.00031942761308355734}}, {"type": "Feature", "geometry": {"type": "LineString", "coordinates": [[75.788379, 11.242749], [75.788556, 11.242704]]}, "properties": {"type": "optimized", "weight": 0.00018263077505656112}}, {"type": "Feature", "geometry": {"type": "LineString", "coordinates": [[75.788556, 11.242704], [75.788861, 11.24277]]}, "properties": {"type": "optimized", "weight": 0.0003120592892359076}}, {"type": "Feature", "geometry": {"type": "LineString", "coordinates": [[75.788861, 11.24277], [75.789008, 11.242833]]}, "properties": {"type": "optimized", "weight": 0.00015993123522123923}}, {"type": "Feature", "geometry": {"type": "LineString", "coordinates": [[75.789008, 11.242833], [75.789143, 11.242891]]}, "properties": {"type": "optimized", "weight": 0.00014693195704194214}}, {"type": "Feature", "geometry": {"type": "LineString", "coordinates": [[75.789143, 11.242891], [75.789431, 11.24302]]}, "properties": {"type": "optimized", "weight": 0.00031557091120455174}}, {"type": "Feature", "geometry": {"type": "LineString", "coordinates": [[75.789431, 11.24302], [75.78954, 11.243049]]}, "properties": {"type": "optimized", "weight": 0.00011279184368536396}}, {"type": "Feature", "geometry": {"type": "LineString", "coordinates": [[75.78954, 11.243049], [75.789702, 11.243092]]}, "properties": {"type": "optimized", "weight": 0.00016760966559581435}}, {"type": "Feature", "geometry": {"type": "LineString", "coordinates": [[75.789702, 11.243092], [75.790055, 11.24311]]}, "properties": {"type": "optimized", "weight": 0.00035345862557417554}}, {"type": "Feature", "geometry": {"type": "LineString", "coordinates": [[75.790055, 11.24311], [75.790203, 11.243118]]}, "properties": {"type": "optimized", "weight": 0.00014821605851926596}}, {"type": "Feature", "geometry": {"type": "LineString", "coordinates": [[75.790203, 11.243118], [75.790656, 11.24313]]}, "properties": {"type": "optimized", "weight": 0.00045315891251722563}}, {"type": "Feature", "geometry": {"type": "LineString", "coordinates": [[75.790656, 11.24313], [75.790614, 11.243173]]}, "properties": {"type": "optimized", "weight": 6.010823570386054e-05}}, {"type": "Feature", "geometry": {"type": "LineString", "coordinates": [[75.790614, 11.243173], [75.790589, 11.24325]]}, "properties": {"type": "optimized", "weight": 8.095677859374174e-05}}, {"type": "Feature", "geometry": {"type": "LineString", "coordinates": [[75.790589, 11.24325], [75.790511, 11.243473]]}, "properties": {"type": "optimized", "weight": 0.00023624775131279627}}, {"type": "Feature", "geometry": {"type": "LineString", "coordinates": [[75.790376, 11.243753], [75.79033, 11.243806]]}, "properties": {"type": "optimized", "weight": 7.01783442360417e-05}}, {"type": "Feature", "geometry": {"type": "LineString", "coordinates": [[75.790376, 11.243753], [75.790955, 11.243995]]}, "properties": {"type": "optimized", "weight": 0.0006275388434210409}}, {"type": "Feature", "geometry": {"type": "LineString", "coordinates": [[75.776202, 11.24514], [75.776158, 11.245214]]}, "properties": {"type": "optimized", "weight": 8.609297300270751e-05}}, {"type": "Feature", "geometry": {"type": "LineString", "coordinates": [[75.776158, 11.245214], [75.7761, 11.245234]]}, "properties": {"type": "optimized", "weight": 6.135144659637406e-05}}, {"type": "Feature", "geometry": {"type": "LineString", "coordinates": [[75.7761, 11.245234], [75.776103, 11.245305]]}, "properties": {"type": "optimized", "weight": 7.106335201819378e-05}}, {"type": "Feature", "geometry": {"type": "LineString", "coordinates": [[75.776103, 11.245305], [75.776089, 11.245475]]}, "properties": {"type": "optimized", "weight": 0.00017057549648302853}}, {"type": "Feature", "geometry": {"type": "LineString", "coordinates": [[75.776089, 11.245475], [75.776339, 11.245475]]}, "properties": {"type": "optimized", "weight": 0.0002499999999940883}}, {"type": "Feature", "geometry": {"type": "LineString", "coordinates": [[75.776339, 11.245475], [75.77642, 11.245587]]}, "properties": {"type": "optimized", "weight": 0.00013822083779708517}}, {"type": "Feature", "geometry": {"type": "LineString", "coordinates": [[75.77642, 11.245587], [75.77644, 11.2456]]}, "properties": {"type": "optimized", "weight": 2.385372087669896e-05}}, {"type": "Feature", "geometry": {"type": "LineString", "coordinates": [[75.77644, 11.2456], [75.776629, 11.245517]]}, "properties": {"type": "optimized", "weight": 0.00020642189806867236}}, {"type": "Feature", "geometry": {"type": "LineString", "coordinates": [[75.776629, 11.245517], [75.776662, 11.245466]]}, "properties": {"type": "optimized", "weight": 6.074537019428192e-05}}, {"type": "Feature", "geometry": {"type": "LineString", "coordinates": [[75.776662, 11.245466], [75.776771, 11.245682]]}, "properties": {"type": "optimized", "weight": 0.00024194420844249502}}, {"type": "Feature", "geometry": {"type": "LineString", "coordinates": [[75.776771, 11.245682], [75.776841, 11.245879]]}, "properties": {"type": "optimized", "weight": 0.00020906697491742258}}, {"type": "Feature", "geometry": {"type": "LineString", "coordinates": [[75.776841, 11.245879], [75.776844, 11.245936]]}, "properties": {"type": "optimized", "weight": 5.707889277089703e-05}}, {"type": "Feature", "geometry": {"type": "LineString", "coordinates": [[75.776844, 11.245936], [75.7769, 11.245976]]}, "properties": {"type": "optimized", "weight": 6.881860213708095e-05}}, {"type": "Feature", "geometry": {"type": "LineString", "coordinates": [[75.7769, 11.245976], [75.777114, 11.246016]]}, "properties": {"type": "optimized", "weight": 0.0002177062240721579}}, {"type": "Feature", "geometry": {"type": "LineString", "coordinates": [[75.777114, 11.246016], [75.777252, 11.246074]]}, "properties": {"type": "optimized", "weight": 0.00014969301921602136}}, {"type": "Feature", "geometry": {"type": "LineString", "coordinates": [[75.777252, 11.246074], [75.777361, 11.246209]]}, "properties": {"type": "optimized", "weight": 0.0001735108065767865}}, {"type": "Feature", "geometry": {"type": "LineString", "coordinates": [[75.777361, 11.246209], [75.777565, 11.246267]]}, "properties": {"type": "optimized", "weight": 0.00021208488866135316}}, {"type": "Feature", "geometry": {"type": "LineString", "coordinates": [[75.777565, 11.246267], [75.777629, 11.24633]]}, "properties": {"type": "optimized", "weight": 8.980534505945303e-05}}, {"type": "Feature", "geometry": {"type": "LineString", "coordinates": [[75.777629, 11.24633], [75.777629, 11.246477]]}, "properties": {"type": "optimized", "weight": 0.00014700000000011926}}, {"type": "Feature", "geometry": {"type": "LineString", "coordinates": [[75.777629, 11.246477], [75.777742, 11.246567]]}, "properties": {"type": "optimized", "weight": 0.00014446106741881012}}, {"type": "Feature", "geometry": {"type": "LineString", "coordinates": [[75.777742, 11.246567], [75.777876, 11.246546]]}, "properties": {"type": "optimized", "weight": 0.0001356355410677692}}, {"type": "Feature", "geometry": {"type": "LineString", "coordinates": [[75.777876, 11.246546], [75.778026, 11.246514]]}, "properties": {"type": "optimized", "weight": 0.00015337535655146652}}, {"type": "Feature", "geometry": {"type": "LineString", "coordinates": [[75.778026, 11.246514], [75.778155, 11.246535]]}, "properties": {"type": "optimized", "weight": 0.00013069812546593623}}, {"type": "Feature", "geometry": {"type": "LineString", "coordinates": [[75.778155, 11.246535], [75.778241, 11.246567]]}, "properties": {"type": "optimized", "weight": 9.176055797223928e-05}}, {"type": "Feature", "geometry": {"type": "LineString", "coordinates": [[75.778241, 11.246567], [75.778267, 11.246788]]}, "properties": {"type": "optimized", "weight": 0.00022252415599254618}}, {"type": "Feature", "geometry": {"type": "LineString", "coordinates": [[75.778267, 11.246788], [75.778273, 11.246972]]}, "properties": {"type": "optimized", "weight": 0.00018409780009453645}}, {"type": "Feature", "geometry": {"type": "LineString", "coordinates": [[75.778273, 11.246972], [75.778284, 11.24713]]}, "properties": {"type": "optimized", "weight": 0.00015838244852336755}}, {"type": "Feature", "geometry": {"type": "LineString", "coordinates": [[75.778284, 11.24713], [75.778284, 11.247214]]}, "properties": {"type": "optimized", "weight": 8.399999999930685e-05}}, {"type": "Feature", "geometry": {"type": "LineString", "coordinates": [[75.778284, 11.247214], [75.778279, 11.247357]]}, "properties": {"type": "optimized", "weight": 0.00014308738588670236}}, {"type": "Feature", "geometry": {"type": "LineString", "coordinates": [[75.778279, 11.247357], [75.778418, 11.24735]]}, "properties": {"type": "optimized", "weight": 0.00013917614738589426}}, {"type": "Feature", "geometry": {"type": "LineString", "coordinates": [[75.778418, 11.24735], [75.778461, 11.247518]]}, "properties": {"type": "optimized", "weight": 0.0001734156855614641}}, {"type": "Feature", "geometry": {"type": "LineString", "coordinates": [[75.778461, 11.247518], [75.77848, 11.247724]]}, "properties": {"type": "optimized", "weight": 0.00020687435800623204}}, {"type": "Feature", "geometry": {"type": "LineString", "coordinates": [[75.77848, 11.247724], [75.778504, 11.247773]]}, "properties": {"type": "optimized", "weight": 5.4561891461732587e-05}}, {"type": "Feature", "geometry": {"type": "LineString", "coordinates": [[75.778504, 11.247773], [75.778547, 11.247801]]}, "properties": {"type": "optimized", "weight": 5.1312766447159475e-05}}, {"type": "Feature", "geometry": {"type": "LineString", "coordinates": [[75.778547, 11.247801], [75.778852, 11.247911]]}, "properties": {"type": "optimized", "weight": 0.00032422985673475523}}, {"type": "Feature", "geometry": {"type": "LineString", "coordinates": [[75.778852, 11.247911], [75.779143, 11.247964]]}, "properties": {"type": "optimized", "weight": 0.00029578708559099956}}, {"type": "Feature", "geometry": {"type": "LineString", "coordinates": [[75.779143, 11.247964], [75.779147, 11.248383]]}, "properties": {"type": "optimized", "weight": 0.00041901909264449903}}, {"type": "Feature", "geometry": {"type": "LineString", "coordinates": [[75.779143, 11.247964], [75.779125, 11.247815]]}, "properties": {"type": "optimized", "weight": 0.00015008331019979927}}, {"type": "Feature", "geometry": {"type": "LineString", "coordinates": [[75.779147, 11.248383], [75.779161, 11.24875]]}, "properties": {"type": "optimized", "weight": 0.0003672669328967606}}, {"type": "Feature", "geometry": {"type": "LineString", "coordinates": [[75.779161, 11.24875], [75.779146, 11.248883]]}, "properties": {"type": "optimized", "weight": 0.00013384319183330372}}, {"type": "Feature", "geometry": {"type": "LineString", "coordinates": [[75.779146, 11.248883], [75.779219, 11.248886]]}, "properties": {"type": "optimized", "weight": 7.306161783091848e-05}}, {"type": "Feature", "geometry": {"type": "LineString", "coordinates": [[75.779146, 11.248883], [75.778185, 11.248916]]}, "properties": {"type": "optimized", "weight": 0.0009615664303662262}}, {"type": "Feature", "geometry": {"type": "LineString", "coordinates": [[75.779219, 11.248886], [75.779364, 11.248719]]}, "properties": {"type": "optimized", "weight": 0.00022116509670688106}}, {"type": "Feature", "geometry": {"type": "LineString", "coordinates": [[75.779364, 11.248719], [75.779508, 11.248642]]}, "properties": {"type": "optimized", "weight": 0.00016329421300702453}}, {"type": "Feature", "geometry": {"type": "LineString", "coordinates": [[75.779508, 11.248642], [75.779691, 11.248558]]}, "properties": {"type": "optimized", "weight": 0.00020135789032843068}}, {"type": "Feature", "geometry": {"type": "LineString", "coordinates": [[75.779691, 11.248558], [75.779811, 11.248538]]}, "properties": {"type": "optimized", "weight": 0.00012165525060135881}}, {"type": "Feature", "geometry": {"type": "LineString", "coordinates": [[75.779811, 11.248538], [75.779908, 11.248541]]}, "properties": {"type": "optimized", "weight": 9.704638067496699e-05}}, {"type": "Feature", "geometry": {"type": "LineString", "coordinates": [[75.779908, 11.248541], [75.780138, 11.24857]]}, "properties": {"type": "optimized", "weight": 0.00023182105166365063}}, {"type": "Feature", "geometry": {"type": "LineString", "coordinates": [[75.780138, 11.24857], [75.78038, 11.24861]]}, "properties": {"type": "optimized", "weight": 0.0002452835094332992}}, {"type": "Feature", "geometry": {"type": "LineString", "coordinates": [[75.78038, 11.24861], [75.780783, 11.248645]]}, "properties": {"type": "optimized", "weight": 0.00040451699594037986}}, {"type": "Feature", "geometry": {"type": "LineString", "coordinates": [[75.780783, 11.248645], [75.780861, 11.248646]]}, "properties": {"type": "optimized", "weight": 7.800640999505948e-05}}, {"type": "Feature", "geometry": {"type": "LineString", "coordinates": [[75.780861, 11.248646], [75.780907, 11.248638]]}, "properties": {"type": "optimized", "weight": 4.669047011749087e-05}}, {"type": "Feature", "geometry": {"type": "LineString", "coordinates": [[75.780907, 11.248638], [75.780959, 11.248617]]}, "properties": {"type": "optimized", "weight": 5.608029956819816e-05}}, {"type": "Feature", "geometry": {"type": "LineString", "coordinates": [[75.780959, 11.248617], [75.781011, 11.24861]]}, "properties": {"type": "optimized", "weight": 5.2469038500116095e-05}}, {"type": "Feature", "geometry": {"type": "LineString", "coordinates": [[75.781011, 11.24861], [75.781138, 11.248624]]}, "properties": {"type": "optimized", "weight": 0.000127769323383869}}, {"type": "Feature", "geometry": {"type": "LineString", "coordinates": [[75.781138, 11.248624], [75.781285, 11.248625]]}, "properties": {"type": "optimized", "weight": 0.00014700340131954386}}, {"type": "Feature", "geometry": {"type": "LineString", "coordinates": [[75.781285, 11.248625], [75.78137, 11.248656]]}, "properties": {"type": "optimized", "weight": 9.047651628874895e-05}}, {"type": "Feature", "geometry": {"type": "LineString", "coordinates": [[75.78137, 11.248656], [75.7814, 11.248695]]}, "properties": {"type": "optimized", "weight": 4.9203658405769015e-05}}, {"type": "Feature", "geometry": {"type": "LineString", "coordinates": [[75.7814, 11.248695], [75.781422, 11.248744]]}, "properties": {"type": "optimized", "weight": 5.3712196009091536e-05}}, {"type": "Feature", "geometry": {"type": "LineString", "coordinates": [[75.781422, 11.248744], [75.781429, 11.248852]]}, "properties": {"type": "optimized", "weight": 0.00010822661410096423}}, {"type": "Feature", "geometry": {"type": "LineString", "coordinates": [[75.781429, 11.248852], [75.781623, 11.248852]]}, "properties": {"type": "optimized", "weight": 0.00019399999999336615}}, {"type": "Feature", "geometry": {"type": "LineString", "coordinates": [[75.781429, 11.248852], [75.781368, 11.248853]]}, "properties": {"type": "optimized", "weight": 6.100819617300432e-05}}, {"type": "Feature", "geometry": {"type": "LineString", "coordinates": [[75.781623, 11.248852], [75.781646, 11.249328]]}, "properties": {"type": "optimized", "weight": 0.0004765553483077426}}, {"type": "Feature", "geometry": {"type": "LineString", "coordinates": [[75.781623, 11.248852], [75.78188, 11.248834]]}, "properties": {"type": "optimized", "weight": 0.00025762957905187974}}, {"type": "Feature", "geometry": {"type": "LineString", "coordinates": [[75.781646, 11.249328], [75.781644, 11.24978]]}, "properties": {"type": "optimized", "weight": 0.00045200442475631193}}, {"type": "Feature", "geometry": {"type": "LineString", "coordinates": [[75.781644, 11.24978], [75.782018, 11.249744]]}, "properties": {"type": "optimized", "weight": 0.00037572862546688426}}, {"type": "Feature", "geometry": {"type": "LineString", "coordinates": [[75.782018, 11.249744], [75.782543, 11.249665]]}, "properties": {"type": "optimized", "weight": 0.0005309105386133895}}, {"type": "Feature", "geometry": {"type": "LineString", "coordinates": [[75.782543, 11.249665], [75.782967, 11.24965]]}, "properties": {"type": "optimized", "weight": 0.00042426524721689355}}, {"type": "Feature", "geometry": {"type": "LineString", "coordinates": [[75.782967, 11.24965], [75.783669, 11.24964]]}, "properties": {"type": "optimized", "weight": 0.0007020712214623328}}, {"type": "Feature", "geometry": {"type": "LineString", "coordinates": [[75.783669, 11.24964], [75.783595, 11.249949]]}, "properties": {"type": "optimized", "weight": 0.0003177373128868953}}, {"type": "Feature", "geometry": {"type": "LineString", "coordinates": [[75.783669, 11.24964], [75.783687, 11.249469]]}, "properties": {"type": "optimized", "weight": 0.00017194475857051236}}, {"type": "Feature", "geometry": {"type": "LineString", "coordinates": [[75.783595, 11.249949], [75.783578, 11.250301]]}, "properties": {"type": "optimized", "weight": 0.0003524102722674422}}, {"type": "Feature", "geometry": {"type": "LineString", "coordinates": [[75.783578, 11.250301], [75.783538, 11.250527]]}, "properties": {"type": "optimized", "weight": 0.00022951252689306937}}, {"type": "Feature", "geometry": {"type": "LineString", "coordinates": [[75.783538, 11.250527], [75.783429, 11.251137]]}, "properties": {"type": "optimized", "weight": 0.0006196620046435535}}, {"type": "Feature", "geometry": {"type": "LineString", "coordinates": [[75.783429, 11.251137], [75.783376, 11.25158]]}, "properties": {"type": "optimized", "weight": 0.0004461591644244661}}, {"type": "Feature", "geometry": {"type": "LineString", "coordinates": [[75.783376, 11.25158], [75.783554, 11.25159]]}, "properties": {"type": "optimized", "weight": 0.00017828067757565485}}, {"type": "Feature", "geometry": {"type": "LineString", "coordinates": [[75.783376, 11.25158], [75.783344, 11.25157]]}, "properties": {"type": "optimized", "weight": 3.352610923316663e-05}}, {"type": "Feature", "geometry": {"type": "LineString", "coordinates": [[75.783554, 11.25159], [75.783919, 11.251604]]}, "properties": {"type": "optimized", "weight": 0.0003652683944739656}}, {"type": "Feature", "geometry": {"type": "LineString", "coordinates": [[75.783919, 11.251604], [75.783954, 11.251635]]}, "properties": {"type": "optimized", "weight": 4.675467890785073e-05}}, {"type": "Feature", "geometry": {"type": "LineString", "coordinates": [[75.783954, 11.251635], [75.783986, 11.251816]]}, "properties": {"type": "optimized", "weight": 0.00018380696395980405}}, {"type": "Feature", "geometry": {"type": "LineString", "coordinates": [[75.783986, 11.251816], [75.784021, 11.251854]]}, "properties": {"type": "optimized", "weight": 5.1662365410243975e-05}}, {"type": "Feature", "geometry": {"type": "LineString", "coordinates": [[75.784021, 11.251854], [75.784257, 11.251867]]}, "properties": {"type": "optimized", "weight": 0.00023635777964878238}}, {"type": "Feature", "geometry": {"type": "LineString", "coordinates": [[75.784257, 11.251867], [75.784284, 11.251899]]}, "properties": {"type": "optimized", "weight": 4.1868842832123266e-05}}, {"type": "Feature", "geometry": {"type": "LineString", "coordinates": [[75.784284, 11.251899], [75.784324, 11.252077]]}, "properties": {"type": "optimized", "weight": 0.00018243903091137858}}, {"type": "Feature", "geometry": {"type": "LineString", "coordinates": [[75.784324, 11.252077], [75.784447, 11.252114]]}, "properties": {"type": "optimized", "weight": 0.00012844454056350205}}, {"type": "Feature", "geometry": {"type": "LineString", "coordinates": [[75.784447, 11.252114], [75.784544, 11.252277]]}, "properties": {"type": "optimized", "weight": 0.00018967867565692853}}, {"type": "Feature", "geometry": {"type": "LineString", "coordinates": [[75.784544, 11.252277], [75.784579, 11.252398]]}, "properties": {"type": "optimized", "weight": 0.00012596031120869794}}, {"type": "Feature", "geometry": {"type": "LineString", "coordinates": [[75.784579, 11.252398], [75.784678, 11.252435]]}, "properties": {"type": "optimized", "weight": 0.00010568822073065323}}, {"type": "Feature", "geometry": {"type": "LineString", "coordinates": [[75.78188, 11.248834], [75.782682, 11.248822]]}, "properties": {"type": "optimized", "weight": 0.0008020897705300246}}, {"type": "Feature", "geometry": {"type": "LineString", "coordinates": [[75.78188, 11.248834], [75.781864, 11.248642]]}, "properties": {"type": "optimized", "weight": 0.00019266551326105382}}, {"type": "Feature", "geometry": {"type": "LineString", "coordinates": [[75.782682, 11.248822], [75.783486, 11.248789]]}, "properties": {"type": "optimized", "weight": 0.0008046769538166388}}, {"type": "Feature", "geometry": {"type": "LineString", "coordinates": [[75.783486, 11.248789], [75.783706, 11.248769]]}, "properties": {"type": "optimized", "weight": 0.00022090722034261924}}, {"type": "Feature", "geometry": {"type": "LineString", "coordinates": [[75.783486, 11.248789], [75.783616, 11.248641]]}, "properties": {"type": "optimized", "weight": 0.00019698730923585836}}, {"type": "Feature", "geometry": {"type": "LineString", "coordinates": [[75.783706, 11.248769], [75.783948, 11.248816]]}, "properties": {"type": "optimized", "weight": 0.00024652180430961813}}, {"type": "Feature", "geometry": {"type": "LineString", "coordinates": [[75.783948, 11.248816], [75.784182, 11.248908]]}, "properties": {"type": "optimized", "weight": 0.0002514358765230522}}, {"type": "Feature", "geometry": {"type": "LineString", "coordinates": [[75.783948, 11.248816], [75.784423, 11.247726]]}, "properties": {"type": "optimized", "weight": 0.0011890016820876826}}, {"type": "Feature", "geometry": {"type": "LineString", "coordinates": [[75.783948, 11.248816], [75.783687, 11.249469]]}, "properties": {"type": "optimized", "weight": 0.0007032282701918221}}, {"type": "Feature", "geometry": {"type": "LineString", "coordinates": [[75.784182, 11.248908], [75.784272, 11.248939]]}, "properties": {"type": "optimized", "weight": 9.51892851114006e-05}}, {"type": "Feature", "geometry": {"type": "LineString", "coordinates": [[75.784272, 11.248939], [75.78447, 11.249008]]}, "properties": {"type": "optimized", "weight": 0.00020967832505765582}}, {"type": "Feature", "geometry": {"type": "LineString", "coordinates": [[75.78447, 11.249008], [75.784693, 11.249085]]}, "properties": {"type": "optimized", "weight": 0.00023591947779336427}}, {"type": "Feature", "geometry": {"type": "LineString", "coordinates": [[75.784693, 11.249085], [75.7847, 11.248813]]}, "properties": {"type": "optimized", "weight": 0.0002720900586191542}}, {"type": "Feature", "geometry": {"type": "LineString", "coordinates": [[75.784693, 11.249085], [75.78487, 11.249162]]}, "properties": {"type": "optimized", "weight": 0.00019302331464853304}}, {"type": "Feature", "geometry": {"type": "LineString", "coordinates": [[75.7847, 11.248813], [75.78475, 11.248734]]}, "properties": {"type": "optimized", "weight": 9.349331526952274e-05}}, {"type": "Feature", "geometry": {"type": "LineString", "coordinates": [[75.78475, 11.248734], [75.785753, 11.248674]]}, "properties": {"type": "optimized", "weight": 0.0010047930135080251}}, {"type": "Feature", "geometry": {"type": "LineString", "coordinates": [[75.785753, 11.248674], [75.785756, 11.248336]]}, "properties": {"type": "optimized", "weight": 0.0003380133133466126}}, {"type": "Feature", "geometry": {"type": "LineString", "coordinates": [[75.785756, 11.248336], [75.785848, 11.24826]]}, "properties": {"type": "optimized", "weight": 0.00011933147111760729}}, {"type": "Feature", "geometry": {"type": "LineString", "coordinates": [[75.785848, 11.24826], [75.786053, 11.248091]]}, "properties": {"type": "optimized", "weight": 0.0002656802589531734}}, {"type": "Feature", "geometry": {"type": "LineString", "coordinates": [[75.786053, 11.248091], [75.786154, 11.248087]]}, "properties": {"type": "optimized", "weight": 0.00010107917688705741}}, {"type": "Feature", "geometry": {"type": "LineString", "coordinates": [[75.786053, 11.248091], [75.785709, 11.248033]]}, "properties": {"type": "optimized", "weight": 0.00034885527084878336}}, {"type": "Feature", "geometry": {"type": "LineString", "coordinates": [[75.786154, 11.248087], [75.786789, 11.248064]]}, "properties": {"type": "optimized", "weight": 0.0006354163989096713}}, {"type": "Feature", "geometry": {"type": "LineString", "coordinates": [[75.787667, 11.248033], [75.787708, 11.24801]]}, "properties": {"type": "optimized", "weight": 4.701063709005017e-05}}, {"type": "Feature", "geometry": {"type": "LineString", "coordinates": [[75.787708, 11.24801], [75.787836, 11.247735]]}, "properties": {"type": "optimized", "weight": 0.0003033298534616701}}, {"type": "Feature", "geometry": {"type": "LineString", "coordinates": [[75.787836, 11.247735], [75.787961, 11.247675]]}, "properties": {"type": "optimized", "weight": 0.00013865424623651012}}, {"type": "Feature", "geometry": {"type": "LineString", "coordinates": [[75.787961, 11.247675], [75.788297, 11.247685]]}, "properties": {"type": "optimized", "weight": 0.00033614877658997904}}, {"type": "Feature", "geometry": {"type": "LineString", "coordinates": [[75.788297, 11.247685], [75.788761, 11.247696]]}, "properties": {"type": "optimized", "weight": 0.00046413036960990186}}, {"type": "Feature", "geometry": {"type": "LineString", "coordinates": [[75.788297, 11.247685], [75.788292, 11.247622]]}, "properties": {"type": "optimized", "weight": 6.319810123823527e-05}}, {"type": "Feature", "geometry": {"type": "LineString", "coordinates": [[75.788761, 11.247696], [75.789425, 11.247712]]}, "properties": {"type": "optimized", "weight": 0.0006641927431104632}}, {"type": "Feature", "geometry": {"type": "LineString", "coordinates": [[75.788761, 11.247696], [75.788773, 11.249095]]}, "properties": {"type": "optimized", "weight": 0.0013990514643869257}}, {"type": "Feature", "geometry": {"type": "LineString", "coordinates": [[75.789425, 11.247712], [75.789967, 11.247725]]}, "properties": {"type": "optimized", "weight": 0.0005421558816529629}}, {"type": "Feature", "geometry": {"type": "LineString", "coordinates": [[75.789967, 11.247725], [75.790394, 11.247736]]}, "properties": {"type": "optimized", "weight": 0.0004271416626853948}}, {"type": "Feature", "geometry": {"type": "LineString", "coordinates": [[75.790394, 11.247736], [75.79072, 11.247755]]}, "properties": {"type": "optimized", "weight": 0.0003265532115773625}}, {"type": "Feature", "geometry": {"type": "LineString", "coordinates": [[75.79072, 11.247755], [75.791225, 11.247784]]}, "properties": {"type": "optimized", "weight": 0.0005058319879208825}}, {"type": "Feature", "geometry": {"type": "LineString", "coordinates": [[75.791225, 11.247784], [75.79132, 11.24779]]}, "properties": {"type": "optimized", "weight": 9.518928511308012e-05}}, {"type": "Feature", "geometry": {"type": "LineString", "coordinates": [[75.791225, 11.247784], [75.791227, 11.247584]]}, "properties": {"type": "optimized", "weight": 0.00020000999974963802}}, {"type": "Feature", "geometry": {"type": "LineString", "coordinates": [[75.791225, 11.247784], [75.791095, 11.248176]]}, "properties": {"type": "optimized", "weight": 0.0004129939466878684}}, {"type": "Feature", "geometry": {"type": "LineString", "coordinates": [[75.79132, 11.24779], [75.791726, 11.247811]]}, "properties": {"type": "optimized", "weight": 0.00040654274067863146}}, {"type": "Feature", "geometry": {"type": "LineString", "coordinates": [[75.791726, 11.247811], [75.792078, 11.247838]]}, "properties": {"type": "optimized", "weight": 0.00035303399270408614}}, {"type": "Feature", "geometry": {"type": "LineString", "coordinates": [[75.792639, 11.247857], [75.792958, 11.247862]]}, "properties": {"type": "optimized", "weight": 0.0003190391825512133}}, {"type": "Feature", "geometry": {"type": "LineString", "coordinates": [[75.792958, 11.247862], [75.793124, 11.247872]]}, "properties": {"type": "optimized", "weight": 0.00016630093205507933}}, {"type": "Feature", "geometry": {"type": "LineString", "coordinates": [[75.793124, 11.247872], [75.793983, 11.247922]]}, "properties": {"type": "optimized", "weight": 0.0008604539499503682}}, {"type": "Feature", "geometry": {"type": "LineString", "coordinates": [[75.793983, 11.247922], [75.794342, 11.247943]]}, "properties": {"type": "optimized", "weight": 0.00035961368161148633}}, {"type": "Feature", "geometry": {"type": "LineString", "coordinates": [[75.793983, 11.247922], [75.793935, 11.246629]]}, "properties": {"type": "optimized", "weight": 0.0012938906445292813}}, {"type": "Feature", "geometry": {"type": "LineString", "coordinates": [[75.794342, 11.247943], [75.794965, 11.247979]]}, "properties": {"type": "optimized", "weight": 0.0006240392615899179}}, {"type": "Feature", "geometry": {"type": "LineString", "coordinates": [[75.794965, 11.247979], [75.795406, 11.248004]]}, "properties": {"type": "optimized", "weight": 0.00044170804837083053}}, {"type": "Feature", "geometry": {"type": "LineString", "coordinates": [[75.795406, 11.248004], [75.795716, 11.248022]]}, "properties": {"type": "optimized", "weight": 0.0003105221409164867}}, {"type": "Feature", "geometry": {"type": "LineString", "coordinates": [[75.795716, 11.248022], [75.796426, 11.248063]]}, "properties": {"type": "optimized", "weight": 0.0007111828175631817}}, {"type": "Feature", "geometry": {"type": "LineString", "coordinates": [[75.796645, 11.248065], [75.796678, 11.247717]]}, "properties": {"type": "optimized", "weight": 0.00034956115344901047}}, {"type": "Feature", "geometry": {"type": "LineString", "coordinates": [[75.796645, 11.248065], [75.796775, 11.248072]]}, "properties": {"type": "optimized", "weight": 0.00013018832512804433}}, {"type": "Feature", "geometry": {"type": "LineString", "coordinates": [[75.796678, 11.247717], [75.796759, 11.247374]]}, "properties": {"type": "optimized", "weight": 0.00035243439105524146}}, {"type": "Feature", "geometry": {"type": "LineString", "coordinates": [[75.796759, 11.247374], [75.796738, 11.246611]]}, "properties": {"type": "optimized", "weight": 0.0007632889361185741}}, {"type": "Feature", "geometry": {"type": "LineString", "coordinates": [[75.796738, 11.246611], [75.796776, 11.246613]]}, "properties": {"type": "optimized", "weight": 3.80525951702347e-05}}, {"type": "Feature", "geometry": {"type": "LineString", "coordinates": [[75.796776, 11.246613], [75.796819, 11.246608]]}, "properties": {"type": "optimized", "weight": 4.3289721648892856e-05}}, {"type": "Feature", "geometry": {"type": "LineString", "coordinates": [[75.796819, 11.246608], [75.796819, 11.246552]]}, "properties": {"type": "optimized", "weight": 5.600000000072214e-05}}, {"type": "Feature", "geometry": {"type": "LineString", "coordinates": [[75.796819, 11.246552], [75.796813, 11.246495]]}, "properties": {"type": "optimized", "weight": 5.731491952350412e-05}}, {"type": "Feature", "geometry": {"type": "LineString", "coordinates": [[75.796813, 11.246495], [75.796811, 11.246437]]}, "properties": {"type": "optimized", "weight": 5.803447251323941e-05}}, {"type": "Feature", "geometry": {"type": "LineString", "coordinates": [[75.796811, 11.246437], [75.796811, 11.24636]]}, "properties": {"type": "optimized", "weight": 7.700000000099294e-05}}, {"type": "Feature", "geometry": {"type": "LineString", "coordinates": [[75.796811, 11.24636], [75.796811, 11.246295]]}, "properties": {"type": "optimized", "weight": 6.49999999993156e-05}}, {"type": "Feature", "geometry": {"type": "LineString", "coordinates": [[75.796811, 11.246295], [75.796813, 11.246232]]}, "properties": {"type": "optimized", "weight": 6.303173803792948e-05}}, {"type": "Feature", "geometry": {"type": "LineString", "coordinates": [[75.796813, 11.246232], [75.796859, 11.246234]]}, "properties": {"type": "optimized", "weight": 4.6043457730447816e-05}}, {"type": "Feature", "geometry": {"type": "LineString", "coordinates": [[75.796859, 11.246234], [75.796894, 11.246234]]}, "properties": {"type": "optimized", "weight": 3.499999999689862e-05}}, {"type": "Feature", "geometry": {"type": "LineString", "coordinates": [[75.796894, 11.246234], [75.796891, 11.246197]]}, "properties": {"type": "optimized", "weight": 3.7121422384887e-05}}, {"type": "Feature", "geometry": {"type": "LineString", "coordinates": [[75.796891, 11.246197], [75.796888, 11.246139]]}, "properties": {"type": "optimized", "weight": 5.807753438426959e-05}}, {"type": "Feature", "geometry": {"type": "LineString", "coordinates": [[75.796888, 11.246139], [75.796887, 11.246116]]}, "properties": {"type": "optimized", "weight": 2.3021728865108166e-05}}, {"type": "Feature", "geometry": {"type": "LineString", "coordinates": [[75.796887, 11.246116], [75.796886, 11.246087]]}, "properties": {"type": "optimized", "weight": 2.901723625839501e-05}}, {"type": "Feature", "geometry": {"type": "LineString", "coordinates": [[75.781864, 11.248642], [75.781864, 11.248443]]}, "properties": {"type": "optimized", "weight": 0.00019900000000028228}}, {"type": "Feature", "geometry": {"type": "LineString", "coordinates": [[75.781864, 11.248443], [75.78187, 11.248043]]}, "properties": {"type": "optimized", "weight": 0.0004000449974698647}}, {"type": "Feature", "geometry": {"type": "LineString", "coordinates": [[75.78187, 11.248043], [75.781785, 11.247273]]}, "properties": {"type": "optimized", "weight": 0.0007746773521916287}}, {"type": "Feature", "geometry": {"type": "LineString", "coordinates": [[75.781785, 11.247273], [75.78234, 11.247261]]}, "properties": {"type": "optimized", "weight": 0.0005551297145769191}}, {"type": "Feature", "geometry": {"type": "LineString", "coordinates": [[75.78234, 11.247261], [75.782468, 11.247255]]}, "properties": {"type": "optimized", "weight": 0.00012814054782665145}}, {"type": "Feature", "geometry": {"type": "LineString", "coordinates": [[75.782468, 11.247255], [75.782739, 11.247269]]}, "properties": {"type": "optimized", "weight": 0.0002713613826736876}}, {"type": "Feature", "geometry": {"type": "LineString", "coordinates": [[75.781211, 11.241307], [75.781721, 11.241486]]}, "properties": {"type": "optimized", "weight": 0.0005405006938065935}}, {"type": "Feature", "geometry": {"type": "LineString", "coordinates": [[75.781721, 11.241486], [75.782629, 11.241795]]}, "properties": {"type": "optimized", "weight": 0.000959137633497699}}, {"type": "Feature", "geometry": {"type": "LineString", "coordinates": [[75.782629, 11.241795], [75.783129, 11.241989]]}, "properties": {"type": "optimized", "weight": 0.0005363170704001229}}, {"type": "Feature", "geometry": {"type": "LineString", "coordinates": [[75.783129, 11.241989], [75.783172, 11.242029]]}, "properties": {"type": "optimized", "weight": 5.872818743362804e-05}}, {"type": "Feature", "geometry": {"type": "LineString", "coordinates": [[75.783172, 11.242029], [75.783482, 11.241985]]}, "properties": {"type": "optimized", "weight": 0.000313107010474398}}, {"type": "Feature", "geometry": {"type": "LineString", "coordinates": [[75.783172, 11.242029], [75.783141, 11.242034]]}, "properties": {"type": "optimized", "weight": 3.140063692906385e-05}}, {"type": "Feature", "geometry": {"type": "LineString", "coordinates": [[75.783482, 11.241985], [75.783707, 11.241872]]}, "properties": {"type": "optimized", "weight": 0.0002517816514361591}}, {"type": "Feature", "geometry": {"type": "LineString", "coordinates": [[75.783707, 11.241872], [75.783409, 11.241747]]}, "properties": {"type": "optimized", "weight": 0.0003231547616864474}}, {"type": "Feature", "geometry": {"type": "LineString", "coordinates": [[75.783409, 11.241747], [75.783359, 11.241724]]}, "properties": {"type": "optimized", "weight": 5.503635162500599e-05}}, {"type": "Feature", "geometry": {"type": "LineString", "coordinates": [[75.783359, 11.241724], [75.783366, 11.241655]]}, "properties": {"type": "optimized", "weight": 6.935416353712469e-05}}, {"type": "Feature", "geometry": {"type": "LineString", "coordinates": [[75.775775, 11.245257], [75.775746, 11.245481]]}, "properties": {"type": "optimized", "weight": 0.00022586943130839323}}, {"type": "Feature", "geometry": {"type": "LineString", "coordinates": [[75.775746, 11.245481], [75.775695, 11.245866]]}, "properties": {"type": "optimized", "weight": 0.0003883632320388108}}, {"type": "Feature", "geometry": {"type": "LineString", "coordinates": [[75.775695, 11.245866], [75.775604, 11.246102]]}, "properties": {"type": "optimized", "weight": 0.0002529367509873668}}, {"type": "Feature", "geometry": {"type": "LineString", "coordinates": [[75.775429, 11.246502], [75.775314, 11.246731]]}, "properties": {"type": "optimized", "weight": 0.0002562537804643695}}, {"type": "Feature", "geometry": {"type": "LineString", "coordinates": [[75.775314, 11.246731], [75.775277, 11.247021]]}, "properties": {"type": "optimized", "weight": 0.00029235081665562505}}, {"type": "Feature", "geometry": {"type": "LineString", "coordinates": [[75.775277, 11.247021], [75.775259, 11.247255]]}, "properties": {"type": "optimized", "weight": 0.00023469128658603993}}, {"type": "Feature", "geometry": {"type": "LineString", "coordinates": [[75.775259, 11.247255], [75.775249, 11.247389]]}, "properties": {"type": "optimized", "weight": 0.0001343726162591268}}, {"type": "Feature", "geometry": {"type": "LineString", "coordinates": [[75.775249, 11.247389], [75.775221, 11.247539]]}, "properties": {"type": "optimized", "weight": 0.00015259095648142239}}, {"type": "Feature", "geometry": {"type": "LineString", "coordinates": [[75.775221, 11.247539], [75.775208, 11.24761]]}, "properties": {"type": "optimized", "weight": 7.218032972983362e-05}}, {"type": "Feature", "geometry": {"type": "LineString", "coordinates": [[75.775208, 11.24761], [75.775044, 11.248499]]}, "properties": {"type": "optimized", "weight": 0.0009040005531001935}}, {"type": "Feature", "geometry": {"type": "LineString", "coordinates": [[75.775044, 11.248499], [75.774952, 11.248997]]}, "properties": {"type": "optimized", "weight": 0.00050642669755618}}, {"type": "Feature", "geometry": {"type": "LineString", "coordinates": [[75.774952, 11.248997], [75.775472, 11.248985]]}, "properties": {"type": "optimized", "weight": 0.000520138443103664}}, {"type": "Feature", "geometry": {"type": "LineString", "coordinates": [[75.775472, 11.248985], [75.775473, 11.249197]]}, "properties": {"type": "optimized", "weight": 0.00021200235847871346}}, {"type": "Feature", "geometry": {"type": "LineString", "coordinates": [[75.775473, 11.249197], [75.77544, 11.249677]]}, "properties": {"type": "optimized", "weight": 0.00048113303773461325}}, {"type": "Feature", "geometry": {"type": "LineString", "coordinates": [[75.77544, 11.249677], [75.77543, 11.249772]]}, "properties": {"type": "optimized", "weight": 9.552486587300275e-05}}, {"type": "Feature", "geometry": {"type": "LineString", "coordinates": [[75.77543, 11.249772], [75.775404, 11.250028]]}, "properties": {"type": "optimized", "weight": 0.00025731692521171714}}, {"type": "Feature", "geometry": {"type": "LineString", "coordinates": [[75.775404, 11.250028], [75.77543, 11.250276]]}, "properties": {"type": "optimized", "weight": 0.0002493591786958196}}, {"type": "Feature", "geometry": {"type": "LineString", "coordinates": [[75.77543, 11.250276], [75.775473, 11.25057]]}, "properties": {"type": "optimized", "weight": 0.00029712791858151056}}, {"type": "Feature", "geometry": {"type": "LineString", "coordinates": [[75.775473, 11.25057], [75.775457, 11.251049]]}, "properties": {"type": "optimized", "weight": 0.00047926714888504255}}, {"type": "Feature", "geometry": {"type": "LineString", "coordinates": [[75.775457, 11.251049], [75.775425, 11.251382]]}, "properties": {"type": "optimized", "weight": 0.0003345340042505919}}, {"type": "Feature", "geometry": {"type": "LineString", "coordinates": [[75.775425, 11.251382], [75.775364, 11.251363]]}, "properties": {"type": "optimized", "weight": 6.389053138205527e-05}}, {"type": "Feature", "geometry": {"type": "LineString", "coordinates": [[75.775425, 11.251382], [75.775815, 11.251472]]}, "properties": {"type": "optimized", "weight": 0.00040024992191982155}}, {"type": "Feature", "geometry": {"type": "LineString", "coordinates": [[75.775364, 11.251363], [75.775349, 11.251427]]}, "properties": {"type": "optimized", "weight": 6.573431371608518e-05}}, {"type": "Feature", "geometry": {"type": "LineString", "coordinates": [[75.775349, 11.251427], [75.775333, 11.251491]]}, "properties": {"type": "optimized", "weight": 6.596969001048708e-05}}, {"type": "Feature", "geometry": {"type": "LineString", "coordinates": [[75.78487, 11.249162], [75.785063, 11.249261]]}, "properties": {"type": "optimized", "weight": 0.00021691011963141768}}, {"type": "Feature", "geometry": {"type": "LineString", "coordinates": [[75.785063, 11.249261], [75.785473, 11.249469]]}, "properties": {"type": "optimized", "weight": 0.0004597434066970082}}, {"type": "Feature", "geometry": {"type": "LineString", "coordinates": [[75.785473, 11.249469], [75.785705, 11.249639]]}, "properties": {"type": "optimized", "weight": 0.00028761780195041807}}, {"type": "Feature", "geometry": {"type": "LineString", "coordinates": [[75.785705, 11.249639], [75.785804, 11.249712]]}, "properties": {"type": "optimized", "weight": 0.000123004064978441}}, {"type": "Feature", "geometry": {"type": "LineString", "coordinates": [[75.785804, 11.249712], [75.785916, 11.249794]]}, "properties": {"type": "optimized", "weight": 0.00013880922159627577}}, {"type": "Feature", "geometry": {"type": "LineString", "coordinates": [[75.785916, 11.249794], [75.786083, 11.249931]]}, "properties": {"type": "optimized", "weight": 0.0002160046295839588}}, {"type": "Feature", "geometry": {"type": "LineString", "coordinates": [[75.786083, 11.249931], [75.786491, 11.250281]]}, "properties": {"type": "optimized", "weight": 0.0005375537182401241}}, {"type": "Feature", "geometry": {"type": "LineString", "coordinates": [[75.786491, 11.250281], [75.786777, 11.250612]]}, "properties": {"type": "optimized", "weight": 0.0004374437106670648}}, {"type": "Feature", "geometry": {"type": "LineString", "coordinates": [[75.786777, 11.250612], [75.786982, 11.250891]]}, "properties": {"type": "optimized", "weight": 0.00034621669514482565}}, {"type": "Feature", "geometry": {"type": "LineString", "coordinates": [[75.786982, 11.250891], [75.787272, 11.251287]]}, "properties": {"type": "optimized", "weight": 0.0004908319468047704}}, {"type": "Feature", "geometry": {"type": "LineString", "coordinates": [[75.787272, 11.251287], [75.787653, 11.251806]]}, "properties": {"type": "optimized", "weight": 0.0006438338294963866}}, {"type": "Feature", "geometry": {"type": "LineString", "coordinates": [[75.787653, 11.251806], [75.787683, 11.251779]]}, "properties": {"type": "optimized", "weight": 4.0360872137290114e-05}}, {"type": "Feature", "geometry": {"type": "LineString", "coordinates": [[75.787653, 11.251806], [75.787644, 11.251838]]}, "properties": {"type": "optimized", "weight": 3.3241540277908074e-05}}, {"type": "Feature", "geometry": {"type": "LineString", "coordinates": [[75.787683, 11.251779], [75.787722, 11.251773]]}, "properties": {"type": "optimized", "weight": 3.945883931502394e-05}}, {"type": "Feature", "geometry": {"type": "LineString", "coordinates": [[75.787722, 11.251773], [75.78776, 11.251788]]}, "properties": {"type": "optimized", "weight": 4.085339643471078e-05}}, {"type": "Feature", "geometry": {"type": "LineString", "coordinates": [[75.78776, 11.251788], [75.787775, 11.251812]]}, "properties": {"type": "optimized", "weight": 2.8301943390993565e-05}}, {"type": "Feature", "geometry": {"type": "LineString", "coordinates": [[75.78776, 11.251788], [75.787867, 11.251672]]}, "properties": {"type": "optimized", "weight": 0.00015781318069167134}}, {"type": "Feature", "geometry": {"type": "LineString", "coordinates": [[75.787775, 11.251812], [75.787781, 11.251838]]}, "properties": {"type": "optimized", "weight": 2.6683328128121247e-05}}, {"type": "Feature", "geometry": {"type": "LineString", "coordinates": [[75.787781, 11.251838], [75.787989, 11.251816]]}, "properties": {"type": "optimized", "weight": 0.00020916022566503953}}, {"type": "Feature", "geometry": {"type": "LineString", "coordinates": [[75.787781, 11.251838], [75.787775, 11.251868]]}, "properties": {"type": "optimized", "weight": 3.0594117082000994e-05}}, {"type": "Feature", "geometry": {"type": "LineString", "coordinates": [[75.787989, 11.251816], [75.788312, 11.251842]]}, "properties": {"type": "optimized", "weight": 0.0003240447500047574}}, {"type": "Feature", "geometry": {"type": "LineString", "coordinates": [[75.788312, 11.251842], [75.788762, 11.251932]]}, "properties": {"type": "optimized", "weight": 0.0004589117562240926}}, {"type": "Feature", "geometry": {"type": "LineString", "coordinates": [[75.788762, 11.251932], [75.789243, 11.251947]]}, "properties": {"type": "optimized", "weight": 0.00048123383089070516}}, {"type": "Feature", "geometry": {"type": "LineString", "coordinates": [[75.789243, 11.251947], [75.789363, 11.251958]]}, "properties": {"type": "optimized", "weight": 0.0001205031119885457}}, {"type": "Feature", "geometry": {"type": "LineString", "coordinates": [[75.789363, 11.251958], [75.78953, 11.251974]]}, "properties": {"type": "optimized", "weight": 0.00016776471619974677}}, {"type": "Feature", "geometry": {"type": "LineString", "coordinates": [[75.78953, 11.251974], [75.789903, 11.252007]]}, "properties": {"type": "optimized", "weight": 0.00037445694011082643}}, {"type": "Feature", "geometry": {"type": "LineString", "coordinates": [[75.789903, 11.252007], [75.790432, 11.252081]]}, "properties": {"type": "optimized", "weight": 0.000534150727791501}}, {"type": "Feature", "geometry": {"type": "LineString", "coordinates": [[75.790432, 11.252081], [75.790547, 11.2521]]}, "properties": {"type": "optimized", "weight": 0.00011655899794463859}}, {"type": "Feature", "geometry": {"type": "LineString", "coordinates": [[75.790547, 11.2521], [75.790811, 11.252143]]}, "properties": {"type": "optimized", "weight": 0.0002674789711373734}}, {"type": "Feature", "geometry": {"type": "LineString", "coordinates": [[75.790811, 11.252143], [75.790979, 11.252157]]}, "properties": {"type": "optimized", "weight": 0.00016858232409110432}}, {"type": "Feature", "geometry": {"type": "LineString", "coordinates": [[75.790979, 11.252157], [75.791354, 11.252188]]}, "properties": {"type": "optimized", "weight": 0.00037627915169990587}}, {"type": "Feature", "geometry": {"type": "LineString", "coordinates": [[75.790979, 11.252157], [75.791112, 11.251099]]}, "properties": {"type": "optimized", "weight": 0.001066326872962671}}, {"type": "Feature", "geometry": {"type": "LineString", "coordinates": [[75.791354, 11.252188], [75.791471, 11.2522]]}, "properties": {"type": "optimized", "weight": 0.00011761377470648138}}, {"type": "Feature", "geometry": {"type": "LineString", "coordinates": [[75.791471, 11.2522], [75.791779, 11.252212]]}, "properties": {"type": "optimized", "weight": 0.00030823367759290067}}, {"type": "Feature", "geometry": {"type": "LineString", "coordinates": [[75.791779, 11.252212], [75.792229, 11.252221]]}, "properties": {"type": "optimized", "weight": 0.0004500899910025344}}, {"type": "Feature", "geometry": {"type": "LineString", "coordinates": [[75.792229, 11.252221], [75.792717, 11.252255]]}, "properties": {"type": "optimized", "weight": 0.0004891829923354363}}, {"type": "Feature", "geometry": {"type": "LineString", "coordinates": [[75.792717, 11.252255], [75.792825, 11.252273]]}, "properties": {"type": "optimized", "weight": 0.0001094897255428583}}, {"type": "Feature", "geometry": {"type": "LineString", "coordinates": [[75.792825, 11.252273], [75.792871, 11.252401]]}, "properties": {"type": "optimized", "weight": 0.00013601470509145173}}, {"type": "Feature", "geometry": {"type": "LineString", "coordinates": [[75.792871, 11.252401], [75.792903, 11.252456]]}, "properties": {"type": "optimized", "weight": 6.363175307457064e-05}}, {"type": "Feature", "geometry": {"type": "LineString", "coordinates": [[75.792903, 11.252456], [75.79296, 11.252517]]}, "properties": {"type": "optimized", "weight": 8.34865258568279e-05}}, {"type": "Feature", "geometry": {"type": "LineString", "coordinates": [[75.79296, 11.252517], [75.793023, 11.252556]]}, "properties": {"type": "optimized", "weight": 7.409453422165567e-05}}, {"type": "Feature", "geometry": {"type": "LineString", "coordinates": [[75.793023, 11.252556], [75.793105, 11.25258]]}, "properties": {"type": "optimized", "weight": 8.544003744536679e-05}}, {"type": "Feature", "geometry": {"type": "LineString", "coordinates": [[75.793105, 11.25258], [75.793181, 11.252586]]}, "properties": {"type": "optimized", "weight": 7.623647421729815e-05}}, {"type": "Feature", "geometry": {"type": "LineString", "coordinates": [[75.793181, 11.252586], [75.793539, 11.252466]]}, "properties": {"type": "optimized", "weight": 0.0003775764823105988}}, {"type": "Feature", "geometry": {"type": "LineString", "coordinates": [[75.793539, 11.252466], [75.793678, 11.25242]]}, "properties": {"type": "optimized", "weight": 0.0001464137971679637}}, {"type": "Feature", "geometry": {"type": "LineString", "coordinates": [[75.793678, 11.25242], [75.794533, 11.252404]]}, "properties": {"type": "optimized", "weight": 0.0008551496944993775}}, {"type": "Feature", "geometry": {"type": "LineString", "coordinates": [[75.79033, 11.243806], [75.790262, 11.243912]]}, "properties": {"type": "optimized", "weight": 0.00012593649193133637}}, {"type": "Feature", "geometry": {"type": "LineString", "coordinates": [[75.790262, 11.243912], [75.790235, 11.244121]]}, "properties": {"type": "optimized", "weight": 0.00021073680267128374}}, {"type": "Feature", "geometry": {"type": "LineString", "coordinates": [[75.790235, 11.244121], [75.79018, 11.244337]]}, "properties": {"type": "optimized", "weight": 0.0002228923506960061}}, {"type": "Feature", "geometry": {"type": "LineString", "coordinates": [[75.79018, 11.244337], [75.790056, 11.244533]]}, "properties": {"type": "optimized", "weight": 0.00023193102422959186}}, {"type": "Feature", "geometry": {"type": "LineString", "coordinates": [[75.790056, 11.244533], [75.79001, 11.244605]]}, "properties": {"type": "optimized", "weight": 8.544003745900548e-05}}, {"type": "Feature", "geometry": {"type": "LineString", "coordinates": [[75.79001, 11.244605], [75.789858, 11.244776]]}, "properties": {"type": "optimized", "weight": 0.0002287902969969482}}, {"type": "Feature", "geometry": {"type": "LineString", "coordinates": [[75.789858, 11.244776], [75.789624, 11.245137]]}, "properties": {"type": "optimized", "weight": 0.000430205764717381}}, {"type": "Feature", "geometry": {"type": "LineString", "coordinates": [[75.789624, 11.245137], [75.789464, 11.245238]]}, "properties": {"type": "optimized", "weight": 0.0001892115218552235}}, {"type": "Feature", "geometry": {"type": "LineString", "coordinates": [[75.789182, 11.245662], [75.788852, 11.24562]]}, "properties": {"type": "optimized", "weight": 0.000332661990606074}}, {"type": "Feature", "geometry": {"type": "LineString", "coordinates": [[75.789182, 11.245662], [75.790033, 11.245811]]}, "properties": {"type": "optimized", "weight": 0.0008639456001366482}}, {"type": "Feature", "geometry": {"type": "LineString", "coordinates": [[75.788852, 11.24562], [75.788782, 11.245607]]}, "properties": {"type": "optimized", "weight": 7.119691005335334e-05}}, {"type": "Feature", "geometry": {"type": "LineString", "coordinates": [[75.788782, 11.245607], [75.788532, 11.24556]]}, "properties": {"type": "optimized", "weight": 0.0002543796375441188}}, {"type": "Feature", "geometry": {"type": "LineString", "coordinates": [[75.788532, 11.24556], [75.788413, 11.245557]]}, "properties": {"type": "optimized", "weight": 0.00011903780911759449}}, {"type": "Feature", "geometry": {"type": "LineString", "coordinates": [[75.788413, 11.245557], [75.787455, 11.245456]]}, "properties": {"type": "optimized", "weight": 0.0009633093999445488}}, {"type": "Feature", "geometry": {"type": "LineString", "coordinates": [[75.788066, 11.246558], [75.788036, 11.246695]]}, "properties": {"type": "optimized", "weight": 0.00014024621206954255}}, {"type": "Feature", "geometry": {"type": "LineString", "coordinates": [[75.788036, 11.246695], [75.788093, 11.246853]]}, "properties": {"type": "optimized", "weight": 0.0001679672587127505}}, {"type": "Feature", "geometry": {"type": "LineString", "coordinates": [[75.788093, 11.246853], [75.78819, 11.247096]]}, "properties": {"type": "optimized", "weight": 0.00026164479738739846}}, {"type": "Feature", "geometry": {"type": "LineString", "coordinates": [[75.78819, 11.247096], [75.788265, 11.247481]]}, "properties": {"type": "optimized", "weight": 0.00039223717314786354}}, {"type": "Feature", "geometry": {"type": "LineString", "coordinates": [[75.788265, 11.247481], [75.788292, 11.247622]]}, "properties": {"type": "optimized", "weight": 0.00014356183336790095}}, {"type": "Feature", "geometry": {"type": "LineString", "coordinates": [[75.788773, 11.249095], [75.788291, 11.249583]]}, "properties": {"type": "optimized", "weight": 0.0006859066991974729}}, {"type": "Feature", "geometry": {"type": "LineString", "coordinates": [[75.788291, 11.249583], [75.788201, 11.249983]]}, "properties": {"type": "optimized", "weight": 0.0004100000000008555}}, {"type": "Feature", "geometry": {"type": "LineString", "coordinates": [[75.788291, 11.249583], [75.788641, 11.24965]]}, "properties": {"type": "optimized", "weight": 0.0003563551599154548}}, {"type": "Feature", "geometry": {"type": "LineString", "coordinates": [[75.788201, 11.249983], [75.78818, 11.25012]]}, "properties": {"type": "optimized", "weight": 0.0001386001443011406}}, {"type": "Feature", "geometry": {"type": "LineString", "coordinates": [[75.78818, 11.25012], [75.788052, 11.25095]]}, "properties": {"type": "optimized", "weight": 0.0008398118836971234}}, {"type": "Feature", "geometry": {"type": "LineString", "coordinates": [[75.788052, 11.25095], [75.788048, 11.250974]]}, "properties": {"type": "optimized", "weight": 2.433105011933726e-05}}, {"type": "Feature", "geometry": {"type": "LineString", "coordinates": [[75.788048, 11.250974], [75.787963, 11.251526]]}, "properties": {"type": "optimized", "weight": 0.0005585060429401006}}, {"type": "Feature", "geometry": {"type": "LineString", "coordinates": [[75.787963, 11.251526], [75.787867, 11.251672]]}, "properties": {"type": "optimized", "weight": 0.00017473408368026705}}, {"type": "Feature", "geometry": {"type": "LineString", "coordinates": [[75.787644, 11.251838], [75.787651, 11.251869]]}, "properties": {"type": "optimized", "weight": 3.1780497163273634e-05}}, {"type": "Feature", "geometry": {"type": "LineString", "coordinates": [[75.787651, 11.251869], [75.787569, 11.252046]]}, "properties": {"type": "optimized", "weight": 0.0001950717816572766}}, {"type": "Feature", "geometry": {"type": "LineString", "coordinates": [[75.787651, 11.251869], [75.787665, 11.251887]]}, "properties": {"type": "optimized", "weight": 2.2803508507039748e-05}}, {"type": "Feature", "geometry": {"type": "LineString", "coordinates": [[75.787569, 11.252046], [75.787452, 11.252207]]}, "properties": {"type": "optimized", "weight": 0.00019902261178269637}}, {"type": "Feature", "geometry": {"type": "LineString", "coordinates": [[75.787452, 11.252207], [75.787321, 11.252428]]}, "properties": {"type": "optimized", "weight": 0.0002569085440363819}}, {"type": "Feature", "geometry": {"type": "LineString", "coordinates": [[75.787321, 11.252428], [75.786985, 11.252372]]}, "properties": {"type": "optimized", "weight": 0.0003406347017010929}}, {"type": "Feature", "geometry": {"type": "LineString", "coordinates": [[75.786985, 11.252372], [75.786723, 11.252343]]}, "properties": {"type": "optimized", "weight": 0.0002636000758788654}}, {"type": "Feature", "geometry": {"type": "LineString", "coordinates": [[75.786723, 11.252343], [75.786632, 11.252336]]}, "properties": {"type": "optimized", "weight": 9.126883367047178e-05}}, {"type": "Feature", "geometry": {"type": "LineString", "coordinates": [[75.786632, 11.252336], [75.786585, 11.252484]]}, "properties": {"type": "optimized", "weight": 0.00015528361149803207}}, {"type": "Feature", "geometry": {"type": "LineString", "coordinates": [[75.786585, 11.252484], [75.786518, 11.252693]]}, "properties": {"type": "optimized", "weight": 0.0002194766502390255}}, {"type": "Feature", "geometry": {"type": "LineString", "coordinates": [[75.786518, 11.252693], [75.786462, 11.252677]]}, "properties": {"type": "optimized", "weight": 5.8240879115064895e-05}}, {"type": "Feature", "geometry": {"type": "LineString", "coordinates": [[75.786462, 11.252677], [75.786231, 11.252613]]}, "properties": {"type": "optimized", "weight": 0.000239701898198039}}, {"type": "Feature", "geometry": {"type": "LineString", "coordinates": [[75.786231, 11.252613], [75.786078, 11.25259]]}, "properties": {"type": "optimized", "weight": 0.00015471910030513786}}, {"type": "Feature", "geometry": {"type": "LineString", "coordinates": [[75.786078, 11.25259], [75.785918, 11.25253]]}, "properties": {"type": "optimized", "weight": 0.00017088007491381126}}, {"type": "Feature", "geometry": {"type": "LineString", "coordinates": [[75.785918, 11.25253], [75.785783, 11.252495]]}, "properties": {"type": "optimized", "weight": 0.00013946325681013809}}, {"type": "Feature", "geometry": {"type": "LineString", "coordinates": [[75.785783, 11.252495], [75.785534, 11.252464]]}, "properties": {"type": "optimized", "weight": 0.0002509222987267306}}, {"type": "Feature", "geometry": {"type": "LineString", "coordinates": [[75.785534, 11.252464], [75.785464, 11.252462]]}, "properties": {"type": "optimized", "weight": 7.002856559385414e-05}}, {"type": "Feature", "geometry": {"type": "LineString", "coordinates": [[75.785464, 11.252462], [75.785341, 11.252459]]}, "properties": {"type": "optimized", "weight": 0.00012303657992854088}}, {"type": "Feature", "geometry": {"type": "LineString", "coordinates": [[75.785341, 11.252459], [75.785183, 11.252436]]}, "properties": {"type": "optimized", "weight": 0.00015966527487123452}}, {"type": "Feature", "geometry": {"type": "LineString", "coordinates": [[75.785183, 11.252436], [75.785144, 11.252431]]}, "properties": {"type": "optimized", "weight": 3.9319206503653174e-05}}, {"type": "Feature", "geometry": {"type": "LineString", "coordinates": [[75.785144, 11.252431], [75.784834, 11.252434]]}, "properties": {"type": "optimized", "weight": 0.0003100145157880982}}, {"type": "Feature", "geometry": {"type": "LineString", "coordinates": [[75.784834, 11.252434], [75.784678, 11.252435]]}, "properties": {"type": "optimized", "weight": 0.00015600320509932833}}, {"type": "Feature", "geometry": {"type": "LineString", "coordinates": [[75.790955, 11.243995], [75.791124, 11.244066]]}, "properties": {"type": "optimized", "weight": 0.00018330848316403905}}, {"type": "Feature", "geometry": {"type": "LineString", "coordinates": [[75.791124, 11.244066], [75.791362, 11.244115]]}, "properties": {"type": "optimized", "weight": 0.00024299176941802985}}, {"type": "Feature", "geometry": {"type": "LineString", "coordinates": [[75.791362, 11.244115], [75.791764, 11.244196]]}, "properties": {"type": "optimized", "weight": 0.00041007926062549703}}, {"type": "Feature", "geometry": {"type": "LineString", "coordinates": [[75.791764, 11.244196], [75.792224, 11.244289]]}, "properties": {"type": "optimized", "weight": 0.0004693069358144299}}, {"type": "Feature", "geometry": {"type": "LineString", "coordinates": [[75.791764, 11.244196], [75.791663, 11.244475]]}, "properties": {"type": "optimized", "weight": 0.0002967187220241071}}, {"type": "Feature", "geometry": {"type": "LineString", "coordinates": [[75.792224, 11.244289], [75.792327, 11.244286]]}, "properties": {"type": "optimized", "weight": 0.00010304368005424075}}, {"type": "Feature", "geometry": {"type": "LineString", "coordinates": [[75.792327, 11.244286], [75.793453, 11.244262]]}, "properties": {"type": "optimized", "weight": 0.0011262557436028467}}, {"type": "Feature", "geometry": {"type": "LineString", "coordinates": [[75.793453, 11.244262], [75.793625, 11.244561]]}, "properties": {"type": "optimized", "weight": 0.0003449420241158315}}, {"type": "Feature", "geometry": {"type": "LineString", "coordinates": [[75.793625, 11.244561], [75.793731, 11.244868]]}, "properties": {"type": "optimized", "weight": 0.0003247845439644705}}, {"type": "Feature", "geometry": {"type": "LineString", "coordinates": [[75.793731, 11.244868], [75.793806, 11.245082]]}, "properties": {"type": "optimized", "weight": 0.0002267619897630929}}, {"type": "Feature", "geometry": {"type": "LineString", "coordinates": [[75.793806, 11.245082], [75.793902, 11.245741]]}, "properties": {"type": "optimized", "weight": 0.0006659557042331569}}, {"type": "Feature", "geometry": {"type": "LineString", "coordinates": [[75.793902, 11.245741], [75.79391, 11.245966]]}, "properties": {"type": "optimized", "weight": 0.0002251421772997422}}, {"type": "Feature", "geometry": {"type": "LineString", "coordinates": [[75.79391, 11.245966], [75.793926, 11.246383]]}, "properties": {"type": "optimized", "weight": 0.00041730684154532517}}, {"type": "Feature", "geometry": {"type": "LineString", "coordinates": [[75.793926, 11.246383], [75.793935, 11.246629]]}, "properties": {"type": "optimized", "weight": 0.0002461645790937738}}, {"type": "Feature", "geometry": {"type": "LineString", "coordinates": [[75.793926, 11.246383], [75.792892, 11.246261]]}, "properties": {"type": "optimized", "weight": 0.0010411724160812696}}, {"type": "Feature", "geometry": {"type": "LineString", "coordinates": [[75.787455, 11.245456], [75.787284, 11.245422]]}, "properties": {"type": "optimized", "weight": 0.00017434735443427898}}, {"type": "Feature", "geometry": {"type": "LineString", "coordinates": [[75.787284, 11.245422], [75.787215, 11.245443]]}, "properties": {"type": "optimized", "weight": 7.212489167758805e-05}}, {"type": "Feature", "geometry": {"type": "LineString", "coordinates": [[75.787215, 11.245443], [75.787199, 11.24561]]}, "properties": {"type": "optimized", "weight": 0.00016776471619461142}}, {"type": "Feature", "geometry": {"type": "LineString", "coordinates": [[75.787215, 11.245443], [75.787281, 11.245177]]}, "properties": {"type": "optimized", "weight": 0.0002740656855547102}}, {"type": "Feature", "geometry": {"type": "LineString", "coordinates": [[75.787199, 11.24561], [75.787064, 11.245644]]}, "properties": {"type": "optimized", "weight": 0.00013921566003916554}}, {"type": "Feature", "geometry": {"type": "LineString", "coordinates": [[75.787064, 11.245644], [75.7866, 11.245558]]}, "properties": {"type": "optimized", "weight": 0.0004719025323032054}}, {"type": "Feature", "geometry": {"type": "LineString", "coordinates": [[75.7866, 11.245558], [75.785779, 11.245494]]}, "properties": {"type": "optimized", "weight": 0.0008234907406906438}}, {"type": "Feature", "geometry": {"type": "LineString", "coordinates": [[75.785779, 11.245494], [75.785599, 11.245496]]}, "properties": {"type": "optimized", "weight": 0.00018001111076847116}}, {"type": "Feature", "geometry": {"type": "LineString", "coordinates": [[75.785599, 11.245496], [75.7855, 11.245559]]}, "properties": {"type": "optimized", "weight": 0.00011734564329901454}}, {"type": "Feature", "geometry": {"type": "LineString", "coordinates": [[75.7855, 11.245559], [75.785393, 11.245656]]}, "properties": {"type": "optimized", "weight": 0.00014442298985970062}}, {"type": "Feature", "geometry": {"type": "LineString", "coordinates": [[75.785393, 11.245656], [75.784829, 11.245754]]}, "properties": {"type": "optimized", "weight": 0.0005724508712515455}}, {"type": "Feature", "geometry": {"type": "LineString", "coordinates": [[75.784829, 11.245754], [75.784734, 11.246183]]}, "properties": {"type": "optimized", "weight": 0.00043939276279966326}}, {"type": "Feature", "geometry": {"type": "LineString", "coordinates": [[75.784829, 11.245754], [75.784888, 11.245543]]}, "properties": {"type": "optimized", "weight": 0.00021909358730749922}}, {"type": "Feature", "geometry": {"type": "LineString", "coordinates": [[75.784734, 11.246183], [75.784653, 11.246579]]}, "properties": {"type": "optimized", "weight": 0.0004041992083111075}}, {"type": "Feature", "geometry": {"type": "LineString", "coordinates": [[75.784653, 11.246579], [75.784621, 11.246733]]}, "properties": {"type": "optimized", "weight": 0.0001572895419293692}}, {"type": "Feature", "geometry": {"type": "LineString", "coordinates": [[75.784621, 11.246733], [75.783943, 11.246743]]}, "properties": {"type": "optimized", "weight": 0.0006780737423101352}}, {"type": "Feature", "geometry": {"type": "LineString", "coordinates": [[75.784621, 11.246733], [75.784582, 11.246926]]}, "properties": {"type": "optimized", "weight": 0.0001969009903475959}}, {"type": "Feature", "geometry": {"type": "LineString", "coordinates": [[75.783943, 11.246743], [75.783549, 11.246714]]}, "properties": {"type": "optimized", "weight": 0.0003950658173013477}}, {"type": "Feature", "geometry": {"type": "LineString", "coordinates": [[75.783549, 11.246714], [75.78324, 11.246711]]}, "properties": {"type": "optimized", "weight": 0.00030901456275088363}}, {"type": "Feature", "geometry": {"type": "LineString", "coordinates": [[75.78324, 11.246711], [75.783086, 11.246717]]}, "properties": {"type": "optimized", "weight": 0.00015411683880358495}}, {"type": "Feature", "geometry": {"type": "LineString", "coordinates": [[75.783086, 11.246717], [75.782952, 11.246734]]}, "properties": {"type": "optimized", "weight": 0.00013507405376579667}}, {"type": "Feature", "geometry": {"type": "LineString", "coordinates": [[75.782952, 11.246734], [75.782947, 11.246766]]}, "properties": {"type": "optimized", "weight": 3.2388269480802394e-05}}, {"type": "Feature", "geometry": {"type": "LineString", "coordinates": [[75.782952, 11.246734], [75.782958, 11.246678]]}, "properties": {"type": "optimized", "weight": 5.6320511361933025e-05}}, {"type": "Feature", "geometry": {"type": "LineString", "coordinates": [[75.782947, 11.246766], [75.782922, 11.246913]]}, "properties": {"type": "optimized", "weight": 0.00014911069713377805}}, {"type": "Feature", "geometry": {"type": "LineString", "coordinates": [[75.782922, 11.246913], [75.782913, 11.247273]]}, "properties": {"type": "optimized", "weight": 0.00036011248242809037}}, {"type": "Feature", "geometry": {"type": "LineString", "coordinates": [[75.782913, 11.247273], [75.782739, 11.247269]]}, "properties": {"type": "optimized", "weight": 0.00017404597092574907}}, {"type": "Feature", "geometry": {"type": "LineString", "coordinates": [[75.782913, 11.247273], [75.783064, 11.247287]]}, "properties": {"type": "optimized", "weight": 0.0001516476178538469}}, {"type": "Feature", "geometry": {"type": "LineString", "coordinates": [[75.782739, 11.247269], [75.782745, 11.247479]]}, "properties": {"type": "optimized", "weight": 0.00021008569680104367}}, {"type": "Feature", "geometry": {"type": "LineString", "coordinates": [[75.784582, 11.246926], [75.784549, 11.247085]]}, "properties": {"type": "optimized", "weight": 0.000162388423233108}}, {"type": "Feature", "geometry": {"type": "LineString", "coordinates": [[75.784549, 11.247085], [75.784538, 11.247126]]}, "properties": {"type": "optimized", "weight": 4.244997055328078e-05}}, {"type": "Feature", "geometry": {"type": "LineString", "coordinates": [[75.784549, 11.247085], [75.784608, 11.247092]]}, "properties": {"type": "optimized", "weight": 5.94138031173699e-05}}, {"type": "Feature", "geometry": {"type": "LineString", "coordinates": [[75.784538, 11.247126], [75.784498, 11.247281]]}, "properties": {"type": "optimized", "weight": 0.00016007810593492104}}, {"type": "Feature", "geometry": {"type": "LineString", "coordinates": [[75.784498, 11.247281], [75.784423, 11.247726]]}, "properties": {"type": "optimized", "weight": 0.0004512759687819901}}, {"type": "Feature", "geometry": {"type": "LineString", "coordinates": [[75.784498, 11.247281], [75.784212, 11.247257]]}, "properties": {"type": "optimized", "weight": 0.00028700522643589516}}, {"type": "Feature", "geometry": {"type": "LineString", "coordinates": [[75.781368, 11.248853], [75.780411, 11.248836]]}, "properties": {"type": "optimized", "weight": 0.0009571509807754079}}, {"type": "Feature", "geometry": {"type": "LineString", "coordinates": [[75.780411, 11.248836], [75.780346, 11.248874]]}, "properties": {"type": "optimized", "weight": 7.529276194185868e-05}}, {"type": "Feature", "geometry": {"type": "LineString", "coordinates": [[75.780346, 11.248874], [75.780328, 11.249002]]}, "properties": {"type": "optimized", "weight": 0.00012925942905618723}}, {"type": "Feature", "geometry": {"type": "LineString", "coordinates": [[75.780328, 11.249002], [75.780137, 11.249628]]}, "properties": {"type": "optimized", "weight": 0.0006544898776900301}}, {"type": "Feature", "geometry": {"type": "LineString", "coordinates": [[75.780137, 11.249628], [75.78012, 11.249683]]}, "properties": {"type": "optimized", "weight": 5.75673518581197e-05}}, {"type": "Feature", "geometry": {"type": "LineString", "coordinates": [[75.78012, 11.249683], [75.779998, 11.250335]]}, "properties": {"type": "optimized", "weight": 0.0006633159126678365}}, {"type": "Feature", "geometry": {"type": "LineString", "coordinates": [[75.779998, 11.250335], [75.779991, 11.250373]]}, "properties": {"type": "optimized", "weight": 3.863935817465331e-05}}, {"type": "Feature", "geometry": {"type": "LineString", "coordinates": [[75.779991, 11.250373], [75.779688, 11.251423]]}, "properties": {"type": "optimized", "weight": 0.0010928444537095692}}, {"type": "Feature", "geometry": {"type": "LineString", "coordinates": [[75.779688, 11.251423], [75.779542, 11.251416]]}, "properties": {"type": "optimized", "weight": 0.00014616771187955652}}, {"type": "Feature", "geometry": {"type": "LineString", "coordinates": [[75.779688, 11.251423], [75.78076, 11.251399]]}, "properties": {"type": "optimized", "weight": 0.0010722686230682386}}, {"type": "Feature", "geometry": {"type": "LineString", "coordinates": [[75.779542, 11.251416], [75.779501, 11.251415]]}, "properties": {"type": "optimized", "weight": 4.101219331901358e-05}}, {"type": "Feature", "geometry": {"type": "LineString", "coordinates": [[75.779501, 11.251415], [75.77938, 11.251419]]}, "properties": {"type": "optimized", "weight": 0.0001210660976421314}}, {"type": "Feature", "geometry": {"type": "LineString", "coordinates": [[75.77938, 11.251419], [75.779027, 11.25143]]}, "properties": {"type": "optimized", "weight": 0.00035317134652011425}}, {"type": "Feature", "geometry": {"type": "LineString", "coordinates": [[75.779027, 11.25143], [75.778616, 11.251416]]}, "properties": {"type": "optimized", "weight": 0.0004112383736955038}}, {"type": "Feature", "geometry": {"type": "LineString", "coordinates": [[75.778616, 11.251416], [75.777796, 11.251434]]}, "properties": {"type": "optimized", "weight": 0.0008201975371868146}}, {"type": "Feature", "geometry": {"type": "LineString", "coordinates": [[75.777796, 11.251434], [75.776857, 11.251455]]}, "properties": {"type": "optimized", "weight": 0.0009392347949144313}}, {"type": "Feature", "geometry": {"type": "LineString", "coordinates": [[75.776857, 11.251455], [75.776385, 11.251486]]}, "properties": {"type": "optimized", "weight": 0.0004730169130188752}}, {"type": "Feature", "geometry": {"type": "LineString", "coordinates": [[75.776385, 11.251486], [75.77618, 11.2515]]}, "properties": {"type": "optimized", "weight": 0.0002054774926929416}}, {"type": "Feature", "geometry": {"type": "LineString", "coordinates": [[75.776385, 11.251486], [75.776451, 11.250599]]}, "properties": {"type": "optimized", "weight": 0.0008894520785290076}}, {"type": "Feature", "geometry": {"type": "LineString", "coordinates": [[75.77618, 11.2515], [75.775815, 11.251472]]}, "properties": {"type": "optimized", "weight": 0.0003660723972134524}}, {"type": "Feature", "geometry": {"type": "LineString", "coordinates": [[75.791663, 11.244475], [75.791356, 11.244643]]}, "properties": {"type": "optimized", "weight": 0.00034996142645171615}}, {"type": "Feature", "geometry": {"type": "LineString", "coordinates": [[75.791356, 11.244643], [75.791333, 11.244775]]}, "properties": {"type": "optimized", "weight": 0.00013398880550301583}}, {"type": "Feature", "geometry": {"type": "LineString", "coordinates": [[75.791333, 11.244775], [75.7913, 11.245034]]}, "properties": {"type": "optimized", "weight": 0.00026109385285578903}}, {"type": "Feature", "geometry": {"type": "LineString", "coordinates": [[75.7913, 11.245034], [75.79129, 11.245212]]}, "properties": {"type": "optimized", "weight": 0.00017828067758472193}}, {"type": "Feature", "geometry": {"type": "LineString", "coordinates": [[75.79129, 11.245212], [75.791309, 11.245293]]}, "properties": {"type": "optimized", "weight": 8.31985576783686e-05}}, {"type": "Feature", "geometry": {"type": "LineString", "coordinates": [[75.791309, 11.245293], [75.791293, 11.245593]]}, "properties": {"type": "optimized", "weight": 0.00030042636368942733}}, {"type": "Feature", "geometry": {"type": "LineString", "coordinates": [[75.791293, 11.245593], [75.791263, 11.24574]]}, "properties": {"type": "optimized", "weight": 0.00015002999699977919}}, {"type": "Feature", "geometry": {"type": "LineString", "coordinates": [[75.791263, 11.24574], [75.791282, 11.24584]]}, "properties": {"type": "optimized", "weight": 0.00010178899743955902}}, {"type": "Feature", "geometry": {"type": "LineString", "coordinates": [[75.791282, 11.24584], [75.791199, 11.246214]]}, "properties": {"type": "optimized", "weight": 0.00038309920386084116}}, {"type": "Feature", "geometry": {"type": "LineString", "coordinates": [[75.791199, 11.246214], [75.791228, 11.246556]]}, "properties": {"type": "optimized", "weight": 0.0003432273299138149}}, {"type": "Feature", "geometry": {"type": "LineString", "coordinates": [[75.791199, 11.246214], [75.791314, 11.246218]]}, "properties": {"type": "optimized", "weight": 0.00011506954418348313}}, {"type": "Feature", "geometry": {"type": "LineString", "coordinates": [[75.791199, 11.246214], [75.790958, 11.246137]]}, "properties": {"type": "optimized", "weight": 0.0002530019762796454}}, {"type": "Feature", "geometry": {"type": "LineString", "coordinates": [[75.791228, 11.246556], [75.7912, 11.247091]]}, "properties": {"type": "optimized", "weight": 0.00053573220922328}}, {"type": "Feature", "geometry": {"type": "LineString", "coordinates": [[75.7912, 11.247091], [75.791223, 11.247251]]}, "properties": {"type": "optimized", "weight": 0.00016164467204420635}}, {"type": "Feature", "geometry": {"type": "LineString", "coordinates": [[75.791223, 11.247251], [75.791227, 11.247584]]}, "properties": {"type": "optimized", "weight": 0.00033302402315701137}}, {"type": "Feature", "geometry": {"type": "LineString", "coordinates": [[75.791095, 11.248176], [75.790943, 11.249061]]}, "properties": {"type": "optimized", "weight": 0.0008979582395619917}}, {"type": "Feature", "geometry": {"type": "LineString", "coordinates": [[75.790943, 11.249061], [75.79089, 11.249387]]}, "properties": {"type": "optimized", "weight": 0.00033028018408637317}}, {"type": "Feature", "geometry": {"type": "LineString", "coordinates": [[75.790943, 11.249061], [75.790213, 11.249075]]}, "properties": {"type": "optimized", "weight": 0.0007301342342380194}}, {"type": "Feature", "geometry": {"type": "LineString", "coordinates": [[75.79089, 11.249387], [75.790889, 11.249664]]}, "properties": {"type": "optimized", "weight": 0.0002770018050470118}}, {"type": "Feature", "geometry": {"type": "LineString", "coordinates": [[75.790889, 11.249664], [75.791205, 11.249686]]}, "properties": {"type": "optimized", "weight": 0.00031676489704319095}}, {"type": "Feature", "geometry": {"type": "LineString", "coordinates": [[75.791205, 11.249686], [75.79116, 11.250615]]}, "properties": {"type": "optimized", "weight": 0.0009300892430292322}}, {"type": "Feature", "geometry": {"type": "LineString", "coordinates": [[75.79116, 11.250615], [75.791112, 11.251099]]}, "properties": {"type": "optimized", "weight": 0.0004863743414293051}}, {"type": "Feature", "geometry": {"type": "LineString", "coordinates": [[75.788641, 11.24965], [75.788734, 11.24965]]}, "properties": {"type": "optimized", "weight": 9.30000000067821e-05}}, {"type": "Feature", "geometry": {"type": "LineString", "coordinates": [[75.788734, 11.24965], [75.790026, 11.249381]]}, "properties": {"type": "optimized", "weight": 0.001319706406736263}}, {"type": "Feature", "geometry": {"type": "LineString", "coordinates": [[75.790026, 11.249381], [75.79013, 11.249355]]}, "properties": {"type": "optimized", "weight": 0.00010720074627328854}}, {"type": "Feature", "geometry": {"type": "LineString", "coordinates": [[75.79013, 11.249355], [75.790166, 11.249294]]}, "properties": {"type": "optimized", "weight": 7.08307842639287e-05}}, {"type": "Feature", "geometry": {"type": "LineString", "coordinates": [[75.790166, 11.249294], [75.79012, 11.249177]]}, "properties": {"type": "optimized", "weight": 0.00012571793825889797}}, {"type": "Feature", "geometry": {"type": "LineString", "coordinates": [[75.79012, 11.249177], [75.79013, 11.249106]]}, "properties": {"type": "optimized", "weight": 7.170076708156886e-05}}, {"type": "Feature", "geometry": {"type": "LineString", "coordinates": [[75.79013, 11.249106], [75.790213, 11.249075]]}, "properties": {"type": "optimized", "weight": 8.860022572337634e-05}}, {"type": "Feature", "geometry": {"type": "LineString", "coordinates": [[75.783616, 11.248641], [75.783718, 11.248207]]}, "properties": {"type": "optimized", "weight": 0.00044582507780332125}}, {"type": "Feature", "geometry": {"type": "LineString", "coordinates": [[75.783718, 11.248207], [75.783568, 11.248187]]}, "properties": {"type": "optimized", "weight": 0.00015132745949519987}}, {"type": "Feature", "geometry": {"type": "LineString", "coordinates": [[75.783568, 11.248187], [75.78327, 11.248137]]}, "properties": {"type": "optimized", "weight": 0.00030216551755695705}}, {"type": "Feature", "geometry": {"type": "LineString", "coordinates": [[75.78327, 11.248137], [75.782871, 11.24809]]}, "properties": {"type": "optimized", "weight": 0.00040175863400965505}}, {"type": "Feature", "geometry": {"type": "LineString", "coordinates": [[75.782871, 11.24809], [75.782801, 11.247987]]}, "properties": {"type": "optimized", "weight": 0.00012453513560030767}}, {"type": "Feature", "geometry": {"type": "LineString", "coordinates": [[75.782801, 11.247987], [75.782787, 11.24795]]}, "properties": {"type": "optimized", "weight": 3.9560080892967e-05}}, {"type": "Feature", "geometry": {"type": "LineString", "coordinates": [[75.782787, 11.24795], [75.782782, 11.247811]]}, "properties": {"type": "optimized", "weight": 0.00013908989898528995}}, {"type": "Feature", "geometry": {"type": "LineString", "coordinates": [[75.782782, 11.247811], [75.782745, 11.247479]]}, "properties": {"type": "optimized", "weight": 0.000334055384628872}}, {"type": "Feature", "geometry": {"type": "LineString", "coordinates": [[75.784888, 11.245543], [75.784985, 11.245172]]}, "properties": {"type": "optimized", "weight": 0.0003834709897785087}}, {"type": "Feature", "geometry": {"type": "LineString", "coordinates": [[75.784985, 11.245172], [75.785107, 11.244575]]}, "properties": {"type": "optimized", "weight": 0.0006093381655523233}}, {"type": "Feature", "geometry": {"type": "LineString", "coordinates": [[75.785107, 11.244575], [75.785153, 11.244271]]}, "properties": {"type": "optimized", "weight": 0.0003074605665767388}}, {"type": "Feature", "geometry": {"type": "LineString", "coordinates": [[75.785153, 11.244271], [75.785173, 11.244099]]}, "properties": {"type": "optimized", "weight": 0.00017315888657521848}}, {"type": "Feature", "geometry": {"type": "LineString", "coordinates": [[75.785173, 11.244099], [75.785186, 11.244013]]}, "properties": {"type": "optimized", "weight": 8.697700845519153e-05}}, {"type": "Feature", "geometry": {"type": "LineString", "coordinates": [[75.785186, 11.244013], [75.785278, 11.243273]]}, "properties": {"type": "optimized", "weight": 0.0007456969894014022}}, {"type": "Feature", "geometry": {"type": "LineString", "coordinates": [[75.785278, 11.243273], [75.78529, 11.243172]]}, "properties": {"type": "optimized", "weight": 0.00010171037311953761}}, {"type": "Feature", "geometry": {"type": "LineString", "coordinates": [[75.783344, 11.25157], [75.783322, 11.251876]]}, "properties": {"type": "optimized", "weight": 0.00030678983034015733}}, {"type": "Feature", "geometry": {"type": "LineString", "coordinates": [[75.783322, 11.251876], [75.783244, 11.2519]]}, "properties": {"type": "optimized", "weight": 8.160882305428595e-05}}, {"type": "Feature", "geometry": {"type": "LineString", "coordinates": [[75.783244, 11.2519], [75.783069, 11.251903]]}, "properties": {"type": "optimized", "weight": 0.00017502571239550558}}, {"type": "Feature", "geometry": {"type": "LineString", "coordinates": [[75.783069, 11.251903], [75.782879, 11.251886]]}, "properties": {"type": "optimized", "weight": 0.00019075901027554887}}, {"type": "Feature", "geometry": {"type": "LineString", "coordinates": [[75.782879, 11.251886], [75.782679, 11.251881]]}, "properties": {"type": "optimized", "weight": 0.00020006249022989605}}, {"type": "Feature", "geometry": {"type": "LineString", "coordinates": [[75.782679, 11.251881], [75.782553, 11.251899]]}, "properties": {"type": "optimized", "weight": 0.00012727922062232566}}, {"type": "Feature", "geometry": {"type": "LineString", "coordinates": [[75.782553, 11.251899], [75.782474, 11.251982]]}, "properties": {"type": "optimized", "weight": 0.00011458621208474238}}, {"type": "Feature", "geometry": {"type": "LineString", "coordinates": [[75.782474, 11.251982], [75.782225, 11.252124]]}, "properties": {"type": "optimized", "weight": 0.0002866443789757631}}, {"type": "Feature", "geometry": {"type": "LineString", "coordinates": [[75.782225, 11.252124], [75.782054, 11.252159]]}, "properties": {"type": "optimized", "weight": 0.0001745451231005384}}, {"type": "Feature", "geometry": {"type": "LineString", "coordinates": [[75.782054, 11.252159], [75.781843, 11.252202]]}, "properties": {"type": "optimized", "weight": 0.00021533694528124534}}, {"type": "Feature", "geometry": {"type": "LineString", "coordinates": [[75.781843, 11.252202], [75.781709, 11.252227]]}, "properties": {"type": "optimized", "weight": 0.00013631214178083808}}, {"type": "Feature", "geometry": {"type": "LineString", "coordinates": [[75.781709, 11.252227], [75.781552, 11.252256]]}, "properties": {"type": "optimized", "weight": 0.00015965587994325132}}, {"type": "Feature", "geometry": {"type": "LineString", "coordinates": [[75.781552, 11.252256], [75.781552, 11.251574]]}, "properties": {"type": "optimized", "weight": 0.0006819999999994053}}, {"type": "Feature", "geometry": {"type": "LineString", "coordinates": [[75.781552, 11.251574], [75.781553, 11.251406]]}, "properties": {"type": "optimized", "weight": 0.00016800297616448946}}, {"type": "Feature", "geometry": {"type": "LineString", "coordinates": [[75.781553, 11.251406], [75.780973, 11.251395]]}, "properties": {"type": "optimized", "weight": 0.0005801043009659827}}, {"type": "Feature", "geometry": {"type": "LineString", "coordinates": [[75.780973, 11.251395], [75.78076, 11.251399]]}, "properties": {"type": "optimized", "weight": 0.00021303755537684937}}, {"type": "Feature", "geometry": {"type": "LineString", "coordinates": [[75.787665, 11.251887], [75.787683, 11.2519]]}, "properties": {"type": "optimized", "weight": 2.2203603308397866e-05}}, {"type": "Feature", "geometry": {"type": "LineString", "coordinates": [[75.787683, 11.2519], [75.787705, 11.251906]]}, "properties": {"type": "optimized", "weight": 2.2803508503456422e-05}}, {"type": "Feature", "geometry": {"type": "LineString", "coordinates": [[75.787705, 11.251906], [75.787727, 11.251905]]}, "properties": {"type": "optimized", "weight": 2.2022715546808675e-05}}, {"type": "Feature", "geometry": {"type": "LineString", "coordinates": [[75.787727, 11.251905], [75.787755, 11.251892]]}, "properties": {"type": "optimized", "weight": 3.087069808158494e-05}}, {"type": "Feature", "geometry": {"type": "LineString", "coordinates": [[75.787755, 11.251892], [75.787775, 11.251868]]}, "properties": {"type": "optimized", "weight": 3.1240998698440975e-05}}, {"type": "Feature", "geometry": {"type": "LineString", "coordinates": [[75.785709, 11.248033], [75.785573, 11.247354]]}, "properties": {"type": "optimized", "weight": 0.0006924861009429732}}, {"type": "Feature", "geometry": {"type": "LineString", "coordinates": [[75.785573, 11.247354], [75.785527, 11.247084]]}, "properties": {"type": "optimized", "weight": 0.00027389048906453496}}, {"type": "Feature", "geometry": {"type": "LineString", "coordinates": [[75.785527, 11.247084], [75.785516, 11.247019]]}, "properties": {"type": "optimized", "weight": 6.59241988948316e-05}}, {"type": "Feature", "geometry": {"type": "LineString", "coordinates": [[75.785516, 11.247019], [75.785517, 11.246985]]}, "properties": {"type": "optimized", "weight": 3.40147027027393e-05}}, {"type": "Feature", "geometry": {"type": "LineString", "coordinates": [[75.785517, 11.246985], [75.785258, 11.247011]]}, "properties": {"type": "optimized", "weight": 0.00026030174797702374}}, {"type": "Feature", "geometry": {"type": "LineString", "coordinates": [[75.785258, 11.247011], [75.784998, 11.247056]]}, "properties": {"type": "optimized", "weight": 0.00026386549603649016}}, {"type": "Feature", "geometry": {"type": "LineString", "coordinates": [[75.784998, 11.247056], [75.784802, 11.24709]]}, "properties": {"type": "optimized", "weight": 0.00019892712233617507}}, {"type": "Feature", "geometry": {"type": "LineString", "coordinates": [[75.784802, 11.24709], [75.784608, 11.247092]]}, "properties": {"type": "optimized", "weight": 0.00019401030899781377}}, {"type": "Feature", "geometry": {"type": "LineString", "coordinates": [[75.784212, 11.247257], [75.783934, 11.247241]]}, "properties": {"type": "optimized", "weight": 0.00027846005098913513}}, {"type": "Feature", "geometry": {"type": "LineString", "coordinates": [[75.783934, 11.247241], [75.783932, 11.247344]]}, "properties": {"type": "optimized", "weight": 0.00010301941564526588}}, {"type": "Feature", "geometry": {"type": "LineString", "coordinates": [[75.783932, 11.247344], [75.783522, 11.247349]]}, "properties": {"type": "optimized", "weight": 0.00041003048665944774}}, {"type": "Feature", "geometry": {"type": "LineString", "coordinates": [[75.783522, 11.247349], [75.783064, 11.247287]]}, "properties": {"type": "optimized", "weight": 0.00046217745510590693}}, {"type": "Feature", "geometry": {"type": "LineString", "coordinates": [[75.792892, 11.246261], [75.792675, 11.246236]]}, "properties": {"type": "optimized", "weight": 0.00021843534511756637}}, {"type": "Feature", "geometry": {"type": "LineString", "coordinates": [[75.792675, 11.246236], [75.792275, 11.246206]]}, "properties": {"type": "optimized", "weight": 0.000401123422401617}}, {"type": "Feature", "geometry": {"type": "LineString", "coordinates": [[75.792275, 11.246206], [75.792145, 11.246197]]}, "properties": {"type": "optimized", "weight": 0.00013031116605897888}}, {"type": "Feature", "geometry": {"type": "LineString", "coordinates": [[75.792145, 11.246197], [75.791668, 11.246214]]}, "properties": {"type": "optimized", "weight": 0.0004773028388805554}}, {"type": "Feature", "geometry": {"type": "LineString", "coordinates": [[75.791668, 11.246214], [75.791314, 11.246218]]}, "properties": {"type": "optimized", "weight": 0.00035402259815028826}}, {"type": "Feature", "geometry": {"type": "LineString", "coordinates": [[75.790958, 11.246137], [75.790809, 11.246089]]}, "properties": {"type": "optimized", "weight": 0.00015654072953132114}}, {"type": "Feature", "geometry": {"type": "LineString", "coordinates": [[75.790809, 11.246089], [75.790741, 11.246068]]}, "properties": {"type": "optimized", "weight": 7.116881339361035e-05}}, {"type": "Feature", "geometry": {"type": "LineString", "coordinates": [[75.790741, 11.246068], [75.790538, 11.246014]]}, "properties": {"type": "optimized", "weight": 0.00021005951537475363}}, {"type": "Feature", "geometry": {"type": "LineString", "coordinates": [[75.790538, 11.246014], [75.790033, 11.245811]]}, "properties": {"type": "optimized", "weight": 0.0005442738281456824}}, {"type": "Feature", "geometry": {"type": "LineString", "coordinates": [[75.787281, 11.245177], [75.787435, 11.244657]]}, "properties": {"type": "optimized", "weight": 0.0005423246260337513}}, {"type": "Feature", "geometry": {"type": "LineString", "coordinates": [[75.787435, 11.244657], [75.786936, 11.244558]]}, "properties": {"type": "optimized", "weight": 0.000508725859383032}}, {"type": "Feature", "geometry": {"type": "LineString", "coordinates": [[75.786936, 11.244558], [75.786872, 11.24454]]}, "properties": {"type": "optimized", "weight": 6.648308054902954e-05}}, {"type": "Feature", "geometry": {"type": "LineString", "coordinates": [[75.786872, 11.24454], [75.786459, 11.244423]]}, "properties": {"type": "optimized", "weight": 0.00042925283925400806}}, {"type": "Feature", "geometry": {"type": "LineString", "coordinates": [[75.786459, 11.244423], [75.786468, 11.24402]]}, "properties": {"type": "optimized", "weight": 0.0004031004837493665}}, {"type": "Feature", "geometry": {"type": "LineString", "coordinates": [[75.786468, 11.24402], [75.786185, 11.244007]]}, "properties": {"type": "optimized", "weight": 0.00028329842921869647}}, {"type": "Feature", "geometry": {"type": "LineString", "coordinates": [[75.786185, 11.244007], [75.786181, 11.24396]]}, "properties": {"type": "optimized", "weight": 4.716990566098275e-05}}, {"type": "Feature", "geometry": {"type": "LineString", "coordinates": [[75.786181, 11.24396], [75.786179, 11.243938]]}, "properties": {"type": "optimized", "weight": 2.2090722033441723e-05}}, {"type": "Feature", "geometry": {"type": "LineString", "coordinates": [[75.786179, 11.243938], [75.786141, 11.243496]]}, "properties": {"type": "optimized", "weight": 0.00044363047686100574}}, {"type": "Feature", "geometry": {"type": "LineString", "coordinates": [[75.796775, 11.248072], [75.796722, 11.248516]]}, "properties": {"type": "optimized", "weight": 0.000447152099401618}}, {"type": "Feature", "geometry": {"type": "LineString", "coordinates": [[75.796722, 11.248516], [75.796671, 11.248726]]}, "properties": {"type": "optimized", "weight": 0.00021610414156039907}}, {"type": "Feature", "geometry": {"type": "LineString", "coordinates": [[75.796671, 11.248726], [75.796606, 11.248995]]}, "properties": {"type": "optimized", "weight": 0.00027674175688080076}}, {"type": "Feature", "geometry": {"type": "LineString", "coordinates": [[75.796606, 11.248995], [75.796617, 11.249153]]}, "properties": {"type": "optimized", "weight": 0.00015838244852159548}}, {"type": "Feature", "geometry": {"type": "LineString", "coordinates": [[75.796617, 11.249153], [75.796633, 11.249374]]}, "properties": {"type": "optimized", "weight": 0.0002215784285529285}}, {"type": "Feature", "geometry": {"type": "LineString", "coordinates": [[75.796633, 11.249374], [75.7964, 11.25]]}, "properties": {"type": "optimized", "weight": 0.0006679558368619552}}, {"type": "Feature", "geometry": {"type": "LineString", "coordinates": [[75.7964, 11.25], [75.796346, 11.249982]]}, "properties": {"type": "optimized", "weight": 5.69209978887402e-05}}, {"type": "Feature", "geometry": {"type": "LineString", "coordinates": [[75.796346, 11.249982], [75.796226, 11.250279]]}, "properties": {"type": "optimized", "weight": 0.0003203263960397707}}, {"type": "Feature", "geometry": {"type": "LineString", "coordinates": [[75.796226, 11.250279], [75.79617, 11.250511]]}, "properties": {"type": "optimized", "weight": 0.00023866294224170483}}, {"type": "Feature", "geometry": {"type": "LineString", "coordinates": [[75.79617, 11.250511], [75.796175, 11.250691]]}, "properties": {"type": "optimized", "weight": 0.00018006943105402606}}, {"type": "Feature", "geometry": {"type": "LineString", "coordinates": [[75.796175, 11.250691], [75.796176, 11.250758]]}, "properties": {"type": "optimized", "weight": 6.700746227056134e-05}}, {"type": "Feature", "geometry": {"type": "LineString", "coordinates": [[75.796176, 11.250758], [75.796158, 11.251024]]}, "properties": {"type": "optimized", "weight": 0.0002666083269514167}}, {"type": "Feature", "geometry": {"type": "LineString", "coordinates": [[75.796158, 11.251024], [75.796206, 11.251259]]}, "properties": {"type": "optimized", "weight": 0.000239852037721744}}, {"type": "Feature", "geometry": {"type": "LineString", "coordinates": [[75.796206, 11.251259], [75.796211, 11.251615]]}, "properties": {"type": "optimized", "weight": 0.0003560351106281967}}, {"type": "Feature", "geometry": {"type": "LineString", "coordinates": [[75.796211, 11.251615], [75.796212, 11.251712]]}, "properties": {"type": "optimized", "weight": 9.700515450243195e-05}}, {"type": "Feature", "geometry": {"type": "LineString", "coordinates": [[75.796212, 11.251712], [75.796127, 11.25234]]}, "properties": {"type": "optimized", "weight": 0.0006337262816079851}}, {"type": "Feature", "geometry": {"type": "LineString", "coordinates": [[75.796127, 11.25234], [75.795785, 11.252337]]}, "properties": {"type": "optimized", "weight": 0.0003420131576450232}}, {"type": "Feature", "geometry": {"type": "LineString", "coordinates": [[75.795785, 11.252337], [75.795412, 11.25235]]}, "properties": {"type": "optimized", "weight": 0.00037322647279785723}}, {"type": "Feature", "geometry": {"type": "LineString", "coordinates": [[75.795412, 11.25235], [75.794986, 11.252365]]}, "properties": {"type": "optimized", "weight": 0.00042626400270700615}}, {"type": "Feature", "geometry": {"type": "LineString", "coordinates": [[75.794986, 11.252365], [75.794533, 11.252404]]}, "properties": {"type": "optimized", "weight": 0.000454675708603259}}, {"type": "Feature", "geometry": {"type": "LineString", "coordinates": [[75.782958, 11.246678], [75.783044, 11.246671]]}, "properties": {"type": "optimized", "weight": 8.628441343465995e-05}}, {"type": "Feature", "geometry": {"type": "LineString", "coordinates": [[75.783044, 11.246671], [75.783115, 11.246668]]}, "properties": {"type": "optimized", "weight": 7.106335200901995e-05}}, {"type": "Feature", "geometry": {"type": "LineString", "coordinates": [[75.783115, 11.246668], [75.783202, 11.246666]]}, "properties": {"type": "optimized", "weight": 8.702298547708163e-05}}, {"type": "Feature", "geometry": {"type": "LineString", "coordinates": [[75.783202, 11.246666], [75.783293, 11.246664]]}, "properties": {"type": "optimized", "weight": 9.102197536617732e-05}}, {"type": "Feature", "geometry": {"type": "LineString", "coordinates": [[75.783293, 11.246664], [75.783428, 11.246664]]}, "properties": {"type": "optimized", "weight": 0.00013500000000021828}}, {"type": "Feature", "geometry": {"type": "LineString", "coordinates": [[75.783428, 11.246664], [75.783527, 11.246666]]}, "properties": {"type": "optimized", "weight": 9.902019996521521e-05}}, {"type": "Feature", "geometry": {"type": "LineString", "coordinates": [[75.783527, 11.246666], [75.783591, 11.246666]]}, "properties": {"type": "optimized", "weight": 6.399999999473494e-05}}, {"type": "Feature", "geometry": {"type": "LineString", "coordinates": [[75.783591, 11.246666], [75.783597, 11.246621]]}, "properties": {"type": "optimized", "weight": 4.539823785121286e-05}}, {"type": "Feature", "geometry": {"type": "LineString", "coordinates": [[75.783597, 11.246621], [75.783631, 11.24636]]}, "properties": {"type": "optimized", "weight": 0.00026320524310886293}}, {"type": "Feature", "geometry": {"type": "LineString", "coordinates": [[75.783631, 11.24636], [75.783668, 11.246065]]}, "properties": {"type": "optimized", "weight": 0.0002973112846834906}}, {"type": "Feature", "geometry": {"type": "LineString", "coordinates": [[75.783668, 11.246065], [75.783727, 11.245754]]}, "properties": {"type": "optimized", "weight": 0.0003165469949299163}}, {"type": "Feature", "geometry": {"type": "LineString", "coordinates": [[75.783727, 11.245754], [75.783779, 11.245466]]}, "properties": {"type": "optimized", "weight": 0.00029265679558025264}}, {"type": "Feature", "geometry": {"type": "LineString", "coordinates": [[75.783779, 11.245466], [75.783889, 11.245484]]}, "properties": {"type": "optimized", "weight": 0.00011146299835098333}}, {"type": "Feature", "geometry": {"type": "LineString", "coordinates": [[75.783889, 11.245484], [75.783914, 11.245353]]}, "properties": {"type": "optimized", "weight": 0.00013336416310087552}}, {"type": "Feature", "geometry": {"type": "LineString", "coordinates": [[75.783914, 11.245353], [75.783963, 11.245111]]}, "properties": {"type": "optimized", "weight": 0.00024691091510997774}}, {"type": "Feature", "geometry": {"type": "LineString", "coordinates": [[75.783963, 11.245111], [75.783945, 11.244831]]}, "properties": {"type": "optimized", "weight": 0.0002805779749016861}}, {"type": "Feature", "geometry": {"type": "LineString", "coordinates": [[75.783945, 11.244831], [75.783931, 11.244567]]}, "properties": {"type": "optimized", "weight": 0.0002643709515056291}}, {"type": "Feature", "geometry": {"type": "LineString", "coordinates": [[75.783931, 11.244567], [75.783953, 11.24412]]}, "properties": {"type": "optimized", "weight": 0.00044754105956832464}}, {"type": "Feature", "geometry": {"type": "LineString", "coordinates": [[75.783953, 11.24412], [75.78456, 11.244138]]}, "properties": {"type": "optimized", "weight": 0.0006072668276817758}}, {"type": "Feature", "geometry": {"type": "LineString", "coordinates": [[75.78456, 11.244138], [75.784729, 11.243788]]}, "properties": {"type": "optimized", "weight": 0.0003886656660927331}}, {"type": "Feature", "geometry": {"type": "LineString", "coordinates": [[75.784729, 11.243788], [75.78481, 11.243607]]}, "properties": {"type": "optimized", "weight": 0.00019829775590998196}}, {"type": "Feature", "geometry": {"type": "LineString", "coordinates": [[75.78481, 11.243607], [75.784842, 11.243475]]}, "properties": {"type": "optimized", "weight": 0.00013582341477251874}}, {"type": "Feature", "geometry": {"type": "LineString", "coordinates": [[75.784842, 11.243475], [75.784868, 11.242888]]}, "properties": {"type": "optimized", "weight": 0.000587575527059828}}, {"type": "Feature", "geometry": {"type": "LineString", "coordinates": [[75.783141, 11.242034], [75.783016, 11.242108]]}, "properties": {"type": "optimized", "weight": 0.0001452618325618071}}, {"type": "Feature", "geometry": {"type": "LineString", "coordinates": [[75.783016, 11.242108], [75.78293, 11.242159]]}, "properties": {"type": "optimized", "weight": 9.998499888320167e-05}}, {"type": "Feature", "geometry": {"type": "LineString", "coordinates": [[75.78293, 11.242159], [75.782329, 11.242518]]}, "properties": {"type": "optimized", "weight": 0.0007000585689695535}}, {"type": "Feature", "geometry": {"type": "LineString", "coordinates": [[75.782329, 11.242518], [75.782213, 11.242611]]}, "properties": {"type": "optimized", "weight": 0.00014867750334609766}}, {"type": "Feature", "geometry": {"type": "LineString", "coordinates": [[75.782213, 11.242611], [75.781846, 11.242974]]}, "properties": {"type": "optimized", "weight": 0.000516195699321457}}, {"type": "Feature", "geometry": {"type": "LineString", "coordinates": [[75.781846, 11.242974], [75.78128, 11.243553]]}, "properties": {"type": "optimized", "weight": 0.0008096894466443522}}, {"type": "Feature", "geometry": {"type": "LineString", "coordinates": [[75.78128, 11.243553], [75.780896, 11.243399]]}, "properties": {"type": "optimized", "weight": 0.00041372938014797906}}, {"type": "Feature", "geometry": {"type": "LineString", "coordinates": [[75.780896, 11.243399], [75.780398, 11.24312]]}, "properties": {"type": "optimized", "weight": 0.0005708283454714763}}, {"type": "Feature", "geometry": {"type": "LineString", "coordinates": [[75.780398, 11.24312], [75.780198, 11.243013]]}, "properties": {"type": "optimized", "weight": 0.00022682372010577988}}, {"type": "Feature", "geometry": {"type": "LineString", "coordinates": [[75.780198, 11.243013], [75.780098, 11.243031]]}, "properties": {"type": "optimized", "weight": 0.00010160708637044249}}, {"type": "Feature", "geometry": {"type": "LineString", "coordinates": [[75.780098, 11.243031], [75.779984, 11.243359]]}, "properties": {"type": "optimized", "weight": 0.00034724631027407076}}, {"type": "Feature", "geometry": {"type": "LineString", "coordinates": [[75.779984, 11.243359], [75.779856, 11.244041]]}, "properties": {"type": "optimized", "weight": 0.0006939077748520556}}, {"type": "Feature", "geometry": {"type": "LineString", "coordinates": [[75.779856, 11.244041], [75.779764, 11.244442]]}, "properties": {"type": "optimized", "weight": 0.0004114182786400896}}, {"type": "Feature", "geometry": {"type": "LineString", "coordinates": [[75.779764, 11.244442], [75.779722, 11.244625]]}, "properties": {"type": "optimized", "weight": 0.0001877578227381846}}, {"type": "Feature", "geometry": {"type": "LineString", "coordinates": [[75.779722, 11.244625], [75.779664, 11.24493]]}, "properties": {"type": "optimized", "weight": 0.00031046577911532873}}, {"type": "Feature", "geometry": {"type": "LineString", "coordinates": [[75.779664, 11.24493], [75.779545, 11.245567]]}, "properties": {"type": "optimized", "weight": 0.0006480200614168278}}, {"type": "Feature", "geometry": {"type": "LineString", "coordinates": [[75.779545, 11.245567], [75.779483, 11.24594]]}, "properties": {"type": "optimized", "weight": 0.00037811770654093326}}, {"type": "Feature", "geometry": {"type": "LineString", "coordinates": [[75.779483, 11.24594], [75.779319, 11.246495]]}, "properties": {"type": "optimized", "weight": 0.0005787235955097223}}, {"type": "Feature", "geometry": {"type": "LineString", "coordinates": [[75.779319, 11.246495], [75.779206, 11.247113]]}, "properties": {"type": "optimized", "weight": 0.0006282459709390401}}, {"type": "Feature", "geometry": {"type": "LineString", "coordinates": [[75.779206, 11.247113], [75.779139, 11.247618]]}, "properties": {"type": "optimized", "weight": 0.0005094251662401609}}, {"type": "Feature", "geometry": {"type": "LineString", "coordinates": [[75.779139, 11.247618], [75.779135, 11.247681]]}, "properties": {"type": "optimized", "weight": 6.312685640941783e-05}}, {"type": "Feature", "geometry": {"type": "LineString", "coordinates": [[75.779135, 11.247681], [75.779125, 11.247815]]}, "properties": {"type": "optimized", "weight": 0.00013437261625735537}}, {"type": "Feature", "geometry": {"type": "LineString", "coordinates": [[75.778185, 11.248916], [75.777303, 11.248941]]}, "properties": {"type": "optimized", "weight": 0.000882354237244035}}, {"type": "Feature", "geometry": {"type": "LineString", "coordinates": [[75.777303, 11.248941], [75.776745, 11.248956]]}, "properties": {"type": "optimized", "weight": 0.0005582015764916989}}, {"type": "Feature", "geometry": {"type": "LineString", "coordinates": [[75.776745, 11.248956], [75.776678, 11.249534]]}, "properties": {"type": "optimized", "weight": 0.0005818702604543154}}, {"type": "Feature", "geometry": {"type": "LineString", "coordinates": [[75.776678, 11.249534], [75.77665, 11.249643]]}, "properties": {"type": "optimized", "weight": 0.00011253888216989734}}, {"type": "Feature", "geometry": {"type": "LineString", "coordinates": [[75.77665, 11.249643], [75.776528, 11.250276]]}, "properties": {"type": "optimized", "weight": 0.0006446495171793539}}, {"type": "Feature", "geometry": {"type": "LineString", "coordinates": [[75.776528, 11.250276], [75.776482, 11.250456]]}, "properties": {"type": "optimized", "weight": 0.00018578482176937703}}, {"type": "Feature", "geometry": {"type": "LineString", "coordinates": [[75.776482, 11.250456], [75.776451, 11.250599]]}, "properties": {"type": "optimized", "weight": 0.00014632156368870605}}]}