{"type": "FeatureCollection", "features": [{"type": "Feature", "geometry": {"type": "LineString", "coordinates": [[75.788761, 11.247696], [75.788773, 11.249095], [75.788291, 11.249583], [75.788201, 11.249983], [75.78818, 11.25012], [75.788052, 11.25095], [75.788048, 11.250974], [75.787963, 11.251526], [75.787867, 11.251672], [75.78776, 11.251788]]}, "properties": {"name": "Zamorins Cross Road", "type": "residential"}}, {"type": "Feature", "geometry": {"type": "LineString", "coordinates": [[75.787651, 11.251869], [75.787569, 11.252046], [75.787452, 11.252207], [75.787321, 11.252428], [75.787181, 11.25268], [75.787082, 11.252915], [75.787066, 11.252954], [75.787008, 11.253092], [75.786963, 11.253419], [75.786933, 11.253567], [75.786892, 11.253711], [75.786837, 11.253867], [75.786785, 11.254009], [75.786772, 11.254103]]}, "properties": {"name": "Rammohan Road", "type": "secondary"}}, {"type": "Feature", "geometry": {"type": "LineString", "coordinates": [[75.774952, 11.248997], [75.775044, 11.248499], [75.775208, 11.24761], [75.775221, 11.247539], [75.775249, 11.247389], [75.775259, 11.247255], [75.775277, 11.247021], [75.775314, 11.246731], [75.775429, 11.246502], [75.775561, 11.246214], [75.775604, 11.246102], [75.775695, 11.245866]]}, "properties": {"name": "Unnamed Road", "type": "residential"}}, {"type": "Feature", "geometry": {"type": "LineString", "coordinates": [[75.774824, 11.245125], [75.77495, 11.244118], [75.775041, 11.243801], [75.775147, 11.243431], [75.77517, 11.243151], [75.775268, 11.241951], [75.775275, 11.241879], [75.775304, 11.241615], [75.775346, 11.241514], [75.775467, 11.241219], [75.775693, 11.240393], [75.775793, 11.240023], [75.775965, 11.239552]]}, "properties": {"name": "Thangals Road", "type": "residential"}}, {"type": "Feature", "geometry": {"type": "LineString", "coordinates": [[75.78013, 11.240969], [75.779992, 11.241224], [75.77998, 11.241938], [75.779807, 11.242646], [75.779727, 11.242952], [75.77956, 11.243237], [75.779257, 11.243244], [75.779147, 11.243332], [75.778999, 11.243581], [75.778948, 11.243664], [75.778867, 11.243664], [75.778239, 11.24348], [75.777562, 11.243303]]}, "properties": {"name": "Unnamed Road", "type": "residential"}}, {"type": "Feature", "geometry": {"type": "LineString", "coordinates": [[75.77267, 11.248562], [75.773048, 11.248596], [75.773602, 11.248794], [75.773683, 11.248882], [75.773789, 11.248935], [75.774283, 11.248974], [75.774448, 11.24899], [75.774824, 11.249004], [75.774952, 11.248997], [75.775472, 11.248985], [75.775916, 11.248975], [75.776109, 11.24897], [75.776183, 11.248969], [75.776423, 11.248963], [75.776745, 11.248956], [75.777303, 11.248941], [75.778185, 11.248916], [75.779146, 11.248883], [75.779219, 11.248886]]}, "properties": {"name": "Big Bazar Road", "type": "tertiary"}}, {"type": "Feature", "geometry": {"type": "LineString", "coordinates": [[75.776226, 11.259118], [75.776967, 11.257437], [75.777422, 11.256402], [75.777727, 11.255642], [75.777816, 11.255429], [75.777975, 11.255049], [75.778323, 11.25422], [75.778549, 11.253669], [75.778653, 11.253404], [75.779002, 11.252498], [75.779001, 11.252282], [75.779027, 11.25143]]}, "properties": {"name": "Arbind Gosh Road", "type": "tertiary"}}, {"type": "Feature", "geometry": {"type": "LineString", "coordinates": [[75.782297, 11.253499], [75.782751, 11.253238]]}, "properties": {"name": "G H Road", "type": "primary"}}, {"type": "Feature", "geometry": {"type": "LineString", "coordinates": [[75.792731, 11.252716], [75.792774, 11.252674], [75.792789, 11.25262], [75.792818, 11.25246], [75.792825, 11.252273]]}, "properties": {"name": "Jail Road", "type": "tertiary"}}, {"type": "Feature", "geometry": {"type": "LineString", "coordinates": [[75.776042, 11.256436], [75.776047, 11.256374], [75.776086, 11.25586], [75.776104, 11.255629], [75.776139, 11.255412], [75.776232, 11.254552], [75.776249, 11.254313], [75.776186, 11.253798], [75.77622, 11.253295], [75.77623, 11.253213], [75.776249, 11.252997], [75.776302, 11.252211], [75.776385, 11.251486]]}, "properties": {"name": "Cherootty Road", "type": "secondary"}}, {"type": "Feature", "geometry": {"type": "LineString", "coordinates": [[75.788761, 11.247696], [75.788297, 11.247685], [75.787961, 11.247675], [75.787836, 11.247735], [75.787708, 11.24801], [75.787667, 11.248033], [75.7876, 11.24807], [75.786789, 11.248064], [75.786154, 11.248087], [75.786053, 11.248091], [75.785848, 11.24826], [75.785756, 11.248336]]}, "properties": {"name": "Thali Temple Road", "type": "tertiary"}}, {"type": "Feature", "geometry": {"type": "LineString", "coordinates": [[75.793926, 11.246383], [75.792892, 11.246261], [75.792675, 11.246236], [75.792275, 11.246206], [75.792145, 11.246197], [75.791668, 11.246214], [75.791314, 11.246218], [75.791199, 11.246214], [75.790958, 11.246137], [75.790809, 11.246089], [75.790741, 11.246068], [75.790538, 11.246014], [75.790033, 11.245811], [75.789182, 11.245662]]}, "properties": {"name": "Chalappuram Road", "type": "residential"}}, {"type": "Feature", "geometry": {"type": "LineString", "coordinates": [[75.784137, 11.242556], [75.784486, 11.2427], [75.784986, 11.242891], [75.785047, 11.2429], [75.785315, 11.242963], [75.785624, 11.242977], [75.785729, 11.242987], [75.786088, 11.242989], [75.786549, 11.242991], [75.787021, 11.242994], [75.787205, 11.242976], [75.787322, 11.242965], [75.787523, 11.242946], [75.787939, 11.242957], [75.788126, 11.242944], [75.788379, 11.242749], [75.788556, 11.242704], [75.788861, 11.24277], [75.789008, 11.242833], [75.789143, 11.242891], [75.789431, 11.24302], [75.78954, 11.243049], [75.789702, 11.243092], [75.790055, 11.24311], [75.790203, 11.243118], [75.790656, 11.24313], [75.790721, 11.243108], [75.790847, 11.24304], [75.791043, 11.242933], [75.791183, 11.24284], [75.791445, 11.242602], [75.791656, 11.242341], [75.79177, 11.242152], [75.791864, 11.241967], [75.791968, 11.241866], [75.792034, 11.241846], [75.792144, 11.24183], [75.792343, 11.241834], [75.792387, 11.241835], [75.792659, 11.241859], [75.792831, 11.241862], [75.793171, 11.241868], [75.79327, 11.241856], [75.793316, 11.241843], [75.793346, 11.241826], [75.793386, 11.24181], [75.793439, 11.24178], [75.79348, 11.241738], [75.793571, 11.241684], [75.793748, 11.241573], [75.793914, 11.241477], [75.794121, 11.241383], [75.794361, 11.241299], [75.794615, 11.241202], [75.794707, 11.241159], [75.794774, 11.241139], [75.794902, 11.241063], [75.795342, 11.240845], [75.795439, 11.240821], [75.79552, 11.240812], [75.795581, 11.240811], [75.795677, 11.240806]]}, "properties": {"name": "Madhavan Nair Road (Mankavu Road)", "type": "secondary"}}, {"type": "Feature", "geometry": {"type": "LineString", "coordinates": [[75.77944, 11.2521], [75.780007, 11.252249], [75.780692, 11.252497], [75.78077, 11.252549], [75.780819, 11.252643], [75.780985, 11.252912]]}, "properties": {"name": "Vaikkam Muhammed Basheer Road", "type": "tertiary"}}, {"type": "Feature", "geometry": {"type": "LineString", "coordinates": [[75.784888, 11.245543], [75.783889, 11.245484], [75.783779, 11.245466], [75.783482, 11.245365], [75.783323, 11.245339], [75.783237, 11.245332], [75.783164, 11.245327], [75.782953, 11.245309], [75.782507, 11.245273]]}, "properties": {"name": "Anie Hall Road", "type": "tertiary"}}, {"type": "Feature", "geometry": {"type": "LineString", "coordinates": [[75.779219, 11.248886], [75.779957, 11.248887], [75.779993, 11.24896], [75.779973, 11.249163]]}, "properties": {"name": "Big Bazar Road", "type": "residential"}}, {"type": "Feature", "geometry": {"type": "LineString", "coordinates": [[75.783359, 11.242248], [75.782857, 11.242596], [75.782731, 11.242689], [75.782407, 11.242931], [75.782351, 11.243071], [75.782294, 11.243298], [75.782234, 11.243531], [75.782183, 11.243722], [75.782044, 11.244141], [75.781821, 11.244556], [75.781638, 11.245256]]}, "properties": {"name": "Pvs Hospital Road", "type": "tertiary"}}, {"type": "Feature", "geometry": {"type": "LineString", "coordinates": [[75.775695, 11.245866], [75.775746, 11.245481], [75.775775, 11.245257], [75.775398, 11.245204], [75.774824, 11.245125]]}, "properties": {"name": "Unnamed Road", "type": "residential"}}, {"type": "Feature", "geometry": {"type": "LineString", "coordinates": [[75.774824, 11.245125], [75.774798, 11.24512], [75.774041, 11.245021], [75.773395, 11.244965]]}, "properties": {"name": "Unnamed Road", "type": "residential"}}, {"type": "Feature", "geometry": {"type": "LineString", "coordinates": [[75.784172, 11.237405], [75.783863, 11.237792], [75.783571, 11.238114], [75.783457, 11.238239], [75.783193, 11.238529], [75.782846, 11.23873], [75.782661, 11.238808], [75.782357, 11.238936], [75.782017, 11.239004], [75.781976, 11.239182], [75.781911, 11.239465], [75.78181, 11.239646], [75.781737, 11.239778], [75.781668, 11.239902], [75.781482, 11.240137], [75.781304, 11.240407], [75.78122, 11.24059], [75.781207, 11.240699], [75.781199, 11.240766], [75.781221, 11.241018], [75.781211, 11.241307], [75.781209, 11.241386]]}, "properties": {"name": "Manthalpalam Road", "type": "residential"}}, {"type": "Feature", "geometry": {"type": "LineString", "coordinates": [[75.784621, 11.246733], [75.784653, 11.246579], [75.784734, 11.246183], [75.784829, 11.245754], [75.784888, 11.245543], [75.784985, 11.245172], [75.785107, 11.244575], [75.785153, 11.244271]]}, "properties": {"name": "Palayam Road", "type": "primary"}}, {"type": "Feature", "geometry": {"type": "LineString", "coordinates": [[75.785315, 11.242963], [75.785364, 11.242651], [75.785466, 11.242358], [75.785812, 11.241509], [75.785866, 11.241376], [75.786101, 11.240732], [75.786218, 11.240411], [75.786268, 11.24003], [75.786269, 11.23991], [75.786363, 11.239687], [75.786443, 11.239413], [75.786565, 11.23923], [75.786681, 11.239004], [75.786746, 11.238891]]}, "properties": {"name": "Kallai Road", "type": "primary"}}, {"type": "Feature", "geometry": {"type": "LineString", "coordinates": [[75.788668, 11.255301], [75.788883, 11.254402], [75.788911, 11.254293], [75.788984, 11.254013], [75.789028, 11.253569], [75.789009, 11.253182], [75.789039, 11.253001], [75.789084, 11.252872], [75.789162, 11.252651], [75.789243, 11.251947]]}, "properties": {"name": "Sabha School Cross Road", "type": "residential"}}, {"type": "Feature", "geometry": {"type": "LineString", "coordinates": [[75.774828, 11.2393], [75.775518, 11.239453], [75.775965, 11.239552], [75.776166, 11.2396], [75.7764, 11.23964], [75.776578, 11.239629], [75.776783, 11.239638], [75.777195, 11.239788], [75.777951, 11.240063], [75.778118, 11.240123], [75.778518, 11.240269], [75.779748, 11.240764], [75.78013, 11.240969], [75.781209, 11.241386], [75.781381, 11.241449], [75.781514, 11.241499], [75.781824, 11.241616], [75.782054, 11.241692], [75.782282, 11.241757]]}, "properties": {"name": "Francis Road", "type": "secondary"}}, {"type": "Feature", "geometry": {"type": "LineString", "coordinates": [[75.771395, 11.251214], [75.772399, 11.251409], [75.772748, 11.25147], [75.773373, 11.25158], [75.773437, 11.251584], [75.773496, 11.251589], [75.77416, 11.25165], [75.774394, 11.251638], [75.774571, 11.251526], [75.774583, 11.251317], [75.77466, 11.251166], [75.774773, 11.251169], [75.775364, 11.251363], [75.775425, 11.251382], [75.775815, 11.251472], [75.77618, 11.2515], [75.776385, 11.251486], [75.776857, 11.251455], [75.777796, 11.251434], [75.778616, 11.251416], [75.779027, 11.25143]]}, "properties": {"name": "Court Road", "type": "secondary"}}, {"type": "Feature", "geometry": {"type": "LineString", "coordinates": [[75.787653, 11.251806], [75.787272, 11.251287], [75.786982, 11.250891], [75.786777, 11.250612], [75.786491, 11.250281], [75.786083, 11.249931], [75.785916, 11.249794], [75.785804, 11.249712], [75.785705, 11.249639], [75.785473, 11.249469], [75.785063, 11.249261], [75.78487, 11.249162], [75.784693, 11.249085], [75.78447, 11.249008], [75.784272, 11.248939], [75.784182, 11.248908], [75.783948, 11.248816]]}, "properties": {"name": "M.M. Ali Road", "type": "secondary"}}, {"type": "Feature", "geometry": {"type": "LineString", "coordinates": [[75.781638, 11.245256], [75.781524, 11.24595], [75.781426, 11.246546], [75.781395, 11.246734], [75.781336, 11.247025], [75.781145, 11.247981], [75.781045, 11.248479], [75.781011, 11.24861]]}, "properties": {"name": "Railway Station Road.", "type": "tertiary"}}, {"type": "Feature", "geometry": {"type": "LineString", "coordinates": [[75.783948, 11.248816], [75.783706, 11.248769], [75.783486, 11.248789], [75.782682, 11.248822], [75.78188, 11.248834], [75.781623, 11.248852], [75.781429, 11.248852]]}, "properties": {"name": "Oyitty Road", "type": "secondary"}}, {"type": "Feature", "geometry": {"type": "LineString", "coordinates": [[75.782024, 11.253818], [75.782036, 11.25361], [75.782044, 11.253466], [75.782037, 11.253428], [75.782015, 11.253383], [75.781961, 11.25332], [75.781723, 11.253067], [75.781575, 11.252924], [75.781525, 11.252892], [75.781476, 11.252876], [75.781422, 11.252876], [75.781347, 11.252878], [75.7811, 11.252886], [75.781024, 11.252896], [75.780985, 11.252912], [75.780958, 11.252942], [75.780937, 11.252988], [75.780923, 11.253046], [75.780807, 11.253746], [75.780787, 11.253797], [75.780757, 11.253827], [75.780703, 11.253849], [75.780643, 11.253846], [75.779534, 11.253716], [75.7795, 11.253716], [75.779479, 11.253721], [75.779464, 11.25373], [75.779454, 11.253752], [75.779432, 11.253849], [75.779404, 11.254079], [75.779252, 11.255153], [75.779226, 11.255287], [75.779191, 11.255433], [75.779176, 11.25547], [75.779151, 11.255507], [75.779118, 11.255546], [75.779067, 11.255594]]}, "properties": {"name": "Mananchira Road", "type": "primary"}}, {"type": "Feature", "geometry": {"type": "LineString", "coordinates": [[75.781429, 11.248852], [75.781422, 11.248744], [75.7814, 11.248695], [75.78137, 11.248656], [75.781285, 11.248625], [75.781138, 11.248624], [75.781011, 11.24861]]}, "properties": {"name": "Railway Station Road", "type": "secondary"}}, {"type": "Feature", "geometry": {"type": "LineString", "coordinates": [[75.780138, 11.24857], [75.779908, 11.248541], [75.779811, 11.248538], [75.779691, 11.248558], [75.779508, 11.248642], [75.779364, 11.248719], [75.779219, 11.248886]]}, "properties": {"name": "First Railway Overbridge", "type": "secondary"}}, {"type": "Feature", "geometry": {"type": "LineString", "coordinates": [[75.780783, 11.248645], [75.78038, 11.24861], [75.780138, 11.24857]]}, "properties": {"name": "First Railway Overbridge", "type": "secondary"}}, {"type": "Feature", "geometry": {"type": "LineString", "coordinates": [[75.772369, 11.254451], [75.772478, 11.254297], [75.772496, 11.254265], [75.772553, 11.254013], [75.772628, 11.253888], [75.772844, 11.253228], [75.772903, 11.253011], [75.773146, 11.252655], [75.773204, 11.252325], [75.773259, 11.25212], [75.773273, 11.252079], [75.773373, 11.25158]]}, "properties": {"name": "Unnamed Road", "type": "residential"}}, {"type": "Feature", "geometry": {"type": "LineString", "coordinates": [[75.77944, 11.2521], [75.77914, 11.25295], [75.779172, 11.253179], [75.779261, 11.253547], [75.779432, 11.253849]]}, "properties": {"name": "Oyitty Road", "type": "secondary"}}, {"type": "Feature", "geometry": {"type": "LineString", "coordinates": [[75.790811, 11.252143], [75.790518, 11.253649], [75.790553, 11.254289], [75.790547, 11.254714], [75.790565, 11.255378]]}, "properties": {"name": "Taluk Road", "type": "residential"}}, {"type": "Feature", "geometry": {"type": "LineString", "coordinates": [[75.789426, 11.255361], [75.789426, 11.254737], [75.789405, 11.254584], [75.789421, 11.254406], [75.789517, 11.254116]]}, "properties": {"name": "Kinattinkal Lane", "type": "residential"}}, {"type": "Feature", "geometry": {"type": "LineString", "coordinates": [[75.789084, 11.252872], [75.790214, 11.253049], [75.790289, 11.253206], [75.790311, 11.253438], [75.79039, 11.253576], [75.790518, 11.253649]]}, "properties": {"name": "Chinthavalap School Cross Road", "type": "residential"}}, {"type": "Feature", "geometry": {"type": "LineString", "coordinates": [[75.781908, 11.254373], [75.781826, 11.254288], [75.78181, 11.254266], [75.781787, 11.254221], [75.781774, 11.254184], [75.781754, 11.254133], [75.78174, 11.254073]]}, "properties": {"name": "Pavamoni Road", "type": "primary"}}, {"type": "Feature", "geometry": {"type": "LineString", "coordinates": [[75.784693, 11.249085], [75.7847, 11.248813], [75.78475, 11.248734], [75.785753, 11.248674], [75.785756, 11.248336]]}, "properties": {"name": "Kandankulam Cross Road", "type": "tertiary"}}, {"type": "Feature", "geometry": {"type": "LineString", "coordinates": [[75.774593, 11.253153], [75.774697, 11.253187], [75.775009, 11.253236], [75.775252, 11.253177], [75.775424, 11.25318], [75.775589, 11.253231], [75.775788, 11.253252], [75.776034, 11.253268], [75.77622, 11.253295]]}, "properties": {"name": "North Court Road", "type": "residential"}}, {"type": "Feature", "geometry": {"type": "LineString", "coordinates": [[75.790553, 11.254289], [75.789517, 11.254116], [75.78925, 11.254065], [75.788984, 11.254013]]}, "properties": {"name": "Kaanoth Lane", "type": "residential"}}, {"type": "Feature", "geometry": {"type": "LineString", "coordinates": [[75.793983, 11.247922], [75.794014, 11.248264], [75.79427, 11.248955], [75.794077, 11.250689], [75.79397, 11.251649], [75.793539, 11.252286], [75.793432, 11.252324], [75.793203, 11.252335], [75.792933, 11.252286], [75.792825, 11.252273]]}, "properties": {"name": "Puthiyapalam Kalluthaankadavu Road", "type": "residential"}}, {"type": "Feature", "geometry": {"type": "LineString", "coordinates": [[75.779219, 11.248886], [75.779159, 11.249135], [75.779071, 11.249728], [75.779037, 11.250129], [75.77902, 11.250556], [75.779027, 11.25143]]}, "properties": {"name": "K.P.K. Menon Road.", "type": "secondary"}}, {"type": "Feature", "geometry": {"type": "LineString", "coordinates": [[75.786772, 11.254103], [75.786835, 11.25404], [75.786933, 11.253786], [75.786992, 11.253581], [75.787071, 11.25312], [75.787102, 11.252965], [75.787213, 11.25269], [75.787361, 11.252438], [75.787598, 11.252081], [75.787727, 11.251905]]}, "properties": {"name": "Rammohan Road", "type": "secondary"}}, {"type": "Feature", "geometry": {"type": "LineString", "coordinates": [[75.804304, 11.236294], [75.804522, 11.236711], [75.804736, 11.237428], [75.80481, 11.237833], [75.804824, 11.238095], [75.804787, 11.238403], [75.804601, 11.238949], [75.804507, 11.239306], [75.804447, 11.239669], [75.804325, 11.240061], [75.804227, 11.240219], [75.804178, 11.24031], [75.804149, 11.240364], [75.803939, 11.240651], [75.8037, 11.240823], [75.803168, 11.241054], [75.802527, 11.241498], [75.802357, 11.241644], [75.802207, 11.241713], [75.80199, 11.241856], [75.801641, 11.242085], [75.801064, 11.242463], [75.80097, 11.242524], [75.800568, 11.242839], [75.800393, 11.243048], [75.799804, 11.243666], [75.799634, 11.243911], [75.799383, 11.244259], [75.799305, 11.244432], [75.799223, 11.244615], [75.79922, 11.244623], [75.799181, 11.244744], [75.799135, 11.245165], [75.79912, 11.245246], [75.79911, 11.245298], [75.799035, 11.245701], [75.799019, 11.245926], [75.799065, 11.246598], [75.799133, 11.248143], [75.799108, 11.248387], [75.799029, 11.248622], [75.798963, 11.248727], [75.798365, 11.249681], [75.79831, 11.249872], [75.798195, 11.250198], [75.798152, 11.250329], [75.798105, 11.250472], [75.797769, 11.251274], [75.797609, 11.251631], [75.797439, 11.251863], [75.797229, 11.252055], [75.796996, 11.252225], [75.796759, 11.252313], [75.796519, 11.252331], [75.796127, 11.25234], [75.795785, 11.252337], [75.795412, 11.25235], [75.794986, 11.252365]]}, "properties": {"name": "Mini Byepass Road", "type": "primary"}}, {"type": "Feature", "geometry": {"type": "LineString", "coordinates": [[75.782282, 11.241757], [75.782607, 11.241855], [75.782777, 11.241914], [75.782937, 11.241974], [75.783476, 11.242236], [75.784137, 11.242556]]}, "properties": {"name": "Francis Road Over Bridge", "type": "secondary"}}, {"type": "Feature", "geometry": {"type": "LineString", "coordinates": [[75.775695, 11.245866], [75.776015, 11.24585], [75.776337, 11.24583], [75.776397, 11.245781], [75.776415, 11.245664], [75.77644, 11.2456], [75.776629, 11.245517], [75.776662, 11.245466], [75.776712, 11.245282], [75.776746, 11.245076], [75.776793, 11.244793], [75.77692, 11.244663], [75.777107, 11.244591], [75.7772, 11.244269], [75.77742, 11.244071], [75.777439, 11.243849], [75.777562, 11.243303], [75.777761, 11.242598], [75.77781, 11.242425], [75.777988, 11.241796], [75.778075, 11.241487], [75.778226, 11.240953], [75.778336, 11.240565], [75.778518, 11.240269], [75.778823, 11.239887], [75.77903, 11.239617], [75.779075, 11.239547], [75.779228, 11.239313], [75.779394, 11.238967], [75.779635, 11.238667]]}, "properties": {"name": "Unnamed Road", "type": "residential"}}, {"type": "Feature", "geometry": {"type": "LineString", "coordinates": [[75.77108, 11.252077], [75.771203, 11.251686], [75.771395, 11.251214], [75.771536, 11.250928], [75.771582, 11.250829], [75.771681, 11.250691], [75.772011, 11.250326], [75.7724, 11.249802], [75.772512, 11.249562], [75.772636, 11.249044], [75.772678, 11.248734], [75.77267, 11.248562], [75.77263, 11.248497], [75.772608, 11.248362], [75.772606, 11.248208], [75.772613, 11.248109], [75.772646, 11.247947], [75.77289, 11.247098], [75.772968, 11.246764], [75.773098, 11.246251], [75.773204, 11.245835], [75.773395, 11.244965], [75.773492, 11.24448], [75.773526, 11.244309], [75.773682, 11.243783], [75.773749, 11.243375], [75.773757, 11.243331], [75.77384, 11.242898], [75.773939, 11.242383], [75.774088, 11.241785], [75.774138, 11.241584], [75.774276, 11.24119], [75.774368, 11.240926], [75.774566, 11.240128], [75.774636, 11.239893], [75.774743, 11.239534], [75.774781, 11.239417], [75.774828, 11.2393], [75.774889, 11.239128], [75.774959, 11.238907], [75.775059, 11.238588], [75.775137, 11.23837], [75.775439, 11.237625], [75.775603, 11.237214], [75.776658, 11.234593], [75.777046, 11.233657], [75.777059, 11.23363], [75.777085, 11.233573], [75.777172, 11.233386], [75.777319, 11.233052], [75.777833, 11.231834], [75.778243, 11.230907], [75.77838, 11.230591], [75.778597, 11.230239], [75.778818, 11.229998], [75.779189, 11.22947], [75.779455, 11.229176], [75.77959, 11.229047]]}, "properties": {"name": "Beach Road", "type": "secondary"}}, {"type": "Feature", "geometry": {"type": "LineString", "coordinates": [[75.775775, 11.245257], [75.776016, 11.245262], [75.7761, 11.245234], [75.776158, 11.245214], [75.776202, 11.24514], [75.776299, 11.244588], [75.776363, 11.244495], [75.776471, 11.244293], [75.776539, 11.244136], [75.776583, 11.244032], [75.776619, 11.24394], [75.776658, 11.243806], [75.776734, 11.243399], [75.776831, 11.243078], [75.776938, 11.242552], [75.77709, 11.242193], [75.77712, 11.242122], [75.777176, 11.242031], [75.777259, 11.241896]]}, "properties": {"name": "Unnamed Road", "type": "residential"}}, {"type": "Feature", "geometry": {"type": "LineString", "coordinates": [[75.776578, 11.239629], [75.776519, 11.240573], [75.776498, 11.24161], [75.776492, 11.241777], [75.776471, 11.242375], [75.776701, 11.242648], [75.776482, 11.243225], [75.775817, 11.24321], [75.775801, 11.243936]]}, "properties": {"name": "Unnamed Road", "type": "residential"}}, {"type": "Feature", "geometry": {"type": "LineString", "coordinates": [[75.779143, 11.247964], [75.778852, 11.247911], [75.778547, 11.247801]]}, "properties": {"name": "Unnamed Road", "type": "residential"}}, {"type": "Feature", "geometry": {"type": "LineString", "coordinates": [[75.776718, 11.248563], [75.776731, 11.248283], [75.776704, 11.248138], [75.776626, 11.247988], [75.776611, 11.247799], [75.776605, 11.247734], [75.776618, 11.247505], [75.77661, 11.247305], [75.776635, 11.247222], [75.776782, 11.246724], [75.776851, 11.246342], [75.776844, 11.245936], [75.776841, 11.245879], [75.776771, 11.245682], [75.776662, 11.245466]]}, "properties": {"name": "Unnamed Road", "type": "residential"}}, {"type": "Feature", "geometry": {"type": "LineString", "coordinates": [[75.778185, 11.248916], [75.778172, 11.248655], [75.777919, 11.24866], [75.777807, 11.24866], [75.777494, 11.248668], [75.777291, 11.248655], [75.777209, 11.248642], [75.777013, 11.248629], [75.776828, 11.248573], [75.776718, 11.248563], [75.776697, 11.248666], [75.776305, 11.248671], [75.775994, 11.248634]]}, "properties": {"name": "Unnamed Road", "type": "residential"}}, {"type": "Feature", "geometry": {"type": "LineString", "coordinates": [[75.775472, 11.248985], [75.775473, 11.249197], [75.77544, 11.249677], [75.77543, 11.249772], [75.775404, 11.250028], [75.77543, 11.250276], [75.775473, 11.25057], [75.775457, 11.251049], [75.775425, 11.251382]]}, "properties": {"name": "Unnamed Road", "type": "residential"}}, {"type": "Feature", "geometry": {"type": "LineString", "coordinates": [[75.774824, 11.249004], [75.774813, 11.249033], [75.774639, 11.249502], [75.774588, 11.249618], [75.7744, 11.250202], [75.774389, 11.250248], [75.77432, 11.250518], [75.774325, 11.250618], [75.774395, 11.250718], [75.774449, 11.250802], [75.774448, 11.250914], [75.774529, 11.250975], [75.77466, 11.251166]]}, "properties": {"name": "Unnamed Road", "type": "residential"}}, {"type": "Feature", "geometry": {"type": "LineString", "coordinates": [[75.774389, 11.250248], [75.774095, 11.250207], [75.773921, 11.250197], [75.773784, 11.250184], [75.773757, 11.250181], [75.77358, 11.250102], [75.773279, 11.249967], [75.773025, 11.249931], [75.772893, 11.249913], [75.7724, 11.249802]]}, "properties": {"name": "Unnamed Road", "type": "residential"}}, {"type": "Feature", "geometry": {"type": "LineString", "coordinates": [[75.774283, 11.248974], [75.773921, 11.250197]]}, "properties": {"name": "Unnamed Road", "type": "residential"}}, {"type": "Feature", "geometry": {"type": "LineString", "coordinates": [[75.773437, 11.251584], [75.77352, 11.251309], [75.773623, 11.250902], [75.773682, 11.25066], [75.773692, 11.250559], [75.773716, 11.250499], [75.773751, 11.250401], [75.773784, 11.250349], [75.773784, 11.250184]]}, "properties": {"name": "Unnamed Road", "type": "residential"}}, {"type": "Feature", "geometry": {"type": "LineString", "coordinates": [[75.774639, 11.249502], [75.77543, 11.249772]]}, "properties": {"name": "Unnamed Road", "type": "residential"}}, {"type": "Feature", "geometry": {"type": "LineString", "coordinates": [[75.77544, 11.249677], [75.775715, 11.249707], [75.776096, 11.249749], [75.776249, 11.249752], [75.776279, 11.2497], [75.776315, 11.249639], [75.776342, 11.249599], [75.77665, 11.249643]]}, "properties": {"name": "Unnamed Road", "type": "residential"}}, {"type": "Feature", "geometry": {"type": "LineString", "coordinates": [[75.776249, 11.249752], [75.776224, 11.249976], [75.776187, 11.250225], [75.776171, 11.250365], [75.776417, 11.250433], [75.776482, 11.250456]]}, "properties": {"name": "Unnamed Road", "type": "residential"}}, {"type": "Feature", "geometry": {"type": "LineString", "coordinates": [[75.77459, 11.252171], [75.773273, 11.252079]]}, "properties": {"name": "Unnamed Road", "type": "residential"}}, {"type": "Feature", "geometry": {"type": "LineString", "coordinates": [[75.777919, 11.24866], [75.777918, 11.248456], [75.777917, 11.248369], [75.777915, 11.248347], [75.777911, 11.248315], [75.777913, 11.248261], [75.777946, 11.247891], [75.777907, 11.247573], [75.777913, 11.247414], [75.778214, 11.247361], [75.778279, 11.247357], [75.778418, 11.24735], [75.778461, 11.247518], [75.77848, 11.247724], [75.778504, 11.247773], [75.778547, 11.247801]]}, "properties": {"name": "Unnamed Road", "type": "residential"}}, {"type": "Feature", "geometry": {"type": "LineString", "coordinates": [[75.777209, 11.248642], [75.777219, 11.248476], [75.777241, 11.248255]]}, "properties": {"name": "Unnamed Road", "type": "residential"}}, {"type": "Feature", "geometry": {"type": "LineString", "coordinates": [[75.776618, 11.247505], [75.776749, 11.247507], [75.776929, 11.247526], [75.777209, 11.247513], [75.777396, 11.247504], [75.777913, 11.247414]]}, "properties": {"name": "Unnamed Road", "type": "residential"}}, {"type": "Feature", "geometry": {"type": "LineString", "coordinates": [[75.776844, 11.245936], [75.7769, 11.245976], [75.777114, 11.246016], [75.777252, 11.246074], [75.777361, 11.246209], [75.777565, 11.246267], [75.777629, 11.24633], [75.777629, 11.246477], [75.777742, 11.246567], [75.777876, 11.246546], [75.778026, 11.246514], [75.778155, 11.246535], [75.778241, 11.246567], [75.778267, 11.246788], [75.778273, 11.246972], [75.778284, 11.24713], [75.778284, 11.247214], [75.778279, 11.247357]]}, "properties": {"name": "Unnamed Road", "type": "residential"}}, {"type": "Feature", "geometry": {"type": "LineString", "coordinates": [[75.783344, 11.25157], [75.783376, 11.25158], [75.783554, 11.25159], [75.783919, 11.251604], [75.783954, 11.251635], [75.783986, 11.251816], [75.784021, 11.251854], [75.784257, 11.251867], [75.784284, 11.251899], [75.784324, 11.252077], [75.784447, 11.252114], [75.784544, 11.252277], [75.784579, 11.252398], [75.784678, 11.252435], [75.784834, 11.252434], [75.785144, 11.252431], [75.785183, 11.252436], [75.785341, 11.252459], [75.785464, 11.252462], [75.785534, 11.252464], [75.785783, 11.252495], [75.785918, 11.25253], [75.786078, 11.25259], [75.786231, 11.252613], [75.786462, 11.252677], [75.786518, 11.252693], [75.786585, 11.252484], [75.786632, 11.252336], [75.786723, 11.252343], [75.786985, 11.252372], [75.787321, 11.252428]]}, "properties": {"name": "Kottaparamba Chinthavalappu Cross Road", "type": "residential"}}, {"type": "Feature", "geometry": {"type": "LineString", "coordinates": [[75.785753, 11.248674], [75.785979, 11.248678], [75.786306, 11.24867], [75.786741, 11.248697], [75.786738, 11.249041]]}, "properties": {"name": "Unnamed Road", "type": "residential"}}, {"type": "Feature", "geometry": {"type": "LineString", "coordinates": [[75.782182, 11.24671], [75.782183, 11.246675], [75.782191, 11.246319], [75.782191, 11.246185], [75.78219, 11.246093], [75.782188, 11.245883]]}, "properties": {"name": "Unnamed Road", "type": "residential"}}, {"type": "Feature", "geometry": {"type": "LineString", "coordinates": [[75.783943, 11.242537], [75.783838, 11.242771], [75.783827, 11.242913], [75.783976, 11.242941]]}, "properties": {"name": "Unnamed Road", "type": "residential"}}, {"type": "Feature", "geometry": {"type": "LineString", "coordinates": [[75.773682, 11.243783], [75.773793, 11.24378], [75.773867, 11.243778], [75.774234, 11.243767], [75.774728, 11.243778], [75.775041, 11.243801], [75.775586, 11.243915], [75.775801, 11.243936], [75.776165, 11.244027], [75.776539, 11.244136]]}, "properties": {"name": "Unnamed Road", "type": "residential"}}, {"type": "Feature", "geometry": {"type": "LineString", "coordinates": [[75.774041, 11.245021], [75.774009, 11.245168], [75.773999, 11.245219], [75.773972, 11.245556], [75.773964, 11.245587], [75.773942, 11.245714], [75.773912, 11.245894], [75.773874, 11.245951], [75.773865, 11.245966], [75.773811, 11.245976], [75.773814, 11.246113], [75.773821, 11.246383], [75.773779, 11.246548], [75.773719, 11.24682]]}, "properties": {"name": "Unnamed Road", "type": "residential"}}, {"type": "Feature", "geometry": {"type": "LineString", "coordinates": [[75.773204, 11.245835], [75.773811, 11.245976]]}, "properties": {"name": "Unnamed Road", "type": "residential"}}, {"type": "Feature", "geometry": {"type": "LineString", "coordinates": [[75.773254, 11.248317], [75.773367, 11.247773], [75.773389, 11.247605], [75.773244, 11.247584]]}, "properties": {"name": "Unnamed Road", "type": "residential"}}, {"type": "Feature", "geometry": {"type": "LineString", "coordinates": [[75.773367, 11.247773], [75.773429, 11.2477], [75.773515, 11.247658], [75.773639, 11.247637], [75.773684, 11.247576], [75.773805, 11.247237]]}, "properties": {"name": "Unnamed Road", "type": "residential"}}, {"type": "Feature", "geometry": {"type": "LineString", "coordinates": [[75.774738, 11.248781], [75.774733, 11.248463], [75.774735, 11.248444], [75.774757, 11.248242], [75.774717, 11.248168], [75.774698, 11.247903], [75.774644, 11.247605], [75.774599, 11.247298]]}, "properties": {"name": "Unnamed Road", "type": "residential"}}, {"type": "Feature", "geometry": {"type": "LineString", "coordinates": [[75.775277, 11.247021], [75.775082, 11.247035], [75.775041, 11.247047], [75.774864, 11.247134], [75.774599, 11.247298]]}, "properties": {"name": "Unnamed Road", "type": "residential"}}, {"type": "Feature", "geometry": {"type": "LineString", "coordinates": [[75.776782, 11.246724], [75.776662, 11.246723], [75.776442, 11.246709], [75.776237, 11.246711], [75.77599, 11.246661], [75.77579, 11.246617], [75.775549, 11.246547], [75.775429, 11.246502], [75.775325, 11.246482], [75.775189, 11.246443], [75.774961, 11.246353], [75.774781, 11.246264], [75.774742, 11.246242], [75.774604, 11.246148], [75.774744, 11.246053]]}, "properties": {"name": "Unnamed Road", "type": "residential"}}, {"type": "Feature", "geometry": {"type": "LineString", "coordinates": [[75.775041, 11.247047], [75.774972, 11.24685], [75.774913, 11.246771], [75.774738, 11.246779], [75.774481, 11.2468], [75.774171, 11.24679], [75.774181, 11.246608], [75.773907, 11.246574], [75.773779, 11.246548]]}, "properties": {"name": "Unnamed Road", "type": "residential"}}, {"type": "Feature", "geometry": {"type": "LineString", "coordinates": [[75.772968, 11.246764], [75.773091, 11.246776], [75.773343, 11.246802], [75.773719, 11.24682]]}, "properties": {"name": "Unnamed Road", "type": "residential"}}, {"type": "Feature", "geometry": {"type": "LineString", "coordinates": [[75.774108, 11.248445], [75.77388, 11.248397], [75.773783, 11.248397], [75.773254, 11.248317], [75.772606, 11.248208]]}, "properties": {"name": "Unnamed Road", "type": "residential"}}, {"type": "Feature", "geometry": {"type": "LineString", "coordinates": [[75.775994, 11.248634], [75.775847, 11.248597], [75.775627, 11.248575], [75.775516, 11.248559], [75.775414, 11.248544], [75.775157, 11.248524], [75.775044, 11.248499], [75.774735, 11.248444]]}, "properties": {"name": "Unnamed Road", "type": "residential"}}, {"type": "Feature", "geometry": {"type": "LineString", "coordinates": [[75.776451, 11.250599], [75.777286, 11.25061]]}, "properties": {"name": "Unnamed Road", "type": "residential"}}, {"type": "Feature", "geometry": {"type": "LineString", "coordinates": [[75.773204, 11.252325], [75.77267, 11.252283], [75.772211, 11.252221]]}, "properties": {"name": "Unnamed Road", "type": "residential"}}, {"type": "Feature", "geometry": {"type": "LineString", "coordinates": [[75.77902, 11.250556], [75.77866, 11.250591], [75.77863, 11.250614], [75.778547, 11.250632], [75.777837, 11.250654], [75.777803, 11.250699], [75.777796, 11.251434]]}, "properties": {"name": "Unnamed Road", "type": "residential"}}, {"type": "Feature", "geometry": {"type": "LineString", "coordinates": [[75.77863, 11.250614], [75.778616, 11.251416]]}, "properties": {"name": "Unnamed Road", "type": "residential"}}, {"type": "Feature", "geometry": {"type": "LineString", "coordinates": [[75.770915, 11.252767], [75.77117, 11.252842], [75.771635, 11.253006], [75.771895, 11.253076], [75.772214, 11.253132], [75.772504, 11.253168], [75.772844, 11.253228]]}, "properties": {"name": "Unnamed Road", "type": "residential"}}, {"type": "Feature", "geometry": {"type": "LineString", "coordinates": [[75.77428, 11.253908], [75.774092, 11.253869], [75.774052, 11.253858], [75.773982, 11.253845], [75.773781, 11.253837], [75.773332, 11.253805], [75.773199, 11.254011], [75.772956, 11.254025], [75.772904, 11.254027], [75.772724, 11.254039], [75.772553, 11.254013]]}, "properties": {"name": "Unnamed Road", "type": "residential"}}, {"type": "Feature", "geometry": {"type": "LineString", "coordinates": [[75.772478, 11.254297], [75.772711, 11.254353], [75.773048, 11.254429], [75.773625, 11.254587], [75.77378, 11.254631], [75.774034, 11.254655], [75.774411, 11.254681], [75.774684, 11.254689], [75.774816, 11.254642], [75.774875, 11.254498]]}, "properties": {"name": "Unnamed Road", "type": "residential"}}, {"type": "Feature", "geometry": {"type": "LineString", "coordinates": [[75.776302, 11.252211], [75.77653, 11.252208], [75.77686, 11.252204], [75.7773, 11.252277], [75.777788, 11.252295], [75.777952, 11.252327], [75.778365, 11.252304], [75.778753, 11.252282], [75.779001, 11.252282]]}, "properties": {"name": "Unnamed Road", "type": "residential"}}, {"type": "Feature", "geometry": {"type": "LineString", "coordinates": [[75.7773, 11.252277], [75.777214, 11.252443], [75.777192, 11.252666], [75.777205, 11.25294], [75.777216, 11.252971], [75.777281, 11.253004], [75.777412, 11.253109], [75.777534, 11.253233], [75.777584, 11.253287], [75.777629, 11.253412], [75.777619, 11.25363], [75.777597, 11.253711], [75.777565, 11.253735], [75.777418, 11.253727], [75.777238, 11.253719], [75.777144, 11.253785], [75.776999, 11.253766], [75.776852, 11.25374], [75.776769, 11.253714], [75.776723, 11.253614], [75.776702, 11.253522], [75.776691, 11.25338], [75.776704, 11.253243], [75.776702, 11.253132]]}, "properties": {"name": "Unnamed Road", "type": "residential"}}, {"type": "Feature", "geometry": {"type": "LineString", "coordinates": [[75.777597, 11.253711], [75.777592, 11.253884], [75.777533, 11.254179], [75.777415, 11.254607], [75.777926, 11.254654], [75.777975, 11.255049]]}, "properties": {"name": "Unnamed Road", "type": "residential"}}, {"type": "Feature", "geometry": {"type": "LineString", "coordinates": [[75.777629, 11.253412], [75.777833, 11.253443], [75.77797, 11.253451], [75.778236, 11.253552], [75.778549, 11.253669]]}, "properties": {"name": "Unnamed Road", "type": "residential"}}, {"type": "Feature", "geometry": {"type": "LineString", "coordinates": [[75.775688, 11.255546], [75.775739, 11.255271], [75.775766, 11.254934], [75.775792, 11.254542], [75.775792, 11.254264]]}, "properties": {"name": "Unnamed Road", "type": "residential"}}, {"type": "Feature", "geometry": {"type": "LineString", "coordinates": [[75.792982, 11.252674], [75.792731, 11.252716], [75.792598, 11.252844], [75.792517, 11.25297], [75.792425, 11.25324], [75.792289, 11.253527], [75.791965, 11.254476], [75.791894, 11.254847], [75.79185, 11.255158], [75.791854, 11.255294], [75.791801, 11.255399], [75.791803, 11.255724], [75.791818, 11.256732], [75.791755, 11.257264], [75.791649, 11.257728], [75.791556, 11.258194], [75.791505, 11.258379], [75.791518, 11.258614], [75.791443, 11.258924], [75.791403, 11.259089]]}, "properties": {"name": "Mini Byepass Road", "type": "primary"}}, {"type": "Feature", "geometry": {"type": "LineString", "coordinates": [[75.794986, 11.252365], [75.794533, 11.252404]]}, "properties": {"name": "Mini Byepass Road", "type": "primary"}}, {"type": "Feature", "geometry": {"type": "LineString", "coordinates": [[75.786933, 11.253567], [75.786635, 11.253473], [75.786389, 11.253398]]}, "properties": {"name": "chindhavalappu", "type": "residential"}}, {"type": "Feature", "geometry": {"type": "LineString", "coordinates": [[75.786963, 11.253419], [75.786684, 11.253337], [75.786453, 11.253256]]}, "properties": {"name": "chindhavalappu", "type": "residential"}}, {"type": "Feature", "geometry": {"type": "LineString", "coordinates": [[75.786493, 11.253911], [75.78654, 11.253773]]}, "properties": {"name": "Unnamed Road", "type": "residential"}}, {"type": "Feature", "geometry": {"type": "LineString", "coordinates": [[75.786837, 11.253867], [75.78654, 11.253773], [75.786266, 11.253679]]}, "properties": {"name": "Unnamed Road", "type": "residential"}}, {"type": "Feature", "geometry": {"type": "LineString", "coordinates": [[75.786785, 11.254009], [75.786493, 11.253911], [75.786321, 11.253859]]}, "properties": {"name": "Unnamed Road", "type": "residential"}}, {"type": "Feature", "geometry": {"type": "LineString", "coordinates": [[75.786892, 11.253711], [75.786836, 11.253693], [75.786586, 11.253615], [75.786321, 11.253528]]}, "properties": {"name": "Unnamed Road", "type": "residential"}}, {"type": "Feature", "geometry": {"type": "LineString", "coordinates": [[75.786684, 11.253337], [75.786635, 11.253473], [75.786586, 11.253615], [75.786579, 11.253708], [75.78654, 11.253773]]}, "properties": {"name": "Unnamed Road", "type": "residential"}}, {"type": "Feature", "geometry": {"type": "LineString", "coordinates": [[75.794965, 11.247979], [75.794342, 11.247943], [75.793983, 11.247922], [75.793124, 11.247872], [75.792958, 11.247862], [75.792639, 11.247857], [75.79223, 11.24785], [75.792078, 11.247838], [75.791726, 11.247811], [75.79132, 11.24779], [75.791225, 11.247784], [75.79072, 11.247755], [75.790394, 11.247736], [75.789967, 11.247725], [75.789425, 11.247712], [75.788761, 11.247696]]}, "properties": {"name": "Puthiyapalam Road", "type": "tertiary"}}, {"type": "Feature", "geometry": {"type": "LineString", "coordinates": [[75.787665, 11.251887], [75.787683, 11.2519], [75.787705, 11.251906], [75.787727, 11.251905], [75.787755, 11.251892], [75.787775, 11.251868], [75.787781, 11.251838], [75.787775, 11.251812], [75.78776, 11.251788], [75.787722, 11.251773], [75.787683, 11.251779], [75.787653, 11.251806], [75.787644, 11.251838], [75.787651, 11.251869], [75.787665, 11.251887]]}, "properties": {"name": "Unnamed Road", "type": "secondary"}}, {"type": "Feature", "geometry": {"type": "LineString", "coordinates": [[75.790811, 11.252143], [75.790547, 11.2521], [75.790432, 11.252081], [75.789903, 11.252007], [75.78953, 11.251974], [75.789363, 11.251958], [75.789243, 11.251947], [75.788762, 11.251932], [75.788312, 11.251842], [75.787989, 11.251816], [75.787781, 11.251838]]}, "properties": {"name": "Jail Road", "type": "tertiary"}}, {"type": "Feature", "geometry": {"type": "LineString", "coordinates": [[75.77388, 11.256258], [75.773955, 11.255387], [75.77397, 11.255038], [75.773972, 11.254978], [75.774022, 11.254697], [75.774034, 11.254655], [75.774188, 11.254104], [75.774265, 11.253963], [75.77428, 11.253908], [75.774348, 11.253796], [75.774457, 11.25351], [75.774593, 11.253153], [75.774651, 11.253018], [75.774643, 11.252323], [75.77459, 11.252171], [75.774537, 11.252027], [75.774571, 11.251526]]}, "properties": {"name": "Convent Road", "type": "tertiary"}}, {"type": "Feature", "geometry": {"type": "LineString", "coordinates": [[75.779545, 11.245567], [75.779191, 11.245514], [75.779116, 11.24583], [75.778933, 11.246735], [75.778777, 11.247568], [75.778842, 11.247676], [75.779125, 11.247815]]}, "properties": {"name": "Unnamed Road", "type": "residential"}}, {"type": "Feature", "geometry": {"type": "LineString", "coordinates": [[75.788126, 11.242944], [75.787925, 11.243322], [75.78787, 11.243423], [75.787835, 11.243486], [75.787692, 11.243854], [75.787638, 11.243992], [75.787572, 11.244206], [75.787467, 11.244549], [75.787435, 11.244657], [75.787281, 11.245177], [75.787215, 11.245443]]}, "properties": {"name": "Unnamed Road", "type": "residential"}}, {"type": "Feature", "geometry": {"type": "LineString", "coordinates": [[75.79682, 11.243245], [75.796874, 11.243521], [75.796925, 11.243664], [75.796976, 11.243808], [75.797045, 11.244092], [75.797057, 11.244164], [75.797096, 11.244421], [75.797179, 11.244442], [75.797434, 11.244437], [75.797705, 11.244452], [75.797907, 11.244518], [75.798011, 11.244531], [75.798113, 11.244521], [75.798212, 11.244497], [75.79833, 11.244495], [75.798443, 11.244484], [75.798548, 11.244487], [75.798687, 11.244502], [75.798808, 11.244516], [75.798947, 11.244547], [75.799028, 11.244563], [75.799106, 11.244581], [75.799184, 11.244604], [75.799223, 11.244615]]}, "properties": {"name": "Eshwaramangalam Road", "type": "tertiary"}}, {"type": "Feature", "geometry": {"type": "LineString", "coordinates": [[75.785153, 11.244271], [75.785173, 11.244099], [75.785186, 11.244013], [75.785278, 11.243273], [75.78529, 11.243172], [75.785315, 11.242963]]}, "properties": {"name": "Palayam Road", "type": "primary"}}, {"type": "Feature", "geometry": {"type": "LineString", "coordinates": [[75.783595, 11.249949], [75.783525, 11.250265], [75.78339, 11.251095], [75.783344, 11.25157], [75.783322, 11.251876], [75.783321, 11.252036], [75.783274, 11.252429], [75.783204, 11.252668], [75.783096, 11.252844], [75.782994, 11.253011], [75.782751, 11.253238]]}, "properties": {"name": "G H Road", "type": "primary"}}, {"type": "Feature", "geometry": {"type": "LineString", "coordinates": [[75.782751, 11.253238], [75.782855, 11.253206], [75.783016, 11.253073], [75.783107, 11.252943], [75.783205, 11.25281], [75.783277, 11.252651], [75.783343, 11.252394], [75.783338, 11.252253], [75.783363, 11.252082], [75.78336, 11.251902], [75.783376, 11.25158], [75.783429, 11.251137], [75.783538, 11.250527], [75.783578, 11.250301], [75.783595, 11.249949]]}, "properties": {"name": "G H Road", "type": "primary"}}, {"type": "Feature", "geometry": {"type": "LineString", "coordinates": [[75.783595, 11.249949], [75.783669, 11.24964], [75.783687, 11.249469], [75.783948, 11.248816]]}, "properties": {"name": "G H Road", "type": "primary"}}, {"type": "Feature", "geometry": {"type": "LineString", "coordinates": [[75.785464, 11.252462], [75.785445, 11.252895], [75.785421, 11.253036], [75.785196, 11.253673], [75.785101, 11.253633], [75.784968, 11.253975], [75.784872, 11.254375], [75.784806, 11.254947], [75.784752, 11.255206]]}, "properties": {"name": "Makkolath Road", "type": "residential"}}, {"type": "Feature", "geometry": {"type": "LineString", "coordinates": [[75.781417, 11.254459], [75.781552, 11.254368], [75.781599, 11.254351], [75.781656, 11.25434], [75.781721, 11.254338], [75.781785, 11.254339], [75.781908, 11.254373]]}, "properties": {"name": "Pavamoni Road", "type": "primary"}}, {"type": "Feature", "geometry": {"type": "LineString", "coordinates": [[75.795877, 11.255197], [75.795934, 11.25482], [75.795977, 11.254474], [75.796054, 11.254067], [75.796088, 11.253949], [75.796107, 11.253896], [75.796234, 11.253539], [75.796288, 11.253318], [75.796245, 11.252932], [75.796178, 11.252639], [75.796148, 11.252428], [75.796127, 11.25234]]}, "properties": {"name": "Unnamed Road", "type": "residential"}}, {"type": "Feature", "geometry": {"type": "LineString", "coordinates": [[75.780562, 11.242839], [75.78075, 11.242356], [75.780799, 11.24215], [75.781066, 11.241713], [75.781147, 11.241559], [75.781188, 11.241444], [75.781209, 11.241386]]}, "properties": {"name": "Unnamed Road", "type": "residential"}}, {"type": "Feature", "geometry": {"type": "LineString", "coordinates": [[75.783141, 11.242034], [75.783016, 11.242108], [75.78293, 11.242159], [75.782329, 11.242518], [75.782213, 11.242611], [75.781846, 11.242974], [75.78169, 11.242801], [75.781496, 11.242678], [75.781004, 11.242451], [75.78075, 11.242356]]}, "properties": {"name": "Unnamed Road", "type": "residential"}}, {"type": "Feature", "geometry": {"type": "LineString", "coordinates": [[75.781429, 11.248852], [75.781368, 11.248853], [75.780411, 11.248836], [75.780346, 11.248874], [75.780328, 11.249002], [75.780137, 11.249628], [75.78012, 11.249683], [75.779998, 11.250335], [75.779991, 11.250373], [75.779688, 11.251423], [75.77944, 11.2521]]}, "properties": {"name": "Oyitty Road", "type": "secondary"}}, {"type": "Feature", "geometry": {"type": "LineString", "coordinates": [[75.779027, 11.25143], [75.77938, 11.251419], [75.779501, 11.251415], [75.779542, 11.251416], [75.779688, 11.251423]]}, "properties": {"name": "Court Road", "type": "tertiary"}}, {"type": "Feature", "geometry": {"type": "LineString", "coordinates": [[75.792825, 11.252273], [75.792717, 11.252255], [75.792229, 11.252221], [75.791779, 11.252212], [75.791471, 11.2522], [75.791354, 11.252188], [75.790979, 11.252157], [75.790811, 11.252143]]}, "properties": {"name": "Jail Road", "type": "tertiary"}}, {"type": "Feature", "geometry": {"type": "LineString", "coordinates": [[75.780613, 11.255852], [75.780633, 11.255777], [75.780647, 11.255398], [75.780654, 11.255333], [75.780713, 11.255196], [75.780819, 11.255146], [75.781417, 11.254459], [75.78174, 11.254073], [75.782024, 11.253818]]}, "properties": {"name": "Wayanad Road", "type": "primary"}}, {"type": "Feature", "geometry": {"type": "LineString", "coordinates": [[75.7912, 11.247091], [75.791023, 11.247073], [75.79083, 11.247039], [75.790696, 11.247003], [75.790649, 11.246968], [75.790632, 11.246918], [75.790634, 11.246836], [75.790659, 11.246768], [75.790704, 11.246526], [75.790739, 11.246355]]}, "properties": {"name": "Unnamed Road", "type": "residential"}}, {"type": "Feature", "geometry": {"type": "LineString", "coordinates": [[75.786518, 11.252693], [75.786773, 11.252792], [75.787082, 11.252915]]}, "properties": {"name": "Unnamed Road", "type": "residential"}}, {"type": "Feature", "geometry": {"type": "LineString", "coordinates": [[75.796745, 11.240716], [75.796758, 11.241058], [75.796805, 11.24146], [75.796835, 11.241703], [75.796866, 11.241877], [75.796908, 11.242077], [75.796939, 11.242304], [75.796963, 11.242561], [75.796963, 11.24262], [75.796963, 11.242655], [75.796902, 11.242737]]}, "properties": {"name": "Unnamed Road", "type": "tertiary"}}, {"type": "Feature", "geometry": {"type": "LineString", "coordinates": [[75.795556, 11.239934], [75.79522, 11.240017], [75.79495, 11.240104], [75.794527, 11.240242], [75.794427, 11.240305], [75.79441, 11.240377], [75.79439, 11.240533], [75.79437, 11.240828], [75.794361, 11.241299]]}, "properties": {"name": "Kao", "type": "tertiary"}}, {"type": "Feature", "geometry": {"type": "LineString", "coordinates": [[75.787452, 11.252207], [75.787311, 11.252137], [75.787194, 11.252056], [75.787037, 11.251981], [75.786807, 11.251897], [75.786703, 11.251795], [75.786539, 11.25171], [75.786278, 11.251664], [75.786169, 11.251612], [75.786116, 11.25158], [75.785897, 11.251546], [75.785795, 11.251534], [75.785697, 11.251448], [75.785528, 11.251336], [75.785315, 11.251285], [75.785202, 11.251223], [75.785117, 11.251181], [75.78506, 11.251056], [75.785017, 11.250923]]}, "properties": {"name": "Unnamed Road", "type": "residential"}}, {"type": "Feature", "geometry": {"type": "LineString", "coordinates": [[75.784396, 11.246703], [75.784283, 11.246697], [75.784182, 11.246692], [75.784099, 11.24669], [75.783963, 11.246683], [75.783876, 11.246682], [75.78366, 11.24667], [75.783591, 11.246666], [75.783527, 11.246666], [75.783428, 11.246664], [75.783293, 11.246664], [75.783202, 11.246666], [75.783115, 11.246668], [75.783044, 11.246671], [75.782958, 11.246678], [75.782889, 11.246684], [75.782834, 11.246686], [75.782645, 11.246694], [75.782523, 11.2467], [75.782413, 11.246694], [75.782342, 11.246696], [75.782263, 11.246706], [75.782202, 11.24671], [75.782182, 11.24671], [75.782143, 11.246708], [75.78206, 11.24671], [75.78196, 11.246718], [75.781883, 11.246718], [75.781749, 11.246732], [75.781665, 11.24673], [75.781545, 11.246728], [75.781482, 11.246722], [75.781419, 11.246732], [75.781395, 11.246734], [75.781461, 11.24678], [75.781562, 11.246782], [75.781769, 11.246787], [75.782183, 11.246765], [75.782327, 11.246757], [75.782625, 11.24675], [75.782952, 11.246734], [75.783086, 11.246717], [75.78324, 11.246711], [75.783549, 11.246714], [75.783943, 11.246743], [75.784621, 11.246733]]}, "properties": {"name": "Railway Station Link Road", "type": "tertiary"}}, {"type": "Feature", "geometry": {"type": "LineString", "coordinates": [[75.783044, 11.246671], [75.783045, 11.24662], [75.783048, 11.246541], [75.783041, 11.246406], [75.783042, 11.246292], [75.783121, 11.246291], [75.783144, 11.246279], [75.783144, 11.246254], [75.783137, 11.246035], [75.783139, 11.245821], [75.783134, 11.245664], [75.783136, 11.24553], [75.78314, 11.245435], [75.783144, 11.24539], [75.783164, 11.245327]]}, "properties": {"name": "Unnamed Road", "type": "residential"}}, {"type": "Feature", "geometry": {"type": "LineString", "coordinates": [[75.782507, 11.245273], [75.782103, 11.245264], [75.781638, 11.245256]]}, "properties": {"name": "Anie Hall Road", "type": "tertiary"}}, {"type": "Feature", "geometry": {"type": "LineString", "coordinates": [[75.78529, 11.243172], [75.785333, 11.243121], [75.785375, 11.243072], [75.785428, 11.243036], [75.785497, 11.243017], [75.785586, 11.243013], [75.785664, 11.243004], [75.785729, 11.242987]]}, "properties": {"name": "Unnamed Road", "type": "secondary"}}, {"type": "Feature", "geometry": {"type": "LineString", "coordinates": [[75.785624, 11.242977], [75.785547, 11.242958], [75.785499, 11.242942], [75.785476, 11.242921], [75.785446, 11.242902], [75.785425, 11.242873], [75.785398, 11.24284], [75.785379, 11.242782], [75.785364, 11.242651]]}, "properties": {"name": "Unnamed Road", "type": "secondary"}}, {"type": "Feature", "geometry": {"type": "LineString", "coordinates": [[75.785364, 11.242651], [75.785305, 11.242815], [75.785244, 11.242879], [75.785126, 11.242883], [75.784986, 11.242891]]}, "properties": {"name": "Unnamed Road", "type": "secondary"}}, {"type": "Feature", "geometry": {"type": "LineString", "coordinates": [[75.79688, 11.252635], [75.796907, 11.252809], [75.796908, 11.252883], [75.796848, 11.25309], [75.796808, 11.253262], [75.79674, 11.253649]]}, "properties": {"name": "Unnamed Road", "type": "residential"}}, {"type": "Feature", "geometry": {"type": "LineString", "coordinates": [[75.798152, 11.250329], [75.797706, 11.250323], [75.797212, 11.250292], [75.797022, 11.250221], [75.796759, 11.250123], [75.796536, 11.250047], [75.7964, 11.25], [75.796346, 11.249982], [75.796268, 11.249955], [75.795986, 11.249876], [75.79574, 11.249808], [75.795441, 11.249729]]}, "properties": {"name": "Unnamed Road", "type": "residential"}}, {"type": "Feature", "geometry": {"type": "LineString", "coordinates": [[75.795986, 11.249876], [75.796121, 11.249497], [75.796164, 11.249386], [75.79619, 11.249316], [75.796182, 11.249021], [75.79615, 11.248871], [75.79619, 11.248732], [75.796292, 11.24864], [75.7964, 11.248392]]}, "properties": {"name": "Unnamed Road", "type": "residential"}}, {"type": "Feature", "geometry": {"type": "LineString", "coordinates": [[75.7964, 11.25], [75.796633, 11.249374], [75.796826, 11.249442], [75.796923, 11.249492], [75.797153, 11.249471], [75.797248, 11.249518], [75.797338, 11.249563], [75.797129, 11.250068], [75.797022, 11.250221]]}, "properties": {"name": "Unnamed Road", "type": "residential"}}, {"type": "Feature", "geometry": {"type": "LineString", "coordinates": [[75.796633, 11.249374], [75.796617, 11.249153], [75.796606, 11.248995], [75.796671, 11.248726], [75.796722, 11.248516], [75.796775, 11.248072]]}, "properties": {"name": "Unnamed Road", "type": "residential"}}, {"type": "Feature", "geometry": {"type": "LineString", "coordinates": [[75.796645, 11.248065], [75.796678, 11.247717], [75.796759, 11.247374], [75.796738, 11.246611]]}, "properties": {"name": "Unnamed Road", "type": "tertiary"}}, {"type": "Feature", "geometry": {"type": "LineString", "coordinates": [[75.797096, 11.244421], [75.797121, 11.244957], [75.797117, 11.245263], [75.797116, 11.24532], [75.797102, 11.245535], [75.796848, 11.245564], [75.796791, 11.245564]]}, "properties": {"name": "Unnamed Road", "type": "tertiary"}}, {"type": "Feature", "geometry": {"type": "LineString", "coordinates": [[75.775601, 11.241937], [75.775275, 11.241879]]}, "properties": {"name": "Unnamed Road", "type": "residential"}}, {"type": "Feature", "geometry": {"type": "LineString", "coordinates": [[75.795781, 11.244053], [75.795421, 11.244107], [75.795164, 11.244111], [75.795145, 11.244114], [75.795129, 11.244122], [75.795124, 11.244141], [75.795119, 11.244842], [75.795123, 11.244883], [75.795151, 11.244925], [75.795248, 11.245003], [75.795302, 11.245078], [75.79534, 11.245169], [75.795354, 11.245427]]}, "properties": {"name": "Unnamed Road", "type": "residential"}}, {"type": "Feature", "geometry": {"type": "LineString", "coordinates": [[75.793346, 11.241826], [75.793413, 11.242373], [75.793452, 11.242597]]}, "properties": {"name": "Unnamed Road", "type": "residential"}}, {"type": "Feature", "geometry": {"type": "LineString", "coordinates": [[75.793117, 11.242766], [75.793452, 11.242597], [75.793499, 11.242578], [75.793846, 11.242369], [75.794424, 11.242198]]}, "properties": {"name": "Unnamed Road", "type": "residential"}}, {"type": "Feature", "geometry": {"type": "LineString", "coordinates": [[75.787322, 11.242965], [75.787282, 11.242645], [75.787319, 11.242289], [75.787333, 11.24214], [75.787354, 11.241926], [75.787349, 11.241723]]}, "properties": {"name": "Unnamed Road", "type": "residential"}}, {"type": "Feature", "geometry": {"type": "LineString", "coordinates": [[75.786549, 11.242991], [75.786589, 11.242628], [75.786614, 11.242224], [75.786632, 11.241829]]}, "properties": {"name": "Unnamed Road", "type": "residential"}}, {"type": "Feature", "geometry": {"type": "LineString", "coordinates": [[75.783976, 11.242941], [75.784263, 11.243014], [75.784414, 11.243051]]}, "properties": {"name": "Unnamed Road", "type": "residential"}}, {"type": "Feature", "geometry": {"type": "LineString", "coordinates": [[75.791571, 11.249336], [75.79089, 11.249387], [75.790943, 11.249061], [75.791095, 11.248176], [75.790706, 11.248043], [75.79072, 11.247755]]}, "properties": {"name": "Unnamed Road", "type": "residential"}}, {"type": "Feature", "geometry": {"type": "LineString", "coordinates": [[75.780137, 11.249628], [75.78022, 11.249676], [75.780373, 11.24975], [75.780465, 11.249774], [75.780585, 11.249808], [75.780704, 11.249835], [75.780717, 11.2499], [75.780714, 11.250061], [75.780714, 11.250179], [75.780711, 11.250284], [75.780711, 11.250376], [75.780711, 11.250534], [75.78073, 11.250624], [75.780744, 11.250768], [75.780744, 11.250824], [75.780744, 11.250913], [75.780752, 11.251055], [75.780757, 11.251155], [75.780758, 11.251237], [75.780758, 11.251326], [75.78076, 11.251399]]}, "properties": {"name": "Unnamed Road", "type": "residential"}}, {"type": "Feature", "geometry": {"type": "LineString", "coordinates": [[75.782297, 11.253499], [75.782015, 11.253383]]}, "properties": {"name": "Unnamed Road", "type": "primary"}}, {"type": "Feature", "geometry": {"type": "LineString", "coordinates": [[75.782024, 11.253818], [75.782297, 11.253499]]}, "properties": {"name": "Wayanad Road", "type": "primary"}}, {"type": "Feature", "geometry": {"type": "LineString", "coordinates": [[75.793171, 11.241868], [75.793171, 11.241807], [75.793168, 11.241584], [75.793183, 11.241394], [75.793144, 11.240996], [75.793125, 11.240822]]}, "properties": {"name": "Unnamed Road", "type": "residential"}}, {"type": "Feature", "geometry": {"type": "LineString", "coordinates": [[75.792343, 11.241834], [75.792365, 11.241763], [75.792377, 11.241714], [75.792388, 11.241675], [75.792401, 11.241617], [75.792412, 11.241578], [75.792424, 11.241534], [75.79244, 11.241496], [75.792446, 11.24145], [75.79246, 11.24139], [75.792473, 11.241324], [75.792489, 11.241227], [75.792498, 11.241179]]}, "properties": {"name": "Unnamed Road", "type": "residential"}}, {"type": "Feature", "geometry": {"type": "LineString", "coordinates": [[75.781908, 11.254373], [75.782107, 11.254481], [75.782251, 11.25456], [75.782335, 11.254586], [75.782427, 11.254595], [75.782517, 11.254612], [75.782731, 11.254665], [75.782938, 11.254663], [75.783006, 11.254663], [75.783247, 11.254693], [75.78343, 11.25472], [75.783599, 11.254752], [75.783616, 11.254755], [75.783762, 11.254786], [75.784069, 11.254925], [75.784752, 11.255206], [75.78499, 11.255306], [75.785377, 11.255402], [75.785795, 11.255467], [75.785974, 11.255467], [75.786038, 11.255468]]}, "properties": {"name": "Pavamoni Road", "type": "primary"}}, {"type": "Feature", "geometry": {"type": "LineString", "coordinates": [[75.79809, 11.248081], [75.798077, 11.248173], [75.798063, 11.248244], [75.798038, 11.248296], [75.798034, 11.248365], [75.798029, 11.248391], [75.798104, 11.248401], [75.798088, 11.248475], [75.798069, 11.24852], [75.798055, 11.248583], [75.798031, 11.248644], [75.798021, 11.248693], [75.797999, 11.248749], [75.797984, 11.248791], [75.797969, 11.24883], [75.797948, 11.248883], [75.797927, 11.248943], [75.797911, 11.248996], [75.797959, 11.249001], [75.798023, 11.249017], [75.79805, 11.249028]]}, "properties": {"name": "Unnamed Road", "type": "residential"}}, {"type": "Feature", "geometry": {"type": "LineString", "coordinates": [[75.797984, 11.248791], [75.797897, 11.248772], [75.797841, 11.248757], [75.79779, 11.248736], [75.797712, 11.248722], [75.797645, 11.248696], [75.797594, 11.248683], [75.797516, 11.248683], [75.797438, 11.24867], [75.797379, 11.248658]]}, "properties": {"name": "Unnamed Road", "type": "residential"}}, {"type": "Feature", "geometry": {"type": "LineString", "coordinates": [[75.787642, 11.247364], [75.787562, 11.247359], [75.787514, 11.247356], [75.787458, 11.247356], [75.787404, 11.247356], [75.787356, 11.247348], [75.787313, 11.247348], [75.787248, 11.247348], [75.787176, 11.247348], [75.787109, 11.247351], [75.787042, 11.247343], [75.786975, 11.247351], [75.786894, 11.247351], [75.786789, 11.247357]]}, "properties": {"name": "Unnamed Road", "type": "residential"}}, {"type": "Feature", "geometry": {"type": "LineString", "coordinates": [[75.790739, 11.246355], [75.790752, 11.246286], [75.790765, 11.246252], [75.790773, 11.246199], [75.790795, 11.246133], [75.790809, 11.246089]]}, "properties": {"name": "Unnamed Road", "type": "residential"}}, {"type": "Feature", "geometry": {"type": "LineString", "coordinates": [[75.796738, 11.246611], [75.796776, 11.246613], [75.796819, 11.246608], [75.796819, 11.246552], [75.796813, 11.246495], [75.796811, 11.246437], [75.796811, 11.24636], [75.796811, 11.246295], [75.796813, 11.246232], [75.796859, 11.246234], [75.796894, 11.246234], [75.796891, 11.246197], [75.796888, 11.246139], [75.796887, 11.246116], [75.796886, 11.246087], [75.796878, 11.246047]]}, "properties": {"name": "Unnamed Road", "type": "tertiary"}}, {"type": "Feature", "geometry": {"type": "LineString", "coordinates": [[75.796878, 11.246047], [75.79684, 11.246042], [75.796813, 11.246042], [75.796803, 11.246], [75.7968, 11.24594], [75.796786, 11.245895], [75.796754, 11.245884]]}, "properties": {"name": "Unnamed Road", "type": "tertiary"}}, {"type": "Feature", "geometry": {"type": "LineString", "coordinates": [[75.796754, 11.245884], [75.796744, 11.245826], [75.796744, 11.245787], [75.796741, 11.245726], [75.796741, 11.245695], [75.796741, 11.245658], [75.796752, 11.245608], [75.79677, 11.245577], [75.796791, 11.245564]]}, "properties": {"name": "Unnamed Road", "type": "tertiary"}}, {"type": "Feature", "geometry": {"type": "LineString", "coordinates": [[75.79682, 11.243245], [75.796776, 11.243206], [75.796746, 11.243188], [75.796722, 11.243159], [75.796709, 11.243125]]}, "properties": {"name": "Unnamed Road", "type": "tertiary"}}, {"type": "Feature", "geometry": {"type": "LineString", "coordinates": [[75.796709, 11.243125], [75.796711, 11.243104], [75.796725, 11.243072], [75.796741, 11.243048], [75.796765, 11.243033], [75.796797, 11.243019], [75.796824, 11.243012], [75.796846, 11.243009], [75.796872, 11.242998], [75.796864, 11.242972], [75.796854, 11.242896], [75.796848, 11.242869], [75.796846, 11.242833], [75.796846, 11.242783], [75.796902, 11.242737]]}, "properties": {"name": "Unnamed Road", "type": "tertiary"}}, {"type": "Feature", "geometry": {"type": "LineString", "coordinates": [[75.797481, 11.248077], [75.797475, 11.248126], [75.797467, 11.248171], [75.797459, 11.248226], [75.797446, 11.248282], [75.797438, 11.248334], [75.797427, 11.248379], [75.797419, 11.248432], [75.797406, 11.248479], [75.797395, 11.248532], [75.797395, 11.248592], [75.797387, 11.248626], [75.797379, 11.248658], [75.797347, 11.24875], [75.797336, 11.248797], [75.797331, 11.248868], [75.797392, 11.248892], [75.797384, 11.248952], [75.797373, 11.249016], [75.79736, 11.249052]]}, "properties": {"name": "Unnamed Road", "type": "residential"}}, {"type": "Feature", "geometry": {"type": "LineString", "coordinates": [[75.79736, 11.249052], [75.797349, 11.249108], [75.797331, 11.249155], [75.79732, 11.249208], [75.797296, 11.249263], [75.797288, 11.249305], [75.797277, 11.249352], [75.797266, 11.249397], [75.797261, 11.249452], [75.797253, 11.2495], [75.797248, 11.249518]]}, "properties": {"name": "Unnamed Road", "type": "residential"}}, {"type": "Feature", "geometry": {"type": "LineString", "coordinates": [[75.796671, 11.248726], [75.796722, 11.248737], [75.79677, 11.248742], [75.796813, 11.248758], [75.796861, 11.248774], [75.796923, 11.248776], [75.796979, 11.248784], [75.797052, 11.248803], [75.797089, 11.248808], [75.797127, 11.248818], [75.797167, 11.248837], [75.797199, 11.248842], [75.797261, 11.248866], [75.797293, 11.248868], [75.797331, 11.248868]]}, "properties": {"name": "Unnamed Road", "type": "residential"}}, {"type": "Feature", "geometry": {"type": "LineString", "coordinates": [[75.793124, 11.247872], [75.793124, 11.247898], [75.793124, 11.247932], [75.793124, 11.247983], [75.793121, 11.248017], [75.793113, 11.248059], [75.793113, 11.248106], [75.793077, 11.248166]]}, "properties": {"name": "Unnamed Road", "type": "residential"}}, {"type": "Feature", "geometry": {"type": "LineString", "coordinates": [[75.795716, 11.248022], [75.79572, 11.247984], [75.795722, 11.247942], [75.795725, 11.2479], [75.795727, 11.247863], [75.795733, 11.247821], [75.795741, 11.247776], [75.795746, 11.247732], [75.795752, 11.247676], [75.795754, 11.247637], [75.795749, 11.247611], [75.795789, 11.247613], [75.795821, 11.247616], [75.795854, 11.247616], [75.795888, 11.247616], [75.795918, 11.247621], [75.795923, 11.247574], [75.795926, 11.247534], [75.795929, 11.2475], [75.795934, 11.247453], [75.795937, 11.247403], [75.795913, 11.247369], [75.795888, 11.247316], [75.795872, 11.247282], [75.795854, 11.24724], [75.795829, 11.247208], [75.795792, 11.24719], [75.795754, 11.247171], [75.795714, 11.247153], [75.795702, 11.2471], [75.795698, 11.247084], [75.79569, 11.24704], [75.79566, 11.246982], [75.795607, 11.246913], [75.795537, 11.24685], [75.795513, 11.246824], [75.795467, 11.246782], [75.795444, 11.246741], [75.795417, 11.246678], [75.795407, 11.246643]]}, "properties": {"name": "Unnamed Road", "type": "residential"}}, {"type": "Feature", "geometry": {"type": "LineString", "coordinates": [[75.796813, 11.246042], [75.796797, 11.246043], [75.796756, 11.246041], [75.796719, 11.246041], [75.796668, 11.246043], [75.796617, 11.246049], [75.796494, 11.246046], [75.796523, 11.246121], [75.79653, 11.246169], [75.796534, 11.246222], [75.796526, 11.246264], [75.796492, 11.246297], [75.796448, 11.246321], [75.796406, 11.246334], [75.796359, 11.246333], [75.796314, 11.246333], [75.796274, 11.246327], [75.796236, 11.246343], [75.796196, 11.246354], [75.796148, 11.246359], [75.796097, 11.246367], [75.796054, 11.246383], [75.796019, 11.246393], [75.795976, 11.246388], [75.795936, 11.246385], [75.795909, 11.246404], [75.795903, 11.246459], [75.795901, 11.246504], [75.795878, 11.246526], [75.795842, 11.246527], [75.795804, 11.246535], [75.795764, 11.246543], [75.795727, 11.246548], [75.795689, 11.246548], [75.795662, 11.246548], [75.795622, 11.246551], [75.795568, 11.246546], [75.795523, 11.246543], [75.795523, 11.246583], [75.795493, 11.246593], [75.795456, 11.246591], [75.795405, 11.246596], [75.795407, 11.246643]]}, "properties": {"name": "Unnamed Road", "type": "residential"}}, {"type": "Feature", "geometry": {"type": "LineString", "coordinates": [[75.797481, 11.248077], [75.797489, 11.247978], [75.797505, 11.247889], [75.797505, 11.247805], [75.7975, 11.247726], [75.797483, 11.247615], [75.797494, 11.247536], [75.797505, 11.247442], [75.797521, 11.247357], [75.797585, 11.247363], [75.79765, 11.247347], [75.797709, 11.247357], [75.797714, 11.247279], [75.797714, 11.247158], [75.797714, 11.247068], [75.797714, 11.247], [75.797714, 11.246937]]}, "properties": {"name": "Unnamed Road", "type": "residential"}}, {"type": "Feature", "geometry": {"type": "LineString", "coordinates": [[75.782629, 11.241795], [75.782732, 11.241517], [75.782763, 11.241353], [75.782816, 11.241136], [75.782899, 11.240773], [75.782811, 11.240642], [75.782749, 11.240492], [75.782716, 11.240337], [75.782709, 11.240306], [75.782652, 11.240139], [75.782643, 11.240102]]}, "properties": {"name": "Unnamed Road", "type": "residential"}}, {"type": "Feature", "geometry": {"type": "LineString", "coordinates": [[75.789624, 11.245137], [75.789746, 11.245056], [75.790068, 11.245062], [75.790459, 11.245125], [75.790641, 11.245187], [75.791045, 11.24519], [75.79129, 11.245212], [75.791488, 11.245229], [75.791682, 11.245202], [75.791974, 11.245155], [75.792392, 11.245143], [75.792681, 11.245125], [75.79302, 11.24508], [75.793115, 11.245045], [75.79336, 11.24505], [75.793464, 11.245056], [75.793536, 11.244988], [75.793731, 11.244868]]}, "properties": {"name": "Unnamed Road", "type": "residential"}}, {"type": "Feature", "geometry": {"type": "LineString", "coordinates": [[75.787152, 11.24096], [75.78767, 11.241039], [75.787884, 11.241055], [75.788687, 11.241113]]}, "properties": {"name": "Unnamed Road", "type": "residential"}}, {"type": "Feature", "geometry": {"type": "LineString", "coordinates": [[75.787678, 11.24171], [75.7876, 11.241713], [75.787556, 11.241492], [75.78762, 11.241366], [75.78767, 11.241039]]}, "properties": {"name": "Unnamed Road", "type": "residential"}}, {"type": "Feature", "geometry": {"type": "LineString", "coordinates": [[75.790056, 11.244533], [75.78973, 11.244442], [75.789423, 11.244397], [75.78915, 11.244363], [75.789088, 11.244064], [75.789071, 11.24398]]}, "properties": {"name": "Unnamed Road", "type": "residential"}}, {"type": "Feature", "geometry": {"type": "LineString", "coordinates": [[75.790958, 11.246137], [75.791016, 11.246014], [75.791031, 11.245831], [75.791037, 11.245717], [75.791263, 11.24574], [75.791293, 11.245593]]}, "properties": {"name": "Unnamed Road", "type": "residential"}}, {"type": "Feature", "geometry": {"type": "LineString", "coordinates": [[75.782731, 11.254665], [75.78272, 11.255026], [75.782704, 11.25523]]}, "properties": {"name": "Unnamed Road", "type": "residential"}}, {"type": "Feature", "geometry": {"type": "LineString", "coordinates": [[75.783616, 11.254755], [75.783652, 11.254632], [75.783748, 11.25443], [75.783788, 11.254304], [75.783585, 11.254199], [75.783529, 11.254141], [75.783412, 11.254125], [75.78312, 11.254103], [75.782991, 11.254091]]}, "properties": {"name": "Unnamed Road", "type": "residential"}}, {"type": "Feature", "geometry": {"type": "LineString", "coordinates": [[75.775346, 11.241514], [75.775432, 11.241532], [75.775605, 11.241556], [75.775727, 11.241567], [75.775847, 11.241602], [75.775909, 11.241602], [75.775922, 11.241664], [75.775924, 11.24181]]}, "properties": {"name": "Unnamed Road", "type": "residential"}}, {"type": "Feature", "geometry": {"type": "LineString", "coordinates": [[75.776342, 11.249599], [75.776412, 11.249328], [75.776407, 11.249207], [75.776423, 11.248963]]}, "properties": {"name": "Unnamed Road", "type": "residential"}}, {"type": "Feature", "geometry": {"type": "LineString", "coordinates": [[75.77733, 11.249396], [75.777211, 11.249764]]}, "properties": {"name": "Unnamed Road", "type": "residential"}}, {"type": "Feature", "geometry": {"type": "LineString", "coordinates": [[75.786078, 11.25259], [75.786169, 11.251612]]}, "properties": {"name": "Unnamed Road", "type": "residential"}}, {"type": "Feature", "geometry": {"type": "LineString", "coordinates": [[75.784834, 11.252434], [75.784834, 11.252217]]}, "properties": {"name": "Unnamed Road", "type": "residential"}}, {"type": "Feature", "geometry": {"type": "LineString", "coordinates": [[75.788762, 11.251932], [75.788739, 11.251059], [75.789611, 11.251039], [75.790569, 11.251033]]}, "properties": {"name": "Unnamed Road", "type": "residential"}}, {"type": "Feature", "geometry": {"type": "LineString", "coordinates": [[75.790547, 11.2521], [75.790547, 11.251533], [75.79058, 11.251091], [75.790569, 11.251033], [75.790559, 11.250706], [75.790558, 11.250665], [75.790378, 11.250658], [75.789836, 11.250667], [75.789611, 11.250669], [75.789576, 11.250684], [75.789568, 11.250719], [75.789611, 11.251039], [75.789587, 11.2511], [75.789576, 11.251266], [75.78956, 11.251318], [75.789531, 11.251374], [75.789464, 11.251505], [75.789437, 11.251558], [75.789413, 11.251629], [75.789363, 11.251958]]}, "properties": {"name": "Unnamed Road", "type": "residential"}}, {"type": "Feature", "geometry": {"type": "LineString", "coordinates": [[75.795289, 11.249312], [75.795546, 11.249312], [75.796164, 11.249386]]}, "properties": {"name": "Unnamed Road", "type": "residential"}}, {"type": "Feature", "geometry": {"type": "LineString", "coordinates": [[75.796182, 11.249021], [75.796265, 11.249012], [75.796617, 11.249153]]}, "properties": {"name": "Unnamed Road", "type": "residential"}}, {"type": "Feature", "geometry": {"type": "LineString", "coordinates": [[75.794756, 11.245516], [75.795013, 11.245498], [75.795058, 11.245493], [75.795128, 11.24548], [75.795219, 11.245438], [75.795298, 11.245424], [75.795354, 11.245427], [75.795497, 11.245438], [75.795588, 11.245436], [75.795672, 11.245416], [75.795805, 11.245397], [75.795837, 11.245394], [75.795859, 11.245408], [75.795874, 11.245451], [75.795892, 11.245544], [75.795913, 11.245603], [75.795949, 11.245675], [75.795977, 11.245763], [75.795998, 11.245876], [75.796005, 11.245909], [75.796045, 11.245982], [75.796108, 11.246037], [75.796193, 11.246075], [75.796266, 11.246077], [75.796328, 11.246069], [75.796454, 11.246051], [75.796494, 11.246046], [75.796476, 11.245975], [75.796422, 11.245776], [75.796419, 11.245737], [75.796562, 11.245695], [75.796662, 11.245644], [75.79677, 11.245577]]}, "properties": {"name": "Unnamed Road", "type": "residential"}}, {"type": "Feature", "geometry": {"type": "LineString", "coordinates": [[75.793601, 11.246629], [75.793935, 11.246629]]}, "properties": {"name": "Unnamed Road", "type": "residential"}}, {"type": "Feature", "geometry": {"type": "LineString", "coordinates": [[75.79272, 11.246645], [75.792704, 11.247113], [75.792639, 11.247857]]}, "properties": {"name": "Unnamed Road", "type": "residential"}}, {"type": "Feature", "geometry": {"type": "LineString", "coordinates": [[75.792317, 11.246671], [75.792296, 11.246635], [75.792275, 11.246498], [75.792275, 11.246206]]}, "properties": {"name": "Unnamed Road", "type": "residential"}}, {"type": "Feature", "geometry": {"type": "LineString", "coordinates": [[75.792317, 11.246671], [75.792307, 11.246819], [75.792334, 11.247077]]}, "properties": {"name": "Unnamed Road", "type": "residential"}}, {"type": "Feature", "geometry": {"type": "LineString", "coordinates": [[75.792859, 11.246626], [75.79272, 11.246645], [75.792473, 11.246677], [75.792317, 11.246671]]}, "properties": {"name": "Unnamed Road", "type": "residential"}}, {"type": "Feature", "geometry": {"type": "LineString", "coordinates": [[75.792859, 11.246626], [75.792892, 11.246261]]}, "properties": {"name": "Unnamed Road", "type": "residential"}}, {"type": "Feature", "geometry": {"type": "LineString", "coordinates": [[75.793578, 11.245945], [75.79391, 11.245966]]}, "properties": {"name": "Unnamed Road", "type": "residential"}}, {"type": "Feature", "geometry": {"type": "LineString", "coordinates": [[75.792918, 11.245529], [75.792607, 11.245566], [75.792446, 11.245561], [75.792392, 11.245143]]}, "properties": {"name": "Unnamed Road", "type": "residential"}}, {"type": "Feature", "geometry": {"type": "LineString", "coordinates": [[75.79129, 11.245212], [75.791309, 11.245293], [75.791293, 11.245593]]}, "properties": {"name": "Unnamed Road", "type": "residential"}}, {"type": "Feature", "geometry": {"type": "LineString", "coordinates": [[75.78956, 11.247119], [75.789485, 11.247356], [75.789425, 11.247712]]}, "properties": {"name": "Unnamed Road", "type": "residential"}}, {"type": "Feature", "geometry": {"type": "LineString", "coordinates": [[75.78911, 11.246456], [75.788423, 11.246456], [75.78833, 11.2465]]}, "properties": {"name": "Unnamed Road", "type": "residential"}}, {"type": "Feature", "geometry": {"type": "LineString", "coordinates": [[75.789967, 11.247725], [75.789941, 11.248177]]}, "properties": {"name": "Unnamed Road", "type": "residential"}}, {"type": "Feature", "geometry": {"type": "LineString", "coordinates": [[75.790889, 11.249664], [75.79089, 11.249387]]}, "properties": {"name": "Unnamed Road", "type": "residential"}}, {"type": "Feature", "geometry": {"type": "LineString", "coordinates": [[75.795445, 11.251617], [75.79545, 11.251838], [75.795412, 11.25235]]}, "properties": {"name": "Unnamed Road", "type": "residential"}}, {"type": "Feature", "geometry": {"type": "LineString", "coordinates": [[75.796127, 11.25234], [75.796212, 11.251712], [75.796211, 11.251615], [75.796206, 11.251259]]}, "properties": {"name": "Unnamed Road", "type": "residential"}}, {"type": "Feature", "geometry": {"type": "LineString", "coordinates": [[75.798105, 11.250472], [75.798191, 11.25062], [75.798149, 11.251497], [75.798176, 11.252121], [75.797645, 11.251988], [75.797439, 11.251863]]}, "properties": {"name": "Unnamed Road", "type": "residential"}}, {"type": "Feature", "geometry": {"type": "LineString", "coordinates": [[75.782796, 11.243927], [75.782785, 11.243835], [75.78278, 11.243803], [75.782796, 11.243567], [75.782828, 11.243135], [75.782839, 11.242798], [75.782773, 11.242732], [75.782731, 11.242689], [75.782731, 11.242682]]}, "properties": {"name": "Unnamed Road", "type": "residential"}}, {"type": "Feature", "geometry": {"type": "LineString", "coordinates": [[75.783349, 11.242788], [75.783381, 11.242998], [75.78337, 11.243367], [75.783295, 11.243861], [75.783279, 11.243948]]}, "properties": {"name": "Unnamed Road", "type": "residential"}}, {"type": "Feature", "geometry": {"type": "LineString", "coordinates": [[75.779303, 11.245019], [75.779191, 11.245514]]}, "properties": {"name": "Unnamed Road", "type": "residential"}}, {"type": "Feature", "geometry": {"type": "LineString", "coordinates": [[75.77848, 11.245555], [75.778487, 11.245829], [75.778466, 11.24594]]}, "properties": {"name": "Unnamed Road", "type": "residential"}}, {"type": "Feature", "geometry": {"type": "LineString", "coordinates": [[75.777169, 11.245161], [75.777131, 11.245119], [75.777111, 11.245047], [75.777024, 11.245045], [75.776898, 11.245042], [75.776746, 11.245076]]}, "properties": {"name": "Unnamed Road", "type": "residential"}}, {"type": "Feature", "geometry": {"type": "LineString", "coordinates": [[75.776782, 11.246724], [75.777764, 11.246707]]}, "properties": {"name": "Unnamed Road", "type": "residential"}}, {"type": "Feature", "geometry": {"type": "LineString", "coordinates": [[75.777241, 11.248255], [75.777913, 11.248261]]}, "properties": {"name": "Unnamed Road", "type": "residential"}}, {"type": "Feature", "geometry": {"type": "LineString", "coordinates": [[75.776026, 11.24717], [75.776004, 11.247123], [75.775972, 11.246886], [75.77599, 11.246661], [75.776015, 11.24585]]}, "properties": {"name": "Unnamed Road", "type": "residential"}}, {"type": "Feature", "geometry": {"type": "LineString", "coordinates": [[75.776026, 11.24717], [75.775838, 11.247433], [75.775837, 11.24746], [75.775827, 11.247775], [75.775779, 11.248175]]}, "properties": {"name": "Unnamed Road", "type": "residential"}}, {"type": "Feature", "geometry": {"type": "LineString", "coordinates": [[75.776026, 11.24717], [75.776546, 11.247249], [75.77661, 11.247305]]}, "properties": {"name": "Unnamed Road", "type": "residential"}}, {"type": "Feature", "geometry": {"type": "LineString", "coordinates": [[75.775516, 11.248559], [75.775516, 11.248175]]}, "properties": {"name": "Unnamed Road", "type": "residential"}}, {"type": "Feature", "geometry": {"type": "LineString", "coordinates": [[75.775604, 11.246102], [75.775323, 11.245987], [75.77473, 11.245924]]}, "properties": {"name": "Unnamed Road", "type": "residential"}}, {"type": "Feature", "geometry": {"type": "LineString", "coordinates": [[75.775398, 11.245204], [75.775489, 11.244535]]}, "properties": {"name": "Unnamed Road", "type": "residential"}}, {"type": "Feature", "geometry": {"type": "LineString", "coordinates": [[75.776401, 11.243856], [75.77645, 11.243398], [75.776482, 11.243225]]}, "properties": {"name": "Unnamed Road", "type": "residential"}}, {"type": "Feature", "geometry": {"type": "LineString", "coordinates": [[75.77384, 11.242898], [75.774389, 11.243014], [75.775167, 11.243145], [75.77517, 11.243151], [75.775817, 11.24321], [75.775929, 11.242482]]}, "properties": {"name": "Unnamed Road", "type": "residential"}}, {"type": "Feature", "geometry": {"type": "LineString", "coordinates": [[75.774695, 11.242415], [75.774786, 11.242047], [75.774867, 11.241926], [75.774968, 11.241847], [75.775275, 11.241879]]}, "properties": {"name": "Unnamed Road", "type": "residential"}}, {"type": "Feature", "geometry": {"type": "LineString", "coordinates": [[75.77781, 11.242425], [75.778424, 11.242562], [75.778496, 11.242573], [75.77856, 11.242575]]}, "properties": {"name": "Unnamed Road", "type": "residential"}}, {"type": "Feature", "geometry": {"type": "LineString", "coordinates": [[75.779083, 11.240979], [75.779046, 11.241988]]}, "properties": {"name": "Unnamed Road", "type": "residential"}}, {"type": "Feature", "geometry": {"type": "LineString", "coordinates": [[75.77856, 11.242575], [75.778617, 11.242562], [75.778673, 11.242525], [75.778754, 11.242462], [75.778788, 11.242446], [75.778824, 11.242435], [75.778882, 11.242436], [75.779276, 11.242509], [75.779491, 11.242556], [75.779807, 11.242646]]}, "properties": {"name": "Unnamed Road", "type": "residential"}}, {"type": "Feature", "geometry": {"type": "LineString", "coordinates": [[75.784846, 11.241566], [75.784979, 11.242246], [75.78488, 11.242799]]}, "properties": {"name": "Unnamed Road", "type": "residential"}}, {"type": "Feature", "geometry": {"type": "LineString", "coordinates": [[75.786985, 11.244045], [75.786936, 11.244558]]}, "properties": {"name": "Unnamed Road", "type": "residential"}}, {"type": "Feature", "geometry": {"type": "LineString", "coordinates": [[75.786985, 11.244045], [75.786468, 11.24402]]}, "properties": {"name": "Unnamed Road", "type": "residential"}}, {"type": "Feature", "geometry": {"type": "LineString", "coordinates": [[75.786985, 11.244045], [75.787089, 11.243635], [75.7872, 11.243346]]}, "properties": {"name": "Unnamed Road", "type": "residential"}}, {"type": "Feature", "geometry": {"type": "LineString", "coordinates": [[75.7872, 11.243346], [75.787205, 11.243051], [75.787205, 11.242976]]}, "properties": {"name": "Unnamed Road", "type": "residential"}}, {"type": "Feature", "geometry": {"type": "LineString", "coordinates": [[75.789008, 11.242833], [75.788971, 11.24363], [75.788815, 11.244056], [75.788815, 11.244172]]}, "properties": {"name": "Unnamed Road", "type": "residential"}}, {"type": "Feature", "geometry": {"type": "LineString", "coordinates": [[75.78883, 11.241543], [75.788798, 11.241841], [75.788766, 11.241998], [75.788514, 11.242488], [75.788556, 11.242704]]}, "properties": {"name": "Unnamed Road", "type": "residential"}}, {"type": "Feature", "geometry": {"type": "LineString", "coordinates": [[75.787678, 11.24171], [75.788283, 11.241735], [75.788493, 11.241714]]}, "properties": {"name": "Unnamed Road", "type": "residential"}}, {"type": "Feature", "geometry": {"type": "LineString", "coordinates": [[75.7876, 11.241713], [75.787349, 11.241723]]}, "properties": {"name": "Unnamed Road", "type": "residential"}}, {"type": "Feature", "geometry": {"type": "LineString", "coordinates": [[75.787333, 11.24214], [75.787607, 11.242119]]}, "properties": {"name": "Unnamed Road", "type": "residential"}}, {"type": "Feature", "geometry": {"type": "LineString", "coordinates": [[75.785812, 11.241509], [75.786584, 11.241621]]}, "properties": {"name": "Unnamed Road", "type": "residential"}}, {"type": "Feature", "geometry": {"type": "LineString", "coordinates": [[75.792338, 11.243408], [75.792268, 11.243119], [75.791662, 11.243072], [75.791624, 11.243088], [75.791549, 11.24324], [75.791228, 11.243261], [75.791008, 11.243166], [75.790847, 11.24304]]}, "properties": {"name": "Unnamed Road", "type": "residential"}}, {"type": "Feature", "geometry": {"type": "LineString", "coordinates": [[75.791228, 11.243261], [75.791148, 11.243651], [75.790955, 11.243995]]}, "properties": {"name": "Unnamed Road", "type": "residential"}}, {"type": "Feature", "geometry": {"type": "LineString", "coordinates": [[75.792338, 11.243408], [75.792285, 11.243461], [75.791362, 11.244115]]}, "properties": {"name": "Unnamed Road", "type": "residential"}}, {"type": "Feature", "geometry": {"type": "LineString", "coordinates": [[75.792338, 11.243408], [75.792618, 11.243372]]}, "properties": {"name": "Unnamed Road", "type": "residential"}}, {"type": "Feature", "geometry": {"type": "LineString", "coordinates": [[75.793339, 11.243856], [75.792983, 11.243898]]}, "properties": {"name": "Unnamed Road", "type": "residential"}}, {"type": "Feature", "geometry": {"type": "LineString", "coordinates": [[75.794448, 11.243339], [75.794482, 11.24361]]}, "properties": {"name": "Unnamed Road", "type": "residential"}}, {"type": "Feature", "geometry": {"type": "LineString", "coordinates": [[75.7954, 11.242228], [75.795045, 11.242235], [75.79504, 11.24223], [75.794424, 11.242198]]}, "properties": {"name": "Unnamed Road", "type": "residential"}}, {"type": "Feature", "geometry": {"type": "LineString", "coordinates": [[75.793452, 11.242597], [75.793475, 11.242888]]}, "properties": {"name": "Unnamed Road", "type": "residential"}}, {"type": "Feature", "geometry": {"type": "LineString", "coordinates": [[75.793421, 11.241088], [75.79341, 11.241457], [75.793432, 11.241614], [75.79348, 11.241738]]}, "properties": {"name": "Unnamed Road", "type": "residential"}}, {"type": "Feature", "geometry": {"type": "LineString", "coordinates": [[75.792831, 11.241862], [75.792874, 11.241293], [75.792874, 11.241072]]}, "properties": {"name": "Unnamed Road", "type": "residential"}}, {"type": "Feature", "geometry": {"type": "LineString", "coordinates": [[75.796206, 11.251259], [75.796158, 11.251024], [75.796176, 11.250758], [75.796175, 11.250691], [75.79617, 11.250511], [75.796226, 11.250279], [75.796346, 11.249982]]}, "properties": {"name": "Unnamed Road", "type": "residential"}}, {"type": "Feature", "geometry": {"type": "LineString", "coordinates": [[75.796175, 11.250691], [75.795536, 11.250607], [75.79534, 11.250582], [75.795441, 11.249729]]}, "properties": {"name": "Unnamed Road", "type": "residential"}}, {"type": "Feature", "geometry": {"type": "LineString", "coordinates": [[75.795445, 11.251617], [75.795512, 11.251361], [75.795536, 11.250607]]}, "properties": {"name": "Unnamed Road", "type": "residential"}}, {"type": "Feature", "geometry": {"type": "LineString", "coordinates": [[75.795445, 11.251617], [75.796211, 11.251615]]}, "properties": {"name": "Unnamed Road", "type": "residential"}}, {"type": "Feature", "geometry": {"type": "LineString", "coordinates": [[75.788726, 11.241515], [75.788687, 11.241113], [75.78872, 11.240792], [75.788705, 11.24074], [75.788646, 11.240532], [75.788557, 11.240219]]}, "properties": {"name": "Unnamed Road", "type": "residential"}}, {"type": "Feature", "geometry": {"type": "LineString", "coordinates": [[75.790709, 11.249682], [75.790732, 11.250349], [75.790385, 11.250366], [75.790378, 11.250658]]}, "properties": {"name": "Unnamed Road", "type": "residential"}}, {"type": "Feature", "geometry": {"type": "LineString", "coordinates": [[75.79116, 11.250615], [75.790559, 11.250706]]}, "properties": {"name": "Unnamed Road", "type": "residential"}}, {"type": "Feature", "geometry": {"type": "LineString", "coordinates": [[75.786632, 11.241829], [75.786584, 11.241621]]}, "properties": {"name": "Unnamed Road", "type": "residential"}}, {"type": "Feature", "geometry": {"type": "LineString", "coordinates": [[75.786584, 11.241621], [75.787349, 11.241723]]}, "properties": {"name": "Unnamed Road", "type": "residential"}}, {"type": "Feature", "geometry": {"type": "LineString", "coordinates": [[75.786584, 11.241621], [75.786584, 11.240876]]}, "properties": {"name": "Unnamed Road", "type": "residential"}}, {"type": "Feature", "geometry": {"type": "LineString", "coordinates": [[75.776492, 11.241777], [75.776809, 11.241818], [75.777176, 11.242031]]}, "properties": {"name": "Unnamed Road", "type": "residential"}}, {"type": "Feature", "geometry": {"type": "LineString", "coordinates": [[75.776701, 11.242648], [75.776836, 11.242298], [75.776865, 11.242093], [75.776809, 11.241818]]}, "properties": {"name": "Unnamed Road", "type": "residential"}}, {"type": "Feature", "geometry": {"type": "LineString", "coordinates": [[75.775922, 11.241664], [75.776047, 11.24169], [75.776492, 11.241777]]}, "properties": {"name": "Unnamed Road", "type": "residential"}}, {"type": "Feature", "geometry": {"type": "LineString", "coordinates": [[75.785558, 11.250968], [75.785479, 11.250817], [75.785339, 11.250638], [75.785311, 11.250526], [75.785283, 11.250414], [75.785353, 11.250221], [75.785694, 11.250286], [75.785804, 11.249712]]}, "properties": {"name": "Unnamed Road", "type": "residential"}}, {"type": "Feature", "geometry": {"type": "LineString", "coordinates": [[75.782991, 11.254091], [75.782952, 11.254308], [75.78299, 11.254345], [75.782938, 11.254663]]}, "properties": {"name": "Unnamed Road", "type": "residential"}}, {"type": "Feature", "geometry": {"type": "LineString", "coordinates": [[75.787572, 11.244206], [75.788093, 11.244209], [75.78822, 11.244228], [75.788041, 11.244836]]}, "properties": {"name": "Unnamed Road", "type": "residential"}}, {"type": "Feature", "geometry": {"type": "LineString", "coordinates": [[75.78822, 11.244228], [75.788474, 11.244338], [75.788586, 11.24444], [75.788616, 11.244528], [75.788558, 11.244919], [75.788537, 11.245055]]}, "properties": {"name": "Unnamed Road", "type": "residential"}}, {"type": "Feature", "geometry": {"type": "LineString", "coordinates": [[75.788558, 11.244919], [75.788649, 11.244938], [75.788743, 11.244986], [75.788821, 11.245055], [75.788782, 11.245607]]}, "properties": {"name": "Unnamed Road", "type": "residential"}}, {"type": "Feature", "geometry": {"type": "LineString", "coordinates": [[75.787692, 11.243854], [75.788149, 11.243924], [75.788237, 11.243929], [75.788325, 11.243934], [75.788414, 11.243909], [75.788474, 11.243737], [75.788485, 11.243619], [75.788481, 11.243543], [75.788414, 11.243484], [75.78787, 11.243423]]}, "properties": {"name": "Unnamed Road", "type": "residential"}}, {"type": "Feature", "geometry": {"type": "LineString", "coordinates": [[75.78822, 11.244228], [75.788237, 11.243929]]}, "properties": {"name": "Unnamed Road", "type": "residential"}}, {"type": "Feature", "geometry": {"type": "LineString", "coordinates": [[75.77709, 11.242193], [75.777367, 11.242451], [75.777761, 11.242598]]}, "properties": {"name": "Unnamed Road", "type": "residential"}}, {"type": "Feature", "geometry": {"type": "LineString", "coordinates": [[75.783707, 11.241872], [75.783409, 11.241747], [75.783359, 11.241724], [75.783366, 11.241655], [75.783553, 11.241233], [75.783643, 11.241145], [75.783703, 11.24101], [75.783723, 11.240631]]}, "properties": {"name": "Unnamed Road", "type": "residential"}}, {"type": "Feature", "geometry": {"type": "LineString", "coordinates": [[75.795998, 11.245876], [75.796065, 11.24586], [75.796127, 11.245838], [75.796199, 11.245811], [75.796313, 11.245774], [75.796419, 11.245737]]}, "properties": {"name": "Unnamed Road", "type": "residential"}}, {"type": "Feature", "geometry": {"type": "LineString", "coordinates": [[75.795164, 11.244111], [75.795172, 11.244046], [75.79518, 11.243942], [75.795171, 11.24385], [75.795139, 11.243777], [75.795126, 11.243698], [75.795158, 11.24364]]}, "properties": {"name": "Unnamed Road", "type": "residential"}}, {"type": "Feature", "geometry": {"type": "LineString", "coordinates": [[75.778026, 11.246514], [75.777974, 11.246051], [75.777971, 11.246019], [75.778049, 11.246009], [75.778282, 11.246009], [75.778448, 11.246016], [75.778466, 11.24594]]}, "properties": {"name": "Unnamed Road", "type": "residential"}}, {"type": "Feature", "geometry": {"type": "LineString", "coordinates": [[75.783948, 11.248816], [75.784423, 11.247726], [75.784498, 11.247281], [75.784538, 11.247126], [75.784549, 11.247085], [75.784582, 11.246926], [75.784621, 11.246733]]}, "properties": {"name": "Palayam Road", "type": "primary"}}, {"type": "Feature", "geometry": {"type": "LineString", "coordinates": [[75.784621, 11.246733], [75.784565, 11.246712], [75.784533, 11.246708], [75.784483, 11.246704], [75.784396, 11.246703]]}, "properties": {"name": "Railway Station Link Road", "type": "tertiary"}}, {"type": "Feature", "geometry": {"type": "LineString", "coordinates": [[75.798875, 11.242554], [75.798147, 11.242491], [75.797937, 11.242467], [75.797837, 11.242462], [75.796963, 11.242561]]}, "properties": {"name": "Unnamed Road", "type": "tertiary"}}, {"type": "Feature", "geometry": {"type": "LineString", "coordinates": [[75.786539, 11.25442], [75.786007, 11.254341], [75.785471, 11.254226]]}, "properties": {"name": "Unnamed Road", "type": "residential"}}, {"type": "Feature", "geometry": {"type": "LineString", "coordinates": [[75.786933, 11.253786], [75.787459, 11.253804], [75.787503, 11.253802], [75.787751, 11.253788], [75.787847, 11.253807], [75.787981, 11.253832], [75.788059, 11.253889], [75.788063, 11.254038], [75.788116, 11.254123], [75.788383, 11.254219], [75.788911, 11.254293]]}, "properties": {"name": "Unnamed Road", "type": "residential"}}, {"type": "Feature", "geometry": {"type": "LineString", "coordinates": [[75.788059, 11.253889], [75.788703, 11.253915], [75.78877, 11.253859], [75.788827, 11.25378]]}, "properties": {"name": "Unnamed Road", "type": "residential"}}, {"type": "Feature", "geometry": {"type": "LineString", "coordinates": [[75.785183, 11.252436], [75.785212, 11.251829], [75.78509, 11.251632], [75.784928, 11.251566], [75.784703, 11.251542], [75.784524, 11.251462], [75.784499, 11.251316], [75.784526, 11.251241]]}, "properties": {"name": "Unnamed Road", "type": "residential"}}, {"type": "Feature", "geometry": {"type": "LineString", "coordinates": [[75.785558, 11.250968], [75.785307, 11.250944], [75.785017, 11.250923], [75.784887, 11.250662], [75.784841, 11.250559], [75.785311, 11.250526]]}, "properties": {"name": "Unnamed Road", "type": "residential"}}, {"type": "Feature", "geometry": {"type": "LineString", "coordinates": [[75.786982, 11.250891], [75.786801, 11.250982], [75.786436, 11.250977], [75.786404, 11.251055], [75.786357, 11.251128], [75.786194, 11.251183], [75.786002, 11.251165], [75.785927, 11.251096], [75.785895, 11.251018], [75.785558, 11.250968]]}, "properties": {"name": "Unnamed Road", "type": "residential"}}, {"type": "Feature", "geometry": {"type": "LineString", "coordinates": [[75.798223, 11.252246], [75.798152, 11.252315], [75.797881, 11.25254], [75.797606, 11.252537], [75.797416, 11.252459], [75.797183, 11.252398], [75.797115, 11.252446], [75.796944, 11.252443], [75.796866, 11.252441]]}, "properties": {"name": "Unnamed Road", "type": "residential"}}, {"type": "Feature", "geometry": {"type": "LineString", "coordinates": [[75.797513, 11.253014], [75.797365, 11.253784], [75.797318, 11.254011]]}, "properties": {"name": "Unnamed Road", "type": "residential"}}, {"type": "Feature", "geometry": {"type": "LineString", "coordinates": [[75.781188, 11.241444], [75.781619, 11.241618], [75.782697, 11.24196], [75.783016, 11.242108]]}, "properties": {"name": "Unnamed Road", "type": "residential"}}, {"type": "Feature", "geometry": {"type": "LineString", "coordinates": [[75.781211, 11.241307], [75.781721, 11.241486], [75.782629, 11.241795], [75.783129, 11.241989], [75.783172, 11.242029]]}, "properties": {"name": "Unnamed Road", "type": "residential"}}, {"type": "Feature", "geometry": {"type": "LineString", "coordinates": [[75.777303, 11.248941], [75.777291, 11.248655]]}, "properties": {"name": "Unnamed Road", "type": "residential"}}, {"type": "Feature", "geometry": {"type": "LineString", "coordinates": [[75.796925, 11.243664], [75.796167, 11.243757]]}, "properties": {"name": "Unnamed Road", "type": "residential"}}, {"type": "Feature", "geometry": {"type": "LineString", "coordinates": [[75.788291, 11.249583], [75.788641, 11.24965], [75.788734, 11.24965], [75.790026, 11.249381], [75.79013, 11.249355], [75.790166, 11.249294], [75.79012, 11.249177], [75.79013, 11.249106], [75.790213, 11.249075], [75.790943, 11.249061]]}, "properties": {"name": "Unnamed Road", "type": "residential"}}, {"type": "Feature", "geometry": {"type": "LineString", "coordinates": [[75.787272, 11.251287], [75.787418, 11.251154], [75.787484, 11.251058], [75.787621, 11.251014], [75.787783, 11.250963], [75.787895, 11.25092], [75.787989, 11.25094], [75.788048, 11.250974]]}, "properties": {"name": "Unnamed Road", "type": "residential"}}, {"type": "Feature", "geometry": {"type": "LineString", "coordinates": [[75.786772, 11.254103], [75.78664, 11.254283], [75.786539, 11.25442], [75.78646, 11.254552], [75.786405, 11.254698], [75.786422, 11.255281]]}, "properties": {"name": "Rammohan Road", "type": "secondary"}}, {"type": "Feature", "geometry": {"type": "LineString", "coordinates": [[75.787655, 11.255396], [75.787713, 11.255109], [75.787767, 11.25481], [75.787773, 11.254626], [75.787797, 11.254443]]}, "properties": {"name": "Unnamed Road", "type": "residential"}}, {"type": "Feature", "geometry": {"type": "LineString", "coordinates": [[75.795746, 11.247732], [75.795584, 11.247631], [75.795535, 11.247512], [75.795549, 11.247454], [75.795702, 11.2471]]}, "properties": {"name": "Unnamed Road", "type": "residential"}}, {"type": "Feature", "geometry": {"type": "LineString", "coordinates": [[75.795405, 11.246596], [75.795321, 11.245793], [75.795354, 11.245427]]}, "properties": {"name": "Unnamed Road", "type": "residential"}}, {"type": "Feature", "geometry": {"type": "LineString", "coordinates": [[75.787629, 11.246761], [75.787624, 11.246477], [75.787618, 11.246408], [75.787565, 11.246329], [75.787294, 11.246099], [75.787267, 11.246045], [75.787263, 11.246009], [75.787254, 11.245688], [75.787199, 11.24561]]}, "properties": {"name": "Unnamed Road", "type": "residential"}}, {"type": "Feature", "geometry": {"type": "LineString", "coordinates": [[75.77938, 11.251419], [75.779973, 11.249163]]}, "properties": {"name": "Unnamed Road", "type": "residential"}}, {"type": "Feature", "geometry": {"type": "LineString", "coordinates": [[75.775208, 11.24761], [75.775479, 11.247662], [75.775509, 11.247649], [75.775635, 11.247483], [75.775837, 11.24746]]}, "properties": {"name": "Unnamed Road", "type": "residential"}}, {"type": "Feature", "geometry": {"type": "LineString", "coordinates": [[75.775259, 11.247255], [75.775624, 11.247234], [75.775688, 11.24736]]}, "properties": {"name": "Unnamed Road", "type": "residential"}}, {"type": "Feature", "geometry": {"type": "LineString", "coordinates": [[75.795781, 11.244053], [75.796149, 11.243955], [75.796168, 11.244123]]}, "properties": {"name": "Unnamed Road", "type": "residential"}}, {"type": "Feature", "geometry": {"type": "LineString", "coordinates": [[75.796149, 11.243955], [75.796167, 11.243757]]}, "properties": {"name": "Unnamed Road", "type": "residential"}}, {"type": "Feature", "geometry": {"type": "LineString", "coordinates": [[75.797057, 11.244164], [75.796203, 11.244436], [75.796184, 11.244294], [75.796168, 11.244205], [75.796168, 11.244123]]}, "properties": {"name": "Unnamed Road", "type": "residential"}}, {"type": "Feature", "geometry": {"type": "LineString", "coordinates": [[75.799788, 11.24819], [75.799133, 11.248143], [75.798378, 11.248083], [75.79809, 11.248081], [75.797481, 11.248077], [75.796775, 11.248072], [75.796645, 11.248065], [75.79655, 11.24807], [75.796426, 11.248063], [75.795716, 11.248022], [75.795406, 11.248004]]}, "properties": {"name": "Puthiyapalam Road", "type": "tertiary"}}, {"type": "Feature", "geometry": {"type": "LineString", "coordinates": [[75.795406, 11.248004], [75.794965, 11.247979]]}, "properties": {"name": "Puthiyapalam Road", "type": "tertiary"}}, {"type": "Feature", "geometry": {"type": "LineString", "coordinates": [[75.779788, 11.246817], [75.780141, 11.246827], [75.780316, 11.246105]]}, "properties": {"name": "Unnamed Road", "type": "residential"}}, {"type": "Feature", "geometry": {"type": "LineString", "coordinates": [[75.779046, 11.241988], [75.77903, 11.242023], [75.778992, 11.242048], [75.778946, 11.242059], [75.777988, 11.241796]]}, "properties": {"name": "Unnamed Road", "type": "residential"}}, {"type": "Feature", "geometry": {"type": "LineString", "coordinates": [[75.791561, 11.258904], [75.791616, 11.258603], [75.791831, 11.257266], [75.791878, 11.256629], [75.791898, 11.255391], [75.792055, 11.254484], [75.792496, 11.25328], [75.792726, 11.252837], [75.792982, 11.252674]]}, "properties": {"name": "Unnamed Road", "type": "primary"}}, {"type": "Feature", "geometry": {"type": "LineString", "coordinates": [[75.794533, 11.252404], [75.793678, 11.25242], [75.793539, 11.252466], [75.793181, 11.252586], [75.792982, 11.252674]]}, "properties": {"name": "Mini Byepass Road", "type": "primary"}}, {"type": "Feature", "geometry": {"type": "LineString", "coordinates": [[75.797606, 11.252537], [75.797513, 11.253014]]}, "properties": {"name": "Unnamed Road", "type": "residential"}}, {"type": "Feature", "geometry": {"type": "LineString", "coordinates": [[75.79674, 11.253649], [75.796655, 11.253956], [75.796623, 11.253974], [75.796088, 11.253949]]}, "properties": {"name": "Unnamed Road", "type": "residential"}}, {"type": "Feature", "geometry": {"type": "LineString", "coordinates": [[75.796759, 11.252313], [75.796866, 11.252441], [75.79688, 11.252635]]}, "properties": {"name": "Unnamed Road", "type": "residential"}}, {"type": "Feature", "geometry": {"type": "LineString", "coordinates": [[75.775424, 11.25318], [75.775426, 11.25297]]}, "properties": {"name": "Unnamed Road", "type": "residential"}}, {"type": "Feature", "geometry": {"type": "LineString", "coordinates": [[75.792825, 11.252273], [75.792852, 11.252442], [75.792874, 11.252518], [75.792889, 11.252575], [75.792924, 11.252629], [75.792982, 11.252674]]}, "properties": {"name": "Unnamed Road", "type": "tertiary"}}, {"type": "Feature", "geometry": {"type": "LineString", "coordinates": [[75.792825, 11.252273], [75.792871, 11.252401], [75.792903, 11.252456], [75.79296, 11.252517], [75.793023, 11.252556], [75.793105, 11.25258], [75.793181, 11.252586]]}, "properties": {"name": "Unnamed Road", "type": "tertiary"}}, {"type": "Feature", "geometry": {"type": "LineString", "coordinates": [[75.782054, 11.252159], [75.782225, 11.252124], [75.782474, 11.251982], [75.782553, 11.251899], [75.782679, 11.251881], [75.782879, 11.251886], [75.783069, 11.251903], [75.783244, 11.2519], [75.783322, 11.251876]]}, "properties": {"name": "P M Thaj Road.", "type": "residential"}}, {"type": "Feature", "geometry": {"type": "LineString", "coordinates": [[75.781011, 11.24861], [75.780959, 11.248617], [75.780907, 11.248638], [75.780861, 11.248646], [75.780783, 11.248645]]}, "properties": {"name": "1st Railway Overbridge Road", "type": "secondary"}}, {"type": "Feature", "geometry": {"type": "LineString", "coordinates": [[75.776385, 11.251486], [75.776451, 11.250599], [75.776482, 11.250456], [75.776528, 11.250276], [75.77665, 11.249643], [75.776678, 11.249534], [75.776745, 11.248956]]}, "properties": {"name": "Cherootty Road", "type": "tertiary"}}]}